State,District,Market,Commodity,Variety,Grade,Arrival_Date,Min_x0020_Price,Max_x0020_Price,Modal_x0020_Price
Gujarat,Amreli,Damnagar,Coriander(Leaves),Coriander,FAQ,19/05/2025,2200,3050,2850.0
Gujarat,Amreli,Savarkundla,Bengal Gram(Gram)(Whole),Average (Whole),Non-FAQ,19/05/2025,5305,5525,5390.0
Gujarat,Amreli,Savarkundla,Castor Seed,Castor seed,FAQ,19/05/2025,5500,5970,5750.0
Gujarat,Anand,Khambhat(Grain Market),Paddy(Dhan)(Common),Other,FAQ,19/05/2025,1700,2050,1900.0
Gujarat,Anand,Khambhat(Grain Market),Paddy(Dhan)(Common),Paddy,FAQ,19/05/2025,2500,3150,2900.0
Gujarat,Banaskanth,Vadgam,Mustard,Other,FAQ,19/05/2025,5555,5555,5555.0
Gujarat,Bharuch,Jambusar(Kaavi),Bajra(Pearl Millet/Cumbu),Other,FAQ,19/05/2025,2400,2800,2600.0
Gujarat,Gandhinagar,Mansa(Manas Veg Yard),Bottle gourd,Other,FAQ,19/05/2025,500,500,500.0
Gujarat,Gandhinagar,Mansa(Manas Veg Yard),Cucumbar(Kheera),Other,FAQ,19/05/2025,1000,2000,1500.0
Gujarat,Gandhinagar,Mansa(Manas Veg Yard),Tomato,Other,FAQ,19/05/2025,2000,2000,2000.0
Gujarat,Junagarh,Mangrol,Bengal Gram(Gram)(Whole),Desi (F.A.Q. Split),FAQ,19/05/2025,5350,5450,5425.0
Gujarat,Navsari,Bilimora,Tomato,Other,FAQ,19/05/2025,1000,2000,1500.0
Gujarat,Rajkot,Dhoraji,Arhar (Tur/Red Gram)(Whole),Local,Non-FAQ,19/05/2025,6055,6955,6805.0
Gujarat,Rajkot,Rajkot(Veg.Sub Yard),Bhindi(Ladies Finger),Bhindi,FAQ,19/05/2025,700,1800,1250.0
Gujarat,Rajkot,Rajkot(Veg.Sub Yard),Onion,Onion,FAQ,19/05/2025,150,1075,700.0
Gujarat,Rajkot,Rajkot(Veg.Sub Yard),Tomato,Tomato,FAQ,19/05/2025,1000,2000,1500.0
Gujarat,Sabarkantha,Modasa(Tintoi),Maize,Hybrid Red (Cattle Feed),Non-FAQ,19/05/2025,1700,2100,2100.0
Gujarat,Surat,Mahuva(Anaval),Mango,Totapuri,Medium,19/05/2025,1750,2250,2000.0
Gujarat,Surat,Mahuva(Anaval),Pointed gourd (Parval),Other,FAQ,19/05/2025,2800,3000,2900.0
Gujarat,Surat,Surat,Cauliflower,Other,FAQ,19/05/2025,2500,6000,4250.0
Gujarat,Surat,Surat,Onion,Other,FAQ,19/05/2025,600,2100,1350.0
Gujarat,Surat,Surat,Ridgeguard(Tori),Other,FAQ,19/05/2025,3000,5500,4250.0
Gujarat,Surendranagar,Dhragradhra,Cummin Seed(Jeera),Cummin Seed(Jeera),FAQ,19/05/2025,17900,20275,20000.0
Gujarat,Surendranagar,Dhragradhra,Green Gram (Moong)(Whole),Green (Whole),FAQ,19/05/2025,8000,8000,8000.0
Gujarat,Surendranagar,Dhragradhra,"Sesamum(Sesame,Gingelly,Til)",White,FAQ,19/05/2025,7400,8950,8250.0
Gujarat,Surendranagar,Dhragradhra,Suva (Dill Seed),Suva (Dill Seed),FAQ,19/05/2025,5000,6840,6500.0
Gujarat,Surendranagar,Vadhvan,Bhindi(Ladies Finger),Bhindi,FAQ,19/05/2025,3000,3500,3250.0
Gujarat,Surendranagar,Vadhvan,Carrot,Carrot,FAQ,19/05/2025,2000,2500,2250.0
Gujarat,Surendranagar,Vadhvan,Drumstick,Drumstick,FAQ,19/05/2025,1500,2000,1750.0
Gujarat,Surendranagar,Vadhvan,Elephant Yam (Suran),Elephant Yam (Suran),FAQ,19/05/2025,4500,5000,4750.0
Gujarat,Surendranagar,Vadhvan,Lemon,Lemon,FAQ,19/05/2025,7500,8500,8000.0
Gujarat,Surendranagar,Vadhvan,Tinda,Tinda,FAQ,19/05/2025,4000,4500,4250.0
Gujarat,Vadodara(Baroda),Padra,Bottle gourd,Other,FAQ,19/05/2025,500,1000,750.0
Gujarat,Vadodara(Baroda),Padra,Coriander(Leaves),Other,FAQ,19/05/2025,2000,3000,2500.0
Gujarat,Vadodara(Baroda),Padra,Ginger(Green),Other,FAQ,19/05/2025,2500,3000,2750.0
Gujarat,Vadodara(Baroda),Padra,Little gourd (Kundru),Other,FAQ,19/05/2025,1250,2750,2000.0
Gujarat,Vadodara(Baroda),Padra,Pointed gourd (Parval),Other,FAQ,19/05/2025,4000,4500,4250.0
Haryana,Fatehabad,Fatehabad,Mousambi(Sweet Lime),Other,Large,19/05/2025,3500,3500,3500.0
Haryana,Gurgaon,Gurgaon,Tomato,Other,Non-FAQ,19/05/2025,800,1000,900.0
Haryana,Hissar,Hansi,Brinjal,Other,FAQ,19/05/2025,1000,2000,1500.0
Haryana,Hissar,Hansi,Cauliflower,Other,FAQ,19/05/2025,800,1200,1000.0
Haryana,Hissar,Hansi,Potato,Other,Non-FAQ,01/01/2025,1000,3500,1000.0
Haryana,Kaithal,Dhand,Onion,Other,FAQ,19/05/2025,1000,1400,1300.0
Haryana,Kaithal,Dhand,Potato,Other,FAQ,02/01/2025,900,1200,1100.0
Haryana,Mahendragarh-Narnaul,Narnaul,Chikoos(Sapota),Sapota,Medium,19/05/2025,2000,2000,2000.0
Haryana,Mahendragarh-Narnaul,Narnaul,Cluster beans,Cluster Beans,FAQ,19/05/2025,3000,3000,3000.0
Haryana,Mahendragarh-Narnaul,Narnaul,Coriander(Leaves),Coriander,FAQ,19/05/2025,2000,2000,2000.0
Haryana,Mahendragarh-Narnaul,Narnaul,Ginger(Green),Green Ginger,FAQ,19/05/2025,3500,4000,4000.0
Haryana,Mahendragarh-Narnaul,Narnaul,Spinach,Spinach,FAQ,19/05/2025,1000,1000,1000.0
Haryana,Mewat,FerozpurZirkha(Nagina),Bottle gourd,Other,FAQ,19/05/2025,800,1000,900.0
Haryana,Mewat,FerozpurZirkha(Nagina),Tomato,Other,FAQ,19/05/2025,400,600,500.0
Haryana,Mewat,Punhana,Onion,Other,FAQ,19/05/2025,1000,1200,1100.0
Haryana,Mewat,Punhana,Potato,Other,FAQ,03/01/2025,1200,1400,1300.0
Haryana,Mewat,Tauru,Lemon,Other,FAQ,19/05/2025,8000,8000,8000.0
Haryana,Panipat,Panipat,Bottle gourd,Bottle Gourd,FAQ,19/05/2025,500,700,600.0
Haryana,Panipat,Panipat,Brinjal,Arkasheela Mattigulla,FAQ,19/05/2025,700,1300,1000.0
Haryana,Panipat,Panipat,Mango,Other,Medium,19/05/2025,2000,8000,5000.0
Haryana,Panipat,Panipat,Onion,Other,FAQ,19/05/2025,500,1300,900.0
Haryana,Panipat,Panipat,Pomegranate,Pomogranate,Medium,19/05/2025,5000,7000,6000.0
Haryana,Panipat,Panipat,Potato,Other,FAQ,04/01/2025,600,1200,900.0
Haryana,Panipat,Panipat,Tomato,Other,FAQ,19/05/2025,500,1000,750.0
Haryana,Panipat,Samalkha,Bottle gourd,Bottle Gourd,FAQ,19/05/2025,700,700,700.0
Haryana,Panipat,Samalkha,Green Chilli,Green Chilly,FAQ,19/05/2025,2000,2000,2000.0
Haryana,Panipat,Samalkha,Karbuja(Musk Melon),Karbhuja,Large,19/05/2025,1000,1000,1000.0
Haryana,Panipat,Samalkha,Long Melon(Kakri),Long Melon (Kakri),FAQ,19/05/2025,1000,1000,1000.0
Haryana,Panipat,Samalkha,Onion,Local,FAQ,19/05/2025,1000,1000,1000.0
Haryana,Panipat,Samalkha,Ridgeguard(Tori),Other,FAQ,19/05/2025,1000,1000,1000.0
Haryana,Panipat,Samalkha,Water Melon,Water Melon,Large,19/05/2025,600,600,600.0
Haryana,Rewari,Kosli,Banana,Other,Medium,19/05/2025,2000,2000,2000.0
Haryana,Rewari,Kosli,Bhindi(Ladies Finger),Bhindi,FAQ,19/05/2025,2000,2000,2000.0
Haryana,Rewari,Kosli,Potato,Other,FAQ,05/01/2025,1000,1000,1000.0
Haryana,Rohtak,Meham,Brinjal,Other,FAQ,19/05/2025,1000,1000,1000.0
Haryana,Rohtak,Meham,Mango,Badami,Medium,19/05/2025,4000,5000,4500.0
Haryana,Rohtak,Meham,Mousambi(Sweet Lime),Mousambi,Medium,19/05/2025,4500,4500,4500.0
Haryana,Rohtak,Meham,Tomato,Deshi,FAQ,19/05/2025,600,1000,800.0
Haryana,Sonipat,Ganaur,Green Chilli,Green Chilly,FAQ,19/05/2025,2000,2500,2200.0
Haryana,Sonipat,Ganaur,Lemon,Lemon,FAQ,19/05/2025,9500,10000,9800.0
Haryana,Sonipat,Ganaur,Mango (Raw-Ripe),Mango - Raw-Ripe,FAQ,19/05/2025,1800,2000,1800.0
Haryana,Sonipat,Ganaur,Peas Wet,Peas Wet,FAQ,19/05/2025,5000,6000,5500.0
Haryana,Sonipat,Ganaur,Ridgeguard(Tori),Ridgeguard(Tori),FAQ,19/05/2025,1200,1400,1200.0
Haryana,Sonipat,Ganaur,Tinda,Tinda,FAQ,19/05/2025,2400,2500,2400.0
Haryana,Sonipat,Ganaur,Yam (Ratalu),Yam (Ratalu),FAQ,19/05/2025,3000,3500,3200.0
Haryana,Sonipat,Gohana,Onion,Other,Non-FAQ,19/05/2025,1000,1500,1200.0
Haryana,Sonipat,Gohana,Potato,Other,Non-FAQ,06/01/2025,1000,1500,1200.0
Haryana,Yamuna Nagar,Radaur,Bottle gourd,Other,FAQ,19/05/2025,400,500,450.0
Haryana,Yamuna Nagar,Radaur,Cucumbar(Kheera),Other,FAQ,19/05/2025,400,500,450.0
Haryana,Yamuna Nagar,Sadhaura,Capsicum,Capsicum,FAQ,19/05/2025,1800,2000,1900.0
Himachal Pradesh,Chamba,Chamba,Bhindi(Ladies Finger),Bhindi,FAQ,19/05/2025,3000,3500,3250.0
Himachal Pradesh,Chamba,Chamba,Coriander(Leaves),Other,FAQ,19/05/2025,3500,4000,3750.0
Himachal Pradesh,Chamba,Chamba,French Beans (Frasbean),Other,FAQ,19/05/2025,5000,6000,5500.0
Himachal Pradesh,Chamba,Chamba,Green Chilli,Other,FAQ,19/05/2025,5000,5500,5250.0
Himachal Pradesh,Chamba,Chamba,Onion,Other,FAQ,19/05/2025,1800,2000,1900.0
Himachal Pradesh,Hamirpur,Hamirpur,Brinjal,Other,FAQ,19/05/2025,2000,2600,2400.0
Himachal Pradesh,Hamirpur,Hamirpur,Cucumbar(Kheera),Other,FAQ,19/05/2025,1600,3000,2300.0
Himachal Pradesh,Hamirpur,Hamirpur,Onion,Other,FAQ,19/05/2025,1600,2000,1800.0
Himachal Pradesh,Hamirpur,Hamirpur,Tomato,Other,FAQ,19/05/2025,1500,1800,1650.0
Himachal Pradesh,Hamirpur,Hamirpur,Water Melon,Other,Medium,19/05/2025,1400,1600,1500.0
Himachal Pradesh,Kangra,Dharamshala,Banana,Other,Medium,19/05/2025,4300,4400,4350.0
Himachal Pradesh,Kangra,Dharamshala,Coriander(Leaves),Other,FAQ,19/05/2025,4000,4500,4250.0
Himachal Pradesh,Kangra,Dharamshala,Cucumbar(Kheera),Other,FAQ,19/05/2025,1500,1600,1550.0
Himachal Pradesh,Kangra,Dharamshala,Onion,Other,FAQ,19/05/2025,2000,2200,2100.0
Himachal Pradesh,Kangra,Dharamshala,Papaya,Other,Medium,19/05/2025,4000,4500,4250.0
Himachal Pradesh,Kangra,Kangra,French Beans (Frasbean),Other,FAQ,19/05/2025,7000,8000,7500.0
Himachal Pradesh,Kangra,Kangra,Grapes,Other,Medium,19/05/2025,9000,10000,9500.0
Himachal Pradesh,Kangra,Kangra,Mango,Other,Medium,19/05/2025,5000,8000,6000.0
Himachal Pradesh,Kangra,Kangra,Papaya,Other,Medium,19/05/2025,3000,3500,3200.0
Himachal Pradesh,Kangra,Kangra,Plum,Other,Medium,19/05/2025,5000,10000,8000.0
Himachal Pradesh,Kangra,Kangra,Spinach,Other,FAQ,19/05/2025,2500,3000,2700.0
Himachal Pradesh,Kangra,Kangra(Baijnath),Apple,Apple,Medium,19/05/2025,15000,16000,15500.0
Himachal Pradesh,Kangra,Kangra(Baijnath),Bhindi(Ladies Finger),Bhindi,FAQ,19/05/2025,3200,3400,3200.0
Himachal Pradesh,Kangra,Kangra(Baijnath),Carrot,Carrot,FAQ,19/05/2025,2000,2200,2100.0
Himachal Pradesh,Kangra,Kangra(Baijnath),Coriander(Leaves),Coriander,FAQ,19/05/2025,4500,5000,4800.0
Himachal Pradesh,Kangra,Kangra(Baijnath),Cucumbar(Kheera),Cucumbar,FAQ,19/05/2025,1600,2400,2000.0
Himachal Pradesh,Kangra,Kangra(Baijnath),Ginger(Green),Green Ginger,FAQ,19/05/2025,6000,7000,6500.0
Himachal Pradesh,Kangra,Kangra(Baijnath),Lemon,Lemon,FAQ,19/05/2025,9000,11000,10500.0
Himachal Pradesh,Kangra,Kangra(Baijnath),Tomato,Tomato,FAQ,19/05/2025,1200,1500,1300.0
Himachal Pradesh,Kangra,Kangra(Jaisinghpur),Banana,Banana - Ripe,Medium,19/05/2025,4700,5000,4900.0
Himachal Pradesh,Kangra,Kangra(Jaisinghpur),Bottle gourd,Bottle Gourd,FAQ,19/05/2025,2000,2200,2100.0
Himachal Pradesh,Kangra,Kangra(Jaisinghpur),Capsicum,Capsicum,FAQ,19/05/2025,3000,3500,3300.0
Himachal Pradesh,Kangra,Kangra(Jaisinghpur),Garlic,Average,FAQ,19/05/2025,9500,10000,9800.0
Himachal Pradesh,Kangra,Kangra(Jaisinghpur),Grapes,Annabesahai,Medium,19/05/2025,10000,11500,10800.0
Himachal Pradesh,Kangra,Kangra(Jaisinghpur),Mashrooms,Mashrooms,FAQ,19/05/2025,15000,16000,15500.0
Himachal Pradesh,Kangra,Kangra(Jaisinghpur),Peas Wet,Peas Wet,FAQ,19/05/2025,8500,9500,9000.0
Himachal Pradesh,Kangra,Kangra(Jaisinghpur),Sponge gourd,Sponge gourd,FAQ,19/05/2025,2800,3200,3000.0
Himachal Pradesh,Kangra,Kangra(Nagrota Bagwan),Brinjal,Arkasheela Mattigulla,FAQ,19/05/2025,1000,2000,1400.0
Himachal Pradesh,Kangra,Kangra(Nagrota Bagwan),Karbuja(Musk Melon),Karbhuja,Medium,19/05/2025,1800,2200,2000.0
Himachal Pradesh,Kangra,Kangra(Nagrota Bagwan),Lemon,Lemon,FAQ,19/05/2025,9000,10000,9500.0
Himachal Pradesh,Kangra,Kangra(Nagrota Bagwan),Tomato,Deshi,FAQ,19/05/2025,1000,1200,1100.0
Himachal Pradesh,Kangra,Kangra(Nagrota Bagwan),Water Melon,Other,Medium,19/05/2025,1000,1500,1200.0
Himachal Pradesh,Kangra,Palampur,Bhindi(Ladies Finger),Other,FAQ,19/05/2025,3000,3200,3100.0
Himachal Pradesh,Kangra,Palampur,Brinjal,Brinjal,FAQ,19/05/2025,2300,2500,2400.0
Himachal Pradesh,Kangra,Palampur,Karbuja(Musk Melon),Karbhuja,Medium,19/05/2025,2000,2200,2100.0
Himachal Pradesh,Kangra,Palampur,Lemon,Other,FAQ,19/05/2025,8000,9000,8800.0
Himachal Pradesh,Kangra,Palampur,Mashrooms,Other,FAQ,19/05/2025,14500,16000,15500.0
Himachal Pradesh,Kangra,Palampur,Papaya,Other,Medium,19/05/2025,4000,4500,4300.0
Himachal Pradesh,Kangra,Palampur,Potato,Other,FAQ,07/01/2025,1200,1300,1250.0
Himachal Pradesh,Solan,Solan(Nalagarh),Water Melon,Other,Medium,19/05/2025,1000,1200,1100.0
Jammu and Kashmir,Kathua,Kathua,Bottle gourd,Other,FAQ,19/05/2025,700,800,750.0
Jammu and Kashmir,Kathua,Kathua,Garlic,Garlic,FAQ,19/05/2025,6000,7000,6500.0
Jammu and Kashmir,Kathua,Kathua,Knool Khol,Other,FAQ,19/05/2025,1000,1200,1100.0
Jammu and Kashmir,Kathua,Kathua,Mashrooms,Mashrooms,FAQ,19/05/2025,10000,11000,10500.0
Jammu and Kashmir,Kathua,Kathua,Onion,Other,FAQ,19/05/2025,1200,1300,1250.0
Jammu and Kashmir,Rajouri,Rajouri (F&V),Bhindi(Ladies Finger),Other,FAQ,19/05/2025,3500,3700,3600.0
Jammu and Kashmir,Rajouri,Rajouri (F&V),Capsicum,Other,FAQ,19/05/2025,3500,3700,3600.0
Jammu and Kashmir,Rajouri,Rajouri (F&V),Mango,Safeda,Medium,19/05/2025,6000,6200,6100.0
Kerala,Alappuzha,Chengannur,Bitter gourd,Other,FAQ,19/05/2025,7500,8200,8000.0
Kerala,Alappuzha,Chengannur,Cabbage,Other,FAQ,19/05/2025,2800,3100,3000.0
Kerala,Alappuzha,Chengannur,Cucumbar(Kheera),Other,FAQ,19/05/2025,1900,2200,2000.0
Kerala,Alappuzha,Chengannur,Onion,Onion,FAQ,19/05/2025,1900,2200,2000.0
Kerala,Alappuzha,Chengannur,Potato,Potato,FAQ,08/01/2025,3300,3600,3500.0
Kerala,Alappuzha,Cherthala,Amaranthus,Other,FAQ,19/05/2025,5000,5200,5100.0
Kerala,Alappuzha,Cherthala,Banana - Green,Banana - Green,FAQ,19/05/2025,3200,3400,3300.0
Kerala,Alappuzha,Cherthala,Beetroot,Other,FAQ,19/05/2025,4000,4200,4100.0
Kerala,Alappuzha,Cherthala,Cabbage,Cabbage,FAQ,19/05/2025,3300,3500,3400.0
Kerala,Alappuzha,Cherthala,Cowpea(Veg),Cowpea (Veg),FAQ,19/05/2025,4500,4700,4600.0
Kerala,Alappuzha,Cherthala,Little gourd (Kundru),Other,FAQ,19/05/2025,3200,3400,3300.0
Kerala,Alappuzha,Harippad,Beetroot,Other,FAQ,19/05/2025,4000,4500,4000.0
Kerala,Alappuzha,Harippad,Green Chilli,Other,FAQ,19/05/2025,4000,4500,4000.0
Kerala,Alappuzha,Mannar,Ashgourd,Other,FAQ,19/05/2025,2000,2200,2100.0
Kerala,Alappuzha,Mannar,Bitter gourd,Other,FAQ,19/05/2025,7800,8000,7900.0
Kerala,Alappuzha,Mannar,Colacasia,Other,FAQ,19/05/2025,6000,6200,6100.0
Kerala,Ernakulam,Angamaly,Ashgourd,Ashgourd,FAQ,19/05/2025,2000,3000,2500.0
Kerala,Ernakulam,Angamaly,Bhindi(Ladies Finger),Bhindi,FAQ,19/05/2025,2600,4000,3000.0
Kerala,Ernakulam,Angamaly,Bitter gourd,Bitter Gourd,FAQ,19/05/2025,6500,8000,7000.0
Kerala,Ernakulam,Angamaly,Bottle gourd,Bottle Gourd,FAQ,19/05/2025,2000,3000,2500.0
Kerala,Ernakulam,Angamaly,Brinjal,Brinjal,FAQ,19/05/2025,3200,5000,4000.0
Kerala,Ernakulam,Angamaly,Colacasia,Other,FAQ,19/05/2025,5000,7000,6000.0
Kerala,Ernakulam,Angamaly,Onion,Big,FAQ,19/05/2025,2400,3200,3000.0
Kerala,Ernakulam,Angamaly,Tapioca,Tapioca,FAQ,19/05/2025,3000,4000,3500.0
Kerala,Ernakulam,Ernakulam,Ashgourd,Ashgourd,FAQ,19/05/2025,1500,1800,1600.0
Kerala,Ernakulam,Ernakulam,Banana,Palayamthodan,Medium,19/05/2025,2900,3200,3100.0
Kerala,Ernakulam,North Paravur,Bitter gourd,Bitter Gourd,FAQ,19/05/2025,7000,8000,7500.0
Kerala,Ernakulam,North Paravur,Black pepper,Garbled,FAQ,19/05/2025,70000,90000,80000.0
Kerala,Ernakulam,North Paravur,Bottle gourd,Bottle Gourd,FAQ,19/05/2025,1500,2500,2000.0
Kerala,Ernakulam,North Paravur,Brinjal,Arkasheela Mattigulla,FAQ,19/05/2025,2800,3500,3000.0
Kerala,Ernakulam,North Paravur,Ginger(Green),Green Ginger,FAQ,19/05/2025,5000,6000,5500.0
Kerala,Ernakulam,Perumbavoor,Banana - Green,Banana - Green,FAQ,19/05/2025,4300,5300,4700.0
Kerala,Ernakulam,Perumbavoor,Bhindi(Ladies Finger),Bhindi,FAQ,19/05/2025,2600,3600,3000.0
Kerala,Ernakulam,Perumbavoor,Brinjal,Brinjal,FAQ,19/05/2025,2200,3200,2700.0
Kerala,Ernakulam,Perumbavoor,Colacasia,Other,FAQ,19/05/2025,4800,5800,5200.0
Kerala,Ernakulam,Perumbavoor,Lemon,Lemon,FAQ,19/05/2025,7500,8500,8000.0
Kerala,Ernakulam,Perumbavoor,Potato,Potato,FAQ,09/01/2025,2400,3400,2700.0
Kerala,Ernakulam,Perumbavoor,Pumpkin,Pumpkin,FAQ,19/05/2025,1000,2000,1500.0
Kerala,Ernakulam,Perumbavoor,Snakeguard,Snakeguard,FAQ,19/05/2025,2200,3200,2700.0
Kerala,Ernakulam,Thrippunithura,Ashgourd,Ashgourd,FAQ,19/05/2025,2400,4000,2600.0
Kerala,Ernakulam,Thrippunithura,Banana,Palayamthodan,Medium,19/05/2025,3000,4000,3200.0
Kerala,Ernakulam,Thrippunithura,Capsicum,Capsicum,FAQ,19/05/2025,7000,10000,8000.0
Kerala,Ernakulam,Thrippunithura,Carrot,Carrot,FAQ,19/05/2025,4800,6000,5000.0
Kerala,Ernakulam,Thrippunithura,Cowpea(Veg),Cowpea (Veg),FAQ,19/05/2025,4000,5000,4200.0
Kerala,Ernakulam,Thrippunithura,Lemon,Other,FAQ,19/05/2025,13000,14000,13200.0
Kerala,Kannur,Thalasserry,Banana,Other,Large,19/05/2025,5400,5600,5500.0
Kerala,Kannur,Thalasserry,Bhindi(Ladies Finger),Other,FAQ,19/05/2025,3400,3600,3500.0
Kerala,Kannur,Thalasserry,Coconut Oil,Other,FAQ,19/05/2025,28500,29500,29000.0
Kerala,Kottayam,Ettumanoor,Bitter gourd,Other,FAQ,19/05/2025,8000,8200,8100.0
Kerala,Kottayam,Ettumanoor,Colacasia,Other,FAQ,19/05/2025,6000,7000,6500.0
Kerala,Kottayam,Pampady,Banana,Palayamthodan,Medium,19/05/2025,1500,2500,2000.0
Kerala,Kottayam,Pampady,Indian Beans (Seam),Other,FAQ,19/05/2025,7800,9000,8500.0
Kerala,Kottayam,Pampady,Mango (Raw-Ripe),Other,FAQ,19/05/2025,3000,4500,4000.0
Kerala,Kottayam,Pampady,Tapioca,Tapioca,FAQ,19/05/2025,3000,4500,4000.0
Kerala,Kottayam,Thalayolaparambu,Ashgourd,Ashgourd,FAQ,19/05/2025,1600,2000,1700.0
Kerala,Kozhikode(Calicut),Mukkom,Amphophalus,Amphophalus,FAQ,19/05/2025,6500,6800,6600.0
Kerala,Kozhikode(Calicut),Mukkom,Banana,Other,Large,19/05/2025,4800,5200,5000.0
Kerala,Kozhikode(Calicut),Mukkom,Beetroot,Beetroot,FAQ,19/05/2025,4000,4400,4200.0
Kerala,Kozhikode(Calicut),Mukkom,Bhindi(Ladies Finger),Bhindi,FAQ,19/05/2025,3000,3400,3200.0
Kerala,Kozhikode(Calicut),Mukkom,Cabbage,Cabbage,FAQ,19/05/2025,2800,3200,3000.0
Kerala,Kozhikode(Calicut),Mukkom,Coconut Seed,Other,FAQ,19/05/2025,6000,6200,6100.0
Kerala,Kozhikode(Calicut),Mukkom,Cowpea(Veg),Cowpea (Veg),FAQ,19/05/2025,5500,5800,5600.0
Kerala,Kozhikode(Calicut),Mukkom,Cucumbar(Kheera),Cucumbar,FAQ,19/05/2025,1600,2000,1800.0
Kerala,Kozhikode(Calicut),Mukkom,Drumstick,Drumstick,FAQ,19/05/2025,10500,11500,11000.0
Kerala,Kozhikode(Calicut),Palayam,Bhindi(Ladies Finger),Other,FAQ,19/05/2025,1900,1900,1900.0
Kerala,Kozhikode(Calicut),Palayam,Brinjal,Other,FAQ,19/05/2025,2000,2000,2000.0
Kerala,Kozhikode(Calicut),Palayam,Cauliflower,Other,FAQ,19/05/2025,2500,2500,2500.0
Kerala,Kozhikode(Calicut),Palayam,Cluster beans,Other,FAQ,19/05/2025,1700,1700,1700.0
Kerala,Kozhikode(Calicut),Palayam,Green Chilli,Other,FAQ,19/05/2025,2600,2600,2600.0
Kerala,Kozhikode(Calicut),Palayam,Potato,Other,FAQ,10/01/2025,2300,2400,2300.0
Kerala,Kozhikode(Calicut),Quilandy,Bhindi(Ladies Finger),Other,FAQ,19/05/2025,3000,3200,3000.0
Kerala,Kozhikode(Calicut),Quilandy,French Beans (Frasbean),Other,FAQ,19/05/2025,8700,9000,8800.0
Kerala,Kozhikode(Calicut),Quilandy,Pumpkin,Other,FAQ,19/05/2025,1300,1400,1300.0
Kerala,Kozhikode(Calicut),Quilandy,Raddish,Other,FAQ,19/05/2025,2800,3000,3000.0
Kerala,Kozhikode(Calicut),Vengeri(Kozhikode),Bitter gourd,Bitter Gourd,FAQ,19/05/2025,5000,5300,5300.0
Kerala,Kozhikode(Calicut),Vengeri(Kozhikode),Carrot,Carrot,FAQ,19/05/2025,2600,2900,2900.0
Kerala,Malappuram,Kottakkal,Ashgourd,Other,FAQ,19/05/2025,1000,1200,1100.0
Kerala,Malappuram,Kottakkal,Beetroot,Beetroot,FAQ,19/05/2025,3100,3300,3200.0
Kerala,Malappuram,Kottakkal,Carrot,Other,FAQ,19/05/2025,2500,2700,2600.0
Kerala,Malappuram,Kottakkal,Cowpea (Lobia/Karamani),Other,FAQ,19/05/2025,2300,2500,2400.0
Kerala,Malappuram,Kottakkal,Cucumbar(Kheera),Other,FAQ,19/05/2025,5000,5200,5100.0
Kerala,Malappuram,Kottakkal,Onion,Other,FAQ,19/05/2025,1800,2000,1900.0
Kerala,Malappuram,Kottakkal,Raddish,Other,FAQ,19/05/2025,2300,2500,2400.0
Kerala,Malappuram,Kottakkal,Snakeguard,Other,FAQ,19/05/2025,2400,2600,2500.0
Kerala,Malappuram,Kottakkal,Tomato,Other,FAQ,19/05/2025,1500,1700,1600.0
Kerala,Malappuram,Perinthalmanna,Banana - Green,Banana - Green,FAQ,19/05/2025,3000,3800,3500.0
Kerala,Malappuram,Perinthalmanna,Bhindi(Ladies Finger),Bhindi,FAQ,19/05/2025,3500,3800,3600.0
Kerala,Malappuram,Perinthalmanna,Cabbage,Cabbage,FAQ,19/05/2025,1500,1800,1600.0
Kerala,Malappuram,Perinthalmanna,Capsicum,Capsicum,FAQ,19/05/2025,5000,6000,5500.0
Kerala,Malappuram,Perinthalmanna,Ginger(Green),Green Ginger,FAQ,19/05/2025,3500,4500,4000.0
Kerala,Malappuram,Perinthalmanna,Lemon,Other,FAQ,19/05/2025,8000,8500,8200.0
Kerala,Palakad,Koduvayoor,Ashgourd,Other,FAQ,19/05/2025,1000,1800,1400.0
Kerala,Palakad,Koduvayoor,Banana,Nendra Bale,Medium,19/05/2025,4500,4900,4700.0
Kerala,Palakad,Koduvayoor,Bitter gourd,Other,FAQ,19/05/2025,6000,6400,6200.0
Kerala,Palakad,Koduvayoor,Bottle gourd,Other,FAQ,19/05/2025,2400,2800,2600.0
Kerala,Palakad,Koduvayoor,Colacasia,Other,FAQ,19/05/2025,6800,7200,7000.0
Kerala,Palakad,Koduvayoor,Elephant Yam (Suran),Other,FAQ,19/05/2025,5800,6200,6000.0
Kerala,Palakad,Koduvayoor,Garlic,Other,FAQ,19/05/2025,12500,12900,12700.0
Kerala,Palakad,Koduvayoor,Green Chilli,Other,FAQ,19/05/2025,3500,3900,3700.0
Kerala,Palakad,Koduvayoor,Onion,Big,FAQ,19/05/2025,2000,2800,2400.0
Kerala,Pathanamthitta,Kalanjoor  VFPCK,Banana,Red Banana,Large,19/05/2025,3000,4300,3800.0
Kerala,Pathanamthitta,Kalanjoor  VFPCK,Cowpea(Veg),Cowpea (Veg),FAQ,19/05/2025,5200,7000,5800.0
Kerala,Pathanamthitta,Mezhuveli  VFPCK,Banana,Palayamthodan,Medium,19/05/2025,800,2300,1600.0
Kerala,Thirssur,Irinjalakkuda,Banana - Green,Other,FAQ,19/05/2025,4500,4500,4500.0
Kerala,Thirssur,Thrissur,Ashgourd,Ashgourd,FAQ,19/05/2025,1400,1400,1400.0
Kerala,Thirssur,Thrissur,Cauliflower,Cauliflower,FAQ,19/05/2025,4000,4000,4000.0
Kerala,Thirssur,Thrissur,Cucumbar(Kheera),Cucumbar,FAQ,19/05/2025,1500,1500,1500.0
Kerala,Thirssur,Thrissur,Snakeguard,Snakeguard,FAQ,19/05/2025,2500,2500,2500.0
Kerala,Thiruvananthapuram,Parassala,Elephant Yam (Suran),Elephant Yam (Suran),FAQ,19/05/2025,4000,4500,4000.0
Kerala,Thiruvananthapuram,Parassala,Green Chilli,Green Chilly,FAQ,19/05/2025,5800,6000,5800.0
Madhya Pradesh,Morena,Sabalgarh(F&V),Tomato,Deshi,Non-FAQ,19/05/2025,900,1000,950.0
Nagaland,Kohima,Kohima,Beans,Beans (Whole),FAQ,19/05/2025,8000,8200,8100.0
Odisha,Balasore,Jaleswar,Onion,Other,FAQ,19/05/2025,1800,2200,2000.0
Odisha,Balasore,Jaleswar,Potato,Other,FAQ,11/01/2025,1300,1700,1500.0
Odisha,Balasore,Jaleswar,Water Melon,Water Melon,Medium,19/05/2025,1100,1500,1300.0
Odisha,Bargarh,Attabira,Onion,Other,FAQ,19/05/2025,1800,2000,1800.0
Odisha,Bargarh,Attabira,Pointed gourd (Parval),Other,FAQ,19/05/2025,3500,4000,3500.0
Odisha,Bargarh,Attabira,Ridgeguard(Tori),Ridgeguard(Tori),FAQ,19/05/2025,2500,3000,2500.0
Odisha,Bhadrak,Chandabali,Onion,Other,FAQ,19/05/2025,2000,2500,2200.0
Odisha,Boudh,Khunthabandha,Brinjal,Other,FAQ,19/05/2025,1500,2500,2000.0
Odisha,Dhenkanal,Hindol,Cucumbar(Kheera),Cucumbar,FAQ,19/05/2025,4000,4500,4200.0
Odisha,Dhenkanal,Kamakhyanagar,Bhindi(Ladies Finger),Bhindi,FAQ,19/05/2025,3500,4200,4000.0
Odisha,Dhenkanal,Kamakhyanagar,Cauliflower,Cauliflower,FAQ,19/05/2025,3000,4000,3500.0
Odisha,Dhenkanal,Kamakhyanagar,Green Chilli,Green Chilly,FAQ,19/05/2025,6000,6500,6000.0
Odisha,Gajapati,Parlakhemundi,Brinjal,Other,FAQ,19/05/2025,1300,1500,1400.0
Odisha,Gajapati,Parlakhemundi,Tomato,Local,Non-FAQ,19/05/2025,1300,1500,1400.0
Odisha,Ganjam,Bhanjanagar,Pumpkin,Other,FAQ,19/05/2025,1000,1200,1100.0
Odisha,Kendrapara,Kendrapara,Pointed gourd (Parval),Pointed gourd (Parval),FAQ,19/05/2025,3000,4000,3500.0
Odisha,Kendrapara,Kendrapara,Pumpkin,Pumpkin,FAQ,19/05/2025,1500,2000,1500.0
Odisha,Kendrapara,Kendrapara(Marshaghai),Potato,Potato,Non-FAQ,12/01/2025,1700,2000,1800.0
Odisha,Nayagarh,Bahadajholla,Bhindi(Ladies Finger),Bhindi,FAQ,19/05/2025,950,1200,950.0
Odisha,Nayagarh,Bahadajholla,Pumpkin,Other,FAQ,19/05/2025,1000,1000,1000.0
Odisha,Rayagada,Gunpur,Brinjal,Other,FAQ,19/05/2025,2000,3150,2500.0
Odisha,Rayagada,Gunpur,Cotton,Other,FAQ,19/05/2025,6500,7521,7000.0
Odisha,Rayagada,Gunpur,Water Melon,Other,Small,19/05/2025,2000,3000,2500.0
Odisha,Rayagada,Rayagada(Muniguda),Carrot,Carrot,FAQ,19/05/2025,3200,4100,3650.0
Odisha,Sundergarh,Sargipali,Tomato,Other,Non-FAQ,19/05/2025,1800,2200,2000.0
Punjab,Amritsar,Chogawan,Cauliflower,Cauliflower,FAQ,19/05/2025,600,850,750.0
Punjab,Amritsar,Rayya,Bhindi(Ladies Finger),Bhindi,FAQ,19/05/2025,2800,2800,2800.0
Punjab,Amritsar,Rayya,Tomato,Hybrid,FAQ,19/05/2025,1200,1200,1200.0
Punjab,Fazilka,Fazilka,Garlic,Other,FAQ,19/05/2025,3000,5000,4000.0
Punjab,Fazilka,Fazilka,Mango,Other,Medium,19/05/2025,4000,6000,5000.0
Punjab,Gurdaspur,Kalanaur,Green Chilli,Green Chilly,FAQ,19/05/2025,4000,4000,4000.0
Punjab,Gurdaspur,Kalanaur,Pumpkin,Other,FAQ,19/05/2025,1000,1000,1000.0
Punjab,Hoshiarpur,Garh Shankar,Capsicum,Capsicum,FAQ,19/05/2025,1500,1800,1700.0
Punjab,Hoshiarpur,Garh Shankar,Cauliflower,Cauliflower,FAQ,19/05/2025,2500,3000,2700.0
Punjab,Hoshiarpur,Garh Shankar,Karbuja(Musk Melon),Other,Large,19/05/2025,1200,1400,1300.0
Punjab,Hoshiarpur,Mukerian(Talwara),Bhindi(Ladies Finger),Bhindi,FAQ,19/05/2025,3500,4500,4000.0
Punjab,Hoshiarpur,Mukerian(Talwara),Bitter gourd,Bitter Gourd,FAQ,19/05/2025,1400,2200,1800.0
Punjab,Hoshiarpur,Mukerian(Talwara),Cucumbar(Kheera),Cucumbar,FAQ,19/05/2025,1000,2800,1800.0
Punjab,Hoshiarpur,Mukerian(Talwara),Field Pea,Field Pea,FAQ,19/05/2025,6000,7000,6500.0
Punjab,Hoshiarpur,Mukerian(Talwara),Tomato,Tomato,FAQ,19/05/2025,1000,1500,1200.0
Punjab,Hoshiarpur,Tanda Urmur,Bhindi(Ladies Finger),Other,FAQ,19/05/2025,2000,2500,2200.0
Punjab,Jalandhar,Nakodar,Bottle gourd,Bottle Gourd,FAQ,19/05/2025,700,850,800.0
Punjab,Ludhiana,Doraha,Bitter gourd,Other,FAQ,19/05/2025,2500,2500,2500.0
Punjab,Ludhiana,Khanna,Capsicum,Capsicum,FAQ,19/05/2025,700,1200,1000.0
Punjab,Ludhiana,Khanna,Lemon,Other,FAQ,19/05/2025,3000,5000,4000.0
Punjab,Ludhiana,Khanna,Peas Wet,Other,FAQ,19/05/2025,2000,3000,2500.0
Punjab,Ludhiana,Khanna,Tomato,Other,FAQ,19/05/2025,800,1500,1000.0
Punjab,Ludhiana,Sahnewal,Capsicum,Capsicum,FAQ,19/05/2025,2000,2000,2000.0
Punjab,Moga,Nihal Singh Wala,Cabbage,Other,FAQ,19/05/2025,400,600,500.0
Punjab,Moga,Nihal Singh Wala,Green Chilli,Other,FAQ,19/05/2025,1500,2000,1800.0
Punjab,Moga,Nihal Singh Wala,Peas Wet,Other,FAQ,19/05/2025,3500,4000,3800.0
Punjab,Nawanshahr,Nawan Shahar(Subzi Mandi),Ginger(Green),Other,FAQ,19/05/2025,4700,5000,4800.0
Punjab,Nawanshahr,Nawan Shahar(Subzi Mandi),Grapes,Other,Medium,19/05/2025,7000,8000,7600.0
Punjab,Nawanshahr,Nawan Shahar(Subzi Mandi),Green Chilli,Other,FAQ,19/05/2025,1600,1800,1730.0
Punjab,Nawanshahr,Nawan Shahar(Subzi Mandi),Karbuja(Musk Melon),Other,Medium,19/05/2025,1300,1400,1330.0
Punjab,Nawanshahr,Nawan Shahar(Subzi Mandi),Lime,Other,Medium,19/05/2025,8000,9000,8650.0
Punjab,Nawanshahr,Nawan Shahar(Subzi Mandi),Mango,Other,Small,19/05/2025,3200,3500,3300.0
Punjab,Nawanshahr,Nawan Shahar(Subzi Mandi),Mousambi(Sweet Lime),Other,Medium,19/05/2025,4000,4500,4300.0
Punjab,Pathankot,Pathankot,Apricot(Jardalu/Khumani),Apricot(Jardalu/Khumani),Medium,19/05/2025,2800,3000,3000.0
Punjab,Pathankot,Pathankot,Banana,Medium,Medium,19/05/2025,3200,3600,3600.0
Punjab,Pathankot,Pathankot,Green Chilli,Green Chilly,FAQ,19/05/2025,1200,1400,1400.0
Punjab,Pathankot,Pathankot,Guava,Guava,Medium,19/05/2025,2800,3000,3000.0
Punjab,Pathankot,Pathankot,Potato,Potato,Non-FAQ,13/01/2025,600,800,800.0
Punjab,Patiala,Ghanaur,Onion,Other,FAQ,19/05/2025,1200,1400,1300.0
Punjab,Ropar (Rupnagar),Morinda,Brinjal,Round/Long,FAQ,19/05/2025,1500,1500,1500.0
Punjab,Ropar (Rupnagar),Morinda,Lemon,Lemon,FAQ,19/05/2025,5000,9000,7000.0
Punjab,Ropar (Rupnagar),Morinda,Mint(Pudina),Mint(Pudina),FAQ,19/05/2025,2000,2000,2000.0
Punjab,Ropar (Rupnagar),Morinda,Peas Wet,Peas Wet,FAQ,19/05/2025,5000,5000,5000.0
Punjab,Ropar (Rupnagar),Morinda,Pineapple,Pine Apple,Medium,19/05/2025,5000,5000,5000.0
Punjab,Ropar (Rupnagar),Morinda,Ridgeguard(Tori),Ridgeguard(Tori),FAQ,19/05/2025,2500,2500,2500.0
Punjab,Ropar (Rupnagar),Morinda,Tomato,Deshi,Non-FAQ,19/05/2025,1000,1200,1100.0
Punjab,Tarntaran,Naushera Pannuan,Brinjal,Other,FAQ,19/05/2025,1200,1200,1200.0
Punjab,Tarntaran,Patti,Capsicum,Other,FAQ,19/05/2025,1200,1600,1400.0
Punjab,Tarntaran,Patti,Green Chilli,Other,FAQ,19/05/2025,1200,1500,1400.0
Punjab,Tarntaran,Patti,Potato,Other,FAQ,14/01/2025,400,500,450.0
Punjab,Tarntaran,Patti,Ridgeguard(Tori),Other,FAQ,19/05/2025,1200,1600,1400.0
Rajasthan,Beawar,Beawar,Cummin Seed(Jeera),Other,FAQ,19/05/2025,18000,21000,19500.0
Rajasthan,Beawar,Beawar,Wheat,Other,FAQ,19/05/2025,2400,2600,2500.0
Rajasthan,Churu,Sadulpur,Bajra(Pearl Millet/Cumbu),Local,FAQ,19/05/2025,2200,2300,2250.0
Rajasthan,Ganganagar,Sriganganagar (F&V),Cabbage,Other,FAQ,19/05/2025,700,900,800.0
Rajasthan,Ganganagar,Sriganganagar (F&V),Ginger(Green),Green Ginger,FAQ,19/05/2025,3800,4200,4000.0
Rajasthan,Ganganagar,Sriganganagar (F&V),Green Chilli,Green Chilly,FAQ,19/05/2025,1600,2000,1800.0
Rajasthan,Ganganagar,Sriganganagar (F&V),Mango,Other,Medium,19/05/2025,5300,5700,5500.0
Rajasthan,Ganganagar,Sriganganagar (F&V),Pineapple,Other,Medium,19/05/2025,4300,4700,4500.0
Rajasthan,Ganganagar,Sriganganagar (F&V),Tinda,Other,FAQ,19/05/2025,2100,2500,2300.0
Rajasthan,Hanumangarh,Goluwala,Tomato,Deshi,FAQ,19/05/2025,1000,1000,1000.0
Rajasthan,Hanumangarh,Sangriya,Onion,Onion,FAQ,19/05/2025,800,1300,1000.0
Rajasthan,Jaipur,Jaipur (F&V),Bitter gourd,Bitter Gourd,FAQ,19/05/2025,1700,1800,1750.0
Rajasthan,Jaipur,Jaipur (F&V),Capsicum,Capsicum,FAQ,19/05/2025,2500,3000,2750.0
Rajasthan,Jaipur,Jaipur (F&V),Garlic,Average,FAQ,19/05/2025,3000,9000,6000.0
Rajasthan,Jaipur,Jaipur (F&V),Grapes,Annabesahai,Medium,19/05/2025,4000,8000,6000.0
Rajasthan,Jaipur,Jaipur (F&V),Lemon,Lemon,FAQ,19/05/2025,5000,6000,5500.0
Rajasthan,Jaipur,Jaipur (F&V),Mango (Raw-Ripe),Other,FAQ,19/05/2025,1000,2000,1500.0
Rajasthan,Jaipur Rural,Bassi,Mustard,Other,Non-FAQ,19/05/2025,5390,6241,5815.0
Rajasthan,Jaipur Rural,Bassi,Onion,Other,Non-FAQ,19/05/2025,1300,1500,1400.0
Rajasthan,Jodhpur,Jodhpur (Grain),Methi Seeds,Other,FAQ,19/05/2025,4400,4610,4510.0
Rajasthan,Jodhpur,Jodhpur (Grain),Soanf,Other,FAQ,19/05/2025,6500,8000,7250.0
Rajasthan,Kota,Kota,Bengal Gram(Gram)(Whole),Other,Non-FAQ,19/05/2025,4901,5390,5100.0
Rajasthan,Kota,Kota,Green Gram (Moong)(Whole),Other,Non-FAQ,19/05/2025,3901,7000,6800.0
Rajasthan,Kota,Kota,Linseed,Other,FAQ,19/05/2025,6600,6900,6800.0
Rajasthan,Kota,Kota,Methi Seeds,Other,FAQ,19/05/2025,4365,4600,4500.0
Rajasthan,Kota,Kota,"Sesamum(Sesame,Gingelly,Til)",Other,Non-FAQ,19/05/2025,5500,7700,7500.0
Rajasthan,Rajsamand,Rajsamand,Tomato,Tomato,FAQ,19/05/2025,600,800,700.0
Rajasthan,Sanchore,Sanchore,Onion,Other,FAQ,19/05/2025,1000,1400,1200.0
Telangana,Hyderabad,Mahboob Manison,Beetroot,Beetroot,FAQ,19/05/2025,1500,1500,1500.0
Telangana,Hyderabad,Mahboob Manison,Carrot,Carrot,FAQ,19/05/2025,2000,2500,2250.0
Telangana,Hyderabad,Mahboob Manison,Tomato,Deshi,FAQ,19/05/2025,600,800,700.0
Telangana,Karimnagar,Vemulawada,Paddy(Dhan)(Common),I.R. 64,FAQ,19/05/2025,2300,2320,2320.0
Telangana,Nalgonda,Devarkonda(Mallepalli),Paddy(Dhan)(Common),MTU-1010,Non-FAQ,19/05/2025,2300,2300,2300.0
Telangana,Ranga Reddy,Kukatpally(Rythu Bazar),Brinjal,Arkasheela Mattigulla,FAQ,19/05/2025,1800,1800,1800.0
Telangana,Ranga Reddy,Kukatpally(Rythu Bazar),Ridgeguard(Tori),Other,FAQ,19/05/2025,3500,3500,3500.0
Telangana,Ranga Reddy,Mehndipatnam(Rythu Bazar),Banana - Green,Banana - Green,FAQ,19/05/2025,2500,2500,2500.0
Telangana,Ranga Reddy,Mehndipatnam(Rythu Bazar),Bitter gourd,Bitter Gourd,FAQ,19/05/2025,3200,3200,3200.0
Telangana,Ranga Reddy,Mehndipatnam(Rythu Bazar),Brinjal,Arkasheela Mattigulla,FAQ,19/05/2025,1800,1800,1800.0
Telangana,Ranga Reddy,Mehndipatnam(Rythu Bazar),Cabbage,Cabbage,FAQ,19/05/2025,900,900,900.0
Telangana,Ranga Reddy,Mehndipatnam(Rythu Bazar),Leafy Vegetable,Leafy Vegetables,FAQ,19/05/2025,2000,2000,2000.0
Telangana,Ranga Reddy,Mehndipatnam(Rythu Bazar),Onion,1st Sort,FAQ,19/05/2025,1600,1600,1600.0
Telangana,Ranga Reddy,Mehndipatnam(Rythu Bazar),Snakeguard,Other,FAQ,19/05/2025,1800,1800,1800.0
Telangana,Warangal,Warangal,Bitter gourd,Bitter Gourd,FAQ,19/05/2025,4000,4500,4250.0
Telangana,Warangal,Warangal,Colacasia,Colacasia,FAQ,19/05/2025,3500,4000,3750.0
Telangana,Warangal,Warangal,Cucumbar(Kheera),Cucumbar,FAQ,19/05/2025,1600,2000,1800.0
Telangana,Warangal,Warangal,Field Pea,Field Pea,FAQ,19/05/2025,4500,5000,4750.0
Telangana,Warangal,Warangal,Green Chilli,Green Chilly,FAQ,19/05/2025,1600,2000,1800.0
Telangana,Warangal,Warangal,Ridgeguard(Tori),Ridgeguard(Tori),FAQ,19/05/2025,4000,4500,4250.0
Tripura,Gomati,Nutanbazar,Bhindi(Ladies Finger),Bhindi,FAQ,19/05/2025,3850,4000,3950.0
Tripura,Gomati,Nutanbazar,Brinjal,Round/Long,FAQ,19/05/2025,2850,3000,2950.0
Tripura,Gomati,Nutanbazar,Pointed gourd (Parval),Pointed gourd (Parval),FAQ,19/05/2025,5850,6000,5950.0
Tripura,Khowai,Teliamura,Cowpea(Veg),Cowpea (Veg),FAQ,19/05/2025,3000,3200,3100.0
Tripura,Khowai,Teliamura,Fish,Rahu(Andhra),FAQ,19/05/2025,18700,18900,18800.0
Tripura,Khowai,Teliamura,Onion,Nasik,FAQ,19/05/2025,2000,2200,2100.0
Tripura,Khowai,Teliamura,Pigs,Pigs,FAQ,19/05/2025,3500,7000,5200.0
Tripura,Khowai,Teliamura,Pointed gourd (Parval),Pointed gourd (Parval),FAQ,19/05/2025,3500,3700,3600.0
Tripura,North Tripura,Dasda,Onion,Onion,FAQ,19/05/2025,2500,3000,2750.0
Tripura,North Tripura,Dasda,Rice,Masuri,FAQ,19/05/2025,3300,3500,3400.0
Tripura,South District,Barpathari,Bhindi(Ladies Finger),Bhindi,FAQ,19/05/2025,3900,4100,4000.0
Tripura,South District,Barpathari,Ginger(Green),Green Ginger,FAQ,19/05/2025,7900,8100,8000.0
Tripura,South District,Barpathari,Green Chilli,Green Chilly,FAQ,19/05/2025,3900,4100,4000.0
Tripura,South District,Barpathari,Onion,Red,FAQ,19/05/2025,2400,2600,2500.0
Uttar Pradesh,Agra,Fatehabad,Pumpkin,Pumpkin,FAQ,19/05/2025,400,600,600.0
Uttar Pradesh,Aligarh,Charra,Cabbage,Cabbage,FAQ,19/05/2025,1400,1500,1450.0
Uttar Pradesh,Amethi,Sultanpur,Bitter gourd,Bitter Gourd,FAQ,19/05/2025,1930,1980,1950.0
Uttar Pradesh,Amethi,Sultanpur,Green Chilli,Green Chilly,FAQ,19/05/2025,2450,2500,2480.0
Uttar Pradesh,Amethi,Sultanpur,Potato,Desi,FAQ,15/01/2025,1140,1170,1155.0
Uttar Pradesh,Amroha,Amroha,Arhar Dal(Tur Dal),Arhar Dal(Tur),FAQ,19/05/2025,11200,11300,11260.0
Uttar Pradesh,Amroha,Dhanaura,Banana,Medium,Medium,19/05/2025,1000,1400,1200.0
Uttar Pradesh,Amroha,Dhanaura,Garlic,Average,FAQ,19/05/2025,4500,5000,4800.0
Uttar Pradesh,Amroha,Dhanaura,Onion,Medium,Non-FAQ,19/05/2025,1000,1400,1200.0
Uttar Pradesh,Amroha,Dhanaura,Tomato,Deshi,Non-FAQ,19/05/2025,600,800,700.0
Uttar Pradesh,Badaun,Babrala,Wheat,Dara,Non-FAQ,19/05/2025,2445,2470,2450.0
Uttar Pradesh,Badaun,Babrala,Wood,Eucalyptus,FAQ,19/05/2025,480,500,490.0
Uttar Pradesh,Badaun,Badayoun,Apple,Delicious,Medium,19/05/2025,10000,10300,10050.0
Uttar Pradesh,Badaun,Badayoun,Banana - Green,Banana - Green,FAQ,19/05/2025,1760,1880,1810.0
Uttar Pradesh,Badaun,Badayoun,Cucumbar(Kheera),Cucumbar,FAQ,19/05/2025,1240,1350,1290.0
Uttar Pradesh,Badaun,Badayoun,Paddy(Dhan)(Common),Sarvati,Non-FAQ,19/05/2025,2000,2070,2040.0
Uttar Pradesh,Badaun,Badayoun,Pumpkin,Pumpkin,FAQ,19/05/2025,980,1100,1025.0
Uttar Pradesh,Badaun,Ujhani,Apple,Apple,Medium,19/05/2025,10000,10050,10020.0
Uttar Pradesh,Badaun,Ujhani,Potato,Local,Non-FAQ,16/01/2025,1000,1050,1020.0
Uttar Pradesh,Bahraich,Naanpara,Ginger(Green),Green Ginger,FAQ,19/05/2025,2000,2200,2100.0
Uttar Pradesh,Bahraich,Naanpara,Masur Dal,Masoor Gola,FAQ,19/05/2025,6000,7000,6500.0
Uttar Pradesh,Bahraich,Naanpara,Mousambi(Sweet Lime),Mousambi,Medium,19/05/2025,2400,2600,2500.0
Uttar Pradesh,Balrampur,Balrampur,Bitter gourd,Bitter Gourd,FAQ,19/05/2025,1300,1500,1400.0
Uttar Pradesh,Balrampur,Balrampur,Bottle gourd,Bottle Gourd,FAQ,19/05/2025,700,900,800.0
Uttar Pradesh,Balrampur,Balrampur,Lemon,Lemon,FAQ,19/05/2025,7500,7700,7600.0
Uttar Pradesh,Balrampur,Balrampur,Pumpkin,Pumpkin,FAQ,19/05/2025,700,940,825.0
Uttar Pradesh,Balrampur,Panchpedwa,Onion,Red,FAQ,19/05/2025,1600,2000,1800.0
Uttar Pradesh,Balrampur,Tulsipur,Pumpkin,Pumpkin,FAQ,19/05/2025,900,950,925.0
Uttar Pradesh,Bareilly,Anwala,Cucumbar(Kheera),Cucumbar,FAQ,19/05/2025,500,700,600.0
Uttar Pradesh,Bijnor,Bijnaur,Tomato,Hybrid,FAQ,19/05/2025,800,900,830.0
Uttar Pradesh,Bijnor,Kiratpur,Apple,Apple,Medium,19/05/2025,6600,6700,6650.0
Uttar Pradesh,Bijnor,Kiratpur,Potato,Potato,Non-FAQ,17/01/2025,800,900,850.0
Uttar Pradesh,Bulandshahar,Gulavati,Bitter gourd,Bitter Gourd,FAQ,19/05/2025,1500,1700,1600.0
Uttar Pradesh,Bulandshahar,Gulavati,Cucumbar(Kheera),Cucumbar,FAQ,19/05/2025,1300,1500,1400.0
Uttar Pradesh,Bulandshahar,Gulavati,Onion,Red,FAQ,19/05/2025,1500,1700,1600.0
Uttar Pradesh,Etah,Awagarh,Onion,Red,Non-FAQ,19/05/2025,1200,1500,1300.0
Uttar Pradesh,Etah,Awagarh,Tomato,Hybrid,Non-FAQ,19/05/2025,600,700,650.0
Uttar Pradesh,Etah,Awagarh,Wheat,Dara,FAQ,19/05/2025,2430,2450,2440.0
Uttar Pradesh,Fatehpur,Kishunpur,Wheat,Dara,FAQ,19/05/2025,2400,2500,2450.0
Uttar Pradesh,Firozabad,Sirsaganj,Potato,Potato,FAQ,18/01/2025,1000,1200,1100.0
Uttar Pradesh,Hamirpur,Kurara,Paddy(Dhan)(Common),1001,FAQ,19/05/2025,2400,2500,2450.0
Uttar Pradesh,Hathras,Shadabad,Potato,Desi,FAQ,19/01/2025,800,900,850.0
Uttar Pradesh,Jalaun (Orai),Kadaura,Firewood,Firewood,FAQ,19/05/2025,430,430,430.0
Uttar Pradesh,Jalaun (Orai),Kadaura,Peas(Dry),Other,FAQ,19/05/2025,3300,3400,3400.0
Uttar Pradesh,Kaushambi,Manjhanpur,Tomato,Deshi,FAQ,19/05/2025,700,850,760.0
Uttar Pradesh,Khiri (Lakhimpur),Maigalganj,Tomato,Local,FAQ,19/05/2025,1500,1580,1540.0
Uttar Pradesh,Khiri (Lakhimpur),Maigalganj,Wheat,Dara,FAQ,19/05/2025,2400,2500,2450.0
Uttar Pradesh,Lalitpur,Mehrauni,Peas(Dry),Other,FAQ,19/05/2025,3000,3300,3200.0
Uttar Pradesh,Maharajganj,Anandnagar,Onion,Red,FAQ,19/05/2025,1200,1400,1300.0
Uttar Pradesh,Maharajganj,Anandnagar,Papaya,Papaya,Medium,19/05/2025,2200,2400,2300.0
Uttar Pradesh,Maharajganj,Anandnagar,Potato,Red,FAQ,20/01/2025,1000,1400,1200.0
Uttar Pradesh,Maharajganj,Anandnagar,Rice,III,FAQ,19/05/2025,2600,3200,2800.0
Uttar Pradesh,Mahoba,Charkhari,Lentil (Masur)(Whole),Kala Masoor New,FAQ,19/05/2025,6000,6100,6000.0
Uttar Pradesh,Mainpuri,Ghiraur,Banana,Banana - Ripe,Medium,19/05/2025,2435,2635,2535.0
Uttar Pradesh,Mainpuri,Ghiraur,Bottle gourd,Bottle Gourd,FAQ,19/05/2025,875,1075,975.0
Uttar Pradesh,Mainpuri,Ghiraur,Brinjal,Round/Long,FAQ,19/05/2025,1270,1470,1370.0
Uttar Pradesh,Mainpuri,Ghiraur,Potato,Local,FAQ,21/01/2025,1085,1285,1185.0
Uttar Pradesh,Mainpuri,Ghiraur,Wheat,Dara,FAQ,19/05/2025,2400,2580,2480.0
Uttar Pradesh,Mau(Maunathbhanjan),Doharighat,Green Chilli,Green Chilly,FAQ,19/05/2025,3900,4000,3965.0
Uttar Pradesh,Mau(Maunathbhanjan),Kopaganj,Bitter gourd,Bitter Gourd,FAQ,19/05/2025,800,1000,900.0
Uttar Pradesh,Mau(Maunathbhanjan),Kopaganj,Cauliflower,Cauliflower,FAQ,19/05/2025,800,1000,900.0
Uttar Pradesh,Pillibhit,Pilibhit,Cabbage,Cabbage,FAQ,19/05/2025,1138,1218,1178.0
Uttar Pradesh,Prayagraj,Jasra,Bottle gourd,Bottle Gourd,FAQ,19/05/2025,760,885,820.0
Uttar Pradesh,Rampur,Tanda(Rampur),Cucumbar(Kheera),Cucumbar,FAQ,19/05/2025,1000,1040,1020.0
Uttar Pradesh,Rampur,Vilaspur,Banana,Banana - Ripe,Medium,19/05/2025,1900,2300,2100.0
Uttar Pradesh,Rampur,Vilaspur,Karbuja(Musk Melon),Karbhuja,Medium,19/05/2025,1500,2100,1800.0
Uttar Pradesh,Sant Kabir Nagar,Khalilabad,Pointed gourd (Parval),Pointed gourd (Parval),FAQ,19/05/2025,2000,2200,2100.0
Uttar Pradesh,Sant Kabir Nagar,Khalilabad,Potato,Desi,FAQ,22/01/2025,800,1000,900.0
Uttar Pradesh,Shamli,Kairana,Lemon,Lemon,FAQ,19/05/2025,5700,5800,5750.0
Uttar Pradesh,Sitapur,Hargaon (Laharpur),Firewood,Other,FAQ,19/05/2025,300,340,320.0
Uttar Pradesh,Sitapur,Sitapur,Papaya,Papaya,Medium,19/05/2025,2600,2900,2735.0
Uttar Pradesh,Sitapur,Sitapur,Pomegranate,Pomogranate,Medium,19/05/2025,7700,8500,8200.0
Uttar Pradesh,Sitapur,Sitapur,Potato,Desi,FAQ,23/01/2025,1000,1300,1200.0
Uttrakhand,Dehradoon,Rishikesh,Bitter gourd,Other,FAQ,19/05/2025,1500,1750,1600.0
Uttrakhand,Dehradoon,Rishikesh,Cabbage,Other,FAQ,19/05/2025,500,600,550.0
Uttrakhand,Dehradoon,Rishikesh,Lime,Lime,Medium,19/05/2025,8500,12000,9500.0
Uttrakhand,Dehradoon,Rishikesh,Pointed gourd (Parval),Other,FAQ,19/05/2025,2200,2750,2500.0
Uttrakhand,Dehradoon,Rishikesh,Ridgeguard(Tori),Ridgeguard(Tori),FAQ,19/05/2025,1250,1600,1450.0
Uttrakhand,Dehradoon,Vikasnagar,Bhindi(Ladies Finger),Other,FAQ,19/05/2025,800,1000,1000.0
Uttrakhand,Dehradoon,Vikasnagar,Brinjal,Other,FAQ,19/05/2025,400,600,600.0
Uttrakhand,Dehradoon,Vikasnagar,Carrot,Other,FAQ,19/05/2025,500,800,800.0
Uttrakhand,Haridwar,Haridwar Union,Cucumbar(Kheera),Cucumbar,FAQ,19/05/2025,500,800,600.0
Uttrakhand,Haridwar,Haridwar Union,Mango,Safeda,Medium,19/05/2025,2500,3500,3000.0
Uttrakhand,Haridwar,Manglaur,Papaya,Other,Medium,19/05/2025,1200,1400,1300.0
Uttrakhand,Haridwar,Manglaur,Water Melon,Other,Medium,19/05/2025,500,700,600.0
Uttrakhand,Haridwar,Roorkee,Banana,Other,Large,19/05/2025,800,1200,1000.0
Uttrakhand,Haridwar,Roorkee,Beans,Beans (Whole),FAQ,19/05/2025,400,600,500.0
Uttrakhand,Haridwar,Roorkee,Bitter gourd,Other,FAQ,19/05/2025,500,700,600.0
Uttrakhand,Nanital,Ramnagar,Banana,Other,Medium,19/05/2025,2100,2500,2300.0
Uttrakhand,Nanital,Ramnagar,Bitter gourd,Other,FAQ,19/05/2025,2600,3000,2800.0
Uttrakhand,Nanital,Ramnagar,Cucumbar(Kheera),Other,FAQ,19/05/2025,2300,2500,2400.0
Uttrakhand,UdhamSinghNagar,Bazpur,Rice,Common,FAQ,19/05/2025,3190,3940,3632.0
West Bengal,Bankura,Indus(Bankura Sadar),Brinjal,Round/Long,FAQ,19/05/2025,3200,3500,3400.0
West Bengal,Bankura,Indus(Bankura Sadar),Sweet Pumpkin,Sweet Pumpkin,FAQ,19/05/2025,1300,1450,1400.0
West Bengal,Hooghly,Sheoraphuly,Bhindi(Ladies Finger),Bhindi,FAQ,19/05/2025,1600,1800,1700.0
West Bengal,Hooghly,Sheoraphuly,Green Chilli,Other,FAQ,19/05/2025,4000,4400,4200.0
West Bengal,Jalpaiguri,Belacoba,Bitter gourd,Other,FAQ,19/05/2025,900,1000,950.0
West Bengal,Jhargram,Jhargram,Fish,Rahu(Andhra),FAQ,19/05/2025,17400,18000,17800.0
West Bengal,Jhargram,Jhargram,Mustard Oil,Mustard Oil,FAQ,19/05/2025,15400,15800,15600.0
West Bengal,Jhargram,Jhargram,Rice,Fine,FAQ,19/05/2025,4200,4600,4400.0
West Bengal,Jhargram,Jhargram,Rice,Super Fine,FAQ,19/05/2025,4800,5200,5000.0
West Bengal,Malda,English Bazar,Green Gram Dal (Moong Dal),Green Gram Dal,FAQ,19/05/2025,10000,11000,10500.0
West Bengal,Malda,English Bazar,Lentil (Masur)(Whole),Masur Dal,FAQ,19/05/2025,8500,9500,9000.0
West Bengal,Malda,English Bazar,Onion,Other,FAQ,19/05/2025,1400,1600,1500.0
West Bengal,Malda,Samsi,Potato,Local,FAQ,24/01/2025,1200,1220,1210.0
West Bengal,Malda,Samsi,Rice,Fine,FAQ,19/05/2025,5100,5200,5150.0
West Bengal,Medinipur(W),Ghatal,Bitter gourd,Kareli,FAQ,19/05/2025,2200,2400,2300.0
West Bengal,Medinipur(W),Ghatal,Cucumbar(Kheera),Cucumbar,FAQ,19/05/2025,2600,2800,2700.0
West Bengal,Medinipur(W),Ghatal,Jute,TD-5,FAQ,19/05/2025,5500,5700,5600.0
West Bengal,Murshidabad,Kandi,Paddy(Dhan)(Common),I.R. 36,FAQ,19/05/2025,2300,2350,2320.0
West Bengal,Puruliya,Balarampur,Lentil (Masur)(Whole),Masur Dal,FAQ,19/05/2025,9800,10800,10400.0
West Bengal,Puruliya,Balarampur,Rice,Other,FAQ,19/05/2025,4100,4300,4200.0
West Bengal,Puruliya,Balarampur,Tomato,Other,FAQ,19/05/2025,1200,1500,1400.0
West Bengal,Sounth 24 Parganas,Baruipur(Canning),Guava,Other,Medium,19/05/2025,8100,8300,8200.0
West Bengal,Uttar Dinajpur,Islampur,Potato,Local,FAQ,25/01/2025,1100,1200,1150.0
West Bengal,Uttar Dinajpur,Raiganj,Wheat,Local,FAQ,19/05/2025,2500,2700,2600.0
Andhra Pradesh,East Godavari,Ravulapelem,Banana,Desi(Bontha),Large,19/05/2025,1900,2300,2100.0
Andhra Pradesh,East Godavari,Ravulapelem,Banana,Karpura,Large,19/05/2025,2800,3800,3500.0
Gujarat,Amreli,Damnagar,Bhindi(Ladies Finger),Bhindi,FAQ,19/05/2025,1200,2050,1850.0
Gujarat,Amreli,Damnagar,Cabbage,Cabbage,FAQ,19/05/2025,300,1050,750.0
Gujarat,Amreli,Damnagar,Cauliflower,Cauliflower,FAQ,19/05/2025,1500,2550,2050.0
Gujarat,Amreli,Savarkundla,Bengal Gram(Gram)(Whole),Desi (Whole),FAQ,19/05/2025,5110,6165,6000.0
Gujarat,Amreli,Savarkundla,Cummin Seed(Jeera),Cummin Seed(Jeera),FAQ,19/05/2025,18550,20805,19750.0
Gujarat,Amreli,Savarkundla,Jowar(Sorghum),Jowar ( White),FAQ,19/05/2025,2025,3700,3350.0
Gujarat,Amreli,Savarkundla,"Sesamum(Sesame,Gingelly,Til)",White,Non-FAQ,19/05/2025,8000,11300,10500.0
Gujarat,Banaskanth,Vadgam,Bajra(Pearl Millet/Cumbu),Other,FAQ,19/05/2025,2315,2315,2315.0
Gujarat,Banaskanth,Vadgam,Castor Seed,Other,FAQ,19/05/2025,6000,6140,6140.0
Gujarat,Banaskanth,Vadgam,Wheat,Lokwan Gujrat,FAQ,19/05/2025,2305,2305,2305.0
Gujarat,Bharuch,Jambusar,Castor Seed,Other,FAQ,19/05/2025,5300,5700,5500.0
Gujarat,Bharuch,Jambusar,Wheat,Other,FAQ,19/05/2025,2800,3200,3000.0
Gujarat,Bharuch,Jambusar(Kaavi),Maize,Other,FAQ,19/05/2025,2000,2400,2200.0
Gujarat,Gandhinagar,Mansa(Manas Veg Yard),Bhindi(Ladies Finger),Other,FAQ,19/05/2025,2500,3000,3000.0
Gujarat,Junagarh,Bhesan,Soyabean,Other,FAQ,19/05/2025,3000,4000,3500.0
Gujarat,Navsari,Bilimora,Brinjal,Other,FAQ,19/05/2025,1500,2250,1900.0
Gujarat,Navsari,Bilimora,Cauliflower,Other,FAQ,19/05/2025,3000,4000,3500.0
Gujarat,Rajkot,Dhoraji,Bengal Gram(Gram)(Whole),Desi (Whole),Non-FAQ,19/05/2025,4880,5255,5155.0
Gujarat,Rajkot,Dhoraji,Groundnut,Local,Non-FAQ,19/05/2025,3805,5005,4955.0
Gujarat,Rajkot,Dhoraji,"Sesamum(Sesame,Gingelly,Til)",White,Non-FAQ,19/05/2025,5730,8430,7355.0
Gujarat,Rajkot,Dhoraji,Soyabean,Yellow,Non-FAQ,19/05/2025,3382,4080,4055.0
Gujarat,Rajkot,Dhoraji,Wheat,Lokwan,Non-FAQ,19/05/2025,2355,2550,2525.0
Gujarat,Rajkot,Rajkot(Veg.Sub Yard),Coriander(Leaves),Coriander,FAQ,19/05/2025,1000,2500,1750.0
Gujarat,Rajkot,Rajkot(Veg.Sub Yard),Ginger(Green),Green Ginger,FAQ,19/05/2025,3000,4000,3500.0
Gujarat,Sabarkantha,Modasa,Castor Seed,Castor seed,FAQ,19/05/2025,6005,6075,6075.0
Gujarat,Sabarkantha,Modasa,Kabuli Chana(Chickpeas-White),Other,FAQ,19/05/2025,9000,10065,10065.0
Gujarat,Sabarkantha,Modasa,Wheat,Lokwan Gujrat,FAQ,19/05/2025,2425,2720,2720.0
Gujarat,Sabarkantha,Modasa(Tintoi),Castor Seed,Castor seed,FAQ,19/05/2025,5900,5975,5975.0
Gujarat,Surat,Mahuva(Anaval),Mango,Keshar,Medium,19/05/2025,4750,5250,5000.0
Gujarat,Surat,Surat,Beetroot,Other,FAQ,19/05/2025,1300,1900,1600.0
Gujarat,Surat,Surat,Cluster beans,Other,FAQ,19/05/2025,3500,7500,5500.0
Gujarat,Surat,Surat,French Beans (Frasbean),Other,FAQ,19/05/2025,8000,9000,8500.0
Gujarat,Surat,Surat,Groundnut pods (raw),Other,FAQ,19/05/2025,3000,4800,3900.0
Gujarat,Surat,Surat,Little gourd (Kundru),Other,FAQ,19/05/2025,2500,5000,3750.0
Gujarat,Surat,Surat,Pegeon Pea (Arhar Fali),Other,FAQ,19/05/2025,5000,12500,8750.0
Gujarat,Surat,Surat,Pumpkin,Other,FAQ,19/05/2025,700,1200,950.0
Gujarat,Surat,Surat,Tomato,Other,FAQ,19/05/2025,600,2000,1300.0
Gujarat,Surendranagar,Dhragradhra,Ajwan,Ajwan,FAQ,19/05/2025,6330,6330,6330.0
Gujarat,Surendranagar,Dhragradhra,Guar Seed(Cluster Beans Seed),Whole,FAQ,19/05/2025,3995,4555,4400.0
Gujarat,Surendranagar,Dhragradhra,Mustard,Mustard,FAQ,19/05/2025,5040,5160,5125.0
Gujarat,Surendranagar,Dhragradhra,Mustard,Sarson(Black),FAQ,19/05/2025,5890,5890,5890.0
Gujarat,Surendranagar,Vadhvan,Amaranthus,Amaranthus,FAQ,19/05/2025,1500,2000,1750.0
Gujarat,Surendranagar,Vadhvan,Banana - Green,Banana - Green,FAQ,19/05/2025,1000,1500,1250.0
Gujarat,Surendranagar,Vadhvan,Bitter gourd,Bitter Gourd,FAQ,19/05/2025,3500,4000,3750.0
Gujarat,Surendranagar,Vadhvan,Brinjal,Brinjal,FAQ,19/05/2025,2500,3500,3000.0
Gujarat,Surendranagar,Vadhvan,Garlic,Garlic,FAQ,19/05/2025,10000,10500,10250.0
Gujarat,Surendranagar,Vadhvan,Mango (Raw-Ripe),Mango - Raw-Ripe,FAQ,19/05/2025,1500,2000,1750.0
Gujarat,Surendranagar,Vadhvan,Peas Wet,Peas Wet,FAQ,19/05/2025,8500,9000,8750.0
Gujarat,Vadodara(Baroda),Padra,Bitter gourd,Other,FAQ,19/05/2025,3000,3500,3250.0
Gujarat,Vadodara(Baroda),Padra,Cowpea(Veg),Other,FAQ,19/05/2025,3500,4000,3750.0
Gujarat,Vadodara(Baroda),Padra,Green Chilli,Green Chilly,FAQ,19/05/2025,1500,3000,2250.0
Haryana,Fatehabad,Fatehabad,Chikoos(Sapota),Other,Large,19/05/2025,2000,2000,2000.0
Haryana,Gurgaon,Gurgaon,Cauliflower,Other,FAQ,19/05/2025,1000,2000,1500.0
Haryana,Gurgaon,Gurgaon,Mango,Other,Large,19/05/2025,3000,5000,4000.0
Haryana,Gurgaon,Gurgaon,Potato,Other,FAQ,26/01/2025,800,1000,900.0
Haryana,Gurgaon,Gurgaon,Potato,Other,Non-FAQ,27/01/2025,700,900,800.0
Haryana,Gurgaon,Gurgaon,Tomato,Other,FAQ,19/05/2025,1000,1200,1100.0
Haryana,Gurgaon,Gurgaon,Water Melon,Other,Large,19/05/2025,800,1000,900.0
Haryana,Hissar,Barwala(Hisar),Karbuja(Musk Melon),Other,Medium,19/05/2025,1250,1300,1300.0
Haryana,Hissar,Barwala(Hisar),Potato,Other,FAQ,28/01/2025,800,1000,900.0
Haryana,Hissar,Hansi,Spinach,Other,FAQ,19/05/2025,1000,1500,1300.0
Haryana,Kaithal,Dhand,Tomato,Deshi,FAQ,19/05/2025,1000,1100,1080.0
Haryana,Kurukshetra,Pehowa,Potato,Other,FAQ,29/01/2025,500,800,600.0
Haryana,Kurukshetra,Pipli,Onion,Local,FAQ,19/05/2025,305,955,820.0
Haryana,Mahendragarh-Narnaul,Narnaul,Cabbage,Cabbage,FAQ,19/05/2025,1000,1000,1000.0
Haryana,Mahendragarh-Narnaul,Narnaul,Cauliflower,Cauliflower,FAQ,19/05/2025,2000,2000,2000.0
Haryana,Mahendragarh-Narnaul,Narnaul,Onion,Onion,FAQ,19/05/2025,800,1000,1000.0
Haryana,Mahendragarh-Narnaul,Narnaul,Pointed gourd (Parval),Pointed gourd (Parval),FAQ,19/05/2025,2000,2000,2000.0
Haryana,Mahendragarh-Narnaul,Narnaul,Potato,Potato,FAQ,30/01/2025,1200,1200,1200.0
Haryana,Mahendragarh-Narnaul,Narnaul,Tender Coconut,Tender Coconut,Medium,19/05/2025,5000,5000,5000.0
Haryana,Mahendragarh-Narnaul,Narnaul,Tinda,Tinda,FAQ,19/05/2025,2000,3000,2500.0
Haryana,Mahendragarh-Narnaul,Narnaul,Tomato,Tomato,FAQ,19/05/2025,500,1000,600.0
Haryana,Mewat,FerozpurZirkha(Nagina),Banana,Other,Small,19/05/2025,2000,2400,2200.0
Haryana,Mewat,FerozpurZirkha(Nagina),Mango,Other,Small,19/05/2025,4000,5000,4500.0
Haryana,Mewat,Punhana,Tomato,Other,FAQ,19/05/2025,800,800,800.0
Haryana,Mewat,Tauru,Banana,Other,Medium,19/05/2025,2000,2000,2000.0
Haryana,Mewat,Tauru,Green Chilli,Green Chilly,FAQ,19/05/2025,2000,2000,2000.0
Haryana,Rohtak,Meham,Bhindi(Ladies Finger),Bhindi,FAQ,19/05/2025,2000,2000,2000.0
Haryana,Rohtak,Meham,Potato,Other,FAQ,31/01/2025,700,800,750.0
Haryana,Sonipat,Ganaur,Cabbage,Cabbage,FAQ,19/05/2025,800,1000,1000.0
Haryana,Sonipat,Ganaur,Capsicum,Capsicum,FAQ,19/05/2025,2000,2500,2200.0
Haryana,Sonipat,Ganaur,Coriander(Leaves),Coriander,FAQ,19/05/2025,2400,2500,2400.0
Haryana,Sonipat,Ganaur,Cucumbar(Kheera),Cucumbar,FAQ,19/05/2025,1400,1500,1400.0
Haryana,Sonipat,Ganaur,Ginger(Green),Green Ginger,FAQ,19/05/2025,6500,7000,6800.0
Haryana,Sonipat,Ganaur,Pumpkin,Pumpkin,FAQ,19/05/2025,800,1000,1000.0
Haryana,Sonipat,Gohana,Brinjal,Other,FAQ,19/05/2025,1500,2500,2000.0
Haryana,Sonipat,Gohana,Green Chilli,Other,FAQ,19/05/2025,2000,4000,3000.0
Haryana,Sonipat,Gohana,Water Melon,Other,Large,19/05/2025,800,1500,1000.0
Haryana,Yamuna Nagar,Radaur,Banana,Other,Medium,19/05/2025,2800,3200,3000.0
Haryana,Yamuna Nagar,Radaur,Lemon,Other,FAQ,19/05/2025,4000,5000,4500.0
Haryana,Yamuna Nagar,Radaur,Mousambi(Sweet Lime),Other,Medium,19/05/2025,3000,3200,3100.0
Haryana,Yamuna Nagar,Radaur,Water Melon,Other,Medium,19/05/2025,500,700,600.0
Haryana,Yamuna Nagar,Sadhaura,Apple,Other,Medium,19/05/2025,12000,12000,12000.0
Haryana,Yamuna Nagar,Sadhaura,Bottle gourd,Bottle Gourd,FAQ,19/05/2025,350,450,400.0
Himachal Pradesh,Chamba,Chamba,Bitter gourd,Other,FAQ,19/05/2025,3000,3500,3250.0
Himachal Pradesh,Chamba,Chamba,Bottle gourd,Other,FAQ,19/05/2025,1600,1800,1700.0
Himachal Pradesh,Chamba,Chamba,Brinjal,Other,FAQ,19/05/2025,2000,2200,2100.0
Himachal Pradesh,Chamba,Chamba,Cabbage,Other,FAQ,19/05/2025,1200,1400,1300.0
Himachal Pradesh,Chamba,Chamba,Lemon,Lemon,FAQ,19/05/2025,12000,14000,13000.0
Himachal Pradesh,Chamba,Chamba,Water Melon,Other,Medium,19/05/2025,1800,2000,1900.0
Himachal Pradesh,Hamirpur,Hamirpur,Bhindi(Ladies Finger),Other,FAQ,19/05/2025,3000,3500,3200.0
Himachal Pradesh,Hamirpur,Hamirpur,Capsicum,Other,FAQ,19/05/2025,3000,3200,3100.0
Himachal Pradesh,Hamirpur,Hamirpur,Green Chilli,Other,FAQ,19/05/2025,4000,5000,4500.0
Himachal Pradesh,Hamirpur,Hamirpur,Mousambi(Sweet Lime),Other,Medium,19/05/2025,7000,7000,7000.0
Himachal Pradesh,Kangra,Dharamshala,Capsicum,Other,FAQ,19/05/2025,2800,3000,2900.0
Himachal Pradesh,Kangra,Dharamshala,Tomato,Other,FAQ,19/05/2025,1200,1400,1300.0
Himachal Pradesh,Kangra,Kangra,Apple,Other,Medium,19/05/2025,15000,20000,17000.0
Himachal Pradesh,Kangra,Kangra,Cabbage,Other,FAQ,19/05/2025,1000,1200,1100.0
Himachal Pradesh,Kangra,Kangra,Capsicum,Other,FAQ,19/05/2025,2500,3000,2700.0
Himachal Pradesh,Kangra,Kangra,Garlic,Average,FAQ,19/05/2025,8000,9000,8500.0
Himachal Pradesh,Kangra,Kangra,Ginger(Green),Other,FAQ,19/05/2025,5500,6000,5700.0
Himachal Pradesh,Kangra,Kangra,Guava,Other,Medium,19/05/2025,10000,11000,10000.0
Himachal Pradesh,Kangra,Kangra,Mousambi(Sweet Lime),Other,Medium,19/05/2025,5000,6000,5500.0
Himachal Pradesh,Kangra,Kangra,Pineapple,Other,Medium,19/05/2025,4000,5000,4500.0
Himachal Pradesh,Kangra,Kangra,Potato,Other,FAQ,01/02/2025,1200,1600,1400.0
Himachal Pradesh,Kangra,Kangra,Pumpkin,Other,FAQ,19/05/2025,1000,1500,1200.0
Himachal Pradesh,Kangra,Kangra,Raddish,Other,FAQ,19/05/2025,4000,5000,4500.0
Himachal Pradesh,Kangra,Kangra(Baijnath),Green Chilli,Green Chilly,FAQ,19/05/2025,3000,3500,3300.0
Himachal Pradesh,Kangra,Kangra(Baijnath),Mango,Dusheri,Medium,19/05/2025,7000,7500,7200.0
Himachal Pradesh,Kangra,Kangra(Baijnath),Papaya,Other,Medium,19/05/2025,3500,3700,3600.0
Himachal Pradesh,Kangra,Kangra(Baijnath),Pomegranate,Other,Medium,19/05/2025,11500,13000,12300.0
Himachal Pradesh,Kangra,Kangra(Baijnath),Spinach,Other,FAQ,19/05/2025,2500,3000,2700.0
Himachal Pradesh,Kangra,Kangra(Jaisinghpur),Brinjal,Brinjal,FAQ,19/05/2025,2000,2200,2100.0
Himachal Pradesh,Kangra,Kangra(Jaisinghpur),Cauliflower,Cauliflower,FAQ,19/05/2025,4800,5200,5000.0
Himachal Pradesh,Kangra,Kangra(Jaisinghpur),Coriander(Leaves),Coriander,FAQ,19/05/2025,4000,4200,4100.0
Himachal Pradesh,Kangra,Kangra(Jaisinghpur),Ginger(Green),Green Ginger,FAQ,19/05/2025,6500,7500,7000.0
Himachal Pradesh,Kangra,Kangra(Jaisinghpur),Lemon,Lemon,FAQ,19/05/2025,8500,9500,9000.0
Himachal Pradesh,Kangra,Kangra(Jaisinghpur),Onion,1st Sort,FAQ,19/05/2025,1800,1900,1850.0
Himachal Pradesh,Kangra,Kangra(Jaisinghpur),Papaya,Other,Medium,19/05/2025,4200,4600,4400.0
Himachal Pradesh,Kangra,Kangra(Jaisinghpur),Tomato,Tomato,FAQ,19/05/2025,1500,1800,1700.0
Himachal Pradesh,Kangra,Kangra(Nagrota Bagwan),Banana,Amruthapani,Medium,19/05/2025,4000,4500,4200.0
Himachal Pradesh,Kangra,Kangra(Nagrota Bagwan),Bitter gourd,Bitter Gourd,FAQ,19/05/2025,1800,2500,2000.0
Himachal Pradesh,Kangra,Kangra(Nagrota Bagwan),Bottle gourd,Bottle Gourd,FAQ,19/05/2025,1000,1500,1200.0
Himachal Pradesh,Kangra,Kangra(Nagrota Bagwan),Carrot,Carrot,FAQ,19/05/2025,1600,2000,1800.0
Himachal Pradesh,Kangra,Kangra(Nagrota Bagwan),Ginger(Green),Green Ginger,FAQ,19/05/2025,5500,6000,5700.0
Himachal Pradesh,Kangra,Kangra(Nagrota Bagwan),Guava,Guava,Medium,19/05/2025,9000,10000,9500.0
Himachal Pradesh,Kangra,Kangra(Nagrota Bagwan),Mango,Other,Medium,19/05/2025,4500,7500,5500.0
Himachal Pradesh,Kangra,Kangra(Nagrota Bagwan),Papaya,Other,Medium,19/05/2025,3000,3500,3200.0
Himachal Pradesh,Kangra,Kangra(Nagrota Bagwan),Potato,Other,FAQ,02/02/2025,1000,1500,1200.0
Himachal Pradesh,Kangra,Palampur,Apple,Apple,Medium,19/05/2025,14000,16000,15500.0
Himachal Pradesh,Kangra,Palampur,Beetroot,Beetroot,FAQ,19/05/2025,3500,4000,3800.0
Himachal Pradesh,Kangra,Palampur,Bitter gourd,Other,FAQ,19/05/2025,3000,3200,3100.0
Himachal Pradesh,Kangra,Palampur,Bottle gourd,Bottle Gourd,FAQ,19/05/2025,1700,1800,1750.0
Himachal Pradesh,Kangra,Palampur,Cucumbar(Kheera),Other,FAQ,19/05/2025,1400,1500,1450.0
Himachal Pradesh,Kangra,Palampur,Green Chilli,Green Chilly,FAQ,19/05/2025,2800,3000,2900.0
Himachal Pradesh,Kangra,Palampur,Mango,Safeda,Medium,19/05/2025,6500,7000,6800.0
Himachal Pradesh,Kangra,Palampur,Mango,Totapuri,Medium,19/05/2025,5000,6000,5800.0
Himachal Pradesh,Kangra,Palampur,Pineapple,Other,Medium,19/05/2025,4500,5000,4800.0
Himachal Pradesh,Kangra,Palampur,Tinda,Tinda,FAQ,19/05/2025,2700,3000,2800.0
Himachal Pradesh,Kangra,Palampur,Water Melon,Other,Medium,19/05/2025,1400,1500,1450.0
Himachal Pradesh,Kullu,Kullu(Chauri Bihal),Cherry,Other,Medium,19/05/2025,4000,8500,7000.0
Himachal Pradesh,Kullu,Kullu(Chauri Bihal),Peas Wet,Other,FAQ,19/05/2025,4000,6000,5000.0
Himachal Pradesh,Solan,Solan(Nalagarh),Bitter gourd,Other,FAQ,19/05/2025,2500,3000,2800.0
Himachal Pradesh,Solan,Solan(Nalagarh),Cucumbar(Kheera),Other,FAQ,19/05/2025,1300,1600,1500.0
Himachal Pradesh,Solan,Solan(Nalagarh),Green Chilli,Other,FAQ,19/05/2025,2200,2600,2400.0
Himachal Pradesh,Solan,Solan(Nalagarh),Karbuja(Musk Melon),Karbhuja,Medium,19/05/2025,1400,1800,1600.0
Himachal Pradesh,Solan,Solan(Nalagarh),Onion,Other,FAQ,19/05/2025,1400,1800,1600.0
Himachal Pradesh,Solan,Solan(Nalagarh),Potato,Other,FAQ,03/02/2025,1100,1300,1200.0
Jammu and Kashmir,Kathua,Kathua,Coriander(Leaves),Coriander,FAQ,19/05/2025,2000,2500,2250.0
Jammu and Kashmir,Kathua,Kathua,Green Chilli,Other,FAQ,19/05/2025,1800,2000,1900.0
Jammu and Kashmir,Kathua,Kathua,Indian Beans (Seam),Other,FAQ,19/05/2025,8000,9000,8500.0
Jammu and Kashmir,Kathua,Kathua,Karbuja(Musk Melon),Other,Medium,19/05/2025,1000,1200,1100.0
Jammu and Kashmir,Kathua,Kathua,Lemon,Other,FAQ,19/05/2025,8000,9000,8500.0
Jammu and Kashmir,Kathua,Kathua,Mango,Totapuri,Medium,19/05/2025,4000,4500,4250.0
Jammu and Kashmir,Kathua,Kathua,Raddish,Other,FAQ,19/05/2025,1500,2000,1750.0
Jammu and Kashmir,Rajouri,Rajouri (F&V),Banana,Other,Medium,19/05/2025,6000,6200,6100.0
Jammu and Kashmir,Rajouri,Rajouri (F&V),Bottle gourd,Other,FAQ,19/05/2025,1500,1700,1600.0
Jammu and Kashmir,Rajouri,Rajouri (F&V),Brinjal,Other,FAQ,19/05/2025,2500,2700,2600.0
Jammu and Kashmir,Rajouri,Rajouri (F&V),Mousambi(Sweet Lime),Mousambi,Medium,19/05/2025,3500,3700,3600.0
Kerala,Alappuzha,Chengannur,Bottle gourd,Other,FAQ,19/05/2025,1400,1700,1500.0
Kerala,Alappuzha,Chengannur,Capsicum,Other,FAQ,19/05/2025,0,0,7000.0
Kerala,Alappuzha,Chengannur,Cowpea(Veg),Cowpea (Veg),FAQ,19/05/2025,3400,3700,3500.0
Kerala,Alappuzha,Chengannur,Snakeguard,Other,FAQ,19/05/2025,2900,3200,3000.0
Kerala,Alappuzha,Cherthala,Bitter gourd,Other,FAQ,19/05/2025,4800,5000,4900.0
Kerala,Alappuzha,Cherthala,Cauliflower,Cauliflower,FAQ,19/05/2025,3500,3700,3600.0
Kerala,Alappuzha,Cherthala,Cucumbar(Kheera),Cucumbar,FAQ,19/05/2025,2500,2700,2600.0
Kerala,Alappuzha,Cherthala,Long Melon(Kakri),Other,FAQ,19/05/2025,5000,5200,5100.0
Kerala,Alappuzha,Cherthala,Onion,Big,FAQ,19/05/2025,2500,2700,2600.0
Kerala,Alappuzha,Harippad,Capsicum,Other,FAQ,19/05/2025,7000,7600,7000.0
Kerala,Alappuzha,Harippad,Ginger(Green),Other,FAQ,19/05/2025,5000,5500,5000.0
Kerala,Alappuzha,Mannar,Amphophalus,Other,FAQ,19/05/2025,2000,2200,2100.0
Kerala,Alappuzha,Mannar,Bhindi(Ladies Finger),Other,FAQ,19/05/2025,3100,3300,3200.0
Kerala,Alappuzha,Mannar,Cabbage,Other,FAQ,19/05/2025,3000,3200,3100.0
Kerala,Alappuzha,Mannar,Cucumbar(Kheera),Cucumbar,FAQ,19/05/2025,2000,2200,2100.0
Kerala,Alappuzha,Mannar,Ginger(Green),Other,FAQ,19/05/2025,7000,7200,7100.0
Kerala,Alappuzha,Mannar,Onion,Big,FAQ,19/05/2025,2200,2400,2300.0
Kerala,Alappuzha,Mannar,Potato,Other,FAQ,04/02/2025,3500,3700,3600.0
Kerala,Alappuzha,Mannar,Tomato,Other,FAQ,19/05/2025,3500,3800,3600.0
Kerala,Ernakulam,Angamaly,Amaranthus,Amaranthus,FAQ,19/05/2025,2500,3500,3000.0
Kerala,Ernakulam,Angamaly,Green Chilli,Green Chilly,FAQ,19/05/2025,3200,7000,5000.0
Kerala,Ernakulam,Angamaly,Pineapple,Pine Apple,Large,19/05/2025,3600,6000,5000.0
Kerala,Ernakulam,Angamaly,Potato,Potato,FAQ,05/02/2025,3400,4000,3800.0
Kerala,Ernakulam,Ernakulam,Banana,Nendra Bale,Large,19/05/2025,5100,5300,5200.0
Kerala,Ernakulam,Ernakulam,Tomato,Tomato,FAQ,19/05/2025,2600,2800,2700.0
Kerala,Ernakulam,Kunnukara  VFPCK,Banana,Nendra Bale,Large,19/05/2025,4300,4500,4400.0
Kerala,Ernakulam,Malayattoor  VFPCK,Banana,Palayamthodan,Large,19/05/2025,0,0,2900.0
Kerala,Ernakulam,Malayattoor  VFPCK,Banana,Poovan,Large,19/05/2025,0,0,5000.0
Kerala,Ernakulam,North Paravur,Banana - Green,Banana - Green,FAQ,19/05/2025,5500,6500,6000.0
Kerala,Ernakulam,North Paravur,Capsicum,Capsicum,FAQ,19/05/2025,5000,6000,5500.0
Kerala,Ernakulam,North Paravur,Cauliflower,African Sarson,FAQ,19/05/2025,3500,4000,3800.0
Kerala,Ernakulam,North Paravur,Cowpea(Veg),Cowpea (Veg),FAQ,19/05/2025,2000,3000,2500.0
Kerala,Ernakulam,North Paravur,Ridgeguard(Tori),Other,FAQ,19/05/2025,4500,5500,5000.0
Kerala,Ernakulam,Perumbavoor,Black pepper,Garbled,FAQ,19/05/2025,67000,68000,67500.0
Kerala,Ernakulam,Perumbavoor,Bottle gourd,Bottle Gourd,FAQ,19/05/2025,1400,2400,1800.0
Kerala,Ernakulam,Perumbavoor,Cabbage,Cabbage,FAQ,19/05/2025,1800,2800,2300.0
Kerala,Ernakulam,Perumbavoor,Cauliflower,Cauliflower,FAQ,19/05/2025,2500,3500,3000.0
Kerala,Ernakulam,Perumbavoor,Coconut Seed,Coconut Seed,FAQ,19/05/2025,6000,7000,6500.0
Kerala,Ernakulam,Perumbavoor,Field Pea,Field Pea,FAQ,19/05/2025,2000,3000,2500.0
Kerala,Ernakulam,Perumbavoor,Ginger(Dry),Dry,FAQ,19/05/2025,30000,31000,30500.0
Kerala,Ernakulam,Perumbavoor,Little gourd (Kundru),Other,FAQ,19/05/2025,2000,3000,2500.0
Kerala,Ernakulam,Perumbavoor,Mango (Raw-Ripe),Mango - Raw-Ripe,FAQ,19/05/2025,2000,3000,2500.0
Kerala,Ernakulam,Thrippunithura,Banana - Green,Banana - Green,FAQ,19/05/2025,5000,7000,5200.0
Kerala,Ernakulam,Thrippunithura,Cluster beans,Cluster Beans,FAQ,19/05/2025,4500,6000,4800.0
Kerala,Ernakulam,Thrippunithura,Pumpkin,Pumpkin,FAQ,19/05/2025,2200,4000,2400.0
Kerala,Ernakulam,Thrippunithura,Snakeguard,Snakeguard,FAQ,19/05/2025,4300,5000,4500.0
Kerala,Ernakulam,Thrippunithura,Tomato,Tomato,FAQ,19/05/2025,3500,4000,3700.0
Kerala,Idukki,Munnar,Papaya,Other,Medium,19/05/2025,3500,4000,4000.0
Kerala,Idukki,Munnar,Potato,Other,FAQ,06/02/2025,4000,6000,5000.0
Kerala,Idukki,Munnar,Pumpkin,Other,FAQ,19/05/2025,2000,3500,3000.0
Kerala,Idukki,Munnar,Tomato,Other,FAQ,19/05/2025,2500,3000,3000.0
Kerala,Kannur,Kannur,Bhindi(Ladies Finger),Bhindi,FAQ,19/05/2025,3200,3400,3300.0
Kerala,Kannur,Thalasserry,Carrot,Carrot,FAQ,19/05/2025,3400,3600,3500.0
Kerala,Kannur,Thalasserry,Onion,1st Sort,FAQ,19/05/2025,1800,2100,2000.0
Kerala,Kottayam,Ettumanoor,Onion,Big,FAQ,19/05/2025,2100,2300,2200.0
Kerala,Kottayam,Ettumanoor,Potato,Potato,FAQ,07/02/2025,3200,3400,3300.0
Kerala,Kottayam,Ettumanoor,Snakeguard,Snakeguard,FAQ,19/05/2025,3700,4000,3800.0
Kerala,Kottayam,Pampady,Banana - Green,Banana - Green,FAQ,19/05/2025,6000,7000,6500.0
Kerala,Kottayam,Pampady,Bhindi(Ladies Finger),Bhindi,FAQ,19/05/2025,3300,4500,4000.0
Kerala,Kottayam,Pampady,Cauliflower,Other,FAQ,19/05/2025,4000,5000,4500.0
Kerala,Kottayam,Pampady,Cowpea(Veg),Other,FAQ,19/05/2025,4500,5500,5000.0
Kerala,Kottayam,Pampady,Cucumbar(Kheera),Other,FAQ,19/05/2025,1500,2500,2000.0
Kerala,Kottayam,Pampady,Potato,Other,FAQ,08/02/2025,3300,4500,4000.0
Kerala,Kottayam,Pampady,Tomato,Other,FAQ,19/05/2025,2800,4000,3000.0
Kerala,Kozhikode(Calicut),Mukkom,Amaranthus,Amaranthus,FAQ,19/05/2025,2400,2800,2600.0
Kerala,Kozhikode(Calicut),Mukkom,Banana - Green,Banana - Green,FAQ,19/05/2025,3500,4200,4000.0
Kerala,Kozhikode(Calicut),Mukkom,Bitter gourd,Bitter Gourd,FAQ,19/05/2025,7000,7400,7200.0
Kerala,Kozhikode(Calicut),Mukkom,Bottle gourd,Bottle Gourd,FAQ,19/05/2025,2400,2600,2500.0
Kerala,Kozhikode(Calicut),Mukkom,Brinjal,Brinjal,FAQ,19/05/2025,3000,3600,3400.0
Kerala,Kozhikode(Calicut),Mukkom,Tomato,Tomato,FAQ,19/05/2025,1800,2100,2000.0
Kerala,Kozhikode(Calicut),Palayam,Amphophalus,Other,FAQ,19/05/2025,6000,6000,6000.0
Kerala,Kozhikode(Calicut),Palayam,Coconut Seed,Other,FAQ,19/05/2025,6800,6800,6800.0
Kerala,Kozhikode(Calicut),Palayam,French Beans (Frasbean),Other,FAQ,19/05/2025,6500,6500,6500.0
Kerala,Kozhikode(Calicut),Palayam,Onion,Other,FAQ,19/05/2025,1700,1700,1700.0
Kerala,Kozhikode(Calicut),Perambra,Amphophalus,Amphophalus,FAQ,19/05/2025,7200,8000,7500.0
Kerala,Kozhikode(Calicut),Perambra,Beetroot,Other,FAQ,19/05/2025,4500,5500,5000.0
Kerala,Kozhikode(Calicut),Perambra,Potato,Other,FAQ,09/02/2025,2500,2800,2700.0
Kerala,Kozhikode(Calicut),Quilandy,Amphophalus,Other,FAQ,19/05/2025,6300,6500,6400.0
Kerala,Kozhikode(Calicut),Quilandy,Banana - Green,Other,FAQ,19/05/2025,4400,4500,4500.0
Kerala,Kozhikode(Calicut),Quilandy,Green Chilli,Other,FAQ,19/05/2025,4200,4500,4400.0
Kerala,Kozhikode(Calicut),Quilandy,Onion,Other,FAQ,19/05/2025,2100,2200,2100.0
Kerala,Kozhikode(Calicut),Vengeri(Kozhikode),Cucumbar(Kheera),Cucumbar,FAQ,19/05/2025,2600,2900,2900.0
Kerala,Kozhikode(Calicut),Vengeri(Kozhikode),Pumpkin,Pumpkin,FAQ,19/05/2025,900,1200,1200.0
Kerala,Malappuram,Kottakkal,Banana,Nendra Bale,Large,19/05/2025,5600,5800,5700.0
Kerala,Malappuram,Kottakkal,Beans,Other,FAQ,19/05/2025,8800,9000,8900.0
Kerala,Malappuram,Kottakkal,Brinjal,Other,FAQ,19/05/2025,1800,2000,1900.0
Kerala,Malappuram,Kottakkal,Capsicum,Other,FAQ,19/05/2025,4400,4600,4500.0
Kerala,Malappuram,Kottakkal,Drumstick,Other,FAQ,19/05/2025,7300,7500,7400.0
Kerala,Malappuram,Kottakkal,Guava,Banarasi,Large,19/05/2025,5600,5800,5700.0
Kerala,Malappuram,Kottakkal,Water Melon,Other,Large,19/05/2025,1200,1400,1300.0
Kerala,Malappuram,Perinthalmanna,Banana,Other,Large,19/05/2025,5500,6400,6000.0
Kerala,Malappuram,Perinthalmanna,Cauliflower,Cauliflower,FAQ,19/05/2025,2500,3000,2800.0
Kerala,Malappuram,Perinthalmanna,Green Chilli,Green Chilly,FAQ,19/05/2025,3500,4500,4000.0
Kerala,Palakad,Koduvayoor,Beetroot,Other,FAQ,19/05/2025,3500,3900,3700.0
Kerala,Palakad,Koduvayoor,Brinjal,Other,FAQ,19/05/2025,2400,2800,2600.0
Kerala,Palakad,Koduvayoor,Cluster beans,Other,FAQ,19/05/2025,2800,3200,3000.0
Kerala,Palakad,Koduvayoor,French Beans (Frasbean),Other,FAQ,19/05/2025,8500,8900,8700.0
Kerala,Palakad,Koduvayoor,Green Avare (W),Other,FAQ,19/05/2025,6800,7200,7000.0
Kerala,Palakad,Koduvayoor,Lime,Other,Medium,19/05/2025,9000,9400,9200.0
Kerala,Palakad,Koduvayoor,Mango,Other,Medium,19/05/2025,1000,1800,1400.0
Kerala,Palakad,Koduvayoor,Snakeguard,Other,FAQ,19/05/2025,2600,3000,2800.0
Kerala,Palakad,Koduvayoor,Tomato,Other,FAQ,19/05/2025,2000,2400,2200.0
Kerala,Thirssur,Irinjalakkuda,Ashgourd,Other,FAQ,19/05/2025,2000,2000,2000.0
Kerala,Thirssur,Irinjalakkuda,Banana,Other,Large,19/05/2025,5500,5500,5500.0
Kerala,Thirssur,Thrissur,Amaranthus,Amaranthus,FAQ,19/05/2025,1800,1800,1800.0
Kerala,Thirssur,Thrissur,Elephant Yam (Suran),Other,FAQ,19/05/2025,5100,5100,5100.0
Kerala,Thirssur,Thrissur,Lemon,Other,FAQ,19/05/2025,10000,10000,10000.0
Kerala,Thirssur,Thrissur,Mango (Raw-Ripe),Mango - Raw-Ripe,FAQ,19/05/2025,3500,3500,3500.0
Kerala,Thirssur,Thrissur,Onion,Onion,FAQ,19/05/2025,2000,2000,2000.0
Kerala,Thirssur,Thrissur,Tomato,Tomato,FAQ,19/05/2025,1500,1500,1500.0
Kerala,Thiruvananthapuram,Parassala,Bhindi(Ladies Finger),Other,FAQ,19/05/2025,2800,3000,2800.0
Kerala,Thiruvananthapuram,Parassala,Drumstick,Drumstick,FAQ,19/05/2025,5800,6000,5800.0
Kerala,Thiruvananthapuram,Parassala,Tomato,Tomato,FAQ,19/05/2025,2800,3000,2800.0
Nagaland,Kohima,Kohima,Cabbage,Cabbage,FAQ,19/05/2025,4000,4200,4100.0
Nagaland,Kohima,Kohima,Potato,Potato,FAQ,10/02/2025,4000,4200,4100.0
Odisha,Balasore,Jaleswar,Garlic,Other,FAQ,19/05/2025,5800,6200,6000.0
Odisha,Balasore,Jaleswar,Pointed gourd (Parval),Other,FAQ,19/05/2025,2000,2400,2200.0
Odisha,Balasore,Nilagiri,Pumpkin,Other,FAQ,19/05/2025,700,800,750.0
Odisha,Balasore,Nilagiri,Water Melon,Other,Medium,19/05/2025,1400,1500,1450.0
Odisha,Bargarh,Attabira,Bhindi(Ladies Finger),Bhindi,FAQ,19/05/2025,3500,4000,3500.0
Odisha,Bargarh,Attabira,Bitter gourd,Bitter Gourd,FAQ,19/05/2025,3500,4000,3500.0
Odisha,Bargarh,Attabira,Green Chilli,Other,FAQ,19/05/2025,5000,6000,5500.0
Odisha,Bargarh,Attabira,Little gourd (Kundru),Other,FAQ,19/05/2025,2500,3000,2500.0
Odisha,Bargarh,Attabira,Pumpkin,Other,FAQ,19/05/2025,1200,1300,1200.0
Odisha,Bargarh,Godabhaga,Paddy(Dhan)(Common),Other,FAQ,19/05/2025,2300,2320,2300.0
Odisha,Boudh,Boudh,Banana - Green,Banana - Green,FAQ,19/05/2025,3500,4200,4000.0
Odisha,Boudh,Boudh,Tomato,Other,FAQ,19/05/2025,1800,2200,2000.0
Odisha,Boudh,Khunthabandha,Cauliflower,Other,FAQ,19/05/2025,2000,2800,2500.0
Odisha,Boudh,Khunthabandha,Tomato,Other,FAQ,19/05/2025,1200,1800,1500.0
Odisha,Dhenkanal,Hindol,Bhindi(Ladies Finger),Bhindi,FAQ,19/05/2025,2000,2500,2200.0
Odisha,Dhenkanal,Hindol,Onion,Other,Non-FAQ,19/05/2025,1500,2000,1800.0
Odisha,Dhenkanal,Kamakhyanagar,Onion,Onion,Non-FAQ,19/05/2025,1900,2100,2000.0
Odisha,Dhenkanal,Kamakhyanagar,Pumpkin,Pumpkin,FAQ,19/05/2025,1000,1200,1000.0
Odisha,Ganjam,Bhanjanagar,Banana - Green,Banana - Green,FAQ,19/05/2025,2200,2400,2300.0
Odisha,Ganjam,Bhanjanagar,Green Chilli,Green Chilly,FAQ,19/05/2025,3200,3400,3300.0
Odisha,Jagatsinghpur,Rahama,Brinjal,Other,FAQ,19/05/2025,3000,5000,4000.0
Odisha,Jagatsinghpur,Rahama,Fish,Other,FAQ,19/05/2025,12000,43000,18000.0
Odisha,Jagatsinghpur,Rahama,Pumpkin,Other,FAQ,19/05/2025,1500,3000,2000.0
Odisha,Jagatsinghpur,Rahama,Rice,Other,FAQ,19/05/2025,3200,6000,4000.0
Odisha,Mayurbhanja,Karanjia,Fish,Other,FAQ,19/05/2025,18000,19000,19000.0
Odisha,Mayurbhanja,Karanjia,Rice,Other,FAQ,19/05/2025,3400,3500,3500.0
Odisha,Nayagarh,Bahadajholla,Cauliflower,Other,FAQ,19/05/2025,2865,3000,2970.0
Odisha,Nayagarh,Bahadajholla,Cucumbar(Kheera),Cucumbar,FAQ,19/05/2025,3875,4000,4000.0
Odisha,Rayagada,Rayagada(Muniguda),Pumpkin,Other,FAQ,19/05/2025,2000,3000,2500.0
Odisha,Sundergarh,Panposh,Bitter gourd,Other,FAQ,19/05/2025,3500,4000,3800.0
Odisha,Sundergarh,Panposh,Bottle gourd,Other,FAQ,19/05/2025,2000,2400,2200.0
Odisha,Sundergarh,Panposh,Cucumbar(Kheera),Other,FAQ,19/05/2025,3000,3800,3400.0
Odisha,Sundergarh,Panposh,Green Chilli,Other,FAQ,19/05/2025,4000,5000,4500.0
Odisha,Sundergarh,Sargipali,Bitter gourd,Bitter Gourd,FAQ,19/05/2025,3000,3500,3200.0
Odisha,Sundergarh,Sargipali,Cucumbar(Kheera),Other,FAQ,19/05/2025,1800,2200,2000.0
Odisha,Sundergarh,Sargipali,Green Chilli,Other,FAQ,19/05/2025,4800,5200,5000.0
Punjab,Amritsar,Rayya,Brinjal,Brinjal,FAQ,19/05/2025,900,900,900.0
Punjab,Amritsar,Rayya,Onion,Red,FAQ,19/05/2025,2000,2000,2000.0
Punjab,Fazilka,Fazilka,Green Chilli,Other,FAQ,19/05/2025,1500,2500,2000.0
Punjab,Fazilka,Fazilka,Onion,Other,FAQ,19/05/2025,1000,1800,1500.0
Punjab,Gurdaspur,Kalanaur,Bhindi(Ladies Finger),Other,FAQ,19/05/2025,5000,5000,5000.0
Punjab,Gurdaspur,Kalanaur,Capsicum,Capsicum,FAQ,19/05/2025,5000,5000,5000.0
Punjab,Hoshiarpur,Garh Shankar,Apple,Other,Medium,19/05/2025,8000,9000,8500.0
Punjab,Hoshiarpur,Garh Shankar,Lemon,Other,FAQ,19/05/2025,4500,6000,5000.0
Punjab,Hoshiarpur,Garh Shankar,Onion,Other,Non-FAQ,19/05/2025,900,1100,1000.0
Punjab,Hoshiarpur,Garh Shankar,Pomegranate,Other,Medium,19/05/2025,4500,6000,5500.0
Punjab,Hoshiarpur,Mukerian(Talwara),Potato,Potato,FAQ,11/02/2025,800,1200,1000.0
Punjab,Hoshiarpur,Tanda Urmur,Cabbage,Other,FAQ,19/05/2025,1000,1500,1200.0
Punjab,Hoshiarpur,Tanda Urmur,Garlic,Other,FAQ,19/05/2025,8000,10000,9000.0
Punjab,Hoshiarpur,Tanda Urmur,Tinda,Other,FAQ,19/05/2025,2500,3000,2800.0
Punjab,Jalandhar,Nakodar,Bitter gourd,Other,FAQ,19/05/2025,1800,2200,2000.0
Punjab,Ludhiana,Doraha,Onion,Other,Non-FAQ,19/05/2025,1000,1800,1500.0
Punjab,Ludhiana,Khanna,Cauliflower,Other,FAQ,19/05/2025,2000,3000,2500.0
Punjab,Ludhiana,Khanna,Garlic,Other,FAQ,19/05/2025,3500,8000,5000.0
Punjab,Ludhiana,Khanna,Ginger(Green),Other,FAQ,19/05/2025,2000,4000,3000.0
Punjab,Ludhiana,Khanna,Onion,Other,FAQ,19/05/2025,800,1800,1200.0
Punjab,Ludhiana,Sahnewal,Cucumbar(Kheera),Cucumbar,FAQ,19/05/2025,800,1000,1000.0
Punjab,Moga,Kot ise Khan,Cucumbar(Kheera),Other,FAQ,19/05/2025,500,700,600.0
Punjab,Moga,Kot ise Khan,Potato,Other,FAQ,12/02/2025,1000,1200,1100.0
Punjab,Moga,Kot ise Khan,Water Melon,Other,Medium,19/05/2025,800,1000,900.0
Punjab,Moga,Nihal Singh Wala,Cucumbar(Kheera),Other,FAQ,19/05/2025,500,1500,1000.0
Punjab,Moga,Nihal Singh Wala,Papaya,Other,Large,19/05/2025,2800,3200,3000.0
Punjab,Moga,Nihal Singh Wala,Potato,Other,FAQ,13/02/2025,1000,1400,1200.0
Punjab,Nawanshahr,Nawan Shahar(Subzi Mandi),Bitter gourd,Other,FAQ,19/05/2025,1500,1800,1700.0
Punjab,Nawanshahr,Nawan Shahar(Subzi Mandi),Brinjal,Other,FAQ,19/05/2025,1500,1600,1530.0
Punjab,Nawanshahr,Nawan Shahar(Subzi Mandi),Cauliflower,Other,FAQ,19/05/2025,3500,4000,3700.0
Punjab,Nawanshahr,Nawan Shahar(Subzi Mandi),Coriander(Leaves),Other,FAQ,19/05/2025,3500,4000,3800.0
Punjab,Nawanshahr,Nawan Shahar(Subzi Mandi),Cucumbar(Kheera),Cucumbar,FAQ,19/05/2025,1600,1900,1700.0
Punjab,Nawanshahr,Nawan Shahar(Subzi Mandi),Peach,Other,Medium,19/05/2025,3700,4000,3800.0
Punjab,Pathankot,Pathankot,Capsicum,Capsicum,FAQ,19/05/2025,1600,1800,1800.0
Punjab,Pathankot,Pathankot,Cucumbar(Kheera),Cucumbar,FAQ,19/05/2025,600,800,800.0
Punjab,Pathankot,Pathankot,Grapes,Black,Medium,19/05/2025,7500,8000,8000.0
Punjab,Pathankot,Pathankot,Karbuja(Musk Melon),Other,Medium,19/05/2025,2000,2200,2200.0
Punjab,Pathankot,Pathankot,Lemon,Lemon,FAQ,19/05/2025,6800,7000,7000.0
Punjab,Pathankot,Pathankot,Mousambi(Sweet Lime),Mousambi,Medium,19/05/2025,5500,6000,6000.0
Punjab,Ropar (Rupnagar),Morinda,Banana,Medium,Medium,19/05/2025,2500,3000,2800.0
Punjab,Ropar (Rupnagar),Morinda,Bitter gourd,Bitter Gourd,FAQ,19/05/2025,2000,2500,2300.0
Punjab,Ropar (Rupnagar),Morinda,Ginger(Green),Green Ginger,FAQ,19/05/2025,5000,6000,5500.0
Punjab,Ropar (Rupnagar),Morinda,Karbuja(Musk Melon),Karbhuja,Medium,19/05/2025,1000,1000,1000.0
Punjab,Ropar (Rupnagar),Morinda,Mango,Dusheri,Medium,19/05/2025,8000,8000,8000.0
Punjab,Ropar (Rupnagar),Morinda,Pomegranate,Pomogranate,Medium,19/05/2025,10000,10000,10000.0
Punjab,Ropar (Rupnagar),Morinda,Potato,Potato,FAQ,14/02/2025,700,900,800.0
Punjab,Ropar (Rupnagar),Morinda,Pumpkin,Pumpkin,FAQ,19/05/2025,800,900,850.0
Punjab,Sangrur,Ahmedgarh,Cucumbar(Kheera),Other,FAQ,19/05/2025,1000,1200,1200.0
Punjab,Sangrur,Ahmedgarh,Squash(Chappal Kadoo),Other,FAQ,19/05/2025,700,800,800.0
Punjab,Tarntaran,Patti,Banana,Other,Medium,19/05/2025,3000,3500,3200.0
Punjab,Tarntaran,Patti,Bhindi(Ladies Finger),Other,FAQ,19/05/2025,1200,1600,1400.0
Punjab,Tarntaran,Patti,Brinjal,Other,FAQ,19/05/2025,500,580,530.0
Punjab,Tarntaran,Patti,Cucumbar(Kheera),Other,FAQ,19/05/2025,400,500,450.0
Punjab,Tarntaran,Patti,Onion,Other,FAQ,19/05/2025,1200,1600,1400.0
Punjab,Tarntaran,Patti,Tinda,Other,FAQ,19/05/2025,1200,1600,1400.0
Punjab,Tarntaran,Patti,Tomato,Other,FAQ,19/05/2025,1200,1600,1400.0
Rajasthan,Beawar,Beawar,Kulthi(Horse Gram),Other,FAQ,19/05/2025,5300,5350,5325.0
Rajasthan,Chittorgarh,Kapasan,Wheat,Lokwan,FAQ,19/05/2025,2400,2800,2600.0
Rajasthan,Deeg,Sikri,Mustard,Big 100 Kg,Non-FAQ,19/05/2025,5780,6200,5990.0
Rajasthan,Ganganagar,Sriganganagar (F&V),Cauliflower,Other,FAQ,19/05/2025,700,900,800.0
Rajasthan,Ganganagar,Sriganganagar (F&V),Garlic,Garlic,FAQ,19/05/2025,8300,8700,8500.0
Rajasthan,Ganganagar,Sriganganagar (F&V),Lime,Other,Medium,19/05/2025,8800,9200,9000.0
Rajasthan,Ganganagar,Sriganganagar (F&V),Onion,Other,FAQ,19/05/2025,900,1300,1100.0
Rajasthan,Ganganagar,Sriganganagar (F&V),Sponge gourd,Sponge gourd,FAQ,19/05/2025,2000,2400,2200.0
Rajasthan,Ganganagar,Suratgarh,Guar,Other,FAQ,19/05/2025,4470,4470,4470.0
Rajasthan,Ganganagar,Suratgarh,Onion,1st Sort,FAQ,19/05/2025,650,800,700.0
Rajasthan,Ganganagar,Suratgarh,Wheat,Other,FAQ,19/05/2025,2485,2545,2532.0
Rajasthan,Jaipur,Jaipur (F&V),Bhindi(Ladies Finger),Other,FAQ,19/05/2025,1500,3000,2250.0
Rajasthan,Jaipur,Jaipur (F&V),Bottle gourd,Bottle Gourd,FAQ,19/05/2025,800,1000,900.0
Rajasthan,Jaipur,Jaipur (F&V),Cluster beans,Cluster Beans,FAQ,19/05/2025,3000,4000,3500.0
Rajasthan,Jaipur,Jaipur (F&V),Coriander(Leaves),Coriander,FAQ,19/05/2025,1000,1500,1250.0
Rajasthan,Jaipur,Jaipur (F&V),Cucumbar(Kheera),Cucumbar,FAQ,19/05/2025,1300,1400,1350.0
Rajasthan,Jaipur,Jaipur (F&V),Mango,Badami,Medium,19/05/2025,3000,5500,4250.0
Rajasthan,Jaipur,Jaipur (F&V),Mousambi(Sweet Lime),Other,Medium,19/05/2025,2700,4500,3600.0
Rajasthan,Jaipur,Jaipur (F&V),Onion,Other,FAQ,19/05/2025,700,1400,1050.0
Rajasthan,Jaipur,Jaipur (F&V),Papaya,Other,Medium,19/05/2025,2000,4000,3000.0
Rajasthan,Jaipur Rural,Bassi,Bajra(Pearl Millet/Cumbu),Other,Non-FAQ,19/05/2025,2210,2350,2280.0
Rajasthan,Jaipur Rural,Bassi,Potato,Other,Non-FAQ,15/02/2025,1800,2000,1900.0
Rajasthan,Jodhpur,Jodhpur (Grain),Cummin Seed(Jeera),Other,FAQ,19/05/2025,18800,21000,19900.0
Rajasthan,Jodhpur,Jodhpur (Grain),Dry Chillies,Other,FAQ,19/05/2025,12500,21000,16750.0
Rajasthan,Jodhpur,Jodhpur (Grain),Garlic,Average,FAQ,19/05/2025,5000,9000,7000.0
Rajasthan,Jodhpur,Jodhpur (Grain),Isabgul (Psyllium),Other,FAQ,19/05/2025,9900,11500,10700.0
Rajasthan,Kota,Kota,Black Gram (Urd Beans)(Whole),Other,FAQ,19/05/2025,4480,6805,6300.0
Rajasthan,Kota,Kota,Green Peas,Other,FAQ,19/05/2025,2851,3501,3500.0
Rajasthan,Kota,Kota,Maize,Other,FAQ,19/05/2025,2125,2232,2200.0
Telangana,Hyderabad,Mahboob Manison,Bottle gourd,Bottle Gourd,FAQ,19/05/2025,200,400,300.0
Telangana,Hyderabad,Mahboob Manison,Brinjal,Arkasheela Mattigulla,FAQ,19/05/2025,2500,2500,2500.0
Telangana,Hyderabad,Mahboob Manison,Onion,2nd Sort,FAQ,19/05/2025,1000,1300,1200.0
Telangana,Mahbubnagar,Gadwal(Lezza),Paddy(Dhan)(Common),Paddy,FAQ,19/05/2025,1800,2400,2300.0
Telangana,Ranga Reddy,Kukatpally(Rythu Bazar),Bottle gourd,Bottle Gourd,FAQ,19/05/2025,900,900,900.0
Telangana,Ranga Reddy,Kukatpally(Rythu Bazar),Drumstick,Drumstick,FAQ,19/05/2025,4000,4000,4000.0
Telangana,Ranga Reddy,Kukatpally(Rythu Bazar),French Beans (Frasbean),French Beans (Frasbean),FAQ,19/05/2025,8500,8500,8500.0
Telangana,Ranga Reddy,Kukatpally(Rythu Bazar),Onion,1st Sort,FAQ,19/05/2025,1700,1700,1700.0
Telangana,Ranga Reddy,Kukatpally(Rythu Bazar),Sweet Potato,Hosur Green,FAQ,19/05/2025,1800,1800,1800.0
Telangana,Ranga Reddy,Mehndipatnam(Rythu Bazar),Cucumbar(Kheera),Cucumbar,FAQ,19/05/2025,1800,1800,1800.0
Telangana,Ranga Reddy,Mehndipatnam(Rythu Bazar),Drumstick,Drumstick,FAQ,19/05/2025,500,500,500.0
Telangana,Ranga Reddy,Mehndipatnam(Rythu Bazar),French Beans (Frasbean),French Beans (Frasbean),FAQ,19/05/2025,8500,8500,8500.0
Telangana,Ranga Reddy,Mehndipatnam(Rythu Bazar),Green Chilli,Green Chilly,FAQ,19/05/2025,4000,4000,4000.0
Telangana,Ranga Reddy,Mehndipatnam(Rythu Bazar),Tomato,Deshi,Non-FAQ,19/05/2025,1300,1300,1300.0
Telangana,Warangal,Warangal,Capsicum,Capsicum,FAQ,19/05/2025,4000,4500,4250.0
Telangana,Warangal,Warangal,Cluster beans,Cluster Beans,FAQ,19/05/2025,2500,3000,2750.0
Tripura,Gomati,Nutanbazar,Green Chilli,Green Chilly,FAQ,19/05/2025,5850,6000,5950.0
Tripura,Gomati,Nutanbazar,Potato,Local,FAQ,16/02/2025,2350,2500,2450.0
Tripura,Khowai,Teliamura,Banana,Champa,Medium,19/05/2025,3300,3500,3400.0
Tripura,Khowai,Teliamura,Bitter gourd,Bitter Gourd,FAQ,19/05/2025,4700,5000,4800.0
Tripura,Khowai,Teliamura,Kartali (Kantola),Kartali (Kantola),FAQ,19/05/2025,4300,4500,4400.0
Tripura,Khowai,Teliamura,Rice,Masuri,FAQ,19/05/2025,3800,3950,3900.0
Tripura,Khowai,Teliamura,Tomato,Deshi,FAQ,19/05/2025,2700,2900,2800.0
Tripura,North Tripura,Dasda,Brinjal,Round/Long,FAQ,19/05/2025,2500,3000,2750.0
Tripura,South District,Barpathari,Kartali (Kantola),Kartali (Kantola),FAQ,19/05/2025,5900,6100,6000.0
Uttar Pradesh,Agra,Achnera,Onion,Red,FAQ,19/05/2025,1160,1240,1200.0
Uttar Pradesh,Agra,Achnera,Potato,Desi,FAQ,17/02/2025,1080,1280,1180.0
Uttar Pradesh,Agra,Fatehabad,Bajra(Pearl Millet/Cumbu),Deshi,FAQ,19/05/2025,2000,2200,2200.0
Uttar Pradesh,Agra,Fatehabad,Onion,Red,FAQ,19/05/2025,900,1200,1200.0
Uttar Pradesh,Aligarh,Charra,Pumpkin,Pumpkin,FAQ,19/05/2025,600,700,650.0
Uttar Pradesh,Aligarh,Charra,Tomato,Deshi,FAQ,19/05/2025,1000,1200,1100.0
Uttar Pradesh,Amroha,Amroha,Brinjal,Round/Long,FAQ,19/05/2025,1150,1280,1210.0
Uttar Pradesh,Amroha,Amroha,Garlic,Garlic,FAQ,19/05/2025,5900,6000,5950.0
Uttar Pradesh,Amroha,Amroha,Gur(Jaggery),Yellow,FAQ,19/05/2025,3950,4070,4020.0
Uttar Pradesh,Badaun,Badayoun,Bitter gourd,Bitter Gourd,FAQ,19/05/2025,1740,1860,1800.0
Uttar Pradesh,Badaun,Badayoun,Bottle gourd,Bottle Gourd,FAQ,19/05/2025,980,1090,1030.0
Uttar Pradesh,Badaun,Badayoun,Brinjal,Brinjal,FAQ,19/05/2025,1300,1410,1355.0
Uttar Pradesh,Badaun,Badayoun,Garlic,Garlic,FAQ,19/05/2025,6380,6520,6460.0
Uttar Pradesh,Badaun,Badayoun,Green Chilli,Green Chilly,FAQ,19/05/2025,1960,2080,2025.0
Uttar Pradesh,Badaun,Badayoun,Karbuja(Musk Melon),Karbhuja,Medium,19/05/2025,1670,1800,1730.0
Uttar Pradesh,Badaun,Badayoun,Lemon,Lemon,FAQ,19/05/2025,7200,7500,7290.0
Uttar Pradesh,Badaun,Badayoun,Papaya,Papaya,Medium,19/05/2025,2750,2870,2800.0
Uttar Pradesh,Badaun,Badayoun,Wheat,Dara,FAQ,19/05/2025,2425,2525,2500.0
Uttar Pradesh,Badaun,Ujhani,Bottle gourd,Bottle Gourd,FAQ,19/05/2025,1100,1200,1145.0
Uttar Pradesh,Badaun,Ujhani,Garlic,Garlic,FAQ,19/05/2025,6400,6450,6420.0
Uttar Pradesh,Badaun,Ujhani,Jack Fruit,Jack Fruit,Medium,19/05/2025,2150,2250,2200.0
Uttar Pradesh,Badaun,Ujhani,Lemon,Lemon,FAQ,19/05/2025,7230,7300,7260.0
Uttar Pradesh,Badaun,Visoli,Potato,Desi,FAQ,18/02/2025,750,750,750.0
Uttar Pradesh,Bahraich,Naanpara,Karbuja(Musk Melon),Karbhuja,Medium,19/05/2025,2000,2200,2100.0
Uttar Pradesh,Bahraich,Naanpara,Maize,Yellow,FAQ,19/05/2025,2200,2300,2250.0
Uttar Pradesh,Ballia,Rasda,Arhar Dal(Tur Dal),Arhar Dal(Tur),FAQ,19/05/2025,9950,10125,10000.0
Uttar Pradesh,Ballia,Rasda,Green Chilli,Green Chilly,FAQ,19/05/2025,2355,2480,2400.0
Uttar Pradesh,Ballia,Rasda,Green Gram (Moong)(Whole),Green (Whole),FAQ,19/05/2025,8650,8800,8725.0
Uttar Pradesh,Ballia,Rasda,Lentil (Masur)(Whole),Masoor Gola,FAQ,19/05/2025,6755,6900,6835.0
Uttar Pradesh,Balrampur,Balrampur,Banana - Green,Banana - Green,FAQ,19/05/2025,1650,1850,1740.0
Uttar Pradesh,Balrampur,Balrampur,Garlic,Garlic,FAQ,19/05/2025,5850,6080,5975.0
Uttar Pradesh,Balrampur,Balrampur,Ginger(Green),Green Ginger,FAQ,19/05/2025,3300,3500,3400.0
Uttar Pradesh,Balrampur,Balrampur,Ridgeguard(Tori),Ridgeguard(Tori),FAQ,19/05/2025,1400,1600,1500.0
Uttar Pradesh,Balrampur,Panchpedwa,Banana - Green,Banana - Green,FAQ,19/05/2025,1400,1800,1600.0
Uttar Pradesh,Balrampur,Tulsipur,Potato,Desi,FAQ,19/02/2025,1100,1150,1130.0
Uttar Pradesh,Balrampur,Tulsipur,Tomato,Deshi,FAQ,19/05/2025,1120,1170,1150.0
Uttar Pradesh,Bareilly,Anwala,Pumpkin,Pumpkin,FAQ,19/05/2025,600,800,700.0
Uttar Pradesh,Bijnor,Bijnaur,Onion,Red,FAQ,19/05/2025,1160,1250,1190.0
Uttar Pradesh,Bijnor,Kiratpur,Bottle gourd,Bottle Gourd,FAQ,19/05/2025,800,900,850.0
Uttar Pradesh,Bulandshahar,Gulavati,Lemon,Other,FAQ,19/05/2025,10100,10300,10200.0
Uttar Pradesh,Etah,Awagarh,Bhindi(Ladies Finger),Bhindi,FAQ,19/05/2025,1500,2000,1800.0
Uttar Pradesh,Etah,Awagarh,Brinjal,Round/Long,FAQ,19/05/2025,800,900,850.0
Uttar Pradesh,Etah,Awagarh,Cabbage,Cabbage,FAQ,19/05/2025,600,750,650.0
Uttar Pradesh,Etah,Awagarh,Cucumbar(Kheera),Cucumbar,FAQ,19/05/2025,1000,1250,1100.0
Uttar Pradesh,Etawah,Jasvantnagar,Onion,Red,FAQ,19/05/2025,1250,1350,1300.0
Uttar Pradesh,Firozabad,Sirsaganj,Tomato,Hybrid,FAQ,19/05/2025,1000,1200,1100.0
Uttar Pradesh,Hamirpur,Kurara,Peas(Dry),Peas(Dry),FAQ,19/05/2025,3300,3400,3350.0
Uttar Pradesh,Kaushambi,Manjhanpur,Onion,Red,FAQ,19/05/2025,1140,1320,1225.0
Uttar Pradesh,Khiri (Lakhimpur),Maigalganj,Bhindi(Ladies Finger),Other,FAQ,19/05/2025,1600,1680,1640.0
Uttar Pradesh,Khiri (Lakhimpur),Maigalganj,Bottle gourd,Bottle Gourd,FAQ,19/05/2025,1700,1780,1740.0
Uttar Pradesh,Khiri (Lakhimpur),Maigalganj,Cabbage,Cabbage,FAQ,19/05/2025,1800,1880,1840.0
Uttar Pradesh,Lalitpur,Mehrauni,Wheat,147 Average,Non-FAQ,19/05/2025,2450,2600,2500.0
Uttar Pradesh,Mau(Maunathbhanjan),Doharighat,Potato,Potato,FAQ,20/02/2025,1700,1800,1750.0
Uttar Pradesh,Mau(Maunathbhanjan),Doharighat,Rice,1009 Kar,FAQ,19/05/2025,3700,3800,3755.0
Uttar Pradesh,Mau(Maunathbhanjan),Kopaganj,Apple,Delicious,Medium,19/05/2025,7800,8000,7900.0
Uttar Pradesh,Mau(Maunathbhanjan),Kopaganj,Onion,Red,FAQ,19/05/2025,1200,1300,1250.0
Uttar Pradesh,Pillibhit,Pilibhit,Banana,Banana - Ripe,Medium,19/05/2025,2750,2840,2795.0
Uttar Pradesh,Pillibhit,Pilibhit,Onion,Red,FAQ,19/05/2025,1200,1300,1250.0
Uttar Pradesh,Pillibhit,Pilibhit,Onion,Red,Non-FAQ,19/05/2025,1100,1195,1145.0
Uttar Pradesh,Prayagraj,Jasra,Cucumbar(Kheera),Cucumbar,FAQ,19/05/2025,1050,1175,1110.0
Uttar Pradesh,Rampur,Tanda(Rampur),Bottle gourd,Bottle Gourd,FAQ,19/05/2025,900,940,920.0
Uttar Pradesh,Rampur,Tanda(Rampur),Jack Fruit,Jack Fruit,Large,19/05/2025,1500,1540,1520.0
Uttar Pradesh,Sambhal,Bhehjoi,Paddy(Dhan)(Basmati),Basumathi,Non-FAQ,19/05/2025,2200,2400,2300.0
Uttar Pradesh,Sambhal,Bhehjoi,Wood,Eucalyptus,FAQ,19/05/2025,500,520,510.0
Uttar Pradesh,Sant Kabir Nagar,Khalilabad,Gur(Jaggery),Red,FAQ,19/05/2025,1200,1300,1250.0
Uttar Pradesh,Sant Kabir Nagar,Khalilabad,Tomato,Hybrid,FAQ,19/05/2025,500,600,550.0
Uttar Pradesh,Shamli,Kairana,Bottle gourd,Bottle Gourd,FAQ,19/05/2025,600,700,650.0
Uttar Pradesh,Shamli,Kairana,Garlic,Garlic,FAQ,19/05/2025,5100,5200,5150.0
Uttar Pradesh,Shamli,Kairana,Ginger(Green),Green Ginger,FAQ,19/05/2025,3900,4000,3950.0
Uttar Pradesh,Shamli,Kairana,Green Chilli,Green Chilly,FAQ,19/05/2025,2500,2600,2550.0
Uttar Pradesh,Shamli,Kairana,Raddish,Raddish,FAQ,19/05/2025,600,700,650.0
Uttar Pradesh,Shamli,Kairana,Tomato,Hybrid,FAQ,19/05/2025,800,900,850.0
Uttar Pradesh,Sitapur,Hargaon (Laharpur),Pumpkin,Pumpkin,FAQ,19/05/2025,780,820,800.0
Uttar Pradesh,Sitapur,Sitapur,Apple,Kasmir/Shimla - II,Medium,19/05/2025,9500,10150,9890.0
Uttar Pradesh,Sitapur,Sitapur,Bottle gourd,Bottle Gourd,FAQ,19/05/2025,800,1080,980.0
Uttar Pradesh,Sitapur,Sitapur,Lentil (Masur)(Whole),Masoor Gola,FAQ,19/05/2025,6300,6720,6700.0
Uttar Pradesh,Sitapur,Sitapur,Paddy(Dhan)(Common),Common,FAQ,19/05/2025,1930,2180,2080.0
Uttrakhand,Dehradoon,Rishikesh,Apple,Other,Medium,19/05/2025,9500,16500,11000.0
Uttrakhand,Dehradoon,Rishikesh,Bottle gourd,Bottle Gourd,FAQ,19/05/2025,600,900,700.0
Uttrakhand,Dehradoon,Rishikesh,French Beans (Frasbean),Other,FAQ,19/05/2025,2500,3100,2800.0
Uttrakhand,Dehradoon,Rishikesh,Jack Fruit,Other,Medium,19/05/2025,1500,2000,1650.0
Uttrakhand,Dehradoon,Rishikesh,Potato,Other,FAQ,21/02/2025,700,900,800.0
Uttrakhand,Dehradoon,Rishikesh,Raddish,Other,FAQ,19/05/2025,1000,1700,1550.0
Uttrakhand,Dehradoon,Rishikesh,Tomato,Other,FAQ,19/05/2025,600,950,800.0
Uttrakhand,Dehradoon,Vikasnagar,Cucumbar(Kheera),Other,FAQ,19/05/2025,400,600,600.0
Uttrakhand,Dehradoon,Vikasnagar,Mango,Other,Medium,19/05/2025,2400,2800,2800.0
Uttrakhand,Dehradoon,Vikasnagar,Pumpkin,Other,FAQ,19/05/2025,200,400,400.0
Uttrakhand,Haridwar,Haridwar Union,Green Chilli,Green Chilly,FAQ,19/05/2025,1500,2000,1700.0
Uttrakhand,Haridwar,Haridwar Union,Papaya,Other,Medium,19/05/2025,1600,2000,1800.0
Uttrakhand,Haridwar,Haridwar Union,Tomato,Hybrid,FAQ,19/05/2025,700,1000,800.0
Uttrakhand,Haridwar,Manglaur,Potato,Other,FAQ,22/02/2025,700,850,800.0
Uttrakhand,Haridwar,Roorkee,Bottle gourd,Other,FAQ,19/05/2025,500,700,600.0
Uttrakhand,Nanital,Ramnagar,Capsicum,Other,FAQ,19/05/2025,3800,4000,3900.0
Uttrakhand,Nanital,Ramnagar,Orange,Other,Medium,19/05/2025,2800,3000,2900.0
Uttrakhand,Nanital,Ramnagar,Tomato,Other,FAQ,19/05/2025,2100,2500,2300.0
West Bengal,Hooghly,Pandua,Bitter gourd,Bitter Gourd,FAQ,19/05/2025,2200,2400,2200.0
West Bengal,Hooghly,Sheoraphuly,Onion,Local,FAQ,19/05/2025,1500,1700,1600.0
West Bengal,Hooghly,Sheoraphuly,Tomato,Other,FAQ,19/05/2025,1800,2200,2000.0
West Bengal,Medinipur(W),Ghatal,Brinjal,Brinjal,FAQ,19/05/2025,3000,3200,3100.0
West Bengal,Medinipur(W),Ghatal,Onion,Onion,FAQ,19/05/2025,1600,1800,1700.0
West Bengal,Medinipur(W),Ghatal,Sweet Pumpkin,Other,FAQ,19/05/2025,1300,1500,1400.0
West Bengal,Murshidabad,Kandi,Mustard,Mustard,FAQ,19/05/2025,5950,6060,6000.0
West Bengal,Murshidabad,Kandi,Wheat,Other,FAQ,19/05/2025,2460,2560,2500.0
West Bengal,Puruliya,Balarampur,Bhindi(Ladies Finger),Other,FAQ,19/05/2025,800,1000,900.0
West Bengal,Puruliya,Balarampur,Mustard Oil,Other,FAQ,19/05/2025,16000,16200,16100.0
West Bengal,Puruliya,Balarampur,Potato,Other,FAQ,23/02/2025,1500,1800,1600.0
West Bengal,Sounth 24 Parganas,Baruipur(Canning),Bitter gourd,Bitter Gourd,FAQ,19/05/2025,2900,3100,3000.0
West Bengal,Sounth 24 Parganas,Baruipur(Canning),Green Chilli,Green Chilly,FAQ,19/05/2025,4600,4800,4700.0
West Bengal,Uttar Dinajpur,Islampur,Jute,TD-5,FAQ,19/05/2025,6100,6300,6200.0
Andhra Pradesh,Chittor,Kalikiri,Tomato,Hybrid,FAQ,19/05/2025,830,1000,950.0
Andhra Pradesh,Chittor,Punganur,Tomato,Hybrid,FAQ,19/05/2025,900,1100,1000.0
Andhra Pradesh,Chittor,Vayalapadu,Tomato,Hybrid,FAQ,19/05/2025,880,1040,960.0
Andhra Pradesh,East Godavari,Ravulapelem,Banana,Bhushavali(Pacha),Large,19/05/2025,1900,2500,2100.0
Andhra Pradesh,Kurnool,Yemmiganur,Groundnut,TMV-2,FAQ,19/05/2025,5269,5269,5269.0
Andhra Pradesh,Nellore,Gudur,Groundnut,Balli/Habbu,FAQ,19/05/2025,6783,6860,6840.0
Gujarat,Amreli,Damnagar,Brinjal,Other,FAQ,19/05/2025,1650,2550,2200.0
Gujarat,Amreli,Damnagar,Ginger(Green),Green Ginger,FAQ,19/05/2025,2850,3550,3200.0
Gujarat,Amreli,Damnagar,Lemon,Lemon,FAQ,19/05/2025,2200,3050,2850.0
Gujarat,Amreli,Savarkundla,Arhar (Tur/Red Gram)(Whole),Small (Whole),Non-FAQ,19/05/2025,6000,6700,6250.0
Gujarat,Amreli,Savarkundla,Bajra(Pearl Millet/Cumbu),Deshi,FAQ,19/05/2025,1500,2750,2550.0
Gujarat,Amreli,Savarkundla,Cotton,Narma BT Cotton,FAQ,19/05/2025,6850,7585,7300.0
Gujarat,Amreli,Savarkundla,Groundnut,Bold,Non-FAQ,19/05/2025,5000,5500,5250.0
Gujarat,Amreli,Savarkundla,Wheat,Bansi,FAQ,19/05/2025,2525,2955,2725.0
Gujarat,Anand,Khambhat(Grain Market),Bajra(Pearl Millet/Cumbu),Other,FAQ,19/05/2025,2250,2625,2400.0
Gujarat,Bharuch,Jambusar,Arhar (Tur/Red Gram)(Whole),Other,FAQ,19/05/2025,5800,6200,6000.0
Gujarat,Bharuch,Jambusar,Maize,Other,FAQ,19/05/2025,1800,2200,2000.0
Gujarat,Dahod,Devgadhbaria,Paddy(Dhan)(Common),Common,Non-FAQ,19/05/2025,1500,1550,1530.0
Gujarat,Gandhinagar,Mansa(Manas Veg Yard),Green Chilli,Other,FAQ,19/05/2025,2500,3000,3000.0
Gujarat,Gandhinagar,Mansa(Manas Veg Yard),Water Melon,Other,Medium,19/05/2025,800,800,800.0
Gujarat,Junagarh,Bhesan,Bengal Gram(Gram)(Whole),Other,FAQ,19/05/2025,4500,5400,5000.0
Gujarat,Junagarh,Bhesan,Soyabean,Other,Non-FAQ,19/05/2025,2500,3750,3250.0
Gujarat,Junagarh,Bhesan,Wheat,Other,FAQ,19/05/2025,2000,2500,2250.0
Gujarat,Junagarh,Mangrol,Groundnut,G20,FAQ,19/05/2025,5250,5275,5265.0
Gujarat,Narmada,Rajpipla,Banana,Other,Large,19/05/2025,2100,3100,2600.0
Gujarat,Navsari,Bilimora,Bhindi(Ladies Finger),Other,FAQ,19/05/2025,2000,2500,2200.0
Gujarat,Navsari,Bilimora,Cabbage,Other,FAQ,19/05/2025,800,1000,900.0
Gujarat,Navsari,Bilimora,Green Chilli,Other,FAQ,19/05/2025,4000,5000,4500.0
Gujarat,Navsari,Bilimora,Potato,Other,FAQ,24/02/2025,1500,2000,1800.0
Gujarat,Sabarkantha,Modasa,Bajra(Pearl Millet/Cumbu),Deshi,Non-FAQ,19/05/2025,2275,2485,2485.0
Gujarat,Surat,Surat,Bottle gourd,Other,FAQ,19/05/2025,1000,2500,1750.0
Gujarat,Surat,Surat,Brinjal,Other,FAQ,19/05/2025,1500,4000,2750.0
Gujarat,Surat,Surat,Cabbage,Other,FAQ,19/05/2025,1000,2500,1750.0
Gujarat,Surat,Surat,Cowpea(Veg),Other,FAQ,19/05/2025,3500,7500,5500.0
Gujarat,Surat,Surat,Cucumbar(Kheera),Other,FAQ,19/05/2025,1000,3000,2000.0
Gujarat,Surat,Surat,Indian Beans (Seam),Other,FAQ,19/05/2025,3000,7000,5000.0
Gujarat,Surat,Surat,Lemon,Other,FAQ,19/05/2025,3000,5000,4000.0
Gujarat,Surat,Surat,Turmeric (raw),Other,FAQ,19/05/2025,4000,15000,9500.0
Gujarat,Surendranagar,Dhragradhra,Castor Seed,Caster,FAQ,19/05/2025,6075,6090,6085.0
Gujarat,Surendranagar,Dhragradhra,Wheat,Wheat,FAQ,19/05/2025,2465,2465,2465.0
Gujarat,Surendranagar,Vadhvan,Green Chilli,Green Chilly,FAQ,19/05/2025,2000,2500,2250.0
Gujarat,Surendranagar,Vadhvan,Guar,Gwar,FAQ,19/05/2025,5500,6000,5750.0
Gujarat,Surendranagar,Vadhvan,Methi(Leaves),Methi,FAQ,19/05/2025,3000,3500,3250.0
Gujarat,Surendranagar,Vadhvan,Spinach,Spinach,FAQ,19/05/2025,500,1000,750.0
Gujarat,Surendranagar,Vadhvan,Tomato,Tomato,Non-FAQ,19/05/2025,1500,2000,1750.0
Gujarat,Vadodara(Baroda),Padra,Brinjal,Other,FAQ,19/05/2025,750,1250,1000.0
Gujarat,Vadodara(Baroda),Padra,Cluster beans,Other,FAQ,19/05/2025,3500,5000,4250.0
Gujarat,Vadodara(Baroda),Padra,Cucumbar(Kheera),Other,FAQ,19/05/2025,1000,3500,2250.0
Gujarat,Vadodara(Baroda),Padra,Drumstick,Other,FAQ,19/05/2025,1250,1750,1500.0
Gujarat,Vadodara(Baroda),Padra,Leafy Vegetable,Leafy Vegetables,FAQ,19/05/2025,1000,1500,1250.0
Gujarat,Vadodara(Baroda),Padra,Lemon,Other,FAQ,19/05/2025,3500,5000,4250.0
Gujarat,Vadodara(Baroda),Padra,Mango (Raw-Ripe),Other,FAQ,19/05/2025,1500,4500,3000.0
Gujarat,Vadodara(Baroda),Padra,Onion,Other,FAQ,19/05/2025,1200,1600,1400.0
Gujarat,Vadodara(Baroda),Padra,Pegeon Pea (Arhar Fali),Other,FAQ,19/05/2025,7000,7500,7250.0
Gujarat,Vadodara(Baroda),Padra,Potato,Other,FAQ,25/02/2025,1500,2200,1850.0
Haryana,Gurgaon,Gurgaon,Banana,Other,Large,19/05/2025,2000,3000,2500.0
Haryana,Gurgaon,Gurgaon,Carrot,Other,FAQ,19/05/2025,1000,2000,1500.0
Haryana,Gurgaon,Gurgaon,Onion,Other,FAQ,19/05/2025,1000,1400,1200.0
Haryana,Hissar,Barwala(Hisar),Bhindi(Ladies Finger),Other,FAQ,19/05/2025,1750,2000,1800.0
Haryana,Hissar,Barwala(Hisar),Ridgeguard(Tori),Other,FAQ,19/05/2025,2500,2600,2600.0
Haryana,Hissar,Hansi,Cucumbar(Kheera),Other,FAQ,19/05/2025,1000,2000,1500.0
Haryana,Hissar,Hansi,Peas Wet,Other,FAQ,19/05/2025,8000,8000,8000.0
Haryana,Hissar,Hansi,Tomato,Other,Non-FAQ,19/05/2025,600,1000,800.0
Haryana,Hissar,Uklana,Bottle gourd,Bottle Gourd,FAQ,19/05/2025,500,600,600.0
Haryana,Hissar,Uklana,Mousambi(Sweet Lime),Mousambi,Medium,19/05/2025,4000,4500,4500.0
Haryana,Hissar,Uklana,Onion,Onion,FAQ,19/05/2025,1000,1100,1100.0
Haryana,Hissar,Uklana,Water Melon,Other,Medium,19/05/2025,600,700,700.0
Haryana,Kaithal,Cheeka,Potato,Other,Non-FAQ,26/02/2025,600,700,650.0
Haryana,Mahendragarh-Narnaul,Narnaul,Bhindi(Ladies Finger),Bhindi,FAQ,19/05/2025,1000,2000,1500.0
Haryana,Mahendragarh-Narnaul,Narnaul,Bottle gourd,Bottle Gourd,FAQ,19/05/2025,1000,1000,1000.0
Haryana,Mahendragarh-Narnaul,Narnaul,Brinjal,Brinjal,FAQ,19/05/2025,1000,1500,1200.0
Haryana,Mewat,FerozpurZirkha(Nagina),Onion,Other,FAQ,19/05/2025,1200,1600,1400.0
Haryana,Mewat,Punhana,Banana - Green,Other,FAQ,19/05/2025,1200,1200,1200.0
Haryana,Mewat,Tauru,Ginger(Green),Other,FAQ,19/05/2025,5000,5000,5000.0
Haryana,Mewat,Tauru,Water Melon,Other,Medium,19/05/2025,1000,1000,1000.0
Haryana,Panchkula,"New Grain Market , Panchkula",Apple,Apple,Large,19/05/2025,8500,9500,9000.0
Haryana,Panchkula,Panchkul(Kalka),Apple,Apple,Large,19/05/2025,8500,9500,9000.0
Haryana,Panipat,Panipat,Apple,Other,Medium,19/05/2025,6000,12000,9000.0
Haryana,Panipat,Samalkha,Bhindi(Ladies Finger),Bhindi,FAQ,19/05/2025,2000,2000,2000.0
Haryana,Panipat,Samalkha,Cauliflower,Cauliflower,FAQ,19/05/2025,1500,1500,1500.0
Haryana,Panipat,Samalkha,Lemon,Lemon,FAQ,19/05/2025,10000,10000,10000.0
Haryana,Panipat,Samalkha,Tinda,Tinda,FAQ,19/05/2025,1000,1000,1000.0
Haryana,Panipat,Samalkha,Tomato,Local,FAQ,19/05/2025,500,500,500.0
Haryana,Rewari,Kosli,Cucumbar(Kheera),Other,FAQ,19/05/2025,1500,1500,1500.0
Haryana,Rewari,Kosli,Tomato,Other,FAQ,19/05/2025,1000,1000,1000.0
Haryana,Rohtak,Meham,Onion,Other,FAQ,19/05/2025,1000,1200,1100.0
Haryana,Rohtak,Meham,Spinach,Other,FAQ,19/05/2025,1200,1200,1200.0
Haryana,Sonipat,Ganaur,Bhindi(Ladies Finger),Bhindi,FAQ,19/05/2025,2800,3000,2800.0
Haryana,Sonipat,Ganaur,Brinjal,Brinjal,FAQ,19/05/2025,1800,2000,1800.0
Haryana,Sonipat,Ganaur,Garlic,Average,FAQ,19/05/2025,9000,10000,9500.0
Haryana,Sonipat,Ganaur,Potato,Potato,FAQ,27/02/2025,1200,1400,1200.0
Haryana,Sonipat,Gohana,Apple,Apple,Large,19/05/2025,10000,12000,11000.0
Haryana,Yamuna Nagar,Radaur,Cabbage,Other,FAQ,19/05/2025,1000,1200,1100.0
Haryana,Yamuna Nagar,Radaur,Green Chilli,Other,FAQ,19/05/2025,1800,2200,2000.0
Haryana,Yamuna Nagar,Radaur,Mango,Other,Medium,19/05/2025,3800,4200,4000.0
Haryana,Yamuna Nagar,Radaur,Onion,Other,FAQ,19/05/2025,900,1100,1000.0
Haryana,Yamuna Nagar,Radaur,Peas Wet,Other,FAQ,19/05/2025,4500,5500,5000.0
Haryana,Yamuna Nagar,Radaur,Potato,Other,FAQ,28/02/2025,700,900,800.0
Haryana,Yamuna Nagar,Radaur,Pumpkin,Other,FAQ,19/05/2025,400,600,500.0
Haryana,Yamuna Nagar,Sadhaura,Bitter gourd,Bitter Gourd,FAQ,19/05/2025,1000,1200,1100.0
Haryana,Yamuna Nagar,Sadhaura,Cauliflower,Cauliflower,FAQ,19/05/2025,2000,2500,2300.0
Haryana,Yamuna Nagar,Sadhaura,Tomato,Tomato,FAQ,19/05/2025,300,500,400.0
Himachal Pradesh,Chamba,Chamba,Colacasia,Other,FAQ,19/05/2025,4500,5000,4750.0
Himachal Pradesh,Chamba,Chamba,Karbuja(Musk Melon),Other,Medium,19/05/2025,2000,2500,2250.0
Himachal Pradesh,Chamba,Chamba,Mango,Other,Medium,19/05/2025,5000,8000,6500.0
Himachal Pradesh,Chamba,Chamba,Papaya,Other,Medium,19/05/2025,5000,5500,5250.0
Himachal Pradesh,Chamba,Chamba,Potato,Other,FAQ,01/03/2025,1200,1400,1300.0
Himachal Pradesh,Hamirpur,Hamirpur,Karbuja(Musk Melon),Other,Medium,19/05/2025,2200,3000,2600.0
Himachal Pradesh,Hamirpur,Hamirpur,Lemon,Other,FAQ,19/05/2025,9000,10000,9500.0
Himachal Pradesh,Hamirpur,Hamirpur,Mango,Safeda,Medium,19/05/2025,5000,5500,5200.0
Himachal Pradesh,Hamirpur,Hamirpur,Mango,Totapuri,Medium,19/05/2025,7000,7500,7200.0
Himachal Pradesh,Hamirpur,Hamirpur,Potato,Other,Non-FAQ,02/03/2025,1600,2000,1800.0
Himachal Pradesh,Kangra,Dharamshala,Apple,Other,Medium,19/05/2025,17000,18000,17500.0
Himachal Pradesh,Kangra,Kangra,Bhindi(Ladies Finger),Other,FAQ,19/05/2025,3000,3500,3200.0
Himachal Pradesh,Kangra,Kangra,Cauliflower,Other,FAQ,19/05/2025,5500,6000,5700.0
Himachal Pradesh,Kangra,Kangra,Coriander(Leaves),Other,FAQ,19/05/2025,3000,4000,3500.0
Himachal Pradesh,Kangra,Kangra,Lemon,Other,FAQ,19/05/2025,9000,10000,9500.0
Himachal Pradesh,Kangra,Kangra(Baijnath),Banana,Banana - Ripe,Medium,19/05/2025,3500,3700,3500.0
Himachal Pradesh,Kangra,Kangra(Baijnath),Beetroot,Beetroot,FAQ,19/05/2025,3000,3200,3000.0
Himachal Pradesh,Kangra,Kangra(Baijnath),Bottle gourd,Bottle Gourd,FAQ,19/05/2025,1400,1600,1500.0
Himachal Pradesh,Kangra,Kangra(Baijnath),Capsicum,Capsicum,FAQ,19/05/2025,3200,3400,3300.0
Himachal Pradesh,Kangra,Kangra(Baijnath),Cauliflower,Cauliflower,FAQ,19/05/2025,5000,5600,5300.0
Himachal Pradesh,Kangra,Kangra(Baijnath),Jack Fruit,Jack Fruit,Medium,19/05/2025,3500,3600,3500.0
Himachal Pradesh,Kangra,Kangra(Baijnath),Peas Wet,Other,FAQ,19/05/2025,6000,6500,6200.0
Himachal Pradesh,Kangra,Kangra(Jaisinghpur),Apricot(Jardalu/Khumani),Apricot(Jardalu/Khumani),Medium,19/05/2025,7500,8500,8000.0
Himachal Pradesh,Kangra,Kangra(Jaisinghpur),Colacasia,Colacasia,FAQ,19/05/2025,5200,5500,5400.0
Himachal Pradesh,Kangra,Kangra(Jaisinghpur),Karbuja(Musk Melon),Karbhuja,Medium,19/05/2025,2200,2600,2400.0
Himachal Pradesh,Kangra,Kangra(Jaisinghpur),Mango,Totapuri,Medium,19/05/2025,5500,6500,6000.0
Himachal Pradesh,Kangra,Kangra(Jaisinghpur),Pomegranate,Other,Medium,19/05/2025,11000,11500,11300.0
Himachal Pradesh,Kangra,Kangra(Nagrota Bagwan),Apple,American,Medium,19/05/2025,13000,18000,14500.0
Himachal Pradesh,Kangra,Kangra(Nagrota Bagwan),Capsicum,Capsicum,FAQ,19/05/2025,2500,3000,2700.0
Himachal Pradesh,Kangra,Kangra(Nagrota Bagwan),Onion,Other,FAQ,19/05/2025,1800,2000,1900.0
Himachal Pradesh,Kangra,Kangra(Nagrota Bagwan),Pomegranate,Other,Medium,19/05/2025,9000,10000,9500.0
Himachal Pradesh,Kangra,Palampur,Carrot,Carrot,FAQ,19/05/2025,2000,2500,2300.0
Himachal Pradesh,Kangra,Palampur,Cauliflower,Cauliflower,FAQ,19/05/2025,4500,5000,4800.0
Himachal Pradesh,Kangra,Palampur,Colacasia,Colacasia,FAQ,19/05/2025,5000,5200,5100.0
Himachal Pradesh,Kangra,Palampur,Ginger(Green),Other,FAQ,19/05/2025,6000,7000,6800.0
Himachal Pradesh,Kangra,Palampur,Mousambi(Sweet Lime),Other,Medium,19/05/2025,6000,7000,6800.0
Himachal Pradesh,Kangra,Palampur,Peas Wet,Other,FAQ,19/05/2025,8000,9000,8800.0
Himachal Pradesh,Kangra,Palampur,Pumpkin,Other,FAQ,19/05/2025,1400,1500,1450.0
Himachal Pradesh,Kangra,Palampur,Raddish,Raddish,FAQ,19/05/2025,4000,4500,4300.0
Himachal Pradesh,Kangra,Palampur,Spinach,Spinach,FAQ,19/05/2025,2000,2500,2300.0
Himachal Pradesh,Kangra,Palampur,Sponge gourd,Other,FAQ,19/05/2025,2500,3000,2800.0
Himachal Pradesh,Kullu,Kullu(Chauri Bihal),Cauliflower,Other,FAQ,19/05/2025,1000,4000,3000.0
Himachal Pradesh,Solan,Solan(Nalagarh),Capsicum,Other,FAQ,19/05/2025,2500,3000,2800.0
Himachal Pradesh,Solan,Solan(Nalagarh),French Beans (Frasbean),Other,FAQ,19/05/2025,5000,5500,5200.0
Himachal Pradesh,Solan,Solan(Nalagarh),Mango,Other,Medium,19/05/2025,5500,6000,5800.0
Himachal Pradesh,Solan,Solan(Nalagarh),Peas cod,Other,FAQ,19/05/2025,5800,6500,6500.0
Himachal Pradesh,Solan,Solan(Nalagarh),Tomato,Other,FAQ,19/05/2025,1300,1500,1400.0
Jammu and Kashmir,Kathua,Kathua,Apple,Delicious,Medium,19/05/2025,7000,8000,7500.0
Jammu and Kashmir,Kathua,Kathua,Brinjal,Other,FAQ,19/05/2025,1800,2000,1900.0
Jammu and Kashmir,Kathua,Kathua,Capsicum,Other,FAQ,19/05/2025,2200,2500,2350.0
Jammu and Kashmir,Kathua,Kathua,Ginger(Green),Other,FAQ,19/05/2025,5000,5500,5250.0
Jammu and Kashmir,Kathua,Kathua,Peas Wet,Other,FAQ,19/05/2025,8000,9000,8500.0
Jammu and Kashmir,Kathua,Kathua,Pomegranate,Other,Medium,19/05/2025,8000,10000,9000.0
Jammu and Kashmir,Kathua,Kathua,Pumpkin,Other,FAQ,19/05/2025,1600,1700,1650.0
Jammu and Kashmir,Kathua,Kathua,Round gourd,Other,FAQ,19/05/2025,500,600,550.0
Jammu and Kashmir,Kathua,Kathua,Tomato,Other,FAQ,19/05/2025,1200,1400,1300.0
Jammu and Kashmir,Rajouri,Rajouri (F&V),Tomato,Other,Non-FAQ,19/05/2025,2000,2400,2200.0
Kerala,Alappuzha,Chengannur,Ashgourd,Other,FAQ,19/05/2025,1900,2200,2000.0
Kerala,Alappuzha,Chengannur,Bhindi(Ladies Finger),Other,FAQ,19/05/2025,3800,4100,4000.0
Kerala,Alappuzha,Chengannur,Carrot,Other,FAQ,19/05/2025,3800,4100,4000.0
Kerala,Alappuzha,Chengannur,Cauliflower,Other,FAQ,19/05/2025,0,0,4000.0
Kerala,Alappuzha,Chengannur,Ginger(Green),Green Ginger,FAQ,19/05/2025,0,0,6000.0
Kerala,Alappuzha,Chengannur,Pumpkin,Other,FAQ,19/05/2025,1800,2100,2000.0
Kerala,Alappuzha,Cherthala,Green Chilli,Green Chilly,FAQ,19/05/2025,6000,6300,6200.0
Kerala,Alappuzha,Cherthala,Ridgeguard(Tori),Other,FAQ,19/05/2025,4000,4200,4100.0
Kerala,Alappuzha,Cherthala,Snakeguard,Other,FAQ,19/05/2025,3200,3400,3300.0
Kerala,Alappuzha,Harippad,Banana,Nendra Bale,Medium,19/05/2025,6000,6500,6000.0
Kerala,Alappuzha,Harippad,Cabbage,Other,FAQ,19/05/2025,4000,4500,4000.0
Kerala,Alappuzha,Harippad,Colacasia,Other,FAQ,19/05/2025,8000,9700,8000.0
Kerala,Alappuzha,Harippad,Onion,Other,FAQ,19/05/2025,5000,5500,5000.0
Kerala,Alappuzha,Mannar,Capsicum,Other,FAQ,19/05/2025,6000,6200,6100.0
Kerala,Alappuzha,Mannar,Drumstick,Other,FAQ,19/05/2025,4000,4200,4100.0
Kerala,Alappuzha,Mannar,Onion,Small,FAQ,19/05/2025,4000,4200,4100.0
Kerala,Ernakulam,Angamaly,Banana - Green,Banana - Green,FAQ,19/05/2025,5200,6500,6000.0
Kerala,Ernakulam,Angamaly,Cauliflower,Cauliflower,FAQ,19/05/2025,5500,6500,6000.0
Kerala,Ernakulam,Angamaly,Cowpea(Veg),Cowpea (Veg),FAQ,19/05/2025,3000,5000,4000.0
Kerala,Ernakulam,Angamaly,Little gourd (Kundru),Other,FAQ,19/05/2025,3400,5000,4000.0
Kerala,Ernakulam,Angamaly,Snakeguard,Snakeguard,FAQ,19/05/2025,3500,5000,4000.0
Kerala,Ernakulam,Angamaly,Tomato,Other,FAQ,19/05/2025,3200,4000,3500.0
Kerala,Ernakulam,North Paravur,Alsandikai,Alsandikai,FAQ,19/05/2025,2500,3500,3000.0
Kerala,Ernakulam,North Paravur,Amla(Nelli Kai),Amla,FAQ,19/05/2025,4500,5500,5000.0
Kerala,Ernakulam,North Paravur,Ashgourd,Ashgourd,FAQ,19/05/2025,1400,2000,1800.0
Kerala,Ernakulam,North Paravur,Bhindi(Ladies Finger),Bhindi,FAQ,19/05/2025,2500,3000,2800.0
Kerala,Ernakulam,North Paravur,Coconut,Big,FAQ,19/05/2025,6200,7000,6800.0
Kerala,Ernakulam,North Paravur,Coriander(Leaves),Coriander,FAQ,19/05/2025,6000,7000,6500.0
Kerala,Ernakulam,North Paravur,Drumstick,Drumstick,FAQ,19/05/2025,8000,9000,8500.0
Kerala,Ernakulam,North Paravur,Indian Beans (Seam),Indian Beans (Seam),FAQ,19/05/2025,4000,5000,4500.0
Kerala,Ernakulam,North Paravur,Lemon,Lemon,FAQ,19/05/2025,11000,15500,12000.0
Kerala,Ernakulam,North Paravur,Potato,(Red Nanital),FAQ,03/03/2025,4000,5000,4500.0
Kerala,Ernakulam,North Paravur,Pumpkin,Other,FAQ,19/05/2025,1200,1800,1500.0
Kerala,Ernakulam,North Paravur,Snakeguard,Other,FAQ,19/05/2025,3200,3800,3500.0
Kerala,Ernakulam,North Paravur,Sweet Potato,Hosur Green,FAQ,19/05/2025,3000,4000,3500.0
Kerala,Ernakulam,Perumbavoor,Beetroot,Beetroot,FAQ,19/05/2025,2300,3300,2700.0
Kerala,Ernakulam,Perumbavoor,Carrot,Carrot,FAQ,19/05/2025,2500,3500,3000.0
Kerala,Ernakulam,Perumbavoor,Green Chilli,Green Chilly,FAQ,19/05/2025,3000,4000,3500.0
Kerala,Ernakulam,Perumbavoor,Indian Beans (Seam),Indian Beans (Seam),FAQ,19/05/2025,5700,6700,6000.0
Kerala,Ernakulam,Perumbavoor,Onion,Onion,FAQ,19/05/2025,1600,2600,2000.0
Kerala,Ernakulam,Perumbavoor,Pineapple,Pine Apple,Medium,19/05/2025,3200,4200,3700.0
Kerala,Ernakulam,Perumbavoor,Tomato,Tomato,FAQ,19/05/2025,2000,3000,2500.0
Kerala,Ernakulam,Thrippunithura,Banana,Poovan,Medium,19/05/2025,5000,7000,5200.0
Kerala,Ernakulam,Thrippunithura,Beetroot,Beetroot,FAQ,19/05/2025,6500,7000,6700.0
Kerala,Ernakulam,Thrippunithura,Bhindi(Ladies Finger),Bhindi,FAQ,19/05/2025,4300,5000,4500.0
Kerala,Ernakulam,Thrippunithura,Cauliflower,Cauliflower,FAQ,19/05/2025,6000,6500,6200.0
Kerala,Ernakulam,Thrippunithura,Mango (Raw-Ripe),Mango - Raw-Ripe,FAQ,19/05/2025,3800,5000,4000.0
Kerala,Ernakulam,Thrippunithura,Tapioca,Tapioca,FAQ,19/05/2025,3000,4000,3200.0
Kerala,Idukki,Munnar,Tapioca,Tapioca,FAQ,19/05/2025,4500,6000,5000.0
Kerala,Kannur,Kannur,Black pepper,Other,FAQ,19/05/2025,64000,70000,68000.0
Kerala,Kannur,Kannur,Cucumbar(Kheera),Cucumbar,FAQ,19/05/2025,3500,3700,3600.0
Kerala,Kannur,Kannur,Onion,Other,FAQ,19/05/2025,2000,2200,2100.0
Kerala,Kannur,Thalasserry,Banana,Other,Small,19/05/2025,5600,5800,5700.0
Kerala,Kannur,Thalasserry,Black pepper,Other,FAQ,19/05/2025,64000,66000,65000.0
Kerala,Kottayam,Ettumanoor,Banana,Banana - Ripe,Medium,19/05/2025,5000,5400,5200.0
Kerala,Kottayam,Ettumanoor,Beetroot,Other,FAQ,19/05/2025,4700,5000,4800.0
Kerala,Kottayam,Ettumanoor,Carrot,Carrot,FAQ,19/05/2025,3600,4000,3800.0
Kerala,Kottayam,Ettumanoor,Cluster beans,Other,FAQ,19/05/2025,8000,9000,8500.0
Kerala,Kottayam,Ettumanoor,Green Chilli,Green Chilly,FAQ,19/05/2025,3000,3400,3200.0
Kerala,Kottayam,Ettumanoor,Little gourd (Kundru),Other,FAQ,19/05/2025,3400,3800,3600.0
Kerala,Kottayam,Pampady,Banana,Medium,Medium,19/05/2025,6500,7500,7000.0
Kerala,Kottayam,Pampady,Banana,Robusta,Medium,19/05/2025,3000,4500,3500.0
Kerala,Kottayam,Pampady,Brinjal,Brinjal,FAQ,19/05/2025,2500,4000,3500.0
Kerala,Kottayam,Pampady,Cabbage,Other,FAQ,19/05/2025,1700,3500,3000.0
Kerala,Kottayam,Pampady,Drumstick,Other,FAQ,19/05/2025,11200,14000,13000.0
Kerala,Kozhikode(Calicut),Mavoor  VFPCK,Bhindi(Ladies Finger),Bhindi,FAQ,19/05/2025,4000,4000,4000.0
Kerala,Kozhikode(Calicut),Mukkom,Apple,Other,Large,19/05/2025,23500,24500,24000.0
Kerala,Kozhikode(Calicut),Mukkom,Ginger(Green),Green Ginger,FAQ,19/05/2025,5000,6000,5500.0
Kerala,Kozhikode(Calicut),Mukkom,Pumpkin,Pumpkin,FAQ,19/05/2025,1500,1800,1600.0
Kerala,Kozhikode(Calicut),Palayam,Amaranthus,Other,FAQ,19/05/2025,1800,1800,1800.0
Kerala,Kozhikode(Calicut),Palayam,Beetroot,Other,FAQ,19/05/2025,4200,4200,4200.0
Kerala,Kozhikode(Calicut),Palayam,Bitter gourd,Bitter Gourd,FAQ,19/05/2025,5500,5500,5500.0
Kerala,Kozhikode(Calicut),Palayam,Bottle gourd,Other,FAQ,19/05/2025,1800,1800,1800.0
Kerala,Kozhikode(Calicut),Palayam,Cowpea(Veg),Other,FAQ,19/05/2025,3100,3100,3100.0
Kerala,Kozhikode(Calicut),Palayam,Drumstick,Other,FAQ,19/05/2025,5500,5500,5500.0
Kerala,Kozhikode(Calicut),Palayam,Pumpkin,Other,FAQ,19/05/2025,700,700,700.0
Kerala,Kozhikode(Calicut),Palayam,Raddish,Other,FAQ,19/05/2025,2000,2000,2000.0
Kerala,Kozhikode(Calicut),Palayam,Snakeguard,Other,FAQ,19/05/2025,2200,2200,2200.0
Kerala,Kozhikode(Calicut),Perambra,Bhindi(Ladies Finger),Other,FAQ,19/05/2025,3000,4000,3500.0
Kerala,Kozhikode(Calicut),Perambra,Brinjal,Other,FAQ,19/05/2025,2800,3500,3000.0
Kerala,Kozhikode(Calicut),Perambra,Carrot,Other,FAQ,19/05/2025,3800,4200,4000.0
Kerala,Kozhikode(Calicut),Perambra,Cauliflower,Cauliflower,FAQ,19/05/2025,4000,4500,4300.0
Kerala,Kozhikode(Calicut),Perambra,Cluster beans,Other,FAQ,19/05/2025,3000,4000,3700.0
Kerala,Kozhikode(Calicut),Perambra,Onion,Other,FAQ,19/05/2025,2000,2200,2100.0
Kerala,Kozhikode(Calicut),Perambra,Pumpkin,Other,FAQ,19/05/2025,1500,1700,1600.0
Kerala,Kozhikode(Calicut),Perambra,Snakeguard,Other,FAQ,19/05/2025,3500,4000,3800.0
Kerala,Kozhikode(Calicut),Perambra,Tomato,Tomato,FAQ,19/05/2025,1700,2000,1800.0
Kerala,Kozhikode(Calicut),Quilandy,Bottle gourd,Other,FAQ,19/05/2025,2200,2500,2400.0
Kerala,Kozhikode(Calicut),Quilandy,Cabbage,Other,FAQ,19/05/2025,1700,2000,1800.0
Kerala,Kozhikode(Calicut),Quilandy,Cucumbar(Kheera),Other,FAQ,19/05/2025,3000,3200,3000.0
Kerala,Kozhikode(Calicut),Quilandy,Drumstick,Other,FAQ,19/05/2025,6800,7000,6800.0
Kerala,Kozhikode(Calicut),Quilandy,Ginger(Green),Other,FAQ,19/05/2025,5800,6000,6000.0
Kerala,Kozhikode(Calicut),Quilandy,Potato,Other,FAQ,04/03/2025,2700,2800,2700.0
Kerala,Kozhikode(Calicut),Quilandy,Tomato,Other,FAQ,19/05/2025,1700,1800,1700.0
Kerala,Kozhikode(Calicut),Vengeri(Kozhikode),Ashgourd,Ashgourd,FAQ,19/05/2025,1100,1400,1400.0
Kerala,Kozhikode(Calicut),Vengeri(Kozhikode),Bhindi(Ladies Finger),Bhindi,FAQ,19/05/2025,1900,2200,2200.0
Kerala,Kozhikode(Calicut),Vengeri(Kozhikode),Drumstick,Drumstick,FAQ,19/05/2025,5600,5900,5900.0
Kerala,Kozhikode(Calicut),Vengeri(Kozhikode),Tomato,Tomato,FAQ,19/05/2025,1600,1900,1900.0
Kerala,Malappuram,Kottakkal,Amranthas Red,Chawli Lal,FAQ,19/05/2025,1800,2000,1900.0
Kerala,Malappuram,Kottakkal,Cauliflower,Other,FAQ,19/05/2025,3000,3200,3100.0
Kerala,Malappuram,Kottakkal,Ginger(Green),Other,FAQ,19/05/2025,3600,3800,3700.0
Kerala,Malappuram,Kottakkal,Grapes,Black,Large,19/05/2025,6600,6800,6700.0
Kerala,Malappuram,Kottakkal,Mango,Amrapali,Large,19/05/2025,7800,8000,7900.0
Kerala,Malappuram,Kottakkal,Orange,Other,Large,19/05/2025,8300,8500,8400.0
Kerala,Malappuram,Kottakkal,Pineapple,Other,Large,19/05/2025,4300,4500,4400.0
Kerala,Malappuram,Kottakkal,Potato,Other,FAQ,05/03/2025,2600,2800,2700.0
Kerala,Malappuram,Perinthalmanna,Amla(Nelli Kai),Amla,FAQ,19/05/2025,4000,4500,4200.0
Kerala,Malappuram,Perinthalmanna,Beetroot,Beetroot,FAQ,19/05/2025,3600,4400,4000.0
Kerala,Malappuram,Perinthalmanna,Bitter gourd,Bitter Gourd,FAQ,19/05/2025,5500,6200,6000.0
Kerala,Malappuram,Perinthalmanna,Carrot,Carrot,FAQ,19/05/2025,2500,3000,2800.0
Kerala,Malappuram,Perinthalmanna,Cowpea(Veg),Cowpea (Veg),FAQ,19/05/2025,3500,4500,3800.0
Kerala,Malappuram,Perinthalmanna,Onion,Onion,FAQ,19/05/2025,1800,2200,1900.0
Kerala,Malappuram,Perinthalmanna,Pumpkin,Pumpkin,FAQ,19/05/2025,1200,1800,1400.0
Kerala,Palakad,Koduvayoor,Ginger(Green),Other,FAQ,19/05/2025,4200,4600,4400.0
Kerala,Palakad,Koduvayoor,Lemon,Other,FAQ,19/05/2025,6500,6900,6700.0
Kerala,Palakad,Koduvayoor,Little gourd (Kundru),Other,FAQ,19/05/2025,3500,3900,3700.0
Kerala,Palakad,Koduvayoor,Onion,Small,FAQ,19/05/2025,5800,6200,6000.0
Kerala,Palakad,Koduvayoor,Pumpkin,Other,FAQ,19/05/2025,1200,1600,1400.0
Kerala,Palakad,Koduvayoor,Sweet Potato,Other,FAQ,19/05/2025,3000,3400,3200.0
Kerala,Thirssur,Thrissur,Cabbage,Cabbage,FAQ,19/05/2025,1500,1500,1500.0
Kerala,Thirssur,Thrissur,Carrot,Carrot,FAQ,19/05/2025,3500,3500,3500.0
Kerala,Thirssur,Thrissur,Pumpkin,Pumpkin,FAQ,19/05/2025,1000,1000,1000.0
Kerala,Thiruvananthapuram,Parassala,Banana,Red Banana,Medium,19/05/2025,6800,7000,6800.0
Kerala,Thiruvananthapuram,Parassala,Beans,Beans (Whole),FAQ,19/05/2025,5800,6000,5800.0
Kerala,Thiruvananthapuram,Parassala,Bitter gourd,Bitter Gourd,FAQ,19/05/2025,5800,6000,5800.0
Kerala,Thiruvananthapuram,Parassala,Carrot,Carrot,FAQ,19/05/2025,2800,3000,2800.0
Kerala,Thiruvananthapuram,Parassala,Lemon,Lemon,FAQ,19/05/2025,9800,10000,9800.0
Madhya Pradesh,Morena,Sabalgarh(F&V),Potato,Jyoti,FAQ,06/03/2025,350,400,375.0
Madhya Pradesh,Morena,Sabalgarh(F&V),Water Melon,Other,Medium,19/05/2025,600,700,650.0
Odisha,Bargarh,Attabira,Mango (Raw-Ripe),Other,FAQ,19/05/2025,1500,2500,2000.0
Odisha,Bhadrak,Chandabali,Potato,Other,FAQ,07/03/2025,1800,2200,2000.0
Odisha,Boudh,Boudh,Bhindi(Ladies Finger),Other,FAQ,19/05/2025,7800,8200,8000.0
Odisha,Boudh,Boudh,Onion,Other,Non-FAQ,19/05/2025,1000,2000,1500.0
Odisha,Boudh,Boudh,Tomato,Other,Non-FAQ,19/05/2025,1600,2000,1800.0
Odisha,Boudh,Khunthabandha,Onion,Other,Non-FAQ,19/05/2025,1000,1500,1200.0
Odisha,Dhenkanal,Hindol,Beans,Other,FAQ,19/05/2025,6500,7000,6800.0
Odisha,Dhenkanal,Hindol,Pointed gourd (Parval),Other,FAQ,19/05/2025,2000,2500,2200.0
Odisha,Dhenkanal,Hindol,Tomato,Tomato,Non-FAQ,19/05/2025,1800,2000,1900.0
Odisha,Dhenkanal,Kamakhyanagar,Brinjal,Brinjal,FAQ,19/05/2025,3500,4200,4000.0
Odisha,Gajapati,Parlakhemundi,Cabbage,Other,FAQ,19/05/2025,450,500,500.0
Odisha,Ganjam,Bhanjanagar,Carrot,Carrot,FAQ,19/05/2025,2800,3000,2900.0
Odisha,Ganjam,Bhanjanagar,Tomato,Other,FAQ,19/05/2025,1600,1800,1700.0
Odisha,Kendrapara,Kendrapara,Bitter gourd,Bitter Gourd,FAQ,19/05/2025,4000,5000,4000.0
Odisha,Kendrapara,Kendrapara(Marshaghai),Pumpkin,Pumpkin,FAQ,19/05/2025,1500,2000,1500.0
Odisha,Kendrapara,Kendrapara(Marshaghai),Tomato,Tomato,Non-FAQ,19/05/2025,2500,3000,2500.0
Odisha,Nayagarh,Bahadajholla,Tomato,Other,FAQ,19/05/2025,1400,1400,1400.0
Odisha,Rayagada,Gunpur,Cauliflower,Other,FAQ,19/05/2025,2500,3500,3000.0
Odisha,Rayagada,Rayagada(Muniguda),Beetroot,Beetroot,FAQ,19/05/2025,3500,4500,4000.0
Odisha,Sundergarh,Panposh,Brinjal,Other,FAQ,19/05/2025,2000,2600,2400.0
Odisha,Sundergarh,Panposh,Pumpkin,Other,FAQ,19/05/2025,1000,1400,1200.0
Odisha,Sundergarh,Panposh,Tomato,Other,Non-FAQ,19/05/2025,2000,2600,2400.0
Odisha,Sundergarh,Sargipali,Onion,Other,Non-FAQ,19/05/2025,1700,2200,2000.0
Odisha,Sundergarh,Sargipali,Pointed gourd (Parval),Pointed gourd (Parval),FAQ,19/05/2025,5000,5500,5200.0
Punjab,Amritsar,Rayya,Cauliflower,Local,FAQ,19/05/2025,600,600,600.0
Punjab,Amritsar,Rayya,Potato,Other,Non-FAQ,08/03/2025,700,700,700.0
Punjab,Amritsar,Rayya,Tomato,Hybrid,Non-FAQ,19/05/2025,800,800,800.0
Punjab,Gurdaspur,Kalanaur,Bottle gourd,Bottle Gourd,FAQ,19/05/2025,2000,2000,2000.0
Punjab,Gurdaspur,Kalanaur,Brinjal,Other,FAQ,19/05/2025,4000,4000,4000.0
Punjab,Hoshiarpur,Garh Shankar,Banana,Medium,Medium,19/05/2025,2500,3000,2700.0
Punjab,Hoshiarpur,Garh Shankar,Field Pea,Field Pea,FAQ,19/05/2025,4500,6000,5000.0
Punjab,Hoshiarpur,Garh Shankar,Garlic,Average,FAQ,19/05/2025,6000,7000,6500.0
Punjab,Hoshiarpur,Garh Shankar,Ginger(Green),Green Ginger,FAQ,19/05/2025,3500,3800,3700.0
Punjab,Hoshiarpur,Garh Shankar,Grapes,Other,Large,19/05/2025,4500,6000,5000.0
Punjab,Hoshiarpur,Garh Shankar,Papaya,Other,Medium,19/05/2025,3000,4000,3500.0
Punjab,Hoshiarpur,Garh Shankar,Tomato,Deshi,Non-FAQ,19/05/2025,750,1000,800.0
Punjab,Hoshiarpur,GarhShankar (Kotfatuhi),Cucumbar(Kheera),Other,FAQ,19/05/2025,500,1000,800.0
Punjab,Hoshiarpur,GarhShankar (Kotfatuhi),Green Chilli,Other,FAQ,19/05/2025,1200,1500,1400.0
Punjab,Hoshiarpur,GarhShankar (Kotfatuhi),Potato,Other,FAQ,09/03/2025,600,1000,800.0
Punjab,Hoshiarpur,Mukerian(Talwara),Bottle gourd,Bottle Gourd,FAQ,19/05/2025,600,1200,900.0
Punjab,Hoshiarpur,Mukerian(Talwara),Pumpkin,Pumpkin,FAQ,19/05/2025,1400,2200,1800.0
Punjab,Hoshiarpur,Tanda Urmur,Bitter gourd,Other,FAQ,19/05/2025,1500,2000,1800.0
Punjab,Hoshiarpur,Tanda Urmur,Brinjal,Other,FAQ,19/05/2025,1500,2000,1800.0
Punjab,Hoshiarpur,Tanda Urmur,Cucumbar(Kheera),Other,FAQ,19/05/2025,2000,2500,2200.0
Punjab,Hoshiarpur,Tanda Urmur,Field Pea,Other,FAQ,19/05/2025,6000,7000,6500.0
Punjab,Hoshiarpur,Tanda Urmur,Green Chilli,Other,FAQ,19/05/2025,1800,2000,1900.0
Punjab,Hoshiarpur,Tanda Urmur,Karbuja(Musk Melon),Other,Medium,19/05/2025,2000,2500,2200.0
Punjab,Hoshiarpur,Tanda Urmur,Mango,Other,Medium,19/05/2025,5500,6500,6000.0
Punjab,Hoshiarpur,Tanda Urmur,Tomato,Other,FAQ,19/05/2025,1200,1500,1400.0
Punjab,Ludhiana,Khanna,Chikoos(Sapota),Other,Medium,19/05/2025,2000,3000,2500.0
Punjab,Ludhiana,Khanna,Peach,Other,Medium,19/05/2025,2000,6000,4000.0
Punjab,Ludhiana,Khanna,Pumpkin,Other,FAQ,19/05/2025,400,700,500.0
Punjab,Ludhiana,Sahnewal,Water Melon,Water Melon,Medium,19/05/2025,800,800,800.0
Punjab,Moga,Kot ise Khan,Bitter gourd,Other,FAQ,19/05/2025,1000,1200,1100.0
Punjab,Moga,Kot ise Khan,Capsicum,Other,FAQ,19/05/2025,1000,1200,1100.0
Punjab,Moga,Nihal Singh Wala,Capsicum,Other,FAQ,19/05/2025,1500,2000,1800.0
Punjab,Nawanshahr,Nawan Shahar(Subzi Mandi),Apple,Apple,Medium,19/05/2025,11000,12000,11600.0
Punjab,Nawanshahr,Nawan Shahar(Subzi Mandi),Bhindi(Ladies Finger),Other,FAQ,19/05/2025,2500,3000,2700.0
Punjab,Nawanshahr,Nawan Shahar(Subzi Mandi),Cabbage,Other,FAQ,19/05/2025,1000,1200,1100.0
Punjab,Nawanshahr,Nawan Shahar(Subzi Mandi),Capsicum,Other,FAQ,19/05/2025,2000,2300,2200.0
Punjab,Nawanshahr,Nawan Shahar(Subzi Mandi),Field Pea,Other,FAQ,19/05/2025,6500,7000,6800.0
Punjab,Nawanshahr,Nawan Shahar(Subzi Mandi),Mango,Other,Medium,19/05/2025,5500,6000,5800.0
Punjab,Nawanshahr,Nawan Shahar(Subzi Mandi),Round gourd,Other,FAQ,19/05/2025,700,800,770.0
Punjab,Pathankot,Pathankot,Bottle gourd,Bottle Gourd,FAQ,19/05/2025,500,600,600.0
Punjab,Pathankot,Pathankot,French Beans (Frasbean),French Beans (Frasbean),FAQ,19/05/2025,6300,6500,6500.0
Punjab,Pathankot,Pathankot,Onion,Onion,Non-FAQ,19/05/2025,1100,1500,1500.0
Punjab,Pathankot,Pathankot,Raddish,Raddish,FAQ,19/05/2025,1300,1500,1500.0
Punjab,Pathankot,Pathankot,Water Melon,Other,Medium,19/05/2025,600,800,800.0
Punjab,Patiala,Ghanaur,Potato,Other,FAQ,10/03/2025,800,1000,900.0
Punjab,Patiala,Ghanaur,Tomato,Other,FAQ,19/05/2025,600,800,700.0
Punjab,Ropar (Rupnagar),Morinda,Apple,Apple,Medium,19/05/2025,10000,10000,10000.0
Punjab,Ropar (Rupnagar),Morinda,Bottle gourd,Bottle Gourd,FAQ,19/05/2025,1200,1500,1300.0
Punjab,Ropar (Rupnagar),Morinda,Cabbage,Cabbage,FAQ,19/05/2025,200,200,200.0
Punjab,Ropar (Rupnagar),Morinda,Capsicum,Capsicum,FAQ,19/05/2025,1500,1500,1500.0
Punjab,Ropar (Rupnagar),Morinda,Cucumbar(Kheera),Cucumbar,FAQ,19/05/2025,1000,1200,1100.0
Punjab,Ropar (Rupnagar),Morinda,Garlic,Garlic,FAQ,19/05/2025,7000,8000,7500.0
Punjab,Ropar (Rupnagar),Morinda,Mousambi(Sweet Lime),Mousambi,Medium,19/05/2025,5000,5000,5000.0
Punjab,Ropar (Rupnagar),Morinda,Onion,Onion,Non-FAQ,19/05/2025,1300,1500,1400.0
Punjab,Sangrur,Ahmedgarh,Bhindi(Ladies Finger),Other,FAQ,19/05/2025,2500,2700,2700.0
Punjab,Tarntaran,Naushera Pannuan,Bhindi(Ladies Finger),Other,FAQ,19/05/2025,2500,2500,2500.0
Punjab,Tarntaran,Naushera Pannuan,Bitter gourd,Bitter Gourd,FAQ,19/05/2025,1200,1400,1400.0
Punjab,Tarntaran,Naushera Pannuan,Cucumbar(Kheera),Cucumbar,FAQ,19/05/2025,1000,1000,1000.0
Punjab,Tarntaran,Patti,Bitter gourd,Other,FAQ,19/05/2025,1200,1600,1400.0
Punjab,Tarntaran,Patti,Garlic,Other,FAQ,19/05/2025,6000,7000,6500.0
Rajasthan,Chittorgarh,Begu,Maize,Other,FAQ,19/05/2025,2360,2390,2380.0
Rajasthan,Ganganagar,Sriganganagar (F&V),Apple,Apple,Medium,19/05/2025,11800,12200,12000.0
Rajasthan,Ganganagar,Sriganganagar (F&V),Bhindi(Ladies Finger),Other,FAQ,19/05/2025,2000,2400,2200.0
Rajasthan,Ganganagar,Sriganganagar (F&V),Pomegranate,Other,Medium,19/05/2025,11800,12200,12000.0
Rajasthan,Ganganagar,Suratgarh,Potato,(Red Nanital),FAQ,11/03/2025,700,1000,750.0
Rajasthan,Jaipur,Jaipur (F&V),Ginger(Green),Green Ginger,FAQ,19/05/2025,3000,3200,3100.0
Rajasthan,Jaipur Rural,Bassi,Barley (Jau),Other,FAQ,19/05/2025,1950,2251,2100.0
Rajasthan,Jaipur Rural,Bassi,Taramira,Other,FAQ,19/05/2025,5191,5245,5218.0
Rajasthan,Jalore,Bhinmal,Tomato,Other,Non-FAQ,19/05/2025,500,500,500.0
Rajasthan,Jodhpur Rural,Ositan Mathania,Cummin Seed(Jeera),Other,FAQ,19/05/2025,16000,19000,17500.0
Rajasthan,Jodhpur Rural,Ositan Mathania,Mustard,Other,FAQ,19/05/2025,6500,7500,7000.0
Rajasthan,Jodhpur Rural,Ositan Mathania,Wheat,Local,FAQ,19/05/2025,2500,2700,2600.0
Rajasthan,Kota,Kota,Barley (Jau),Other,FAQ,19/05/2025,2201,2300,2250.0
Telangana,Adilabad,Khanapur,Paddy(Dhan)(Common),MTU-1010,FAQ,19/05/2025,2300,2300,2300.0
Telangana,Hyderabad,Mahboob Manison,Cabbage,Cabbage,FAQ,19/05/2025,600,1200,900.0
Telangana,Hyderabad,Mahboob Manison,Capsicum,Capsicum,FAQ,19/05/2025,2500,3000,2750.0
Telangana,Hyderabad,Mahboob Manison,Cluster beans,Cluster Beans,FAQ,19/05/2025,3000,3000,3000.0
Telangana,Hyderabad,Mahboob Manison,Dry Chillies,1st Sort,FAQ,19/05/2025,9000,13000,10000.0
Telangana,Hyderabad,Mahboob Manison,Green Chilli,Green Chilly,FAQ,19/05/2025,2500,3000,2750.0
Telangana,Hyderabad,Mahboob Manison,Onion,2nd Sort,Non-FAQ,19/05/2025,300,1000,800.0
Telangana,Hyderabad,Mahboob Manison,Tamarind Fruit,Chapathi,FAQ,19/05/2025,9000,11000,10000.0
Telangana,Karimnagar,Gangadhara,Paddy(Dhan)(Common),I.R. 64,FAQ,19/05/2025,2300,2300,2300.0
Telangana,Karimnagar,Huzzurabad,Paddy(Dhan)(Common),1001,FAQ,19/05/2025,2300,2300,2300.0
Telangana,Khammam,Charla,Paddy(Dhan)(Common),MTU-1010,FAQ,19/05/2025,2100,2300,2200.0
Telangana,Mahbubnagar,Alampur,Paddy(Dhan)(Common),Common,FAQ,19/05/2025,1800,2400,2300.0
Telangana,Nalgonda,Devarkonda(Mallepalli),Paddy(Dhan)(Common),MTU-1010,FAQ,19/05/2025,2300,2300,2300.0
Telangana,Ranga Reddy,Kukatpally(Rythu Bazar),Bhindi(Ladies Finger),Bhindi,FAQ,19/05/2025,3800,3800,3800.0
Telangana,Ranga Reddy,Kukatpally(Rythu Bazar),Cucumbar(Kheera),Cucumbar,FAQ,19/05/2025,1800,1800,1800.0
Telangana,Ranga Reddy,Kukatpally(Rythu Bazar),Leafy Vegetable,Leafy Vegetables,FAQ,19/05/2025,2000,2000,2000.0
Telangana,Ranga Reddy,Kukatpally(Rythu Bazar),Potato,(Red Nanital),FAQ,12/03/2025,2500,2500,2500.0
Telangana,Ranga Reddy,Kukatpally(Rythu Bazar),Pumpkin,Other,FAQ,19/05/2025,1300,1300,1300.0
Telangana,Ranga Reddy,Kukatpally(Rythu Bazar),Tomato,Deshi,FAQ,19/05/2025,1300,1300,1300.0
Telangana,Ranga Reddy,Mehndipatnam(Rythu Bazar),Beetroot,Beetroot,FAQ,19/05/2025,1700,1700,1700.0
Telangana,Ranga Reddy,Mehndipatnam(Rythu Bazar),Colacasia,Colacasia,FAQ,19/05/2025,3500,3500,3500.0
Telangana,Ranga Reddy,Mehndipatnam(Rythu Bazar),Field Pea,Field Pea,FAQ,19/05/2025,6500,6500,6500.0
Telangana,Ranga Reddy,Mehndipatnam(Rythu Bazar),Onion,1st Sort,Non-FAQ,19/05/2025,1600,1600,1600.0
Telangana,Warangal,Warangal,Beetroot,Beetroot,FAQ,19/05/2025,2000,2500,2250.0
Telangana,Warangal,Warangal,Brinjal,Brinjal,FAQ,19/05/2025,1600,2000,1800.0
Telangana,Warangal,Warangal,Cabbage,Cabbage,FAQ,19/05/2025,2000,2500,2250.0
Telangana,Warangal,Warangal,Carrot,Carrot,FAQ,19/05/2025,2000,2500,2250.0
Telangana,Warangal,Warangal,Cauliflower,Cauliflower,FAQ,19/05/2025,3500,4000,3750.0
Telangana,Warangal,Warangal,French Beans (Frasbean),French Beans (Frasbean),FAQ,19/05/2025,7500,8000,7750.0
Telangana,Warangal,Warangal,Tomato,Tomato,FAQ,19/05/2025,800,1000,900.0
Tripura,Dhalai,Kulai,Green Chilli,Green Chilly,FAQ,19/05/2025,5500,6000,5800.0
Tripura,Dhalai,Kulai,Pumpkin,Other,FAQ,19/05/2025,3000,3500,3300.0
Tripura,Dhalai,Kulai,Tomato,Deshi,FAQ,19/05/2025,4500,5000,4800.0
Tripura,Gomati,Nutanbazar,Snakeguard,Snakeguard,FAQ,19/05/2025,3850,4000,3950.0
Tripura,Khowai,Teliamura,Brinjal,Round/Long,FAQ,19/05/2025,1500,1700,1600.0
Tripura,Khowai,Teliamura,Garlic,China,FAQ,19/05/2025,8000,8200,8100.0
Tripura,Khowai,Teliamura,Ginger(Green),Green Ginger,FAQ,19/05/2025,2800,3000,2900.0
Tripura,Khowai,Teliamura,Sweet Pumpkin,Sweet Pumpkin,FAQ,19/05/2025,1600,1800,1700.0
Tripura,South District,Barpathari,Cucumbar(Kheera),Cucumbar,FAQ,19/05/2025,3900,4100,4000.0
Tripura,South District,Barpathari,Pointed gourd (Parval),Pointed gourd (Parval),FAQ,19/05/2025,5900,6100,6000.0
Tripura,South District,Barpathari,Sweet Pumpkin,Sweet Pumpkin,FAQ,19/05/2025,1900,2100,2000.0
Tripura,South District,Barpathari,Tomato,Tomato,FAQ,19/05/2025,3900,4100,4000.0
Uttar Pradesh,Agra,Achnera,Tomato,Deshi,FAQ,19/05/2025,700,800,750.0
Uttar Pradesh,Agra,Fatehabad,Bhindi(Ladies Finger),Bhindi,FAQ,19/05/2025,1000,1200,1200.0
Uttar Pradesh,Agra,Fatehabad,Cauliflower,Cauliflower,FAQ,19/05/2025,1200,1400,1400.0
Uttar Pradesh,Agra,Fatehabad,Tomato,Deshi,FAQ,19/05/2025,500,700,700.0
Uttar Pradesh,Aligarh,Charra,Bottle gourd,Bottle Gourd,FAQ,19/05/2025,1300,1400,1350.0
Uttar Pradesh,Aligarh,Charra,Cauliflower,Cauliflower,FAQ,19/05/2025,1300,1500,1400.0
Uttar Pradesh,Amethi,Sultanpur,Brinjal,Brinjal,FAQ,19/05/2025,1035,1065,1050.0
Uttar Pradesh,Amethi,Sultanpur,Tomato,Deshi,Non-FAQ,19/05/2025,660,685,675.0
Uttar Pradesh,Amroha,Amroha,Onion,Red,FAQ,19/05/2025,1100,1270,1190.0
Uttar Pradesh,Amroha,Amroha,Potato,Kufri Megha,FAQ,13/03/2025,1050,1200,1130.0
Uttar Pradesh,Amroha,Amroha,Tomato,Deshi,FAQ,19/05/2025,650,850,750.0
Uttar Pradesh,Amroha,Dhanaura,Cauliflower,Cauliflower,FAQ,19/05/2025,800,1000,900.0
Uttar Pradesh,Amroha,Dhanaura,Wheat,Dara,Non-FAQ,19/05/2025,2430,2450,2440.0
Uttar Pradesh,Badaun,Badayoun,Bhindi(Ladies Finger),Bhindi,FAQ,19/05/2025,1700,1810,1760.0
Uttar Pradesh,Badaun,Badayoun,Cauliflower,Cauliflower,FAQ,19/05/2025,1500,1630,1555.0
Uttar Pradesh,Badaun,Badayoun,Ginger(Green),Green Ginger,FAQ,19/05/2025,4050,4180,4110.0
Uttar Pradesh,Badaun,Badayoun,Potato,Desi,FAQ,14/03/2025,1080,1190,1135.0
Uttar Pradesh,Badaun,Badayoun,Potato,Desi,Non-FAQ,15/03/2025,1000,1080,1040.0
Uttar Pradesh,Badaun,Badayoun,Rice,III,FAQ,19/05/2025,3300,3380,3335.0
Uttar Pradesh,Badaun,Badayoun,Water Melon,Water Melon,Medium,19/05/2025,800,920,870.0
Uttar Pradesh,Badaun,Ujhani,Green Chilli,Green Chilly,FAQ,19/05/2025,2000,2050,2020.0
Uttar Pradesh,Badaun,Ujhani,Karbuja(Musk Melon),Karbhuja,Medium,19/05/2025,1650,1750,1700.0
Uttar Pradesh,Badaun,Ujhani,Tomato,Local,FAQ,19/05/2025,800,830,815.0
Uttar Pradesh,Badaun,Visoli,Wheat,Dara,FAQ,19/05/2025,2430,2430,2430.0
Uttar Pradesh,Bahraich,Naanpara,Apple,Apple,Medium,19/05/2025,5000,6000,5500.0
Uttar Pradesh,Bahraich,Naanpara,Banana - Green,Banana - Green,FAQ,19/05/2025,600,700,650.0
Uttar Pradesh,Ballia,Rasda,Banana,Banana - Ripe,Medium,19/05/2025,2865,3000,2925.0
Uttar Pradesh,Ballia,Rasda,Banana - Green,Banana - Green,FAQ,19/05/2025,1675,1800,1750.0
Uttar Pradesh,Ballia,Rasda,Bengal Gram Dal (Chana Dal),Bengal Gram Dal,FAQ,19/05/2025,7550,7700,7630.0
Uttar Pradesh,Ballia,Rasda,Bengal Gram(Gram)(Whole),Desi (Whole),FAQ,19/05/2025,6625,6780,6700.0
Uttar Pradesh,Ballia,Rasda,Bhindi(Ladies Finger),Bhindi,FAQ,19/05/2025,1465,1600,1525.0
Uttar Pradesh,Ballia,Rasda,Bitter gourd,Bitter Gourd,FAQ,19/05/2025,1550,1700,1635.0
Uttar Pradesh,Ballia,Rasda,Brinjal,Brinjal,FAQ,19/05/2025,1200,1310,1265.0
Uttar Pradesh,Ballia,Rasda,Garlic,Average,FAQ,19/05/2025,6200,6310,6245.0
Uttar Pradesh,Balrampur,Balrampur,Brinjal,Round/Long,FAQ,19/05/2025,1400,1600,1500.0
Uttar Pradesh,Balrampur,Balrampur,Cabbage,Cabbage,FAQ,19/05/2025,900,1100,1000.0
Uttar Pradesh,Balrampur,Balrampur,Cucumbar(Kheera),Cucumbar,FAQ,19/05/2025,1050,1260,1150.0
Uttar Pradesh,Balrampur,Balrampur,Mousambi(Sweet Lime),Mousambi,Medium,19/05/2025,3550,3760,3650.0
Uttar Pradesh,Balrampur,Panchpedwa,Rice,III,FAQ,19/05/2025,2600,3000,2800.0
Uttar Pradesh,Balrampur,Panchpedwa,Wheat,Dara,FAQ,19/05/2025,2425,2550,2500.0
Uttar Pradesh,Balrampur,Tulsipur,Bottle gourd,Bottle Gourd,FAQ,19/05/2025,1020,1060,1040.0
Uttar Pradesh,Balrampur,Tulsipur,Brinjal,Round/Long,FAQ,19/05/2025,1480,1550,1520.0
Uttar Pradesh,Balrampur,Tulsipur,Cauliflower,Cauliflower,FAQ,19/05/2025,1350,1440,1400.0
Uttar Pradesh,Bareilly,Anwala,Bottle gourd,Bottle Gourd,FAQ,19/05/2025,600,800,700.0
Uttar Pradesh,Bareilly,Anwala,Onion,Red,FAQ,19/05/2025,1000,1200,1100.0
Uttar Pradesh,Bijnor,Haldaur,Gur(Jaggery),Pathari,FAQ,19/05/2025,3600,3800,3700.0
Uttar Pradesh,Bulandshahar,Gulavati,Bottle gourd,Bottle Gourd,FAQ,19/05/2025,1000,1200,1100.0
Uttar Pradesh,Bulandshahar,Gulavati,Pumpkin,Other,FAQ,19/05/2025,750,850,800.0
Uttar Pradesh,Etah,Awagarh,Bottle gourd,Bottle Gourd,FAQ,19/05/2025,1500,1800,1600.0
Uttar Pradesh,Etah,Awagarh,Cauliflower,Cauliflower,FAQ,19/05/2025,1200,1450,1300.0
Uttar Pradesh,Etah,Awagarh,Water Melon,Water Melon,Medium,19/05/2025,900,1050,1000.0
Uttar Pradesh,Etawah,Jasvantnagar,Tomato,Hybrid,FAQ,19/05/2025,1235,1335,1285.0
Uttar Pradesh,Firozabad,Sirsaganj,Pumpkin,Pumpkin,FAQ,19/05/2025,1000,1200,1100.0
Uttar Pradesh,Hardoi,Hardoi,Onion,Pusa-Red,FAQ,19/05/2025,1140,1210,1180.0
Uttar Pradesh,Hathras,Shadabad,Onion,Red,FAQ,19/05/2025,1700,1800,1750.0
Uttar Pradesh,Khiri (Lakhimpur),Maigalganj,Apple,Kasmir/Shimla - II,Medium,19/05/2025,8200,8280,8240.0
Uttar Pradesh,Khiri (Lakhimpur),Maigalganj,Garlic,Garlic,FAQ,19/05/2025,2650,2700,2675.0
Uttar Pradesh,Khiri (Lakhimpur),Maigalganj,Potato,Desi,FAQ,16/03/2025,1425,1475,1450.0
Uttar Pradesh,Lalitpur,Mehrauni,Soyabean,Soyabeen,Non-FAQ,19/05/2025,4000,4200,4100.0
Uttar Pradesh,Maharajganj,Anandnagar,Green Chilli,Green Chilly,FAQ,19/05/2025,2800,3200,3000.0
Uttar Pradesh,Maharajganj,Anandnagar,Gur(Jaggery),Red,FAQ,19/05/2025,3800,4200,4000.0
Uttar Pradesh,Mahoba,Charkhari,Barley (Jau),Dara,FAQ,19/05/2025,2100,2200,2200.0
Uttar Pradesh,Mahoba,Charkhari,Wheat,147 Average,FAQ,19/05/2025,2450,2460,2450.0
Uttar Pradesh,Mahoba,Charkhari,Wood,Other,FAQ,19/05/2025,420,420,420.0
Uttar Pradesh,Mainpuri,Ghiraur,Bengal Gram(Gram)(Whole),Desi (Whole),FAQ,19/05/2025,6325,6430,6365.0
Uttar Pradesh,Mau(Maunathbhanjan),Doharighat,Masur Dal,Kala Masoor New,FAQ,19/05/2025,9000,9100,9050.0
Uttar Pradesh,Mau(Maunathbhanjan),Kopaganj,Bhindi(Ladies Finger),Bhindi,FAQ,19/05/2025,700,1000,800.0
Uttar Pradesh,Mau(Maunathbhanjan),Kopaganj,Potato,Desi,FAQ,17/03/2025,700,900,800.0
Uttar Pradesh,Muzaffarnagar,Muzzafarnagar,Tomato,Hybrid,FAQ,19/05/2025,750,900,800.0
Uttar Pradesh,Muzaffarnagar,Muzzafarnagar,Tomato,Hybrid,Non-FAQ,19/05/2025,600,700,650.0
Uttar Pradesh,Pillibhit,Pilibhit,Apple,Delicious,Medium,19/05/2025,9450,9540,9495.0
Uttar Pradesh,Pillibhit,Pilibhit,Cauliflower,Local,FAQ,19/05/2025,1435,1515,1475.0
Uttar Pradesh,Pillibhit,Pilibhit,Tomato,Local,FAQ,19/05/2025,755,835,795.0
Uttar Pradesh,Pillibhit,Pilibhit,Tomato,Local,Non-FAQ,19/05/2025,655,730,690.0
Uttar Pradesh,Prayagraj,Ajuha,Tomato,Deshi,FAQ,19/05/2025,740,880,800.0
Uttar Pradesh,Prayagraj,Jasra,Bhindi(Ladies Finger),Bhindi,FAQ,19/05/2025,1300,1425,1365.0
Uttar Pradesh,Prayagraj,Jasra,Garlic,Garlic,FAQ,19/05/2025,6200,6375,6300.0
Uttar Pradesh,Rampur,Tanda(Rampur),Bitter gourd,Other,FAQ,19/05/2025,1000,1040,1020.0
Uttar Pradesh,Rampur,Tanda(Rampur),Tomato,Deshi,FAQ,19/05/2025,800,840,820.0
Uttar Pradesh,Rampur,Tanda(Rampur),Wood,Other,FAQ,19/05/2025,530,550,540.0
Uttar Pradesh,Sambhal,Bhehjoi,Potato,Potato,Non-FAQ,18/03/2025,700,710,705.0
Uttar Pradesh,Shamli,Kairana,Cabbage,Cabbage,FAQ,19/05/2025,900,1000,950.0
Uttar Pradesh,Sitapur,Hargaon (Laharpur),Gur(Jaggery),Yellow,FAQ,19/05/2025,3000,3200,3100.0
Uttar Pradesh,Sitapur,Hargaon (Laharpur),Onion,Nasik,FAQ,19/05/2025,950,1050,1000.0
Uttar Pradesh,Sitapur,Hargaon (Laharpur),Potato,Local,FAQ,19/03/2025,850,950,900.0
Uttar Pradesh,Sitapur,Sitapur,Arhar Dal(Tur Dal),Arhar Dal(Tur),FAQ,19/05/2025,10000,11250,11160.0
Uttar Pradesh,Sitapur,Sitapur,Banana,Banana - Ripe,Medium,19/05/2025,2600,2950,2785.0
Uttar Pradesh,Sitapur,Sitapur,Ginger(Green),Green Ginger,FAQ,19/05/2025,3200,3700,3560.0
Uttar Pradesh,Sitapur,Sitapur,Mustard,Sarson(Black),FAQ,19/05/2025,5700,6700,5970.0
Uttar Pradesh,Sitapur,Sitapur,Onion,Red,FAQ,19/05/2025,1000,1300,1175.0
Uttar Pradesh,Sitapur,Sitapur,Tomato,Hybrid,FAQ,19/05/2025,700,900,800.0
Uttrakhand,Dehradoon,Rishikesh,Carrot,Other,FAQ,19/05/2025,1000,1500,1250.0
Uttrakhand,Dehradoon,Rishikesh,Cucumbar(Kheera),Other,FAQ,19/05/2025,550,800,600.0
Uttrakhand,Dehradoon,Rishikesh,Mousambi(Sweet Lime),Other,Medium,19/05/2025,3000,4000,3500.0
Uttrakhand,Dehradoon,Rishikesh,Onion,Other,FAQ,19/05/2025,1100,1450,1250.0
Uttrakhand,Dehradoon,Rishikesh,Peach,Other,Medium,19/05/2025,3500,4800,4250.0
Uttrakhand,Dehradoon,Rishikesh,Water Melon,Other,Medium,19/05/2025,600,800,650.0
Uttrakhand,Dehradoon,Vikasnagar,Cauliflower,Other,FAQ,19/05/2025,150,500,500.0
Uttrakhand,Dehradoon,Vikasnagar,Onion,Other,Non-FAQ,19/05/2025,1200,1200,1200.0
Uttrakhand,Haridwar,Haridwar Union,Bottle gourd,Bottle Gourd,FAQ,19/05/2025,400,600,500.0
Uttrakhand,Haridwar,Haridwar Union,Karbuja(Musk Melon),Karbhuja,Medium,19/05/2025,1500,2000,1600.0
Uttrakhand,Haridwar,Haridwar Union,Onion,Onion,FAQ,19/05/2025,1000,1500,1200.0
Uttrakhand,Haridwar,Haridwar Union,Potato,Potato,FAQ,20/03/2025,800,1000,900.0
Uttrakhand,Haridwar,Roorkee,Bhindi(Ladies Finger),Other,FAQ,19/05/2025,1000,2000,1500.0
Uttrakhand,Haridwar,Roorkee,Cucumbar(Kheera),Other,FAQ,19/05/2025,500,700,600.0
Uttrakhand,Haridwar,Roorkee,Potato,Other,FAQ,21/03/2025,800,1200,1000.0
Uttrakhand,Nanital,Ramnagar,Bottle gourd,Other,FAQ,19/05/2025,2800,3000,2900.0
Uttrakhand,Nanital,Ramnagar,French Beans (Frasbean),Other,FAQ,19/05/2025,2600,3000,2800.0
Uttrakhand,Nanital,Ramnagar,Lemon,Other,FAQ,19/05/2025,4500,5500,5000.0
Uttrakhand,Nanital,Ramnagar,Onion,Other,FAQ,19/05/2025,2100,2500,2300.0
Uttrakhand,Nanital,Ramnagar,Papaya,Other,Medium,19/05/2025,3800,4000,3900.0
Uttrakhand,Nanital,Ramnagar,Water Melon,Other,Medium,19/05/2025,3600,4000,3800.0
Uttrakhand,UdhamSinghNagar,Gadarpur,Rice,Other,FAQ,19/05/2025,3010,3230,3150.0
West Bengal,Bankura,Indus(Bankura Sadar),Green Chilli,Green Chilly,FAQ,19/05/2025,4200,4600,4500.0
West Bengal,Hooghly,Pandua,Bhindi(Ladies Finger),Other,FAQ,19/05/2025,1200,1500,1300.0
West Bengal,Hooghly,Sheoraphuly,Garlic,Other,FAQ,19/05/2025,8000,10000,9000.0
West Bengal,Hooghly,Sheoraphuly,Ridgeguard(Tori),Ridgeguard(Tori),FAQ,19/05/2025,2800,3000,3000.0
West Bengal,Jalpaiguri,Belacoba,Bitter gourd,Bitter Gourd,FAQ,19/05/2025,1400,1600,1500.0
West Bengal,Jhargram,Jhargram,Brinjal,Round/Long,FAQ,19/05/2025,2000,2300,2100.0
West Bengal,Jhargram,Jhargram,Rice,Common,FAQ,19/05/2025,3600,4000,3800.0
West Bengal,Medinipur(W),Ghatal,Mustard,Yellow (Black),FAQ,19/05/2025,6100,6300,6200.0
West Bengal,Murshidabad,Kasimbazar,Jute,TD-5,FAQ,19/05/2025,6000,6100,6050.0
West Bengal,Murshidabad,Kasimbazar,Rice,Other,FAQ,19/05/2025,3600,3800,3700.0
West Bengal,Puruliya,Balarampur,Onion,Other,FAQ,19/05/2025,1500,1800,1600.0
West Bengal,Puruliya,Balarampur,Ridgeguard(Tori),Other,FAQ,19/05/2025,2000,2500,2200.0
West Bengal,Sounth 24 Parganas,Baruipur(Canning),Cucumbar(Kheera),Cucumbar,FAQ,19/05/2025,2800,3000,2900.0
Andhra Pradesh,Anantapur,Anantapur,Mousambi(Sweet Lime),Mousambi,Medium,19/05/2025,400,4300,2500.0
Andhra Pradesh,Chittor,Chittoor,Gur(Jaggery),NO 2,FAQ,19/05/2025,3400,3500,3500.0
Andhra Pradesh,East Godavari,Ravulapelem,Banana,Amruthapani,Large,19/05/2025,2800,3800,3300.0
Andhra Pradesh,East Godavari,Ravulapelem,Banana,Chakkarakeli(Red),Large,19/05/2025,3700,4700,4500.0
Andhra Pradesh,Kurnool,Nandyal,Maize,Deshi Red,FAQ,19/05/2025,2300,2300,2300.0
Andhra Pradesh,Visakhapatnam,Chintapally,Turmeric,Finger,FAQ,19/05/2025,6000,7000,6500.0
Gujarat,Amreli,Damnagar,Green Chilli,Green Chilly,FAQ,19/05/2025,1550,2550,2200.0
Gujarat,Amreli,Damnagar,Tomato,Local,Non-FAQ,19/05/2025,1650,2550,2050.0
Gujarat,Amreli,Savarkundla,Groundnut,Big (With Shell),Non-FAQ,19/05/2025,4900,5450,5150.0
Gujarat,Anand,Khambhat(Grain Market),Wheat,Other,FAQ,19/05/2025,2350,2700,2500.0
Gujarat,Bharuch,Jambusar(Kaavi),Castor Seed,Other,FAQ,19/05/2025,5600,6000,5800.0
Gujarat,Gandhinagar,Mansa(Manas Veg Yard),Guar,Other,FAQ,19/05/2025,3500,5000,4000.0
Gujarat,Junagarh,Bhesan,Arhar (Tur/Red Gram)(Whole),Other,FAQ,19/05/2025,4500,6500,6000.0
Gujarat,Junagarh,Bhesan,Cotton,Other,FAQ,19/05/2025,5000,7500,6500.0
Gujarat,Junagarh,Bhesan,"Sesamum(Sesame,Gingelly,Til)",Other,FAQ,19/05/2025,6000,9000,7000.0
Gujarat,Junagarh,Mangrol,Corriander seed,Coriander Seed,FAQ,19/05/2025,6500,6550,6530.0
Gujarat,Junagarh,Mangrol,Wheat,Lok-1,FAQ,19/05/2025,2500,2600,2575.0
Gujarat,Navsari,Bilimora,Bottle gourd,Other,FAQ,19/05/2025,1500,2000,1800.0
Gujarat,Navsari,Bilimora,Onion,Nasik,FAQ,19/05/2025,1000,1800,1400.0
Gujarat,Rajkot,Dhoraji,Castor Seed,Castor seed,FAQ,19/05/2025,5655,6130,5955.0
Gujarat,Rajkot,Rajkot(Veg.Sub Yard),Cluster beans,Cluster Beans,FAQ,19/05/2025,3000,5000,4000.0
Gujarat,Rajkot,Rajkot(Veg.Sub Yard),Lemon,Lemon,FAQ,19/05/2025,5000,12000,8500.0
Gujarat,Rajkot,Rajkot(Veg.Sub Yard),Potato,Desi,FAQ,22/03/2025,800,1900,1350.0
Gujarat,Surat,Bardoli(Katod),Bhindi(Ladies Finger),Other,FAQ,19/05/2025,1100,2100,1750.0
Gujarat,Surat,Bardoli(Katod),Brinjal,Other,FAQ,19/05/2025,1250,2200,1650.0
Gujarat,Surat,Mahuva(Anaval),Mango,Raspuri,Medium,19/05/2025,2750,3250,3000.0
Gujarat,Surat,Surat,Banana - Green,Other,FAQ,19/05/2025,1000,2000,1500.0
Gujarat,Surat,Surat,Drumstick,Other,FAQ,19/05/2025,1000,3800,2400.0
Gujarat,Surat,Surat,Elephant Yam (Suran),Other,FAQ,19/05/2025,6500,7000,6750.0
Gujarat,Surat,Surat,Ginger(Green),Other,FAQ,19/05/2025,1500,2500,2000.0
Gujarat,Surat,Surat,Pointed gourd (Parval),Other,FAQ,19/05/2025,2500,6000,4250.0
Gujarat,Surat,Surat,Surat Beans (Papadi),Other,FAQ,19/05/2025,4500,10000,7250.0
Gujarat,Surat,Surat,Sweet Potato,Other,FAQ,19/05/2025,1500,2800,2150.0
Gujarat,Surendranagar,Vadhvan,Banana,Other,Medium,19/05/2025,2500,3000,2750.0
Gujarat,Surendranagar,Vadhvan,Cauliflower,Cauliflower,FAQ,19/05/2025,2500,3500,3000.0
Gujarat,Surendranagar,Vadhvan,Cucumbar(Kheera),Cucumbar,FAQ,19/05/2025,500,1000,750.0
Gujarat,Surendranagar,Vadhvan,Mango,Badami,Medium,19/05/2025,8000,10000,9000.0
Gujarat,Surendranagar,Vadhvan,Onion Green,Onion Green,FAQ,19/05/2025,2000,2500,2250.0
Gujarat,Surendranagar,Vadhvan,Potato,Potato,Non-FAQ,23/03/2025,1500,2000,1750.0
Gujarat,Vadodara(Baroda),Padra,Cabbage,Other,FAQ,19/05/2025,600,1000,800.0
Gujarat,Vadodara(Baroda),Padra,Sponge gourd,Other,FAQ,19/05/2025,1500,2500,2000.0
Haryana,Fatehabad,Fatehabad,Apple,Other,Large,19/05/2025,12000,12000,12000.0
Haryana,Fatehabad,Fatehabad,Mango,Other,Large,19/05/2025,5000,5000,5000.0
Haryana,Fatehabad,Fatehabad,Onion,Other,FAQ,19/05/2025,1200,1200,1200.0
Haryana,Fatehabad,Fatehabad,Tomato,Other,FAQ,19/05/2025,1000,1000,1000.0
Haryana,Gurgaon,Gurgaon,Apple,Other,Large,19/05/2025,10000,15000,12500.0
Haryana,Gurgaon,Gurgaon,Bottle gourd,Bottle Gourd,FAQ,19/05/2025,800,1200,1000.0
Haryana,Gurgaon,Gurgaon,Cabbage,Other,FAQ,19/05/2025,800,1200,1000.0
Haryana,Gurgaon,Gurgaon,Pomegranate,Other,Large,19/05/2025,5000,10000,7500.0
Haryana,Hissar,Barwala(Hisar),Banana,Other,Medium,19/05/2025,3000,4000,3500.0
Haryana,Hissar,Barwala(Hisar),Onion,Other,FAQ,19/05/2025,900,1000,1000.0
Haryana,Hissar,Barwala(Hisar),Tomato,Other,FAQ,19/05/2025,700,1000,900.0
Haryana,Hissar,Barwala(Hisar),Water Melon,Other,Medium,19/05/2025,400,500,500.0
Haryana,Hissar,Hansi,Bitter gourd,Other,FAQ,19/05/2025,2000,3000,2500.0
Haryana,Hissar,Hansi,Bottle gourd,Other,FAQ,19/05/2025,1000,2000,1500.0
Haryana,Hissar,Hansi,Chikoos(Sapota),Other,Medium,19/05/2025,2000,4000,3000.0
Haryana,Hissar,Hansi,Onion,Other,Non-FAQ,19/05/2025,1000,2000,1500.0
Haryana,Hissar,Uklana,Apple,Apple,Medium,19/05/2025,7000,7000,7000.0
Haryana,Hissar,Uklana,Banana - Green,Banana - Green,FAQ,19/05/2025,1500,1500,1500.0
Haryana,Hissar,Uklana,Tomato,Other,FAQ,19/05/2025,600,700,700.0
Haryana,Kaithal,Dhand,Apple,Other,Medium,19/05/2025,8500,9000,8900.0
Haryana,Kurukshetra,Babain,Onion,Local,FAQ,19/05/2025,250,979,800.0
Haryana,Mahendragarh-Narnaul,Narnaul,Capsicum,Capsicum,FAQ,19/05/2025,2000,2000,2000.0
Haryana,Mahendragarh-Narnaul,Narnaul,Cucumbar(Kheera),Cucumbar,FAQ,19/05/2025,1200,1600,1500.0
Haryana,Mahendragarh-Narnaul,Narnaul,Green Chilli,Green Chilly,FAQ,19/05/2025,2500,3000,3000.0
Haryana,Mahendragarh-Narnaul,Narnaul,Karbuja(Musk Melon),Karbhuja,Medium,19/05/2025,1500,2000,1600.0
Haryana,Mahendragarh-Narnaul,Narnaul,Mango (Raw-Ripe),Mango - Raw-Ripe,FAQ,19/05/2025,2000,2500,2500.0
Haryana,Mahendragarh-Narnaul,Narnaul,Pumpkin,Pumpkin,FAQ,19/05/2025,500,700,600.0
Haryana,Mewat,FerozpurZirkha(Nagina),Brinjal,Other,FAQ,19/05/2025,1200,1600,1400.0
Haryana,Mewat,Tauru,Bhindi(Ladies Finger),Bhindi,FAQ,19/05/2025,2000,2000,2000.0
Haryana,Mewat,Tauru,Spinach,Other,FAQ,19/05/2025,1000,1000,1000.0
Haryana,Panipat,Panipat,Chikoos(Sapota),Other,Medium,19/05/2025,1700,2200,1950.0
Haryana,Panipat,Samalkha,Bitter gourd,Bitter Gourd,FAQ,19/05/2025,1600,1600,1600.0
Haryana,Panipat,Samalkha,Ginger(Dry),Other,FAQ,19/05/2025,6000,6000,6000.0
Haryana,Rewari,Kosli,Pumpkin,Other,FAQ,19/05/2025,1000,1000,1000.0
Haryana,Rohtak,Meham,Banana,Other,Medium,19/05/2025,1500,1800,1700.0
Haryana,Rohtak,Meham,Bottle gourd,Bottle Gourd,FAQ,19/05/2025,2000,2000,2000.0
Haryana,Rohtak,Meham,Cucumbar(Kheera),Cucumbar,FAQ,19/05/2025,1000,1200,1100.0
Haryana,Rohtak,Meham,Water Melon,Other,Medium,19/05/2025,600,600,600.0
Haryana,Sonipat,Ganaur,Bottle gourd,Bottle Gourd,FAQ,19/05/2025,1400,1500,1400.0
Haryana,Sonipat,Ganaur,Mango,Other,Medium,19/05/2025,4500,5000,4800.0
Haryana,Sonipat,Ganaur,Mousambi(Sweet Lime),Mousambi,Medium,19/05/2025,3000,3500,3200.0
Haryana,Sonipat,Ganaur,Spinach,Spinach,FAQ,19/05/2025,1800,2000,1800.0
Haryana,Sonipat,Ganaur,Water Melon,Water Melon,Medium,19/05/2025,800,1000,1000.0
Haryana,Sonipat,Gohana,Banana - Green,Other,FAQ,19/05/2025,2000,2500,2200.0
Haryana,Sonipat,Gohana,Bhindi(Ladies Finger),Other,FAQ,19/05/2025,1800,2500,2000.0
Haryana,Sonipat,Gohana,Cucumbar(Kheera),Other,FAQ,19/05/2025,1000,3000,2000.0
Haryana,Sonipat,Gohana,Tomato,Other,FAQ,19/05/2025,800,1200,1000.0
Haryana,Yamuna Nagar,Radaur,Bitter gourd,Other,FAQ,19/05/2025,1500,2000,1700.0
Haryana,Yamuna Nagar,Radaur,Capsicum,Capsicum,FAQ,19/05/2025,1500,1800,1700.0
Haryana,Yamuna Nagar,Radaur,Cauliflower,Other,FAQ,19/05/2025,2500,3500,3000.0
Haryana,Yamuna Nagar,Radaur,Karbuja(Musk Melon),Other,Medium,19/05/2025,900,1200,1100.0
Haryana,Yamuna Nagar,Sadhaura,Banana,Banana - Ripe,Medium,19/05/2025,2500,2500,2500.0
Haryana,Yamuna Nagar,Sadhaura,Bhindi(Ladies Finger),Bhindi,FAQ,19/05/2025,1000,1300,1150.0
Haryana,Yamuna Nagar,Sadhaura,Cucumbar(Kheera),Cucumbar,FAQ,19/05/2025,800,1000,900.0
Himachal Pradesh,Chamba,Chamba,Capsicum,Other,FAQ,19/05/2025,3500,4000,3750.0
Himachal Pradesh,Chamba,Chamba,Cucumbar(Kheera),Other,FAQ,19/05/2025,1600,1800,1700.0
Himachal Pradesh,Chamba,Chamba,Grapes,Other,Medium,19/05/2025,10000,12000,11000.0
Himachal Pradesh,Chamba,Chamba,Tomato,Other,FAQ,19/05/2025,1600,2000,1800.0
Himachal Pradesh,Hamirpur,Hamirpur,Apple,Other,Medium,19/05/2025,16000,17000,16500.0
Himachal Pradesh,Hamirpur,Hamirpur,Banana,Other,Medium,19/05/2025,3000,3400,3200.0
Himachal Pradesh,Hamirpur,Hamirpur,Bottle gourd,Other,FAQ,19/05/2025,1600,1800,1700.0
Himachal Pradesh,Hamirpur,Hamirpur,Cauliflower,Other,FAQ,19/05/2025,5500,6000,5800.0
Himachal Pradesh,Hamirpur,Hamirpur,Coriander(Leaves),Other,FAQ,19/05/2025,8000,9000,8500.0
Himachal Pradesh,Hamirpur,Hamirpur,Garlic,Garlic,FAQ,19/05/2025,11000,14000,12500.0
Himachal Pradesh,Hamirpur,Hamirpur,Papaya,Other,Medium,19/05/2025,4000,4200,4100.0
Himachal Pradesh,Hamirpur,Hamirpur,Pomegranate,Other,Medium,19/05/2025,11000,14000,12500.0
Himachal Pradesh,Hamirpur,Hamirpur,Potato,Desi,FAQ,24/03/2025,1000,1200,1100.0
Himachal Pradesh,Hamirpur,Hamirpur,Spinach,Other,FAQ,19/05/2025,3500,4000,3800.0
Himachal Pradesh,Hamirpur,Hamirpur,Squash(Chappal Kadoo),Other,FAQ,19/05/2025,1200,1400,1300.0
Himachal Pradesh,Kangra,Dharamshala,Bottle gourd,Bottle Gourd,FAQ,19/05/2025,1400,1600,1500.0
Himachal Pradesh,Kangra,Dharamshala,Carrot,Other,FAQ,19/05/2025,2000,2500,2250.0
Himachal Pradesh,Kangra,Dharamshala,Green Chilli,Other,FAQ,19/05/2025,3000,3500,3250.0
Himachal Pradesh,Kangra,Kangra,Bitter gourd,Other,FAQ,19/05/2025,2000,3000,2500.0
Himachal Pradesh,Kangra,Kangra,Cucumbar(Kheera),Other,FAQ,19/05/2025,1000,1500,1200.0
Himachal Pradesh,Kangra,Kangra,Green Chilli,Other,FAQ,19/05/2025,2500,3000,2700.0
Himachal Pradesh,Kangra,Kangra,Peas cod,Other,FAQ,19/05/2025,8000,9000,8500.0
Himachal Pradesh,Kangra,Kangra,Pomegranate,Other,Medium,19/05/2025,9000,11000,10000.0
Himachal Pradesh,Kangra,Kangra(Baijnath),Karbuja(Musk Melon),Karbhuja,Medium,19/05/2025,3000,3500,3200.0
Himachal Pradesh,Kangra,Kangra(Baijnath),Onion,Onion,FAQ,19/05/2025,1600,1800,1700.0
Himachal Pradesh,Kangra,Kangra(Baijnath),Potato,Potato,FAQ,25/03/2025,1100,1300,1200.0
Himachal Pradesh,Kangra,Kangra(Baijnath),Pumpkin,Other,FAQ,19/05/2025,1500,1600,1500.0
Himachal Pradesh,Kangra,Kangra(Baijnath),Water Melon,Other,Medium,19/05/2025,1500,1700,1600.0
Himachal Pradesh,Kangra,Kangra(Jaisinghpur),Apple,Kasmir/Shimla - II,Medium,19/05/2025,15000,16500,15800.0
Himachal Pradesh,Kangra,Kangra(Jaisinghpur),Bitter gourd,Bitter Gourd,FAQ,19/05/2025,3200,3500,3400.0
Himachal Pradesh,Kangra,Kangra(Jaisinghpur),Cucumbar(Kheera),Cucumbar,FAQ,19/05/2025,1500,1600,1550.0
Himachal Pradesh,Kangra,Kangra(Jaisinghpur),Green Chilli,Green Chilly,FAQ,19/05/2025,3000,3200,3100.0
Himachal Pradesh,Kangra,Kangra(Jaisinghpur),Guava,Guava,Medium,19/05/2025,11000,12500,11300.0
Himachal Pradesh,Kangra,Kangra(Jaisinghpur),Pineapple,Other,Medium,19/05/2025,4800,5200,5000.0
Himachal Pradesh,Kangra,Kangra(Jaisinghpur),Potato,Potato,FAQ,26/03/2025,1300,1400,1350.0
Himachal Pradesh,Kangra,Kangra(Jaisinghpur),Tinda,Other,FAQ,19/05/2025,3000,3200,3100.0
Himachal Pradesh,Kangra,Kangra(Jaisinghpur),Water Melon,Other,Medium,19/05/2025,1500,1600,1550.0
Himachal Pradesh,Kangra,Kangra(Nagrota Bagwan),Cabbage,Cabbage,FAQ,19/05/2025,1000,1200,1100.0
Himachal Pradesh,Kangra,Kangra(Nagrota Bagwan),French Beans (Frasbean),French Beans (Frasbean),FAQ,19/05/2025,7000,7500,7200.0
Himachal Pradesh,Kangra,Kangra(Nagrota Bagwan),Mousambi(Sweet Lime),Mousambi,Medium,19/05/2025,5000,6000,5500.0
Himachal Pradesh,Kangra,Palampur,Capsicum,Capsicum,FAQ,19/05/2025,2800,3200,3000.0
Himachal Pradesh,Kangra,Palampur,Cherry,Cherry,Medium,19/05/2025,23000,24000,23500.0
Himachal Pradesh,Kangra,Palampur,Coriander(Leaves),Coriander,FAQ,19/05/2025,3800,4000,3900.0
Himachal Pradesh,Kangra,Palampur,French Beans (Frasbean),Other,FAQ,19/05/2025,6000,6500,6300.0
Himachal Pradesh,Kangra,Palampur,Pomegranate,Other,Medium,19/05/2025,10000,11000,10500.0
Himachal Pradesh,Solan,Solan(Nalagarh),Bhindi(Ladies Finger),Other,FAQ,19/05/2025,2800,3200,3000.0
Himachal Pradesh,Solan,Solan(Nalagarh),Lemon,Other,FAQ,19/05/2025,9000,10000,9500.0
Jammu and Kashmir,Kathua,Kathua,Bhindi(Ladies Finger),Other,FAQ,19/05/2025,2000,2500,2250.0
Jammu and Kashmir,Kathua,Kathua,Carrot,Other,FAQ,19/05/2025,1500,1600,1550.0
Jammu and Kashmir,Kathua,Kathua,Cauliflower,Other,FAQ,19/05/2025,3000,3500,3250.0
Jammu and Kashmir,Kathua,Kathua,Mango,Safeda,Medium,19/05/2025,6000,7000,6500.0
Jammu and Kashmir,Kathua,Kathua,Water Melon,Other,Medium,19/05/2025,1000,1200,1100.0
Jammu and Kashmir,Rajouri,Rajouri (F&V),Bitter gourd,Other,FAQ,19/05/2025,2000,2200,2100.0
Jammu and Kashmir,Rajouri,Rajouri (F&V),Cabbage,Other,FAQ,19/05/2025,1500,1700,1600.0
Jammu and Kashmir,Rajouri,Rajouri (F&V),Carrot,Other,FAQ,19/05/2025,2000,2200,2100.0
Kerala,Alappuzha,Chengannur,Banana - Green,Banana - Green,FAQ,19/05/2025,4500,5000,4800.0
Kerala,Alappuzha,Chengannur,Beetroot,Beetroot,FAQ,19/05/2025,3800,4300,4000.0
Kerala,Alappuzha,Chengannur,Brinjal,Brinjal,FAQ,19/05/2025,3400,3700,3600.0
Kerala,Alappuzha,Chengannur,Drumstick,Other,FAQ,19/05/2025,6000,6500,6200.0
Kerala,Alappuzha,Chengannur,Garlic,Garlic,FAQ,19/05/2025,0,0,11000.0
Kerala,Alappuzha,Chengannur,Tomato,Tomato,FAQ,19/05/2025,3500,4200,4000.0
Kerala,Alappuzha,Cherthala,Ashgourd,Other,FAQ,19/05/2025,2200,2400,2300.0
Kerala,Alappuzha,Cherthala,Bhindi(Ladies Finger),Bhindi,FAQ,19/05/2025,5000,5500,5200.0
Kerala,Alappuzha,Cherthala,Carrot,Carrot,FAQ,19/05/2025,4000,4500,4100.0
Kerala,Alappuzha,Harippad,Ashgourd,Other,FAQ,19/05/2025,3000,3500,3000.0
Kerala,Alappuzha,Harippad,Banana - Green,Other,FAQ,19/05/2025,5000,5500,5000.0
Kerala,Alappuzha,Harippad,Bitter gourd,Other,FAQ,19/05/2025,5000,5500,5000.0
Kerala,Alappuzha,Harippad,Brinjal,Other,FAQ,19/05/2025,4000,4500,4000.0
Kerala,Alappuzha,Harippad,Cauliflower,Other,FAQ,19/05/2025,4000,4500,4000.0
Kerala,Alappuzha,Mannar,Banana - Green,Other,FAQ,19/05/2025,6000,6200,6100.0
Kerala,Alappuzha,Mannar,Brinjal,Other,FAQ,19/05/2025,3000,3200,3100.0
Kerala,Alappuzha,Mannar,Cowpea(Veg),Other,FAQ,19/05/2025,5000,5200,5100.0
Kerala,Alappuzha,Mannar,Green Chilli,Other,FAQ,19/05/2025,4000,4200,4100.0
Kerala,Alappuzha,Mannar,Pumpkin,Other,FAQ,19/05/2025,2000,2200,2100.0
Kerala,Alappuzha,Mannar,Snakeguard,Snakeguard,FAQ,19/05/2025,3500,3700,3600.0
Kerala,Ernakulam,Angamaly,Carrot,Carrot,FAQ,19/05/2025,3500,5000,4200.0
Kerala,Ernakulam,Angamaly,Cluster beans,Cluster Beans,FAQ,19/05/2025,2800,4000,3500.0
Kerala,Ernakulam,Angamaly,Cucumbar(Kheera),Other,FAQ,19/05/2025,6000,7000,6500.0
Kerala,Ernakulam,Angamaly,Drumstick,Drumstick,FAQ,19/05/2025,6500,10000,8000.0
Kerala,Ernakulam,Angamaly,Ginger(Green),Green Ginger,FAQ,19/05/2025,6000,10000,8000.0
Kerala,Ernakulam,Ernakulam,Amphophalus,Amphophalus,FAQ,19/05/2025,6100,6600,6400.0
Kerala,Ernakulam,Malayattoor  VFPCK,Banana,Nendra Bale,Large,19/05/2025,0,0,4400.0
Kerala,Ernakulam,Malayattoor  VFPCK,Banana,Robusta,Large,19/05/2025,0,0,1400.0
Kerala,Ernakulam,North Paravur,Amaranthus,Amaranthus,FAQ,19/05/2025,2000,3000,2500.0
Kerala,Ernakulam,North Paravur,Cabbage,Cabbage,FAQ,19/05/2025,1800,2200,2000.0
Kerala,Ernakulam,North Paravur,Cucumbar(Kheera),Cucumbar,FAQ,19/05/2025,1500,2500,2000.0
Kerala,Ernakulam,North Paravur,Garlic,Average,FAQ,19/05/2025,11500,16000,13000.0
Kerala,Ernakulam,North Paravur,Green Chilli,Green Chilly,FAQ,19/05/2025,3000,4000,3500.0
Kerala,Ernakulam,North Paravur,Little gourd (Kundru),Little gourd (Kundru),FAQ,19/05/2025,4000,5000,4500.0
Kerala,Ernakulam,North Paravur,Mango (Raw-Ripe),Mango - Raw-Ripe,FAQ,19/05/2025,3500,4500,4000.0
Kerala,Ernakulam,North Paravur,Pineapple,Other,Medium,19/05/2025,4000,5000,4500.0
Kerala,Ernakulam,Perumbavoor,Amaranthus,Amaranthus,FAQ,19/05/2025,2300,3300,2500.0
Kerala,Ernakulam,Perumbavoor,Ashgourd,Ashgourd,FAQ,19/05/2025,1000,2000,1500.0
Kerala,Ernakulam,Perumbavoor,Banana,Palayamthodan,Medium,19/05/2025,2200,3200,2700.0
Kerala,Ernakulam,Perumbavoor,Bitter gourd,Bitter Gourd,FAQ,19/05/2025,5200,6200,5800.0
Kerala,Ernakulam,Perumbavoor,Cowpea(Veg),Cowpea (Veg),FAQ,19/05/2025,5000,6000,5500.0
Kerala,Ernakulam,Perumbavoor,Drumstick,Drumstick,FAQ,19/05/2025,7500,8500,8000.0
Kerala,Ernakulam,Perumbavoor,Tapioca,Tapioca,FAQ,19/05/2025,1500,2500,2000.0
Kerala,Ernakulam,Thrippunithura,Bottle gourd,Bottle Gourd,FAQ,19/05/2025,4000,5000,4200.0
Kerala,Ernakulam,Thrippunithura,Brinjal,Brinjal,FAQ,19/05/2025,4800,6000,5000.0
Kerala,Ernakulam,Thrippunithura,Cabbage,Cabbage,FAQ,19/05/2025,3300,4000,3500.0
Kerala,Ernakulam,Thrippunithura,Indian Beans (Seam),Other,FAQ,19/05/2025,10000,12000,11000.0
Kerala,Ernakulam,Thrippunithura,Leafy Vegetable,Other,FAQ,19/05/2025,6000,8000,6500.0
Kerala,Ernakulam,Thrippunithura,Little gourd (Kundru),Other,FAQ,19/05/2025,3800,5000,4000.0
Kerala,Ernakulam,Thrippunithura,Potato,Potato,FAQ,27/03/2025,3800,4000,3800.0
Kerala,Idukki,Munnar,Orange,Other,Medium,19/05/2025,8000,9000,8500.0
Kerala,Idukki,Munnar,Raddish,Other,FAQ,19/05/2025,3000,4000,3500.0
Kerala,Idukki,Munnar,Snakeguard,Other,FAQ,19/05/2025,4000,5000,4500.0
Kerala,Idukki,Munnar,Tender Coconut,Other,Medium,19/05/2025,5000,6000,5000.0
Kerala,Kannur,Kannur,Banana - Green,Other,FAQ,19/05/2025,6000,6200,6100.0
Kerala,Kannur,Kannur,Coconut Oil,Other,FAQ,19/05/2025,31000,32000,31500.0
Kerala,Kannur,Kannur,Cowpea(Veg),Cowpea (Veg),FAQ,19/05/2025,3500,3900,3700.0
Kerala,Kottayam,Ettumanoor,Bhindi(Ladies Finger),Other,FAQ,19/05/2025,3200,3400,3300.0
Kerala,Kottayam,Ettumanoor,Brinjal,Other,FAQ,19/05/2025,2500,2700,2600.0
Kerala,Kottayam,Ettumanoor,Cabbage,Other,FAQ,19/05/2025,2100,2300,2200.0
Kerala,Kottayam,Ettumanoor,Cucumbar(Kheera),Cucumbar,FAQ,19/05/2025,1500,1700,1600.0
Kerala,Kottayam,Ettumanoor,Elephant Yam (Suran),Other,FAQ,19/05/2025,6000,7000,6500.0
Kerala,Kottayam,Ettumanoor,Ginger(Green),Green Ginger,FAQ,19/05/2025,4000,4400,4200.0
Kerala,Kottayam,Ettumanoor,Mango (Raw-Ripe),Mango - Raw-Ripe,FAQ,19/05/2025,2800,3200,3000.0
Kerala,Kottayam,Ettumanoor,Onion,Onion,FAQ,19/05/2025,5000,6000,5500.0
Kerala,Kottayam,Ettumanoor,Pumpkin,Pumpkin,FAQ,19/05/2025,1400,1800,1600.0
Kerala,Kottayam,Pampady,Amaranthus,Amaranthus,FAQ,19/05/2025,3000,4500,4000.0
Kerala,Kottayam,Pampady,Bitter gourd,Bitter Gourd,FAQ,19/05/2025,7000,8000,7500.0
Kerala,Kottayam,Pampady,Elephant Yam (Suran),Other,FAQ,19/05/2025,6500,7500,7000.0
Kerala,Kottayam,Pampady,Green Chilli,Green Chilly,FAQ,19/05/2025,3000,4000,3500.0
Kerala,Kottayam,Pampady,Onion,Big,FAQ,19/05/2025,1900,2400,2000.0
Kerala,Kottayam,Pampady,Pumpkin,Pumpkin,FAQ,19/05/2025,1500,3000,2500.0
Kerala,Kozhikode(Calicut),Mukkom,Ashgourd,Other,FAQ,19/05/2025,1400,1800,1600.0
Kerala,Kozhikode(Calicut),Mukkom,Grapes,Other,Large,19/05/2025,6000,7000,6500.0
Kerala,Kozhikode(Calicut),Mukkom,Green Chilli,Green Chilly,FAQ,19/05/2025,4600,5000,4800.0
Kerala,Kozhikode(Calicut),Mukkom,Onion,Onion,FAQ,19/05/2025,1800,2200,2000.0
Kerala,Kozhikode(Calicut),Mukkom,Orange,Other,Large,19/05/2025,11500,12500,12000.0
Kerala,Kozhikode(Calicut),Palayam,Banana - Green,Other,FAQ,19/05/2025,4000,4000,4000.0
Kerala,Kozhikode(Calicut),Palayam,Cabbage,Other,FAQ,19/05/2025,1200,1200,1200.0
Kerala,Kozhikode(Calicut),Palayam,Ginger(Green),Other,FAQ,19/05/2025,3300,3300,3300.0
Kerala,Kozhikode(Calicut),Palayam,Tomato,Other,FAQ,19/05/2025,1500,1500,1500.0
Kerala,Kozhikode(Calicut),Perambra,Amaranthus,Amaranthus,FAQ,19/05/2025,2500,3000,3000.0
Kerala,Kozhikode(Calicut),Perambra,Ashgourd,Other,FAQ,19/05/2025,1400,1700,1500.0
Kerala,Kozhikode(Calicut),Perambra,Bitter gourd,Other,FAQ,19/05/2025,6000,6500,6200.0
Kerala,Kozhikode(Calicut),Quilandy,Amaranthus,Other,FAQ,19/05/2025,2700,2800,2800.0
Kerala,Kozhikode(Calicut),Quilandy,Ashgourd,Other,FAQ,19/05/2025,1300,1400,1300.0
Kerala,Kozhikode(Calicut),Quilandy,Bitter gourd,Other,FAQ,19/05/2025,5900,6200,6000.0
Kerala,Kozhikode(Calicut),Quilandy,Brinjal,Other,FAQ,19/05/2025,2700,3000,2800.0
Kerala,Kozhikode(Calicut),Quilandy,Carrot,Other,FAQ,19/05/2025,3800,4000,3800.0
Kerala,Kozhikode(Calicut),Quilandy,Cauliflower,Other,FAQ,19/05/2025,2800,3000,2800.0
Kerala,Kozhikode(Calicut),Quilandy,Coriander(Leaves),Other,FAQ,19/05/2025,7800,8000,8000.0
Kerala,Kozhikode(Calicut),Quilandy,Snakeguard,Other,FAQ,19/05/2025,3000,3200,3000.0
Kerala,Kozhikode(Calicut),Vengeri(Kozhikode),Amaranthus,Amaranthus,FAQ,19/05/2025,1800,2100,2100.0
Kerala,Kozhikode(Calicut),Vengeri(Kozhikode),Brinjal,Brinjal,FAQ,19/05/2025,2100,2400,2400.0
Kerala,Kozhikode(Calicut),Vengeri(Kozhikode),Snakeguard,Snakeguard,FAQ,19/05/2025,2300,2600,2600.0
Kerala,Malappuram,Kottakkal,Amaranthus,Amaranthus,FAQ,19/05/2025,1800,2000,1900.0
Kerala,Malappuram,Kottakkal,Amla(Nelli Kai),Other,FAQ,19/05/2025,4300,4500,4400.0
Kerala,Malappuram,Kottakkal,Amphophalus,Other,FAQ,19/05/2025,5800,6000,5900.0
Kerala,Malappuram,Kottakkal,Apple,Other,Large,19/05/2025,16800,17000,16900.0
Kerala,Malappuram,Kottakkal,Banana - Green,Banana - Green,FAQ,19/05/2025,3000,3200,3100.0
Kerala,Malappuram,Kottakkal,Bitter gourd,Bitter Gourd,FAQ,19/05/2025,6300,6500,6400.0
Kerala,Malappuram,Kottakkal,Bottle gourd,Other,FAQ,19/05/2025,1800,2000,1900.0
Kerala,Malappuram,Kottakkal,Cabbage,Other,FAQ,19/05/2025,1200,1400,1300.0
Kerala,Malappuram,Kottakkal,Green Chilli,Other,FAQ,19/05/2025,3600,3800,3700.0
Kerala,Malappuram,Kottakkal,Lemon,Other,FAQ,19/05/2025,9300,9500,9400.0
Kerala,Malappuram,Kottakkal,Papaya (Raw),Other,FAQ,19/05/2025,2800,3000,2900.0
Kerala,Malappuram,Kottakkal,Sweet Potato,Hosur Green,FAQ,19/05/2025,1800,2000,1900.0
Kerala,Malappuram,Perinthalmanna,Amphophalus,Amphophalus,FAQ,19/05/2025,6000,7000,6500.0
Kerala,Malappuram,Perinthalmanna,Ashgourd,Ashgourd,FAQ,19/05/2025,800,1200,1000.0
Kerala,Malappuram,Perinthalmanna,Bottle gourd,Bottle Gourd,FAQ,19/05/2025,1800,2200,2000.0
Kerala,Malappuram,Perinthalmanna,Potato,Potato,FAQ,28/03/2025,2000,2800,2500.0
Kerala,Palakad,Koduvayoor,Banana,Poovan,Medium,19/05/2025,3500,3900,3700.0
Kerala,Palakad,Koduvayoor,Banana - Green,Other,FAQ,19/05/2025,2800,3200,3000.0
Kerala,Palakad,Koduvayoor,Bhindi(Ladies Finger),Other,FAQ,19/05/2025,2500,2900,2700.0
Kerala,Palakad,Koduvayoor,Carrot,Other,FAQ,19/05/2025,3500,3900,3700.0
Kerala,Palakad,Koduvayoor,Drumstick,Other,FAQ,19/05/2025,6500,6900,6700.0
Kerala,Palakad,Koduvayoor,Potato,Other,FAQ,29/03/2025,3500,3900,3700.0
Kerala,Palakad,Koduvayoor,Raddish,Other,FAQ,19/05/2025,2500,2900,2700.0
Kerala,Palakad,Koduvayoor,Tapioca,Other,FAQ,19/05/2025,2800,3200,3000.0
Kerala,Pathanamthitta,Erath  VFPCK,Banana,Nendra Bale,Large,19/05/2025,5000,11000,8300.0
Kerala,Thirssur,Irinjalakkuda,Beetroot,Other,FAQ,19/05/2025,4000,4000,4000.0
Kerala,Thirssur,Thrissur,Banana,Banana - Ripe,Medium,19/05/2025,5600,5800,5700.0
Kerala,Thirssur,Thrissur,Bhindi(Ladies Finger),Bhindi,FAQ,19/05/2025,2200,2200,2200.0
Kerala,Thirssur,Thrissur,Brinjal,Brinjal,FAQ,19/05/2025,2000,2000,2000.0
Kerala,Thirssur,Thrissur,Cowpea(Veg),Cowpea (Veg),FAQ,19/05/2025,2000,2000,2000.0
Kerala,Thirssur,Thrissur,Ginger(Green),Green Ginger,FAQ,19/05/2025,5000,5000,5000.0
Kerala,Thiruvananthapuram,Parassala,Banana,Nendra Bale,Medium,19/05/2025,7800,8000,7800.0
Kerala,Thiruvananthapuram,Parassala,Banana,Palayamthodan,Medium,19/05/2025,3000,3200,3000.0
Kerala,Thiruvananthapuram,Parassala,Brinjal,Round,FAQ,19/05/2025,2800,3000,2800.0
Kerala,Thiruvananthapuram,Parassala,Cabbage,Cabbage,FAQ,19/05/2025,3500,4000,3500.0
Nagaland,Kohima,Kohima,Green Chilli,Green Chilly,FAQ,19/05/2025,16000,16200,16100.0
Odisha,Balasore,Jaleswar,Brinjal,Other,FAQ,19/05/2025,2800,3200,3000.0
Odisha,Balasore,Jaleswar,Pumpkin,Other,FAQ,19/05/2025,600,1000,800.0
Odisha,Bargarh,Attabira,Bottle gourd,Bottle Gourd,FAQ,19/05/2025,1200,1400,1200.0
Odisha,Bargarh,Attabira,Lemon,Other,FAQ,19/05/2025,3600,4000,3800.0
Odisha,Bargarh,Attabira,Potato,Other,FAQ,30/03/2025,1800,2000,1800.0
Odisha,Bargarh,Attabira,Tomato,Other,FAQ,19/05/2025,1800,2200,2000.0
Odisha,Bargarh,Attabira,Water Melon,Other,Large,19/05/2025,1500,2000,1800.0
Odisha,Bhadrak,Chandabali,Tomato,Other,FAQ,19/05/2025,1650,2000,1800.0
Odisha,Boudh,Boudh,Pumpkin,Other,FAQ,19/05/2025,1500,2200,2000.0
Odisha,Boudh,Khunthabandha,Bitter gourd,Other,FAQ,19/05/2025,2000,3000,2500.0
Odisha,Boudh,Khunthabandha,Cabbage,Other,FAQ,19/05/2025,1200,2000,1800.0
Odisha,Boudh,Khunthabandha,Potato,Other,FAQ,31/03/2025,1200,1800,1500.0
Odisha,Boudh,Khunthabandha,Potato,Other,Non-FAQ,01/04/2025,1000,1500,1200.0
Odisha,Dhenkanal,Hindol,Banana - Green,Other,FAQ,19/05/2025,2500,2700,2600.0
Odisha,Dhenkanal,Hindol,Bitter gourd,Bitter Gourd,FAQ,19/05/2025,2500,3000,2800.0
Odisha,Dhenkanal,Hindol,Pumpkin,Pumpkin,FAQ,19/05/2025,1100,1300,1200.0
Odisha,Dhenkanal,Kamakhyanagar,Bitter gourd,Bitter Gourd,FAQ,19/05/2025,4500,5200,5000.0
Odisha,Dhenkanal,Kamakhyanagar,Cucumbar(Kheera),Cucumbar,FAQ,19/05/2025,4000,4200,4000.0
Odisha,Dhenkanal,Kamakhyanagar,Pointed gourd (Parval),Other,FAQ,19/05/2025,4500,5200,5000.0
Odisha,Gajapati,Parlakhemundi,Bhindi(Ladies Finger),Bhindi,FAQ,19/05/2025,800,1000,900.0
Odisha,Gajapati,Parlakhemundi,Green Chilli,Other,FAQ,19/05/2025,2800,3000,2900.0
Odisha,Gajapati,Parlakhemundi,Mango,Other,Small,19/05/2025,2800,3000,2900.0
Odisha,Ganjam,Bhanjanagar,Brinjal,Other,FAQ,19/05/2025,2000,2200,2100.0
Odisha,Ganjam,Bhanjanagar,Cauliflower,African Sarson,FAQ,19/05/2025,2600,2800,2700.0
Odisha,Ganjam,Bhanjanagar,Papaya (Raw),Other,FAQ,19/05/2025,1400,1600,1500.0
Odisha,Kendrapara,Kendrapara,Bhindi(Ladies Finger),Bhindi,FAQ,19/05/2025,3000,4000,3500.0
Odisha,Kendrapara,Kendrapara,Cucumbar(Kheera),Cucumbar,FAQ,19/05/2025,4000,5000,4000.0
Odisha,Kendrapara,Kendrapara,Tomato,Tomato,FAQ,19/05/2025,2500,3000,2500.0
Odisha,Kendrapara,Kendrapara(Marshaghai),Brinjal,Brinjal,FAQ,19/05/2025,3000,4000,3500.0
Odisha,Kendrapara,Kendrapara(Marshaghai),Cucumbar(Kheera),Cucumbar,FAQ,19/05/2025,4000,5000,4000.0
Odisha,Kendrapara,Kendrapara(Marshaghai),Pointed gourd (Parval),Pointed gourd (Parval),FAQ,19/05/2025,4000,5000,4000.0
Odisha,Rayagada,Gunpur,Cabbage,Other,FAQ,19/05/2025,3000,4000,3500.0
Odisha,Sundergarh,Panposh,Bhindi(Ladies Finger),Other,FAQ,19/05/2025,4000,4300,4200.0
Odisha,Sundergarh,Sargipali,Bhindi(Ladies Finger),Other,FAQ,19/05/2025,2000,2500,2200.0
Odisha,Sundergarh,Sargipali,Potato,Other,Non-FAQ,02/04/2025,1500,2000,1700.0
Odisha,Sundergarh,Sargipali,Pumpkin,Pumpkin,FAQ,19/05/2025,800,1200,1000.0
Punjab,Amritsar,Rayya,Green Chilli,Green Chilly,FAQ,19/05/2025,2500,2500,2500.0
Punjab,Amritsar,Rayya,Potato,Other,FAQ,03/04/2025,1300,1300,1300.0
Punjab,Fazilka,Fazilka,Apple,Other,Medium,19/05/2025,8000,15000,10000.0
Punjab,Fazilka,Fazilka,Banana,Other,Medium,19/05/2025,4000,6000,5000.0
Punjab,Fazilka,Fazilka,Bhindi(Ladies Finger),Other,FAQ,19/05/2025,2000,3500,2500.0
Punjab,Fazilka,Fazilka,Bitter gourd,Other,FAQ,19/05/2025,2000,3000,2500.0
Punjab,Fazilka,Fazilka,Ginger(Green),Other,FAQ,19/05/2025,3000,4500,4000.0
Punjab,Fazilka,Fazilka,Pumpkin,Other,FAQ,19/05/2025,500,1000,800.0
Punjab,Hoshiarpur,Garh Shankar,Bhindi(Ladies Finger),Bhindi,FAQ,19/05/2025,1200,1500,1400.0
Punjab,Hoshiarpur,Garh Shankar,Mousambi(Sweet Lime),Mousambi,Medium,19/05/2025,4000,5000,4500.0
Punjab,Hoshiarpur,Garh Shankar,Tinda,Other,FAQ,19/05/2025,1500,2000,1700.0
Punjab,Hoshiarpur,GarhShankar (Kotfatuhi),Banana,Other,Medium,19/05/2025,2500,3000,2800.0
Punjab,Hoshiarpur,Mukerian(Talwara),Banana,Other,Medium,19/05/2025,2600,3200,2900.0
Punjab,Hoshiarpur,Mukerian(Talwara),Green Chilli,Green Chilly,FAQ,19/05/2025,3500,4500,4000.0
Punjab,Hoshiarpur,Tanda Urmur,Ginger(Dry),Other,FAQ,19/05/2025,5000,6000,5500.0
Punjab,Hoshiarpur,Tanda Urmur,Lemon,Other,FAQ,19/05/2025,6000,7000,6500.0
Punjab,Hoshiarpur,Tanda Urmur,Water Melon,Other,Medium,19/05/2025,800,1000,900.0
Punjab,Jalandhar,Nakodar,Little gourd (Kundru),Other,FAQ,19/05/2025,700,800,750.0
Punjab,Ludhiana,Doraha,Green Chilli,Other,FAQ,19/05/2025,1800,2400,2200.0
Punjab,Ludhiana,Khanna,Apple,Other,Medium,19/05/2025,4000,12000,10000.0
Punjab,Ludhiana,Khanna,Banana,Other,Medium,19/05/2025,1600,1600,1600.0
Punjab,Ludhiana,Khanna,Mousambi(Sweet Lime),Other,Medium,19/05/2025,2000,3000,2500.0
Punjab,Ludhiana,Khanna,Water Melon,Other,Medium,19/05/2025,600,1200,800.0
Punjab,Ludhiana,Sahnewal,Bhindi(Ladies Finger),Bhindi,FAQ,19/05/2025,2200,2200,2200.0
Punjab,Moga,Kot ise Khan,Bhindi(Ladies Finger),Other,FAQ,19/05/2025,800,1000,900.0
Punjab,Moga,Kot ise Khan,Brinjal,Other,FAQ,19/05/2025,800,1000,900.0
Punjab,Moga,Kot ise Khan,Green Chilli,Other,FAQ,19/05/2025,1200,1400,1300.0
Punjab,Moga,Kot ise Khan,Potato,Other,Non-FAQ,04/04/2025,800,1000,900.0
Punjab,Moga,Kot ise Khan,Ridgeguard(Tori),Other,FAQ,19/05/2025,1000,1200,1100.0
Punjab,Moga,Kot ise Khan,Tinda,Other,FAQ,19/05/2025,1000,1200,1100.0
Punjab,Moga,Nihal Singh Wala,Bhindi(Ladies Finger),Other,FAQ,19/05/2025,1500,2000,1800.0
Punjab,Moga,Nihal Singh Wala,Onion,Other,FAQ,19/05/2025,1300,1600,1500.0
Punjab,Moga,Nihal Singh Wala,Tomato,Other,FAQ,19/05/2025,800,1000,900.0
Punjab,Nawanshahr,Nawan Shahar(Subzi Mandi),Garlic,Other,FAQ,19/05/2025,6500,7000,6700.0
Punjab,Nawanshahr,Nawan Shahar(Subzi Mandi),Long Melon(Kakri),Long Melon (Kakri),FAQ,19/05/2025,1000,1200,1130.0
Punjab,Nawanshahr,Nawan Shahar(Subzi Mandi),Plum,Other,Medium,19/05/2025,7500,8000,7800.0
Punjab,Nawanshahr,Nawan Shahar(Subzi Mandi),Sponge gourd,Other,FAQ,19/05/2025,2500,3000,2800.0
Punjab,Nawanshahr,Nawan Shahar(Subzi Mandi),Tomato,Other,FAQ,19/05/2025,450,550,530.0
Punjab,Nawanshahr,Nawan Shahar(Subzi Mandi),Water Melon,Other,Medium,19/05/2025,800,1000,920.0
Punjab,Pathankot,Pathankot,Apple,Apple,Medium,19/05/2025,9000,10000,10000.0
Punjab,Pathankot,Pathankot,Bhindi(Ladies Finger),Bhindi,FAQ,19/05/2025,2100,2300,2300.0
Punjab,Pathankot,Pathankot,Garlic,Garlic,FAQ,19/05/2025,4300,5000,5000.0
Punjab,Pathankot,Pathankot,Mango,Other,Medium,19/05/2025,4500,6000,6000.0
Punjab,Pathankot,Pathankot,Tinda,Tinda,FAQ,19/05/2025,1400,1600,1600.0
Punjab,Ropar (Rupnagar),Morinda,Green Chilli,Green Chilly,FAQ,19/05/2025,2000,2500,2300.0
Punjab,Ropar (Rupnagar),Morinda,Papaya,Papaya,Medium,19/05/2025,3500,3500,3500.0
Punjab,Ropar (Rupnagar),Morinda,Water Melon,Water Melon,Medium,19/05/2025,800,1100,900.0
Punjab,Sangrur,Ahmedgarh,Potato,Other,FAQ,05/04/2025,1000,1200,1000.0
Punjab,Sangrur,Ahmedgarh,Tinda,Other,FAQ,19/05/2025,4000,4500,4500.0
Punjab,Sangrur,Ahmedgarh,Tomato,Other,FAQ,19/05/2025,1200,1300,1300.0
Punjab,Tarntaran,Naushera Pannuan,Bottle gourd,Bottle Gourd,FAQ,19/05/2025,1000,1200,1200.0
Punjab,Tarntaran,Naushera Pannuan,Green Chilli,Other,FAQ,19/05/2025,1500,1500,1500.0
Punjab,Tarntaran,Patti,Bottle gourd,Other,FAQ,19/05/2025,500,600,530.0
Rajasthan,Beawar,Beawar,Guar,Other,FAQ,19/05/2025,4500,4850,4675.0
Rajasthan,Ganganagar,Sriganganagar (F&V),Banana,Other,Medium,19/05/2025,2600,3000,2800.0
Rajasthan,Ganganagar,Sriganganagar (F&V),Bitter gourd,Other,FAQ,19/05/2025,1700,2100,1900.0
Rajasthan,Ganganagar,Sriganganagar (F&V),Brinjal,Brinjal,FAQ,19/05/2025,800,1200,1000.0
Rajasthan,Ganganagar,Sriganganagar (F&V),Cucumbar(Kheera),Other,FAQ,19/05/2025,600,800,700.0
Rajasthan,Ganganagar,Sriganganagar (F&V),Karbuja(Musk Melon),Karbhuja,Medium,19/05/2025,1300,1700,1500.0
Rajasthan,Ganganagar,Sriganganagar (F&V),Mousambi(Sweet Lime),Mosambi-Organic,Medium,19/05/2025,3800,4200,4000.0
Rajasthan,Ganganagar,Suratgarh,Garlic,Average,FAQ,19/05/2025,5800,7200,7000.0
Rajasthan,Ganganagar,Suratgarh,Mustard,Other,FAQ,19/05/2025,5537,5894,5740.0
Rajasthan,Jaipur,Jaipur (F&V),Banana,Other,Medium,19/05/2025,1500,2300,1900.0
Rajasthan,Jaipur,Jaipur (F&V),Cabbage,Cabbage,FAQ,19/05/2025,400,500,450.0
Rajasthan,Jaipur,Jaipur (F&V),Karbuja(Musk Melon),Karbhuja,Medium,19/05/2025,1500,2500,2000.0
Rajasthan,Jaipur,Jaipur (F&V),Potato,Other,FAQ,06/04/2025,900,1400,1150.0
Rajasthan,Jaipur,Jaipur (F&V),Tinda,Other,FAQ,19/05/2025,3000,4000,3500.0
Rajasthan,Jaipur Rural,Bassi,Tomato,Other,Non-FAQ,19/05/2025,500,700,600.0
Rajasthan,Jaipur Rural,Bassi,Wheat,Other,Non-FAQ,19/05/2025,2400,2615,2507.0
Rajasthan,Jodhpur,Jodhpur (Grain),Guar Seed(Cluster Beans Seed),Other,FAQ,19/05/2025,4700,4880,4790.0
Rajasthan,Jodhpur Rural,Ositan Mathania,Isabgul (Psyllium),Isabgul (Psyllium),FAQ,19/05/2025,9000,11000,10000.0
Rajasthan,Kota,Kota,Corriander seed,Other,FAQ,19/05/2025,5911,7691,6800.0
Rajasthan,Kota,Kota,Garlic,Average,FAQ,19/05/2025,4450,9400,7000.0
Rajasthan,Kota,Kota,Mustard,Other,FAQ,19/05/2025,5751,6151,5950.0
Rajasthan,Kota,Kota,Paddy(Dhan)(Common),Other,FAQ,19/05/2025,2701,3491,3100.0
Rajasthan,Kota,Kota,Soyabean,Other,FAQ,19/05/2025,4130,4371,4270.0
Rajasthan,Kota,Kota,Wheat,Other,FAQ,19/05/2025,2401,2535,2500.0
Rajasthan,Rajsamand,Rajsamand,Onion,Onion,FAQ,19/05/2025,1000,1400,1200.0
Rajasthan,Rajsamand,Rajsamand,Potato,Potato,FAQ,07/04/2025,900,1100,1000.0
Rajasthan,Sanchore,Sanchore,Potato,Other,FAQ,08/04/2025,1000,1300,1200.0
Telangana,Hyderabad,Mahboob Manison,Bitter gourd,Bitter Gourd,FAQ,19/05/2025,2000,3000,2500.0
Telangana,Hyderabad,Mahboob Manison,French Beans (Frasbean),French Beans (Frasbean),FAQ,19/05/2025,8000,8000,8000.0
Telangana,Hyderabad,Mahboob Manison,Garlic,Average,FAQ,19/05/2025,2000,6000,4000.0
Telangana,Hyderabad,Mahboob Manison,Onion,1st Sort,FAQ,19/05/2025,1100,1500,1400.0
Telangana,Nalgonda,Devarakonda,Paddy(Dhan)(Common),MTU-1010,FAQ,19/05/2025,2300,2300,2300.0
Telangana,Nalgonda,Devarkonda(Dindi),Paddy(Dhan)(Common),MTU-1010,FAQ,19/05/2025,2300,2300,2300.0
Telangana,Nalgonda,Thungathurthy,Paddy(Dhan)(Common),1001,Non-FAQ,19/05/2025,2300,2300,2300.0
Telangana,Ranga Reddy,Kukatpally(Rythu Bazar),Banana - Green,Banana - Green,FAQ,19/05/2025,900,900,900.0
Telangana,Ranga Reddy,Kukatpally(Rythu Bazar),Bitter gourd,Bitter Gourd,FAQ,19/05/2025,3200,3200,3200.0
Telangana,Ranga Reddy,Kukatpally(Rythu Bazar),Capsicum,Capsicum,FAQ,19/05/2025,4700,4700,4700.0
Telangana,Ranga Reddy,Kukatpally(Rythu Bazar),Carrot,Carrot,FAQ,19/05/2025,2800,2800,2800.0
Telangana,Ranga Reddy,Kukatpally(Rythu Bazar),Cauliflower,African Sarson,FAQ,19/05/2025,2300,2300,2300.0
Telangana,Ranga Reddy,Kukatpally(Rythu Bazar),Colacasia,Colacasia,FAQ,19/05/2025,3500,3500,3500.0
Telangana,Ranga Reddy,Kukatpally(Rythu Bazar),Field Pea,Field Pea,FAQ,19/05/2025,6500,6500,6500.0
Telangana,Ranga Reddy,Kukatpally(Rythu Bazar),Green Chilli,Green Chilly,FAQ,19/05/2025,4000,4000,4000.0
Telangana,Ranga Reddy,Kukatpally(Rythu Bazar),Yam (Ratalu),Other,FAQ,19/05/2025,6500,6500,6500.0
Telangana,Ranga Reddy,Mehndipatnam(Rythu Bazar),Bottle gourd,Bottle Gourd,FAQ,19/05/2025,900,900,900.0
Telangana,Ranga Reddy,Mehndipatnam(Rythu Bazar),Cluster beans,Cluster Beans,FAQ,19/05/2025,3500,3500,3500.0
Telangana,Ranga Reddy,Mehndipatnam(Rythu Bazar),Ridgeguard(Tori),Other,FAQ,19/05/2025,3500,3500,3500.0
Telangana,Ranga Reddy,Mehndipatnam(Rythu Bazar),Tomato,Deshi,FAQ,19/05/2025,1300,1300,1300.0
Tripura,Dhalai,Kulai,Indian Beans (Seam),Other,FAQ,19/05/2025,3600,4000,3800.0
Tripura,Dhalai,Kulai,Potato,Local,FAQ,09/04/2025,2300,2500,2400.0
Tripura,Gomati,Nutanbazar,Cowpea(Veg),Cowpea (Veg),FAQ,19/05/2025,3850,4000,3950.0
Tripura,Gomati,Nutanbazar,Ginger(Green),Green Ginger,FAQ,19/05/2025,5850,6000,5950.0
Tripura,Khowai,Teliamura,Cucumbar(Kheera),Cucumbar,FAQ,19/05/2025,3300,3500,3400.0
Tripura,Khowai,Teliamura,Fish,Katla(Big),FAQ,19/05/2025,29000,29200,29100.0
Tripura,Khowai,Teliamura,Potato,Jalander,FAQ,10/04/2025,1700,1900,1800.0
Tripura,Khowai,Teliamura,Ridgeguard(Tori),Ridgeguard(Tori),FAQ,19/05/2025,4000,4200,4100.0
Tripura,North Tripura,Dasda,Potato,Local,FAQ,11/04/2025,1500,2000,1750.0
Tripura,South District,Barpathari,Bitter gourd,Bitter Gourd,FAQ,19/05/2025,5900,6100,6000.0
Tripura,South District,Barpathari,Brinjal,Round/Long,FAQ,19/05/2025,1900,2100,2000.0
Tripura,South District,Barpathari,Cowpea(Veg),Cowpea (Veg),FAQ,19/05/2025,3900,4100,4000.0
Uttar Pradesh,Agra,Fatehabad,Bottle gourd,Bottle Gourd,FAQ,19/05/2025,500,700,700.0
Uttar Pradesh,Agra,Fatehabad,Brinjal,Round,FAQ,19/05/2025,700,900,900.0
Uttar Pradesh,Agra,Fatehabad,Potato,Desi,FAQ,12/04/2025,900,1400,1400.0
Uttar Pradesh,Aligarh,Charra,Onion,Red,FAQ,19/05/2025,1600,1700,1650.0
Uttar Pradesh,Amethi,Sultanpur,Apple,Delicious,Medium,19/05/2025,10560,10635,10600.0
Uttar Pradesh,Amethi,Sultanpur,Banana - Green,Banana - Green,FAQ,19/05/2025,1750,1815,1780.0
Uttar Pradesh,Amethi,Sultanpur,Potato,Desi,Non-FAQ,13/04/2025,980,1010,995.0
Uttar Pradesh,Amroha,Amroha,Bhindi(Ladies Finger),Bhindi,FAQ,19/05/2025,1520,1650,1600.0
Uttar Pradesh,Amroha,Amroha,Bottle gourd,Bottle Gourd,FAQ,19/05/2025,780,900,840.0
Uttar Pradesh,Amroha,Amroha,Green Chilli,Green Chilly,FAQ,19/05/2025,1780,1950,1840.0
Uttar Pradesh,Amroha,Amroha,Pomegranate,Pomogranate,Medium,19/05/2025,8000,8250,8150.0
Uttar Pradesh,Amroha,Amroha,Pumpkin,Pumpkin,FAQ,19/05/2025,650,780,730.0
Uttar Pradesh,Amroha,Amroha,Rice,III,FAQ,19/05/2025,3200,3250,3230.0
Uttar Pradesh,Amroha,Dhanaura,Bottle gourd,Bottle Gourd,FAQ,19/05/2025,800,1000,900.0
Uttar Pradesh,Amroha,Dhanaura,Brinjal,Brinjal,FAQ,19/05/2025,800,1000,900.0
Uttar Pradesh,Badaun,Badayoun,Gur(Jaggery),Red,FAQ,19/05/2025,4090,4170,4115.0
Uttar Pradesh,Badaun,Badayoun,Onion,Nasik,FAQ,19/05/2025,1150,1270,1210.0
Uttar Pradesh,Badaun,Badayoun,Onion,Nasik,Non-FAQ,19/05/2025,1050,1150,1100.0
Uttar Pradesh,Badaun,Badayoun,Tomato,Deshi,FAQ,19/05/2025,750,870,810.0
Uttar Pradesh,Badaun,Ujhani,Brinjal,Brinjal,FAQ,19/05/2025,1300,1380,1340.0
Uttar Pradesh,Badaun,Ujhani,Raddish,Raddish,FAQ,19/05/2025,1350,1450,1410.0
Uttar Pradesh,Badaun,Ujhani,Ridgeguard(Tori),Ridgeguard(Tori),FAQ,19/05/2025,1750,1850,1800.0
Uttar Pradesh,Badaun,Ujhani,Water Melon,Water Melon,Medium,19/05/2025,900,1000,950.0
Uttar Pradesh,Badaun,Ujhani,Wheat,Dara,FAQ,19/05/2025,2450,2520,2485.0
Uttar Pradesh,Badaun,Ujhani,Wheat,Dara,Non-FAQ,19/05/2025,2400,2450,2425.0
Uttar Pradesh,Bahraich,Naanpara,Potato,Potato,FAQ,14/04/2025,1700,1800,1750.0
Uttar Pradesh,Ballia,Rasda,Apple,American,Medium,19/05/2025,10910,11020,10970.0
Uttar Pradesh,Ballia,Rasda,Barley (Jau),Dara,FAQ,19/05/2025,2220,2345,2290.0
Uttar Pradesh,Ballia,Rasda,Lemon,Lemon,FAQ,19/05/2025,7165,7310,7250.0
Uttar Pradesh,Ballia,Rasda,Pointed gourd (Parval),Pointed gourd (Parval),FAQ,19/05/2025,2300,2410,2365.0
Uttar Pradesh,Ballia,Rasda,Pumpkin,Pumpkin,FAQ,19/05/2025,720,865,790.0
Uttar Pradesh,Ballia,Rasda,Rice,III,FAQ,19/05/2025,3245,3390,3310.0
Uttar Pradesh,Ballia,Rasda,Tomato,Deshi,FAQ,19/05/2025,710,835,780.0
Uttar Pradesh,Balrampur,Balrampur,Apple,Delicious,Medium,19/05/2025,11500,11700,11600.0
Uttar Pradesh,Balrampur,Balrampur,Bhindi(Ladies Finger),Bhindi,FAQ,19/05/2025,1450,1685,1580.0
Uttar Pradesh,Balrampur,Balrampur,Tomato,Deshi,FAQ,19/05/2025,1020,1230,1125.0
Uttar Pradesh,Balrampur,Tulsipur,Apple,Kasmir/Shimla - II,Medium,19/05/2025,11010,11050,11030.0
Uttar Pradesh,Balrampur,Tulsipur,Green Chilli,Green Chilly,FAQ,19/05/2025,2300,2370,2350.0
Uttar Pradesh,Bareilly,Anwala,Green Chilli,Green Chilly,FAQ,19/05/2025,1000,1200,1100.0
Uttar Pradesh,Bareilly,Anwala,Ridgeguard(Tori),Ridgeguard(Tori),FAQ,19/05/2025,1000,1200,1100.0
Uttar Pradesh,Bareilly,Anwala,Tomato,Deshi,FAQ,19/05/2025,1000,1200,1100.0
Uttar Pradesh,Bijnor,Bijnaur,Potato,Desi,FAQ,15/04/2025,1100,1160,1120.0
Uttar Pradesh,Bijnor,Kiratpur,Banana - Green,Banana - Green,FAQ,19/05/2025,1400,1500,1450.0
Uttar Pradesh,Bijnor,Kiratpur,Brinjal,Brinjal,FAQ,19/05/2025,1200,1300,1250.0
Uttar Pradesh,Bulandshahar,Gulavati,Cauliflower,Cauliflower,FAQ,19/05/2025,1100,1300,1200.0
Uttar Pradesh,Bulandshahar,Gulavati,Colacasia,Other,FAQ,19/05/2025,1200,1400,1300.0
Uttar Pradesh,Bulandshahar,Gulavati,Garlic,Desi,FAQ,19/05/2025,5100,5300,5200.0
Uttar Pradesh,Bulandshahar,Gulavati,Ginger(Green),Green Ginger,FAQ,19/05/2025,8100,8300,8200.0
Uttar Pradesh,Etah,Aliganj,Bajra(Pearl Millet/Cumbu),Deshi,Non-FAQ,19/05/2025,2150,2155,2152.0
Uttar Pradesh,Etah,Awagarh,Green Chilli,Green Chilly,FAQ,19/05/2025,1400,1800,1500.0
Uttar Pradesh,Firozabad,Sirsaganj,Brinjal,Brinjal,FAQ,19/05/2025,1000,1200,1100.0
Uttar Pradesh,Hardoi,Hardoi,Potato,Kufri Megha,FAQ,16/04/2025,1150,1220,1190.0
Uttar Pradesh,Hardoi,Hardoi,Tomato,Hybrid,FAQ,19/05/2025,760,840,810.0
Uttar Pradesh,Jalaun (Orai),Ait,Wheat,Dara,FAQ,19/05/2025,2425,2511,2480.0
Uttar Pradesh,Khiri (Lakhimpur),Maigalganj,Gur(Jaggery),Pathari,FAQ,19/05/2025,3000,3080,3040.0
Uttar Pradesh,Maharajganj,Anandnagar,Orange,Orange,Medium,19/05/2025,3400,4000,3700.0
Uttar Pradesh,Maharajganj,Anandnagar,Wheat,Dara,FAQ,19/05/2025,2425,2450,2450.0
Uttar Pradesh,Mahoba,Charkhari,Firewood,Firewood,FAQ,19/05/2025,400,400,400.0
Uttar Pradesh,Mahoba,Charkhari,White Peas,White Peas,FAQ,19/05/2025,3200,3500,3400.0
Uttar Pradesh,Mainpuri,Ghiraur,Apple,Delicious,Medium,19/05/2025,11570,11770,11670.0
Uttar Pradesh,Mainpuri,Ghiraur,Green Chilli,Green Chilly,FAQ,19/05/2025,1680,1880,1780.0
Uttar Pradesh,Mainpuri,Ghiraur,Lemon,Lemon,FAQ,19/05/2025,6925,7125,7025.0
Uttar Pradesh,Mainpuri,Ghiraur,Mustard,Mustard,FAQ,19/05/2025,6140,6275,6200.0
Uttar Pradesh,Mainpuri,Ghiraur,Tomato,Hybrid,FAQ,19/05/2025,660,860,760.0
Uttar Pradesh,Mau(Maunathbhanjan),Doharighat,Cauliflower,Other,FAQ,19/05/2025,1400,1500,1450.0
Uttar Pradesh,Mau(Maunathbhanjan),Doharighat,Onion,Red,FAQ,19/05/2025,3900,4000,3955.0
Uttar Pradesh,Mau(Maunathbhanjan),Kopaganj,Banana,Medium,Medium,19/05/2025,1000,1200,1100.0
Uttar Pradesh,Mau(Maunathbhanjan),Kopaganj,Brinjal,Brinjal,FAQ,19/05/2025,700,1000,800.0
Uttar Pradesh,Mau(Maunathbhanjan),Kopaganj,Tomato,Hybrid,FAQ,19/05/2025,500,700,600.0
Uttar Pradesh,Pillibhit,Pilibhit,Bottle gourd,Bottle Gourd,FAQ,19/05/2025,1085,1165,1125.0
Uttar Pradesh,Pillibhit,Pilibhit,Brinjal,Brinjal,FAQ,19/05/2025,1338,1418,1378.0
Uttar Pradesh,Pillibhit,Pilibhit,Ginger(Green),Green Ginger,FAQ,19/05/2025,4035,4115,4075.0
Uttar Pradesh,Pillibhit,Pilibhit,Lemon,Lemon,FAQ,19/05/2025,6850,6930,6890.0
Uttar Pradesh,Pillibhit,Pilibhit,Papaya,Papaya,Medium,19/05/2025,2750,2840,2799.0
Uttar Pradesh,Pillibhit,Pilibhit,Pumpkin,Pumpkin,FAQ,19/05/2025,1005,1095,1055.0
Uttar Pradesh,Pillibhit,Pilibhit,Wheat,Dara,FAQ,19/05/2025,2455,2535,2495.0
Uttar Pradesh,Prayagraj,Ajuha,Onion,Red,FAQ,19/05/2025,1160,1300,1230.0
Uttar Pradesh,Prayagraj,Jasra,Green Chilli,Green Chilly,FAQ,19/05/2025,2000,2150,2075.0
Uttar Pradesh,Rampur,Tanda(Rampur),Brinjal,Other,FAQ,19/05/2025,1000,1040,1020.0
Uttar Pradesh,Sambhal,Bhehjoi,Mustard,Lohi Black,Non-FAQ,19/05/2025,5000,6000,5500.0
Uttar Pradesh,Sant Kabir Nagar,Khalilabad,Onion,Red,FAQ,19/05/2025,1600,1800,1700.0
Uttar Pradesh,Shamli,Kairana,Onion,Red,FAQ,19/05/2025,900,1000,950.0
Uttar Pradesh,Shamli,Kairana,Potato,Desi,FAQ,17/04/2025,700,800,750.0
Uttar Pradesh,Sitapur,Hargaon (Laharpur),Banana,Desi(Bontha),Small,19/05/2025,1150,1250,1200.0
Uttar Pradesh,Sitapur,Hargaon (Laharpur),Wheat,Dara,FAQ,19/05/2025,2445,2455,2450.0
Uttar Pradesh,Sitapur,Hargaon (Laharpur),Wood,Other,FAQ,19/05/2025,500,600,550.0
Uttar Pradesh,Sitapur,Sitapur,Green Chilli,Green Chilly,FAQ,19/05/2025,2200,2450,2300.0
Uttar Pradesh,Sitapur,Sitapur,Pumpkin,Pumpkin,FAQ,19/05/2025,700,1050,930.0
Uttar Pradesh,Sitapur,Sitapur,Rice,Common,FAQ,19/05/2025,2450,3250,3170.0
Uttar Pradesh,Sitapur,Sitapur,Wheat,Dara,FAQ,19/05/2025,2400,2450,2425.0
Uttrakhand,Dehradoon,Rishikesh,Pomegranate,Other,Medium,19/05/2025,4000,7000,5000.0
Uttrakhand,Dehradoon,Vikasnagar,Bitter gourd,Other,FAQ,19/05/2025,600,1000,1000.0
Uttrakhand,Haridwar,Haridwar Union,Apple,Other,Medium,19/05/2025,8500,12000,9500.0
Uttrakhand,Haridwar,Haridwar Union,Banana,Other,Medium,19/05/2025,1400,1600,1500.0
Uttrakhand,Haridwar,Haridwar Union,Bhindi(Ladies Finger),Bhindi,FAQ,19/05/2025,1000,1500,1200.0
Uttrakhand,Haridwar,Haridwar Union,Bitter gourd,Bitter Gourd,FAQ,19/05/2025,1500,2000,1700.0
Uttrakhand,Haridwar,Haridwar Union,Lemon,Other,FAQ,19/05/2025,7000,10000,8500.0
Uttrakhand,Haridwar,Haridwar Union,Mousambi(Sweet Lime),Mousambi,Medium,19/05/2025,3500,5000,4200.0
Uttrakhand,Haridwar,Haridwar Union,Pumpkin,Pumpkin,FAQ,19/05/2025,400,600,500.0
Uttrakhand,Haridwar,Manglaur,Banana,Other,Medium,19/05/2025,1200,1500,1300.0
Uttrakhand,Haridwar,Manglaur,Cucumbar(Kheera),Other,FAQ,19/05/2025,500,800,600.0
Uttrakhand,Haridwar,Manglaur,Karbuja(Musk Melon),Other,Medium,19/05/2025,900,1200,1000.0
Uttrakhand,Haridwar,Manglaur,Onion,Other,FAQ,19/05/2025,1200,1500,1300.0
Uttrakhand,Haridwar,Roorkee,Brinjal,Other,FAQ,19/05/2025,550,800,650.0
Uttrakhand,Haridwar,Roorkee,Onion,Other,FAQ,19/05/2025,2000,4000,3000.0
Uttrakhand,Haridwar,Roorkee,Tomato,Other,FAQ,19/05/2025,800,1200,1000.0
Uttrakhand,Nanital,Ramnagar,Bhindi(Ladies Finger),Other,FAQ,19/05/2025,2300,2500,2400.0
Uttrakhand,Nanital,Ramnagar,Tinda,Other,FAQ,19/05/2025,2600,3000,2800.0
Uttrakhand,UdhamSinghNagar,Gadarpur,Wheat,Other,FAQ,19/05/2025,2430,2430,2430.0
West Bengal,Bankura,Indus(Bankura Sadar),Mustard,Mustard,FAQ,19/05/2025,5700,6000,5950.0
West Bengal,Bankura,Indus(Bankura Sadar),Paddy(Dhan)(Common),Common,FAQ,19/05/2025,2260,2320,2300.0
West Bengal,Bankura,Indus(Bankura Sadar),Potato,Jyoti,FAQ,18/04/2025,1240,1280,1260.0
West Bengal,Bankura,Indus(Bankura Sadar),Rice,Fine,FAQ,19/05/2025,4550,4650,4600.0
West Bengal,Hooghly,Pandua,Brinjal,Round/Long,FAQ,19/05/2025,3400,3700,3600.0
West Bengal,Hooghly,Sheoraphuly,Pointed gourd (Parval),Pointed gourd (Parval),FAQ,19/05/2025,1400,1800,1600.0
West Bengal,Malda,English Bazar,Potato,Local,FAQ,19/04/2025,1200,1220,1210.0
West Bengal,Malda,English Bazar,Rice,Common,FAQ,19/05/2025,4100,4300,4200.0
West Bengal,Malda,Samsi,Onion,Onion,FAQ,19/05/2025,1400,1700,1500.0
West Bengal,Medinipur(W),Ghatal,Green Chilli,Green Chilly,FAQ,19/05/2025,3600,3800,3700.0
West Bengal,Medinipur(W),Ghatal,Potato,Jyoti,FAQ,20/04/2025,2250,2350,2300.0
West Bengal,Medinipur(W),Ghatal,Pumpkin,Other,FAQ,19/05/2025,1400,1500,1450.0
West Bengal,Medinipur(W),Ghatal,Rice,Common,FAQ,19/05/2025,3800,4000,3900.0
West Bengal,Murshidabad,Kandi,Potato,Local,FAQ,21/04/2025,1300,1400,1350.0
West Bengal,Murshidabad,Kandi,Rice,Common,FAQ,19/05/2025,3600,3800,3700.0
West Bengal,Puruliya,Balarampur,Brinjal,Other,FAQ,19/05/2025,2000,2500,2200.0
West Bengal,Sounth 24 Parganas,Baruipur(Canning),Brinjal,Brinjal,FAQ,19/05/2025,4200,4400,4300.0
West Bengal,Sounth 24 Parganas,Baruipur(Canning),Cabbage,Cabbage,FAQ,19/05/2025,1700,1800,1750.0
West Bengal,Sounth 24 Parganas,Baruipur(Canning),Rice,Common,FAQ,19/05/2025,3500,3600,3550.0
West Bengal,Sounth 24 Parganas,Baruipur(Canning),Rice,Super Fine,FAQ,19/05/2025,5450,5550,5500.0
West Bengal,Uttar Dinajpur,Raiganj,Jute,TD-5,FAQ,19/05/2025,6200,6300,6250.0
West Bengal,Uttar Dinajpur,Raiganj,Rice,Fine,FAQ,19/05/2025,4400,4600,4500.0
Andhra Pradesh,East Godavari,Ambajipeta,Banana,Banana - Ripe,Medium,19/05/2025,1040,2240,1640.0
Andhra Pradesh,East Godavari,Ravulapelem,Banana,Chakkarakeli(White),Large,19/05/2025,2600,3700,3400.0
Andhra Pradesh,Kurnool,Nandyal,Paddy(Dhan)(Common),Sona Mahsuri,FAQ,19/05/2025,2400,2400,2400.0
Andhra Pradesh,Nellore,Atmakur(SPS),Cotton,Local,FAQ,19/05/2025,7121,7600,7521.0
Andhra Pradesh,West Godavari,Chintalapudi,Lemon,Lemon,FAQ,19/05/2025,1500,2200,1800.0
Gujarat,Amreli,Damnagar,Guar,Gwar,FAQ,19/05/2025,4250,5050,4800.0
Gujarat,Amreli,Savarkundla,Green Gram (Moong)(Whole),Green (Whole),Non-FAQ,19/05/2025,5250,7755,6500.0
Gujarat,Amreli,Savarkundla,Soyabean,Soyabeen,Non-FAQ,19/05/2025,3550,3900,3750.0
Gujarat,Amreli,Savarkundla,Wheat,Lokwan,FAQ,19/05/2025,2250,2755,2615.0
Gujarat,Bharuch,Jambusar,Bajra(Pearl Millet/Cumbu),Other,FAQ,19/05/2025,2600,3000,2800.0
Gujarat,Bharuch,Jambusar,Cotton,Other,FAQ,19/05/2025,4500,5000,4700.0
Gujarat,Bharuch,Jambusar,Jowar(Sorghum),Other,FAQ,19/05/2025,3000,3400,3200.0
Gujarat,Bharuch,Jambusar(Kaavi),Arhar (Tur/Red Gram)(Whole),Other,FAQ,19/05/2025,5600,6000,5800.0
Gujarat,Bharuch,Jambusar(Kaavi),Cotton,Other,FAQ,19/05/2025,4600,5000,4800.0
Gujarat,Bharuch,Jambusar(Kaavi),Jowar(Sorghum),Other,FAQ,19/05/2025,3200,3600,3400.0
Gujarat,Dahod,Davgadbaria(Piplod),Paddy(Dhan)(Common),Common,Non-FAQ,19/05/2025,1500,1820,1530.0
Gujarat,Junagarh,Mangrol,Wheat,Rajasthan Tukdi,FAQ,19/05/2025,2575,2650,2625.0
Gujarat,Rajkot,Dhoraji,Ground Nut Seed,Ground Nut Seed,FAQ,19/05/2025,5705,6000,5930.0
Gujarat,Rajkot,Rajkot(Veg.Sub Yard),Bottle gourd,Bottle Gourd,FAQ,19/05/2025,250,600,450.0
Gujarat,Rajkot,Rajkot(Veg.Sub Yard),Brinjal,Brinjal,FAQ,19/05/2025,500,1400,950.0
Gujarat,Rajkot,Rajkot(Veg.Sub Yard),Green Chilli,Green Chilly,FAQ,19/05/2025,1250,2500,1900.0
Gujarat,Sabarkantha,Khedbrahma,Wheat,Lok-1,FAQ,19/05/2025,2500,2700,2600.0
Gujarat,Sabarkantha,Modasa,Maize,Hybrid Red (Cattle Feed),Non-FAQ,19/05/2025,1800,2190,2190.0
Gujarat,Sabarkantha,Modasa,Soyabean,Yellow,Non-FAQ,19/05/2025,4000,4140,4140.0
Gujarat,Sabarkantha,Modasa(Tintoi),Wheat,Lokwan,FAQ,19/05/2025,2350,2625,2625.0
Gujarat,Surat,Mahuva(Anaval),Mango,Other,Medium,19/05/2025,850,1000,900.0
Gujarat,Surat,Surat,Bhindi(Ladies Finger),Other,FAQ,19/05/2025,1500,4000,2750.0
Gujarat,Surat,Surat,Bitter gourd,Other,FAQ,19/05/2025,2500,5000,3750.0
Gujarat,Surat,Surat,Capsicum,Other,FAQ,19/05/2025,2500,3500,3000.0
Gujarat,Surat,Surat,Carrot,Other,FAQ,19/05/2025,1000,2000,1500.0
Gujarat,Surat,Surat,Green Chilli,Other,FAQ,19/05/2025,2500,5000,3750.0
Gujarat,Surat,Surat,Mango (Raw-Ripe),Other,FAQ,19/05/2025,3000,7000,5000.0
Gujarat,Surat,Surat,Papaya (Raw),Other,FAQ,19/05/2025,500,1300,900.0
Gujarat,Surat,Surat,Peas cod,Other,FAQ,19/05/2025,8000,11000,9500.0
Gujarat,Surat,Surat,Potato,Other,FAQ,22/04/2025,700,2000,1350.0
Gujarat,Surat,Surat,Sponge gourd,Other,FAQ,19/05/2025,1000,3000,2000.0
Gujarat,Surat,Surat,Yam (Ratalu),Other,FAQ,19/05/2025,4500,7000,5750.0
Gujarat,Surendranagar,Dhragradhra,Soanf,Soanf,FAQ,19/05/2025,6675,8340,7500.0
Gujarat,Surendranagar,Vadhvan,Apple,Apple,Medium,19/05/2025,17500,21500,19500.0
Gujarat,Surendranagar,Vadhvan,Bottle gourd,Bottle Gourd,FAQ,19/05/2025,2000,2500,2250.0
Gujarat,Surendranagar,Vadhvan,Cabbage,Cabbage,FAQ,19/05/2025,1000,1500,1250.0
Gujarat,Surendranagar,Vadhvan,Coriander(Leaves),Coriander,FAQ,19/05/2025,3500,4000,3750.0
Gujarat,Surendranagar,Vadhvan,Water Melon,Water Melon,Medium,19/05/2025,500,750,625.0
Gujarat,Vadodara(Baroda),Padra,Bhindi(Ladies Finger),Other,FAQ,19/05/2025,2500,3500,3000.0
Gujarat,Vadodara(Baroda),Padra,Cauliflower,Other,FAQ,19/05/2025,2500,3000,2750.0
Gujarat,Vadodara(Baroda),Padra,Spinach,Other,FAQ,19/05/2025,700,800,750.0
Gujarat,Vadodara(Baroda),Padra,Tomato,Other,FAQ,19/05/2025,1400,1600,1500.0
Haryana,Gurgaon,Gurgaon,Onion,Other,Non-FAQ,19/05/2025,800,1000,900.0
Haryana,Hissar,Barwala(Hisar),Bitter gourd,Other,FAQ,19/05/2025,1500,2000,1800.0
Haryana,Hissar,Hansi,Bhindi(Ladies Finger),Other,FAQ,19/05/2025,2000,3000,2500.0
Haryana,Hissar,Hansi,Cabbage,Other,FAQ,19/05/2025,400,600,500.0
Haryana,Hissar,Hansi,Capsicum,Other,FAQ,19/05/2025,2000,3000,2500.0
Haryana,Hissar,Hansi,Lemon,Other,FAQ,19/05/2025,8000,12000,10000.0
Haryana,Hissar,Hansi,Mango,Other,Medium,19/05/2025,5000,10000,8000.0
Haryana,Hissar,Hansi,Pumpkin,Other,FAQ,19/05/2025,600,1000,800.0
Haryana,Hissar,Hansi,Ridgeguard(Tori),Other,FAQ,19/05/2025,3000,4000,3500.0
Haryana,Hissar,Uklana,Bhindi(Ladies Finger),Bhindi,FAQ,19/05/2025,1500,1500,1500.0
Haryana,Hissar,Uklana,Brinjal,Other,FAQ,19/05/2025,800,1000,1000.0
Haryana,Hissar,Uklana,Cucumbar(Kheera),Cucumbar,FAQ,19/05/2025,600,700,700.0
Haryana,Hissar,Uklana,Mango,Other,Medium,19/05/2025,5000,5000,5000.0
Haryana,Hissar,Uklana,Potato,Potato,FAQ,23/04/2025,900,900,900.0
Haryana,Kaithal,Dhand,Banana,Other,Medium,19/05/2025,3000,4000,3800.0
Haryana,Kurukshetra,Pehowa,Onion,Other,FAQ,19/05/2025,900,1000,1000.0
Haryana,Mahendragarh-Narnaul,Narnaul,Bitter gourd,Bitter Gourd,FAQ,19/05/2025,2500,2500,2500.0
Haryana,Mahendragarh-Narnaul,Narnaul,Lemon,Lemon,FAQ,19/05/2025,6000,9000,8000.0
Haryana,Mahendragarh-Narnaul,Narnaul,Mango,Other,Medium,19/05/2025,3000,5000,4000.0
Haryana,Mahendragarh-Narnaul,Narnaul,Mousambi(Sweet Lime),Mousambi,Medium,19/05/2025,3000,3500,3500.0
Haryana,Mahendragarh-Narnaul,Narnaul,Sponge gourd,Sponge gourd,FAQ,19/05/2025,1500,2500,2000.0
Haryana,Mahendragarh-Narnaul,Narnaul,Water Melon,Water Melon,Medium,19/05/2025,500,800,600.0
Haryana,Mewat,Tauru,Onion,Nasik,FAQ,19/05/2025,1500,1500,1500.0
Haryana,Mewat,Tauru,Potato,Local,FAQ,24/04/2025,1200,1200,1200.0
Haryana,Mewat,Tauru,Ridgeguard(Tori),Other,FAQ,19/05/2025,1500,1500,1500.0
Haryana,Mewat,Tauru,Tomato,Deshi,FAQ,19/05/2025,1000,1000,1000.0
Haryana,Panchkula,Panchkul(Kalka),Tomato,Other,FAQ,19/05/2025,1500,2500,2000.0
Haryana,Panipat,Panipat,Banana,Other,Medium,19/05/2025,2200,2400,2300.0
Haryana,Panipat,Panipat,Cabbage,Other,FAQ,19/05/2025,400,1000,700.0
Haryana,Panipat,Panipat,Cucumbar(Kheera),Other,FAQ,19/05/2025,500,1500,1000.0
Haryana,Panipat,Samalkha,Cabbage,Cabbage,FAQ,19/05/2025,500,500,500.0
Haryana,Panipat,Samalkha,Capsicum,Capsicum,FAQ,19/05/2025,1500,1500,1500.0
Haryana,Panipat,Samalkha,Pumpkin,Pumpkin,FAQ,19/05/2025,500,500,500.0
Haryana,Rewari,Kosli,Bottle gourd,Bottle Gourd,FAQ,19/05/2025,1000,1000,1000.0
Haryana,Sirsa,kalanwali,Banana,Other,Medium,19/05/2025,2500,3200,2500.0
Haryana,Sonipat,Ganaur,Bitter gourd,Bitter Gourd,FAQ,19/05/2025,1800,2000,1800.0
Haryana,Sonipat,Ganaur,Cauliflower,Other,FAQ,19/05/2025,2400,2500,2400.0
Haryana,Sonipat,Ganaur,Onion,Onion,FAQ,19/05/2025,1800,2000,1800.0
Haryana,Sonipat,Ganaur,Tomato,Tomato,FAQ,19/05/2025,700,800,700.0
Haryana,Yamuna Nagar,Radaur,Bhindi(Ladies Finger),Other,FAQ,19/05/2025,1500,2000,1800.0
Haryana,Yamuna Nagar,Radaur,Brinjal,Other,FAQ,19/05/2025,800,1000,900.0
Haryana,Yamuna Nagar,Radaur,Tomato,Other,FAQ,19/05/2025,600,800,700.0
Haryana,Yamuna Nagar,Sadhaura,Colacasia,Colacasia,FAQ,19/05/2025,2500,3000,2800.0
Haryana,Yamuna Nagar,Sadhaura,Mango,Other,Medium,19/05/2025,4000,5000,4500.0
Haryana,Yamuna Nagar,Sadhaura,Sponge gourd,Other,FAQ,19/05/2025,1000,1200,1100.0
Himachal Pradesh,Chamba,Chamba,Banana,Other,Medium,19/05/2025,4500,5000,4750.0
Himachal Pradesh,Chamba,Chamba,Spinach,Other,FAQ,19/05/2025,2500,3000,2750.0
Himachal Pradesh,Hamirpur,Hamirpur,Bitter gourd,Other,FAQ,19/05/2025,3000,3000,3000.0
Himachal Pradesh,Hamirpur,Hamirpur,Cabbage,Other,FAQ,19/05/2025,1000,1000,1000.0
Himachal Pradesh,Hamirpur,Hamirpur,Ginger(Green),Other,FAQ,19/05/2025,7000,8000,7500.0
Himachal Pradesh,Hamirpur,Hamirpur,Peas Wet,Other,FAQ,19/05/2025,8000,8000,8000.0
Himachal Pradesh,Hamirpur,Hamirpur,Sponge gourd,Other,FAQ,19/05/2025,2500,3000,2800.0
Himachal Pradesh,Kangra,Dharamshala,Bhindi(Ladies Finger),Bhindi,FAQ,19/05/2025,3200,3500,3350.0
Himachal Pradesh,Kangra,Dharamshala,Bitter gourd,Other,FAQ,19/05/2025,2800,3000,2900.0
Himachal Pradesh,Kangra,Dharamshala,Brinjal,Other,FAQ,19/05/2025,1800,2000,1900.0
Himachal Pradesh,Kangra,Dharamshala,Cabbage,Other,FAQ,19/05/2025,1000,1200,1100.0
Himachal Pradesh,Kangra,Dharamshala,Cauliflower,Other,FAQ,19/05/2025,5000,5500,5250.0
Himachal Pradesh,Kangra,Dharamshala,French Beans (Frasbean),Other,FAQ,19/05/2025,6000,7000,6500.0
Himachal Pradesh,Kangra,Dharamshala,Garlic,Other,FAQ,19/05/2025,9000,9500,9250.0
Himachal Pradesh,Kangra,Dharamshala,Mousambi(Sweet Lime),Other,Medium,19/05/2025,6000,7000,6500.0
Himachal Pradesh,Kangra,Dharamshala,Pomegranate,Other,Medium,19/05/2025,10000,11000,10500.0
Himachal Pradesh,Kangra,Dharamshala,Potato,Other,FAQ,25/04/2025,1000,1100,1050.0
Himachal Pradesh,Kangra,Kangra,Banana,Other,Medium,19/05/2025,4000,5000,4500.0
Himachal Pradesh,Kangra,Kangra,Bottle gourd,Other,FAQ,19/05/2025,1000,1800,1400.0
Himachal Pradesh,Kangra,Kangra,Brinjal,Other,FAQ,19/05/2025,1200,2300,1500.0
Himachal Pradesh,Kangra,Kangra,Carrot,Other,FAQ,19/05/2025,1800,2000,1900.0
Himachal Pradesh,Kangra,Kangra,Colacasia,Colacasia,FAQ,19/05/2025,5000,5500,5200.0
Himachal Pradesh,Kangra,Kangra,Karbuja(Musk Melon),Other,Medium,19/05/2025,2000,2500,2200.0
Himachal Pradesh,Kangra,Kangra,Onion,Other,FAQ,19/05/2025,2000,2200,2100.0
Himachal Pradesh,Kangra,Kangra,Sponge gourd,Other,FAQ,19/05/2025,2500,3000,2700.0
Himachal Pradesh,Kangra,Kangra,Tinda,Other,FAQ,19/05/2025,2500,3000,2700.0
Himachal Pradesh,Kangra,Kangra,Tomato,Other,FAQ,19/05/2025,1000,1200,1100.0
Himachal Pradesh,Kangra,Kangra,Water Melon,Water Melon,Medium,19/05/2025,1000,1500,1200.0
Himachal Pradesh,Kangra,Kangra(Baijnath),Brinjal,Brinjal,FAQ,19/05/2025,2400,2600,2500.0
Himachal Pradesh,Kangra,Kangra(Baijnath),Cabbage,Cabbage,FAQ,19/05/2025,1000,1200,1100.0
Himachal Pradesh,Kangra,Kangra(Baijnath),French Beans (Frasbean),French Beans (Frasbean),FAQ,19/05/2025,7500,8000,7700.0
Himachal Pradesh,Kangra,Kangra(Baijnath),Mousambi(Sweet Lime),Mousambi,Medium,19/05/2025,5400,5500,5400.0
Himachal Pradesh,Kangra,Kangra(Baijnath),Raddish,Other,FAQ,19/05/2025,4000,4000,4000.0
Himachal Pradesh,Kangra,Kangra(Jaisinghpur),Beetroot,Beetroot,FAQ,19/05/2025,3800,4000,3900.0
Himachal Pradesh,Kangra,Kangra(Jaisinghpur),Bhindi(Ladies Finger),Bhindi,FAQ,19/05/2025,3000,3500,3300.0
Himachal Pradesh,Kangra,Kangra(Jaisinghpur),Cabbage,Cabbage,FAQ,19/05/2025,1100,1200,1150.0
Himachal Pradesh,Kangra,Kangra(Jaisinghpur),Carrot,Carrot,FAQ,19/05/2025,2200,2500,2400.0
Himachal Pradesh,Kangra,Kangra(Jaisinghpur),French Beans (Frasbean),French Beans (Frasbean),FAQ,19/05/2025,6700,7000,6900.0
Himachal Pradesh,Kangra,Kangra(Jaisinghpur),Mango,Other,Medium,19/05/2025,6500,7500,7000.0
Himachal Pradesh,Kangra,Kangra(Jaisinghpur),Mousambi(Sweet Lime),Mousambi,Medium,19/05/2025,6500,7500,7000.0
Himachal Pradesh,Kangra,Kangra(Jaisinghpur),Pumpkin,Pumpkin,FAQ,19/05/2025,1500,1600,1550.0
Himachal Pradesh,Kangra,Kangra(Nagrota Bagwan),Cucumbar(Kheera),Cucumbar,FAQ,19/05/2025,1000,1400,1200.0
Himachal Pradesh,Kangra,Kangra(Nagrota Bagwan),Pumpkin,Other,FAQ,19/05/2025,1000,1300,1200.0
Himachal Pradesh,Kangra,Palampur,Apricot(Jardalu/Khumani),Other,Medium,19/05/2025,7000,8000,7800.0
Himachal Pradesh,Kangra,Palampur,Banana,Banana - Ripe,Medium,19/05/2025,4500,4800,4700.0
Himachal Pradesh,Kangra,Palampur,Cabbage,Cabbage,FAQ,19/05/2025,1000,1100,1050.0
Himachal Pradesh,Kangra,Palampur,Garlic,Average,FAQ,19/05/2025,9000,10000,9800.0
Himachal Pradesh,Kangra,Palampur,Grapes,Other,Medium,19/05/2025,10000,11000,10500.0
Himachal Pradesh,Kangra,Palampur,Guava,Other,Medium,19/05/2025,10000,12000,11000.0
Himachal Pradesh,Kangra,Palampur,Onion,Other,FAQ,19/05/2025,1700,1800,1750.0
Himachal Pradesh,Kangra,Palampur,Tomato,Tomato,FAQ,19/05/2025,1400,1500,1450.0
Himachal Pradesh,Solan,Solan(Nalagarh),Banana,Other,Medium,19/05/2025,3000,3500,3200.0
Himachal Pradesh,Solan,Solan(Nalagarh),Bottle gourd,Other,FAQ,19/05/2025,1300,1500,1400.0
Himachal Pradesh,Solan,Solan(Nalagarh),Brinjal,Other,FAQ,19/05/2025,1600,2000,1800.0
Himachal Pradesh,Solan,Solan(Nalagarh),Cabbage,Other,FAQ,19/05/2025,1000,1200,1100.0
Himachal Pradesh,Solan,Solan(Nalagarh),Cauliflower,Other,FAQ,19/05/2025,4800,5600,5200.0
Himachal Pradesh,Solan,Solan(Nalagarh),Garlic,Other,FAQ,19/05/2025,8000,9000,8500.0
Himachal Pradesh,Solan,Solan(Nalagarh),Pumpkin,Other,FAQ,19/05/2025,1000,1200,1100.0
Himachal Pradesh,Solan,Solan(Nalagarh),Sponge gourd,Other,FAQ,19/05/2025,2800,3200,3000.0
Jammu and Kashmir,Kathua,Kathua,Banana,Other,Medium,19/05/2025,3500,4000,3750.0
Jammu and Kashmir,Kathua,Kathua,Bitter gourd,Other,FAQ,19/05/2025,2000,2500,2250.0
Jammu and Kashmir,Kathua,Kathua,Cabbage,Other,FAQ,19/05/2025,500,600,550.0
Jammu and Kashmir,Kathua,Kathua,Cucumbar(Kheera),Other,FAQ,19/05/2025,1200,1500,1350.0
Jammu and Kashmir,Kathua,Kathua,Mousambi(Sweet Lime),Other,Medium,19/05/2025,6000,7000,6500.0
Jammu and Kashmir,Kathua,Kathua,Papaya,Other,Medium,19/05/2025,4000,4500,4250.0
Jammu and Kashmir,Kathua,Kathua,Pineapple,Pine Apple,Medium,19/05/2025,3500,4000,3750.0
Jammu and Kashmir,Kathua,Kathua,Potato,Other,FAQ,26/04/2025,800,1000,900.0
Jammu and Kashmir,Kathua,Kathua,Spinach,Spinach,FAQ,19/05/2025,1500,2000,1750.0
Jammu and Kashmir,Rajouri,Rajouri (F&V),Apple,Delicious,Medium,19/05/2025,12000,13000,12500.0
Kerala,Alappuzha,Chengannur,Cluster beans,Cluster Beans,FAQ,19/05/2025,7600,8000,7800.0
Kerala,Alappuzha,Chengannur,Coconut,Big,FAQ,19/05/2025,5500,6200,6000.0
Kerala,Alappuzha,Chengannur,Colacasia,Colacasia,FAQ,19/05/2025,5800,6300,6000.0
Kerala,Alappuzha,Chengannur,Green Chilli,Green Chilly,FAQ,19/05/2025,3500,4000,3800.0
Kerala,Alappuzha,Chengannur,Mango (Raw-Ripe),Mango - Raw-Ripe,FAQ,19/05/2025,0,0,4000.0
Kerala,Alappuzha,Chengannur,Onion,Small,FAQ,19/05/2025,5700,6000,5800.0
Kerala,Alappuzha,Cherthala,Brinjal,Brinjal,FAQ,19/05/2025,3000,3200,3100.0
Kerala,Alappuzha,Cherthala,Potato,Chips,FAQ,27/04/2025,4500,4700,4600.0
Kerala,Alappuzha,Harippad,Amaranthus,Other,FAQ,19/05/2025,5000,5500,5000.0
Kerala,Alappuzha,Harippad,Amphophalus,Other,FAQ,19/05/2025,5000,5500,5000.0
Kerala,Alappuzha,Harippad,Bhindi(Ladies Finger),Other,FAQ,19/05/2025,4000,4500,4000.0
Kerala,Alappuzha,Harippad,Bottle gourd,Other,FAQ,19/05/2025,1000,1400,1000.0
Kerala,Alappuzha,Harippad,Carrot,Other,FAQ,19/05/2025,5000,5500,5000.0
Kerala,Alappuzha,Harippad,Cowpea(Veg),Other,FAQ,19/05/2025,4000,4600,4000.0
Kerala,Alappuzha,Harippad,Cucumbar(Kheera),Other,FAQ,19/05/2025,3000,3500,3000.0
Kerala,Alappuzha,Harippad,Mango,Other,Medium,19/05/2025,5000,5500,5000.0
Kerala,Alappuzha,Harippad,Onion,Big,FAQ,19/05/2025,2000,2500,2000.0
Kerala,Alappuzha,Mannar,Beetroot,Other,FAQ,19/05/2025,3000,3200,3100.0
Kerala,Alappuzha,Mannar,Carrot,Other,FAQ,19/05/2025,4000,4200,4100.0
Kerala,Ernakulam,Angamaly,Beetroot,Beetroot,FAQ,19/05/2025,5500,6500,6000.0
Kerala,Ernakulam,Angamaly,Cabbage,Cabbage,FAQ,19/05/2025,2600,4000,3200.0
Kerala,Ernakulam,Angamaly,Garlic,Average,FAQ,19/05/2025,13000,16000,14000.0
Kerala,Ernakulam,Angamaly,Pumpkin,Pumpkin,FAQ,19/05/2025,1800,3000,2500.0
Kerala,Ernakulam,Ernakulam,Amaranthus,Amaranthus,FAQ,19/05/2025,2800,3000,2900.0
Kerala,Ernakulam,Ernakulam,Cucumbar(Kheera),Other,FAQ,19/05/2025,1000,1400,1200.0
Kerala,Ernakulam,Ernakulam,Tapioca,Tapioca,FAQ,19/05/2025,2300,2500,2400.0
Kerala,Ernakulam,North Paravur,Amphophalus,Amphophalus,FAQ,19/05/2025,5300,6000,5500.0
Kerala,Ernakulam,North Paravur,Beetroot,Beetroot,FAQ,19/05/2025,4500,5500,5000.0
Kerala,Ernakulam,North Paravur,Carrot,Carrot,FAQ,19/05/2025,3700,4500,4000.0
Kerala,Ernakulam,North Paravur,Colacasia,Colacasia,FAQ,19/05/2025,5000,6000,5500.0
Kerala,Ernakulam,North Paravur,French Beans (Frasbean),French Beans (Frasbean),FAQ,19/05/2025,7000,8000,7500.0
Kerala,Ernakulam,North Paravur,Mint(Pudina),Mint(Pudina),FAQ,19/05/2025,6000,7000,6500.0
Kerala,Ernakulam,North Paravur,Onion,1st Sort,FAQ,19/05/2025,5000,5500,5200.0
Kerala,Ernakulam,North Paravur,Tapioca,Other,FAQ,19/05/2025,3000,4000,3500.0
Kerala,Ernakulam,North Paravur,Tomato,Deshi,FAQ,19/05/2025,2200,3500,2800.0
Kerala,Ernakulam,Perumbavoor,Arecanut(Betelnut/Supari),Supari,FAQ,19/05/2025,31500,32500,32000.0
Kerala,Ernakulam,Perumbavoor,Cucumbar(Kheera),Cucumbar,FAQ,19/05/2025,1300,2300,1700.0
Kerala,Ernakulam,Perumbavoor,Elephant Yam (Suran),Other,FAQ,19/05/2025,3500,4500,4000.0
Kerala,Ernakulam,Perumbavoor,Ginger(Green),Green Ginger,FAQ,19/05/2025,6000,7000,6500.0
Kerala,Ernakulam,Thrippunithura,Amphophalus,Amphophalus,FAQ,19/05/2025,7000,8000,7200.0
Kerala,Ernakulam,Thrippunithura,Bitter gourd,Bitter Gourd,FAQ,19/05/2025,8000,9000,8200.0
Kerala,Ernakulam,Thrippunithura,Colacasia,Other,FAQ,19/05/2025,6500,8000,7000.0
Kerala,Ernakulam,Thrippunithura,Cucumbar(Kheera),Cucumbar,FAQ,19/05/2025,2200,4000,2400.0
Kerala,Ernakulam,Thrippunithura,Drumstick,Drumstick,FAQ,19/05/2025,8000,10000,8500.0
Kerala,Ernakulam,Thrippunithura,Ginger(Green),Green Ginger,FAQ,19/05/2025,6500,10000,7000.0
Kerala,Ernakulam,Thrippunithura,Green Chilli,Green Chilly,FAQ,19/05/2025,4000,8000,5000.0
Kerala,Ernakulam,Thrippunithura,Onion,Big,FAQ,19/05/2025,2500,2500,2500.0
Kerala,Ernakulam,Thrippunithura,Pineapple,Pine Apple,Medium,19/05/2025,4300,5000,4500.0
Kerala,Idukki,Munnar,Onion,Big,FAQ,19/05/2025,3000,4000,3500.0
Kerala,Idukki,Munnar,Onion,Small,FAQ,19/05/2025,4500,6000,5000.0
Kerala,Idukki,Munnar,Pineapple,Other,Medium,19/05/2025,3000,4000,3500.0
Kerala,Idukki,Munnar,Pomegranate,Other,Medium,19/05/2025,20000,25000,22000.0
Kerala,Idukki,Munnar,Sweet Potato,Other,FAQ,19/05/2025,5000,6500,6000.0
Kerala,Kannur,Kannur,Bitter gourd,Bitter Gourd,FAQ,19/05/2025,7200,7600,7400.0
Kerala,Kannur,Maloor VFPCK,Banana - Green,Banana - Green,FAQ,19/05/2025,5400,5400,5400.0
Kerala,Kannur,Thalasserry,Cowpea(Veg),Other,FAQ,19/05/2025,3800,4200,4000.0
Kerala,Kannur,Thalasserry,Potato,Other,FAQ,28/04/2025,2600,3000,2800.0
Kerala,Kannur,Thalasserry,Snakeguard,Other,FAQ,19/05/2025,2800,3100,3000.0
Kerala,Kannur,Thalasserry,Tomato,Other,FAQ,19/05/2025,1600,2000,1800.0
Kerala,Kottayam,Ettumanoor,Ashgourd,Other,FAQ,19/05/2025,1800,2000,1900.0
Kerala,Kottayam,Ettumanoor,Banana - Green,Banana - Green,FAQ,19/05/2025,4400,4800,4600.0
Kerala,Kottayam,Ettumanoor,Coconut,Medium,FAQ,19/05/2025,5500,6500,6000.0
Kerala,Kottayam,Ettumanoor,Drumstick,Drumstick,FAQ,19/05/2025,8000,9000,8500.0
Kerala,Kottayam,Ettumanoor,Tomato,Tomato,FAQ,19/05/2025,2800,3200,3000.0
Kerala,Kottayam,Pampady,Ashgourd,Other,FAQ,19/05/2025,2000,3500,3000.0
Kerala,Kottayam,Pampady,Colacasia,Other,FAQ,19/05/2025,4000,6000,5000.0
Kerala,Kottayam,Pampady,Ginger(Green),Green Ginger,FAQ,19/05/2025,5000,7000,6000.0
Kerala,Kottayam,Pampady,Little gourd (Kundru),Other,FAQ,19/05/2025,2500,3400,3000.0
Kerala,Kottayam,Pampady,Snakeguard,Other,FAQ,19/05/2025,3000,4500,4000.0
Kerala,Kottayam,Thalayolaparambu,Amaranthus,Amaranthus,FAQ,19/05/2025,2500,2800,2600.0
Kerala,Kozhikode(Calicut),Mukkom,Carrot,Carrot,FAQ,19/05/2025,6500,6900,6700.0
Kerala,Kozhikode(Calicut),Mukkom,Pineapple,Other,Large,19/05/2025,3500,3900,3700.0
Kerala,Kozhikode(Calicut),Mukkom,Potato,Other,FAQ,29/04/2025,2400,2800,2600.0
Kerala,Kozhikode(Calicut),Mukkom,Snakeguard,Snakeguard,FAQ,19/05/2025,3000,3400,3200.0
Kerala,Kozhikode(Calicut),Palayam,Ashgourd,Other,FAQ,19/05/2025,900,900,900.0
Kerala,Kozhikode(Calicut),Palayam,Carrot,Other,FAQ,19/05/2025,2700,2700,2700.0
Kerala,Kozhikode(Calicut),Palayam,Cucumbar(Kheera),Other,FAQ,19/05/2025,800,800,800.0
Kerala,Kozhikode(Calicut),Perambra,Cabbage,Other,FAQ,19/05/2025,2000,2500,2200.0
Kerala,Kozhikode(Calicut),Perambra,Capsicum,Capsicum,FAQ,19/05/2025,6000,6500,6200.0
Kerala,Kozhikode(Calicut),Quilandy,Beetroot,Other,FAQ,19/05/2025,3700,4000,3900.0
Kerala,Kozhikode(Calicut),Quilandy,Cluster beans,Other,FAQ,19/05/2025,3000,3200,3000.0
Kerala,Kozhikode(Calicut),Quilandy,Cowpea(Veg),Other,FAQ,19/05/2025,3800,4000,3800.0
Kerala,Kozhikode(Calicut),Vellannur  VFPCK,Amaranthus,Amaranth Greens-Organic,FAQ,19/05/2025,3000,3000,3000.0
Kerala,Kozhikode(Calicut),Vengeri(Kozhikode),Cowpea(Veg),Cowpea (Veg),FAQ,19/05/2025,2700,3000,3000.0
Kerala,Kozhikode(Calicut),Vengeri(Kozhikode),French Beans (Frasbean),French Beans (Frasbean),FAQ,19/05/2025,8300,8600,8600.0
Kerala,Malappuram,Kottakkal,Bhindi(Ladies Finger),Other,FAQ,19/05/2025,2700,2900,2800.0
Kerala,Malappuram,Kottakkal,Chikoos(Sapota),Other,Large,19/05/2025,3300,3500,3400.0
Kerala,Malappuram,Kottakkal,Mousambi(Sweet Lime),Mosambi-Organic,Large,19/05/2025,5600,5800,5700.0
Kerala,Malappuram,Kottakkal,Pumpkin,Other,FAQ,19/05/2025,1000,1200,1100.0
Kerala,Malappuram,Perinthalmanna,Brinjal,Brinjal,FAQ,19/05/2025,2000,3000,2500.0
Kerala,Malappuram,Perinthalmanna,Cluster beans,Cluster Beans,FAQ,19/05/2025,3500,4000,3800.0
Kerala,Malappuram,Perinthalmanna,Colacasia,Other,FAQ,19/05/2025,4000,5000,4500.0
Kerala,Malappuram,Perinthalmanna,Cucumbar(Kheera),Cucumbar,FAQ,19/05/2025,1800,3000,2000.0
Kerala,Malappuram,Perinthalmanna,Snakeguard,Snakeguard,FAQ,19/05/2025,1500,2000,1800.0
Kerala,Palakad,Koduvayoor,Banana,Palayamthodan,Medium,19/05/2025,2500,2900,2700.0
Kerala,Palakad,Koduvayoor,Cabbage,Other,FAQ,19/05/2025,1400,1900,1700.0
Kerala,Palakad,Koduvayoor,Cauliflower,Other,FAQ,19/05/2025,3000,3400,3200.0
Kerala,Palakad,Koduvayoor,Coconut,Big,FAQ,19/05/2025,6000,6400,6200.0
Kerala,Palakad,Koduvayoor,Cowpea(Veg),Other,FAQ,19/05/2025,2300,2700,2500.0
Kerala,Palakad,Koduvayoor,Cucumbar(Kheera),Cucumbar,FAQ,19/05/2025,1400,1900,1700.0
Kerala,Palakad,Koduvayoor,Pineapple,Other,Medium,19/05/2025,3800,4200,4000.0
Kerala,Pathanamthitta,Mezhuveli  VFPCK,Ginger(Green),Green Ginger,FAQ,19/05/2025,10000,12000,11000.0
Kerala,Thirssur,Irinjalakkuda,Bhindi(Ladies Finger),Other,FAQ,19/05/2025,3600,3600,3600.0
Kerala,Thirssur,Thrissur,Beetroot,Beetroot,FAQ,19/05/2025,2500,2500,2500.0
Kerala,Thirssur,Thrissur,Bitter gourd,Bitter Gourd,FAQ,19/05/2025,4000,4000,4000.0
Kerala,Thirssur,Thrissur,Cluster beans,Cluster Beans,FAQ,19/05/2025,7000,7000,7000.0
Kerala,Thirssur,Thrissur,Drumstick,Drumstick,FAQ,19/05/2025,6500,6500,6500.0
Kerala,Thirssur,Thrissur,Green Chilli,Green Chilly,FAQ,19/05/2025,3500,3500,3500.0
Kerala,Thirssur,Thrissur,Little gourd (Kundru),Other,FAQ,19/05/2025,3500,3500,3500.0
Kerala,Thirssur,Thrissur,Pineapple,Pine Apple,Medium,19/05/2025,2800,2800,2800.0
Kerala,Thirssur,Thrissur,Potato,Potato,FAQ,30/04/2025,3000,3000,3000.0
Kerala,Thirssur,Thrissur,Tapioca,Tapioca,FAQ,19/05/2025,2600,2800,2700.0
Kerala,Thiruvananthapuram,Parassala,Amaranthus,Amaranthus,FAQ,19/05/2025,6000,6500,6000.0
Kerala,Thiruvananthapuram,Parassala,Banana,Rasakathai,Medium,19/05/2025,6000,6500,6000.0
Kerala,Thiruvananthapuram,Parassala,Beetroot,Beetroot,FAQ,19/05/2025,2800,3000,2800.0
Kerala,Thiruvananthapuram,Parassala,Cluster beans,Cluster Beans,FAQ,19/05/2025,3800,4000,3800.0
Kerala,Thiruvananthapuram,Parassala,Pumpkin,Pumpkin,FAQ,19/05/2025,2000,2200,2000.0
Kerala,Thiruvananthapuram,Parassala,Snakeguard,Snakeguard,FAQ,19/05/2025,2000,2500,2000.0
Madhya Pradesh,Morena,Sabalgarh(F&V),Karbuja(Musk Melon),Karbhuja,Medium,19/05/2025,500,600,550.0
Madhya Pradesh,Morena,Sabalgarh(F&V),Onion,Onion,Non-FAQ,19/05/2025,550,700,600.0
Nagaland,Kohima,Kohima,Pumpkin,Other,FAQ,19/05/2025,4000,4200,4100.0
Odisha,Balasore,Jaleswar,Cucumbar(Kheera),Cucumbar,FAQ,19/05/2025,1200,1600,1400.0
Odisha,Balasore,Jaleswar,Ginger(Dry),Other,FAQ,19/05/2025,3800,4200,4000.0
Odisha,Balasore,Nilagiri,Bhindi(Ladies Finger),Other,FAQ,19/05/2025,2400,2500,2450.0
Odisha,Balasore,Nilagiri,Tomato,Other,Non-FAQ,19/05/2025,1200,1300,1250.0
Odisha,Bargarh,Attabira,Brinjal,Other,FAQ,19/05/2025,2500,3000,2500.0
Odisha,Boudh,Boudh,Bitter gourd,Other,FAQ,19/05/2025,2500,3200,3000.0
Odisha,Boudh,Boudh,Brinjal,Other,FAQ,19/05/2025,2800,3200,3000.0
Odisha,Boudh,Boudh,Cabbage,Other,FAQ,19/05/2025,2500,3500,3000.0
Odisha,Boudh,Boudh,Cauliflower,Other,FAQ,19/05/2025,2500,3200,3000.0
Odisha,Boudh,Boudh,Onion,Other,FAQ,19/05/2025,1500,2500,2000.0
Odisha,Boudh,Khunthabandha,Bhindi(Ladies Finger),Other,FAQ,19/05/2025,6500,7500,7000.0
Odisha,Boudh,Khunthabandha,Onion,Other,FAQ,19/05/2025,1200,1800,1500.0
Odisha,Boudh,Khunthabandha,Tomato,Other,Non-FAQ,19/05/2025,1000,1500,1200.0
Odisha,Dhenkanal,Hindol,Brinjal,Brinjal,FAQ,19/05/2025,2000,3000,2500.0
Odisha,Dhenkanal,Hindol,Drumstick,Drumstick,FAQ,19/05/2025,5700,6000,5800.0
Odisha,Dhenkanal,Hindol,Potato,Potato,Non-FAQ,01/05/2025,1700,2000,1800.0
Odisha,Dhenkanal,Kamakhyanagar,Cabbage,Cabbage,FAQ,19/05/2025,1900,2100,2000.0
Odisha,Dhenkanal,Kamakhyanagar,Potato,Potato,Non-FAQ,02/05/2025,1900,2100,2000.0
Odisha,Dhenkanal,Kamakhyanagar,Tomato,Tomato,Non-FAQ,19/05/2025,1900,2100,2000.0
Odisha,Ganjam,Bhanjanagar,Colacasia,Colacasia,FAQ,19/05/2025,2000,2200,2100.0
Odisha,Ganjam,Bhanjanagar,Cucumbar(Kheera),Cucumbar,FAQ,19/05/2025,2600,2800,2700.0
Odisha,Kendrapara,Kendrapara,Brinjal,Brinjal,FAQ,19/05/2025,3000,4000,3500.0
Odisha,Mayurbhanja,Karanjia,Bhindi(Ladies Finger),Other,FAQ,19/05/2025,3500,3800,3800.0
Odisha,Mayurbhanja,Karanjia,Paddy(Dhan)(Common),Other,FAQ,19/05/2025,2300,2300,2300.0
Odisha,Nayagarh,Bahadajholla,Brinjal,Other,FAQ,19/05/2025,2350,2500,2475.0
Odisha,Rayagada,Gunpur,Cashewnuts,Other,FAQ,19/05/2025,11000,13000,12000.0
Odisha,Rayagada,Gunpur,Tomato,Other,FAQ,19/05/2025,2100,3150,2560.0
Odisha,Rayagada,Rayagada(Muniguda),Water Melon,Other,Small,19/05/2025,2000,3000,2500.0
Odisha,Sundergarh,Sargipali,Brinjal,Other,FAQ,19/05/2025,3000,3500,3200.0
Punjab,Amritsar,Rayya,Onion,Red,Non-FAQ,19/05/2025,1600,1600,1600.0
Punjab,Amritsar,Rayya,Raddish,Other,FAQ,19/05/2025,500,500,500.0
Punjab,Fazilka,Fazilka,Brinjal,Other,FAQ,19/05/2025,800,1000,900.0
Punjab,Fazilka,Fazilka,Cucumbar(Kheera),Cucumbar,FAQ,19/05/2025,500,700,600.0
Punjab,Fazilka,Fazilka,Karbuja(Musk Melon),Karbhuja,Medium,19/05/2025,1000,2000,1500.0
Punjab,Fazilka,Fazilka,Potato,Other,FAQ,03/05/2025,500,1000,800.0
Punjab,Fazilka,Fazilka,Tomato,Other,FAQ,19/05/2025,800,1200,1000.0
Punjab,Hoshiarpur,Garh Shankar,Cabbage,Cabbage,FAQ,19/05/2025,400,600,500.0
Punjab,Hoshiarpur,Garh Shankar,Cucumbar(Kheera),Cucumbar,FAQ,19/05/2025,600,1000,700.0
Punjab,Hoshiarpur,Garh Shankar,Green Chilli,Green Chilly,FAQ,19/05/2025,1000,1500,1200.0
Punjab,Hoshiarpur,Garh Shankar,Mango,Other,Medium,19/05/2025,4000,6000,4500.0
Punjab,Hoshiarpur,Garh Shankar,Potato,Other,Non-FAQ,04/05/2025,600,1000,800.0
Punjab,Hoshiarpur,Garh Shankar,Water Melon,Other,Medium,19/05/2025,700,1000,800.0
Punjab,Hoshiarpur,GarhShankar (Kotfatuhi),Onion,Other,FAQ,19/05/2025,1000,1300,1200.0
Punjab,Hoshiarpur,GarhShankar (Kotfatuhi),Tomato,Other,FAQ,19/05/2025,800,1200,1000.0
Punjab,Hoshiarpur,Mukerian(Talwara),Cauliflower,Cauliflower,FAQ,19/05/2025,4000,5000,4500.0
Punjab,Hoshiarpur,Mukerian(Talwara),Onion,Onion,FAQ,19/05/2025,1600,2000,1800.0
Punjab,Hoshiarpur,Mukerian(Talwara),Raddish,Raddish,FAQ,19/05/2025,2000,3000,2500.0
Punjab,Hoshiarpur,Mukerian(Talwara),Round gourd,Round gourd,FAQ,19/05/2025,1200,2000,1600.0
Punjab,Hoshiarpur,Tanda Urmur,Apple,Other,Medium,19/05/2025,12000,14000,13000.0
Punjab,Hoshiarpur,Tanda Urmur,Capsicum,Other,FAQ,19/05/2025,2000,2500,2200.0
Punjab,Hoshiarpur,Tanda Urmur,Cauliflower,Other,FAQ,19/05/2025,3000,4000,3500.0
Punjab,Hoshiarpur,Tanda Urmur,Onion,Other,FAQ,19/05/2025,1500,2000,1800.0
Punjab,Hoshiarpur,Tanda Urmur,Papaya,Other,Medium,19/05/2025,3500,4000,3800.0
Punjab,Hoshiarpur,Tanda Urmur,Potato,Other,FAQ,05/05/2025,1100,1300,1200.0
Punjab,Jalandhar,Nakodar,Cucumbar(Kheera),Other,FAQ,19/05/2025,400,500,450.0
Punjab,Ludhiana,Doraha,Bhindi(Ladies Finger),Other,FAQ,19/05/2025,2500,2500,2500.0
Punjab,Ludhiana,Doraha,Potato,Other,Non-FAQ,06/05/2025,600,800,700.0
Punjab,Ludhiana,Doraha,Tomato,Other,Non-FAQ,19/05/2025,900,1600,1400.0
Punjab,Ludhiana,Khanna,Brinjal,Other,FAQ,19/05/2025,500,1000,700.0
Punjab,Ludhiana,Khanna,Cabbage,Other,FAQ,19/05/2025,300,500,400.0
Punjab,Ludhiana,Khanna,Cucumbar(Kheera),Other,FAQ,19/05/2025,400,1500,800.0
Punjab,Ludhiana,Khanna,Green Chilli,Other,FAQ,19/05/2025,700,1200,800.0
Punjab,Ludhiana,Khanna,Papaya,Other,Medium,19/05/2025,1000,2000,1500.0
Punjab,Ludhiana,Sahnewal,Brinjal,Brinjal,FAQ,19/05/2025,1600,1600,1600.0
Punjab,Ludhiana,Sahnewal,Tinda,Tinda,FAQ,19/05/2025,2200,2200,2200.0
Punjab,Ludhiana,Sahnewal,Tomato,Tomato,FAQ,19/05/2025,1000,1000,1000.0
Punjab,Moga,Kot ise Khan,Squash(Chappal Kadoo),Other,FAQ,19/05/2025,800,1000,900.0
Punjab,Moga,Nihal Singh Wala,Bottle gourd,Bottle Gourd,FAQ,19/05/2025,800,1000,900.0
Punjab,Moga,Nihal Singh Wala,Water Melon,Other,Medium,19/05/2025,1000,1300,1200.0
Punjab,Nawanshahr,Nawan Shahar(Subzi Mandi),Cucumbar(Kheera),Other,FAQ,19/05/2025,800,1000,870.0
Punjab,Nawanshahr,Nawan Shahar(Subzi Mandi),Onion,Other,FAQ,19/05/2025,1200,1400,1300.0
Punjab,Nawanshahr,Nawan Shahar(Subzi Mandi),Potato,Other,FAQ,07/05/2025,500,600,550.0
Punjab,Nawanshahr,Nawan Shahar(Subzi Mandi),Pumpkin,Other,FAQ,19/05/2025,500,600,550.0
Punjab,Nawanshahr,Nawan Shahar(Subzi Mandi),Tinda,Other,FAQ,19/05/2025,3700,4000,3800.0
Punjab,Pathankot,Pathankot,Beetroot,Beetroot,FAQ,19/05/2025,1500,1700,1700.0
Punjab,Pathankot,Pathankot,Bitter gourd,Bitter Gourd,FAQ,19/05/2025,1800,2000,2000.0
Punjab,Pathankot,Pathankot,Carrot,Carrot,FAQ,19/05/2025,1300,1500,1500.0
Punjab,Pathankot,Pathankot,Mint(Pudina),Mint(Pudina),FAQ,19/05/2025,2800,3000,3000.0
Punjab,Pathankot,Pathankot,Papaya,Other,Medium,19/05/2025,2400,2600,2600.0
Punjab,Pathankot,Pathankot,Tomato,Tomato,Non-FAQ,19/05/2025,600,800,800.0
Punjab,Ropar (Rupnagar),Morinda,Tinda,Tinda,FAQ,19/05/2025,2500,3000,2700.0
Punjab,Sangrur,Ahmedgarh,Banana,Other,Medium,19/05/2025,2500,2600,2500.0
Punjab,Sangrur,Ahmedgarh,Onion,Other,FAQ,19/05/2025,1400,1500,1500.0
Punjab,Tarntaran,Patti,Ginger(Dry),Other,FAQ,19/05/2025,3000,4000,3500.0
Punjab,Tarntaran,Patti,Peas Wet,Other,FAQ,19/05/2025,4000,5000,4500.0
Punjab,Tarntaran,Patti,Pumpkin,Other,FAQ,19/05/2025,400,500,450.0
Rajasthan,Beawar,Beawar,Barley (Jau),Other,FAQ,19/05/2025,2300,2350,2325.0
Rajasthan,Beawar,Beawar,Mustard,Other,FAQ,19/05/2025,5600,5900,5750.0
Rajasthan,Ganganagar,Sriganganagar (F&V),Capsicum,Other,FAQ,19/05/2025,1300,1700,1500.0
Rajasthan,Ganganagar,Sriganganagar (F&V),Chikoos(Sapota),Other,Medium,19/05/2025,2800,3200,3000.0
Rajasthan,Ganganagar,Sriganganagar (F&V),Papaya,Other,Medium,19/05/2025,2300,2700,2500.0
Rajasthan,Ganganagar,Sriganganagar (F&V),Potato,Other,FAQ,08/05/2025,700,900,800.0
Rajasthan,Ganganagar,Sriganganagar (F&V),Pumpkin,Other,FAQ,19/05/2025,800,1000,900.0
Rajasthan,Ganganagar,Sriganganagar (F&V),Tomato,Other,FAQ,19/05/2025,900,1300,1100.0
Rajasthan,Ganganagar,Sriganganagar (F&V),Water Melon,Other,Medium,19/05/2025,900,1300,1100.0
Rajasthan,Ganganagar,Suratgarh,Barley (Jau),Other,FAQ,19/05/2025,2130,2150,2148.0
Rajasthan,Ganganagar,Suratgarh,Bengal Gram(Gram)(Whole),Bengal Gram (Split),FAQ,19/05/2025,5475,5511,5495.0
Rajasthan,Ganganagar,Suratgarh,Tomato,Deshi,FAQ,19/05/2025,500,900,750.0
Rajasthan,Hanumangarh,Goluwala,Onion,1st Sort,FAQ,19/05/2025,1000,1100,1100.0
Rajasthan,Hanumangarh,Goluwala,Potato,(Red Nanital),FAQ,09/05/2025,1000,1100,1100.0
Rajasthan,Hanumangarh,Sangriya,Potato,Potato,FAQ,10/05/2025,500,1600,1200.0
Rajasthan,Jaipur,Jaipur (F&V),Cauliflower,African Sarson,FAQ,19/05/2025,2500,3000,2750.0
Rajasthan,Jaipur,Jaipur (F&V),Chikoos(Sapota),Other,Medium,19/05/2025,1000,4000,2500.0
Rajasthan,Jaipur,Jaipur (F&V),Green Chilli,Green Chilly,FAQ,19/05/2025,1000,2000,1500.0
Rajasthan,Jaipur,Jaipur (F&V),Pomegranate,Other,Medium,19/05/2025,5000,10000,7500.0
Rajasthan,Jaipur,Jaipur (F&V),Pumpkin,Other,FAQ,19/05/2025,400,500,450.0
Rajasthan,Jaipur,Jaipur (F&V),Water Melon,Other,Medium,19/05/2025,500,800,650.0
Rajasthan,Jaipur Rural,Bassi,Bengal Gram(Gram)(Whole),999,Non-FAQ,19/05/2025,5065,5350,5207.0
Rajasthan,Jaipur Rural,Bassi,Guar Seed(Cluster Beans Seed),Other,FAQ,19/05/2025,4625,4765,4695.0
Rajasthan,Jodhpur,Jodhpur (Grain),Bajra(Pearl Millet/Cumbu),Other,FAQ,19/05/2025,2400,3000,2700.0
Rajasthan,Kota,Kota,Lentil (Masur)(Whole),Other,Non-FAQ,19/05/2025,5671,5671,5671.0
Rajasthan,Sanchore,Sanchore,Tomato,Other,FAQ,19/05/2025,1500,2000,1800.0
Telangana,Adilabad,Adilabad,Cotton,Cotton (Unginned),FAQ,19/05/2025,6500,7450,6800.0
Telangana,Hyderabad,Mahboob Manison,Cauliflower,African Sarson,FAQ,19/05/2025,2500,3000,2750.0
Telangana,Hyderabad,Mahboob Manison,Cucumbar(Kheera),Cucumbar,FAQ,19/05/2025,1000,1500,1250.0
Telangana,Hyderabad,Mahboob Manison,Dry Chillies,2nd Sort,FAQ,19/05/2025,4000,8000,7000.0
Telangana,Hyderabad,Mahboob Manison,Potato,(Red Nanital),FAQ,11/05/2025,2300,2300,2300.0
Telangana,Karimnagar,Husnabad,Paddy(Dhan)(Common),MTU-1010,Non-FAQ,19/05/2025,2300,2320,2300.0
Telangana,Karimnagar,Huzzurabad,Paddy(Dhan)(Common),MTU-1010,FAQ,19/05/2025,2320,2320,2320.0
Telangana,Khammam,Wyra,Paddy(Dhan)(Common),Swarna Masuri (New),FAQ,19/05/2025,2280,2320,2300.0
Telangana,Mahbubnagar,Kollapur,Mango,Other,Large,19/05/2025,1400,1400,1400.0
Telangana,Medak,Gajwel,Maize,Deshi Red,FAQ,19/05/2025,2000,2200,2100.0
Telangana,Nalgonda,Bhongir,Paddy(Dhan)(Common),1001,FAQ,19/05/2025,2300,2300,2300.0
Telangana,Nalgonda,Devarakonda,Paddy(Dhan)(Common),MTU-1010,Non-FAQ,19/05/2025,2300,2300,2300.0
Telangana,Nalgonda,Devarkonda(Dindi),Paddy(Dhan)(Common),MTU-1010,Non-FAQ,19/05/2025,2300,2300,2300.0
Telangana,Nalgonda,Kodad,Paddy(Dhan)(Common),B P T,FAQ,19/05/2025,2300,2300,2300.0
Telangana,Nalgonda,Miryalaguda,Paddy(Dhan)(Common),MTU-1010,FAQ,19/05/2025,2320,2320,2320.0
Telangana,Ranga Reddy,Kukatpally(Rythu Bazar),Beetroot,Beetroot,FAQ,19/05/2025,1700,1700,1700.0
Telangana,Ranga Reddy,Kukatpally(Rythu Bazar),Cabbage,Cabbage,FAQ,19/05/2025,900,900,900.0
Telangana,Ranga Reddy,Kukatpally(Rythu Bazar),Cluster beans,Cluster Beans,FAQ,19/05/2025,3500,3500,3500.0
Telangana,Ranga Reddy,Kukatpally(Rythu Bazar),Snakeguard,Other,FAQ,19/05/2025,1800,1800,1800.0
Telangana,Ranga Reddy,Mehndipatnam(Rythu Bazar),Bhindi(Ladies Finger),Bhindi,FAQ,19/05/2025,3500,3500,3500.0
Telangana,Ranga Reddy,Mehndipatnam(Rythu Bazar),Carrot,Carrot,FAQ,19/05/2025,2800,2800,2800.0
Telangana,Ranga Reddy,Mehndipatnam(Rythu Bazar),Cauliflower,African Sarson,FAQ,19/05/2025,2300,2300,2300.0
Telangana,Ranga Reddy,Mehndipatnam(Rythu Bazar),Potato,(Red Nanital),FAQ,12/05/2025,2500,2500,2500.0
Telangana,Ranga Reddy,Mehndipatnam(Rythu Bazar),Yam (Ratalu),Other,FAQ,19/05/2025,6500,6500,6500.0
Telangana,Warangal,Warangal,Bhindi(Ladies Finger),Bhindi,FAQ,19/05/2025,2000,2500,2250.0
Telangana,Warangal,Warangal,Potato,Potato,FAQ,13/05/2025,2500,3000,2750.0
Tripura,Dhalai,Kulai,Papaya (Raw),Other,FAQ,19/05/2025,1500,2000,1800.0
Tripura,Dhalai,Kulai,Pointed gourd (Parval),Other,FAQ,19/05/2025,7600,8000,7800.0
Tripura,Gomati,Nutanbazar,Bitter gourd,Bitter Gourd,FAQ,19/05/2025,5850,6000,5950.0
Tripura,Gomati,Nutanbazar,Rice,Masuri,FAQ,19/05/2025,3750,4000,3850.0
Tripura,Gomati,Nutanbazar,Tomato,Hybrid,FAQ,19/05/2025,9850,10000,9950.0
Tripura,Khowai,Teliamura,Bhindi(Ladies Finger),Bhindi,FAQ,19/05/2025,1500,1700,1600.0
Tripura,Khowai,Teliamura,Green Chilli,Green Chilly,FAQ,19/05/2025,3000,3200,3100.0
Tripura,North Tripura,Dasda,Bhindi(Ladies Finger),Bhindi,FAQ,19/05/2025,3500,4000,3750.0
Tripura,South District,Barpathari,Potato,Jalander,FAQ,14/05/2025,2000,2200,2100.0
Tripura,South District,Barpathari,Rice,Masuri,FAQ,19/05/2025,4100,4300,4200.0
Tripura,South District,Barpathari,Ridgeguard(Tori),Ridgeguard(Tori),FAQ,19/05/2025,5900,6100,6000.0
Uttar Pradesh,Agra,Fatehabad,Cucumbar(Kheera),Cucumbar,FAQ,19/05/2025,700,900,900.0
Uttar Pradesh,Agra,Fatehabad,Green Chilli,Green Chilly,FAQ,19/05/2025,1200,1400,1400.0
Uttar Pradesh,Aligarh,Charra,Brinjal,Brinjal,FAQ,19/05/2025,1200,1400,1300.0
Uttar Pradesh,Aligarh,Charra,Green Chilli,Green Chilly,FAQ,19/05/2025,1800,2000,1900.0
Uttar Pradesh,Aligarh,Charra,Potato,Desi,FAQ,15/05/2025,1000,1200,1100.0
Uttar Pradesh,Amethi,Sultanpur,Capsicum,Capsicum,FAQ,19/05/2025,2680,2715,2700.0
Uttar Pradesh,Amethi,Sultanpur,Cucumbar(Kheera),Cucumbar,FAQ,19/05/2025,845,880,860.0
Uttar Pradesh,Amethi,Sultanpur,Onion,Red,FAQ,19/05/2025,1250,1285,1270.0
Uttar Pradesh,Amethi,Sultanpur,Onion,Red,Non-FAQ,19/05/2025,1070,1095,1085.0
Uttar Pradesh,Amethi,Sultanpur,Tomato,Deshi,FAQ,19/05/2025,790,835,815.0
Uttar Pradesh,Amroha,Amroha,Apple,Delicious,Medium,19/05/2025,9800,10050,9950.0
Uttar Pradesh,Amroha,Amroha,Banana - Green,Banana - Green,FAQ,19/05/2025,1800,1950,1870.0
Uttar Pradesh,Amroha,Amroha,Bitter gourd,Bitter Gourd,FAQ,19/05/2025,1540,1650,1600.0
Uttar Pradesh,Amroha,Amroha,Mousambi(Sweet Lime),Mousambi,Medium,19/05/2025,3300,3400,3350.0
Uttar Pradesh,Amroha,Amroha,Papaya,Papaya,Medium,19/05/2025,2800,2950,2880.0
Uttar Pradesh,Amroha,Dhanaura,Apple,Delicious,Medium,19/05/2025,3000,3500,3200.0
Uttar Pradesh,Amroha,Dhanaura,Green Chilli,Green Chilly,FAQ,19/05/2025,1200,1500,1400.0
Uttar Pradesh,Amroha,Dhanaura,Potato,Desi,Non-FAQ,16/05/2025,600,800,700.0
Uttar Pradesh,Badaun,Badayoun,Cabbage,Cabbage,FAQ,19/05/2025,1140,1230,1180.0
Uttar Pradesh,Badaun,Badayoun,Capsicum,Capsicum,FAQ,19/05/2025,2770,2890,2820.0
Uttar Pradesh,Badaun,Badayoun,Paddy(Dhan)(Common),Sarvati,FAQ,19/05/2025,2060,2150,2100.0
Uttar Pradesh,Badaun,Badayoun,Raddish,Raddish,FAQ,19/05/2025,1370,1500,1420.0
Uttar Pradesh,Badaun,Badayoun,Ridgeguard(Tori),Ridgeguard(Tori),FAQ,19/05/2025,1670,1800,1730.0
Uttar Pradesh,Badaun,Badayoun,Tomato,Deshi,Non-FAQ,19/05/2025,660,750,700.0
Uttar Pradesh,Badaun,Ujhani,Onion,Red,FAQ,19/05/2025,1200,1260,1240.0
Uttar Pradesh,Badaun,Ujhani,Onion,Red,Non-FAQ,19/05/2025,1100,1150,1120.0
Uttar Pradesh,Badaun,Ujhani,Potato,Local,FAQ,17/05/2025,1100,1150,1125.0
Uttar Pradesh,Bahraich,Naanpara,Mango,Dusheri,Medium,19/05/2025,3000,3200,3100.0
Uttar Pradesh,Bahraich,Naanpara,Water Melon,Water Melon,Medium,19/05/2025,1500,1600,1550.0
Uttar Pradesh,Bahraich,Naanpara,Wheat,Dara,Non-FAQ,19/05/2025,2400,2500,2450.0
Uttar Pradesh,Ballia,Rasda,Bottle gourd,Bottle Gourd,FAQ,19/05/2025,1000,1125,1060.0
Uttar Pradesh,Ballia,Rasda,Ginger(Green),Green Ginger,FAQ,19/05/2025,3720,3825,3780.0
Uttar Pradesh,Ballia,Rasda,Masur Dal,Kala Masoor New,FAQ,19/05/2025,7675,7810,7740.0
Uttar Pradesh,Ballia,Rasda,Onion,Red,FAQ,19/05/2025,1080,1225,1150.0
Uttar Pradesh,Ballia,Rasda,Potato,Desi,FAQ,18/05/2025,1110,1225,1180.0
Uttar Pradesh,Ballia,Rasda,Wheat,Dara,FAQ,19/05/2025,2375,2500,2450.0
Uttar Pradesh,Balrampur,Balrampur,Green Chilli,Green Chilly,FAQ,19/05/2025,2250,2470,2360.0
Uttar Pradesh,Balrampur,Balrampur,Onion,Red,FAQ,19/05/2025,1140,1350,1245.0
Uttar Pradesh,Balrampur,Balrampur,Potato,Desi,FAQ,19/05/2025,1160,1385,1280.0
Uttar Pradesh,Balrampur,Panchpedwa,Paddy(Dhan)(Common),Paddy,FAQ,19/05/2025,2300,2500,2400.0
Uttar Pradesh,Balrampur,Panchpedwa,Potato,Potato,FAQ,20/05/2025,1200,1600,1400.0
Uttar Pradesh,Balrampur,Panchpedwa,Tomato,Tomato,FAQ,19/05/2025,1500,1900,1700.0
Uttar Pradesh,Balrampur,Tulsipur,Onion,Red,FAQ,19/05/2025,1200,1280,1240.0
Uttar Pradesh,Bareilly,Anwala,Brinjal,Brinjal,FAQ,19/05/2025,500,700,600.0
Uttar Pradesh,Bareilly,Anwala,Potato,Desi,FAQ,21/05/2025,800,1000,900.0
Uttar Pradesh,Bijnor,Kiratpur,Gur(Jaggery),Red,FAQ,19/05/2025,3600,3700,3650.0
Uttar Pradesh,Bijnor,Kiratpur,Tomato,Tomato,Non-FAQ,19/05/2025,700,800,750.0
Uttar Pradesh,Bulandshahar,Divai,Potato,F.A.Q.,FAQ,22/05/2025,800,1000,900.0
Uttar Pradesh,Bulandshahar,Gulavati,Brinjal,Other,FAQ,19/05/2025,700,900,800.0
Uttar Pradesh,Bulandshahar,Gulavati,Green Chilli,Green Chilly,FAQ,19/05/2025,1500,1700,1600.0
Uttar Pradesh,Bulandshahar,Gulavati,Potato,Desi,FAQ,23/05/2025,900,1100,1000.0
Uttar Pradesh,Etah,Aliganj,Maize,Hybrid,FAQ,19/05/2025,2250,2270,2265.0
Uttar Pradesh,Etah,Aliganj,Wheat,Dara,FAQ,19/05/2025,2450,2460,2455.0
Uttar Pradesh,Etah,Awagarh,Potato,Desi,FAQ,24/05/2025,900,1050,1000.0
Uttar Pradesh,Etawah,Jasvantnagar,Potato,Potato,FAQ,25/05/2025,900,1100,1000.0
Uttar Pradesh,Hamirpur,Kurara,Wheat,Dara,FAQ,19/05/2025,2450,2500,2475.0
Uttar Pradesh,Hathras,Shadabad,Tomato,Deshi,FAQ,19/05/2025,1200,1300,1250.0
Uttar Pradesh,Kaushambi,Manjhanpur,Potato,Desi,FAQ,26/05/2025,1125,1280,1200.0
Uttar Pradesh,Khiri (Lakhimpur),Maigalganj,Brinjal,Other,FAQ,19/05/2025,1900,1980,1940.0
Uttar Pradesh,Khiri (Lakhimpur),Maigalganj,Green Chilli,Green Chilly,FAQ,19/05/2025,2700,2750,2725.0
Uttar Pradesh,Khiri (Lakhimpur),Maigalganj,Onion,Red,FAQ,19/05/2025,2500,2570,2540.0
Uttar Pradesh,Khiri (Lakhimpur),Maigalganj,Pumpkin,Pumpkin,FAQ,19/05/2025,1600,1680,1640.0
Uttar Pradesh,Lalitpur,Mehrauni,Lentil (Masur)(Whole),Kala Masoor New,Non-FAQ,19/05/2025,6000,6700,6500.0
Uttar Pradesh,Maharajganj,Anandnagar,Apple,Delicious,Medium,19/05/2025,7000,8000,7500.0
Uttar Pradesh,Maharajganj,Anandnagar,Banana - Green,Banana - Green,FAQ,19/05/2025,1600,1800,1700.0
Uttar Pradesh,Maharajganj,Anandnagar,Tomato,Deshi,FAQ,19/05/2025,600,700,650.0
Uttar Pradesh,Mainpuri,Ghiraur,Arhar Dal(Tur Dal),Arhar Dal(Tur),FAQ,19/05/2025,9855,10055,9955.0
Uttar Pradesh,Mainpuri,Ghiraur,Cucumbar(Kheera),Cucumbar,FAQ,19/05/2025,915,1115,1015.0
Uttar Pradesh,Mainpuri,Ghiraur,Mango,Dusheri,Medium,19/05/2025,4600,4800,4700.0
Uttar Pradesh,Mainpuri,Ghiraur,Onion,Red,FAQ,19/05/2025,1080,1280,1180.0
Uttar Pradesh,Mainpuri,Ghiraur,Pumpkin,Pumpkin,FAQ,19/05/2025,450,650,550.0
Uttar Pradesh,Mainpuri,Ghiraur,Raddish,Raddish,FAQ,19/05/2025,1300,1500,1400.0
Uttar Pradesh,Mainpuri,Ghiraur,Rice,III,FAQ,19/05/2025,3295,3495,3395.0
Uttar Pradesh,Mau(Maunathbhanjan),Doharighat,Lemon,Lemon,FAQ,19/05/2025,3400,3500,3465.0
Uttar Pradesh,Mau(Maunathbhanjan),Doharighat,Wheat,Dara,FAQ,19/05/2025,2400,2450,2425.0
Uttar Pradesh,Mau(Maunathbhanjan),Kopaganj,Bottle gourd,Bottle Gourd,FAQ,19/05/2025,1000,1100,1050.0
Uttar Pradesh,Mau(Maunathbhanjan),Kopaganj,Cucumbar(Kheera),Cucumbar,FAQ,19/05/2025,800,1000,900.0
Uttar Pradesh,Mau(Maunathbhanjan),Kopaganj,Green Chilli,Green Chilly,FAQ,19/05/2025,1000,1300,1200.0
Uttar Pradesh,Muzaffarnagar,Muzzafarnagar,Onion,Red,FAQ,19/05/2025,1150,1400,1225.0
Uttar Pradesh,Muzaffarnagar,Muzzafarnagar,Onion,Red,Non-FAQ,19/05/2025,1000,1100,1050.0
Uttar Pradesh,Muzaffarnagar,Muzzafarnagar,Potato,Desi,FAQ,27/05/2025,1000,1250,1080.0
Uttar Pradesh,Muzaffarnagar,Muzzafarnagar,Potato,Desi,Non-FAQ,28/05/2025,800,950,900.0
Uttar Pradesh,Pillibhit,Pilibhit,Green Chilli,Green Chilly,FAQ,19/05/2025,2025,2105,2065.0
Uttar Pradesh,Pillibhit,Pilibhit,Mousambi(Sweet Lime),Mousambi,Medium,19/05/2025,3458,3538,3498.0
Uttar Pradesh,Pillibhit,Pilibhit,Potato,Potato,FAQ,29/05/2025,1105,1185,1145.0
Uttar Pradesh,Pillibhit,Pilibhit,Potato,Potato,Non-FAQ,30/05/2025,1005,1080,1040.0
Uttar Pradesh,Pillibhit,Pilibhit,Rice,Coarse,FAQ,19/05/2025,3335,3415,3375.0
Uttar Pradesh,Pillibhit,Pilibhit,Wheat,Dara,Non-FAQ,19/05/2025,2355,2430,2390.0
Uttar Pradesh,Prayagraj,Ajuha,Potato,Desi,FAQ,31/05/2025,1130,1275,1200.0
Uttar Pradesh,Rampur,Tanda(Rampur),Bhindi(Ladies Finger),Bhindi,FAQ,19/05/2025,1000,1040,1020.0
Uttar Pradesh,Rampur,Tanda(Rampur),Pumpkin,Other,FAQ,19/05/2025,800,840,820.0
Uttar Pradesh,Rampur,Tanda(Rampur),Sponge gourd,Other,FAQ,19/05/2025,1200,1240,1220.0
Uttar Pradesh,Sambhal,Bhehjoi,Wheat,Dara,Non-FAQ,19/05/2025,2500,2510,2505.0
Uttar Pradesh,Sant Kabir Nagar,Khalilabad,Bottle gourd,Bottle Gourd,FAQ,19/05/2025,900,1000,950.0
Uttar Pradesh,Sant Kabir Nagar,Khalilabad,Green Chilli,Green Chilly,FAQ,19/05/2025,1700,1800,1750.0
Uttar Pradesh,Shamli,Kairana,Brinjal,Round/Long,FAQ,19/05/2025,800,900,850.0
Uttar Pradesh,Shamli,Kairana,Water Melon,Water Melon,Medium,19/05/2025,700,800,750.0
Uttar Pradesh,Sitapur,Sitapur,Bengal Gram(Gram)(Whole),Average (Whole),FAQ,19/05/2025,6400,6780,6700.0
Uttar Pradesh,Sitapur,Sitapur,Black Gram Dal (Urd Dal),Black Gram Dal,FAQ,19/05/2025,9950,10250,10150.0
Uttar Pradesh,Sitapur,Sitapur,Brinjal,Round/Long,FAQ,19/05/2025,1150,1400,1290.0
Uttar Pradesh,Sitapur,Sitapur,Gur(Jaggery),Yellow,FAQ,19/05/2025,3600,4000,3905.0
Uttar Pradesh,Sitapur,Sitapur,Lemon,Lemon,FAQ,19/05/2025,6700,7400,7100.0
Uttrakhand,Champawat,Tanakpur,Banana,Other,Medium,19/05/2025,2400,2420,2410.0
Uttrakhand,Dehradoon,Rishikesh,Banana,Other,Medium,19/05/2025,1550,2000,1650.0
Uttrakhand,Dehradoon,Rishikesh,Bhindi(Ladies Finger),Other,FAQ,19/05/2025,1400,1600,1500.0
Uttrakhand,Dehradoon,Rishikesh,Brinjal,Brinjal,FAQ,19/05/2025,1000,1400,1250.0
Uttrakhand,Dehradoon,Rishikesh,Cauliflower,Other,FAQ,19/05/2025,2500,3050,2800.0
Uttrakhand,Dehradoon,Rishikesh,Karbuja(Musk Melon),Karbhuja,Medium,19/05/2025,1000,1550,1200.0
Uttrakhand,Dehradoon,Rishikesh,Papaya,Other,Medium,19/05/2025,1800,1950,1850.0
Uttrakhand,Dehradoon,Rishikesh,Pumpkin,Other,FAQ,19/05/2025,500,800,700.0
Uttrakhand,Dehradoon,Rishikesh,Tinda,Other,FAQ,19/05/2025,1500,1750,1650.0
Uttrakhand,Dehradoon,Vikasnagar,Bottle gourd,Other,FAQ,19/05/2025,200,600,600.0
Uttrakhand,Dehradoon,Vikasnagar,Green Chilli,Other,FAQ,19/05/2025,800,1000,1000.0
Uttrakhand,Dehradoon,Vikasnagar,Papaya,Other,Medium,19/05/2025,1800,1800,1800.0
Uttrakhand,Haridwar,Haridwar Union,Brinjal,Other,FAQ,19/05/2025,1000,1800,1400.0
Uttrakhand,Haridwar,Haridwar Union,Ridgeguard(Tori),Other,FAQ,19/05/2025,1200,1500,1300.0
Uttrakhand,Haridwar,Haridwar Union,Water Melon,Water Melon,Medium,19/05/2025,300,500,400.0
Uttrakhand,Haridwar,Manglaur,Bottle gourd,Other,FAQ,19/05/2025,500,800,600.0
Uttrakhand,Haridwar,Manglaur,Pumpkin,Other,FAQ,19/05/2025,450,550,500.0
Uttrakhand,Haridwar,Roorkee,Carrot,Other,FAQ,19/05/2025,750,1200,900.0
Uttrakhand,Haridwar,Roorkee,Cauliflower,Other,FAQ,19/05/2025,800,1200,1000.0
Uttrakhand,Nanital,Ramnagar,Apple,Other,Medium,19/05/2025,7500,8500,8000.0
Uttrakhand,Nanital,Ramnagar,Ginger(Green),Other,FAQ,19/05/2025,3600,4000,3800.0
Uttrakhand,Nanital,Ramnagar,Potato,Other,FAQ,01/06/2025,2300,2500,2400.0
Uttrakhand,UdhamSinghNagar,Bazpur,Green Chilli,Other,FAQ,19/05/2025,800,1000,833.0
West Bengal,Hooghly,Sheoraphuly,Bitter gourd,Other,FAQ,19/05/2025,2800,3200,3000.0
West Bengal,Hooghly,Sheoraphuly,Brinjal,Round/Long,FAQ,19/05/2025,3000,4000,3500.0
West Bengal,Hooghly,Sheoraphuly,Cucumbar(Kheera),Cucumbar,FAQ,19/05/2025,2600,3000,2800.0
West Bengal,Hooghly,Sheoraphuly,Ginger(Dry),Other,FAQ,19/05/2025,5600,6000,5800.0
West Bengal,Hooghly,Sheoraphuly,Potato,Jyoti,FAQ,02/06/2025,1400,1440,1420.0
West Bengal,Hooghly,Sheoraphuly,Rice,Sona Mansoori Non Basmati,FAQ,19/05/2025,3400,3500,3450.0
West Bengal,Jhargram,Jhargram,Potato,Jyoti,FAQ,03/06/2025,1210,1280,1260.0
West Bengal,Medinipur(W),Ghatal,Bhindi(Ladies Finger),Bhindi,FAQ,19/05/2025,1800,2000,1900.0
West Bengal,Medinipur(W),Ghatal,Carrot,Carrot,FAQ,19/05/2025,3700,3900,3800.0
West Bengal,Medinipur(W),Ghatal,Tomato,Local,FAQ,19/05/2025,2000,2200,2100.0
West Bengal,Sounth 24 Parganas,Baruipur(Canning),Onion,Other,FAQ,19/05/2025,1700,1900,1800.0
West Bengal,Uttar Dinajpur,Islampur,Rice,Fine,FAQ,19/05/2025,4500,4800,4600.0
commodity,date,market,district,state,min_price,max_price,modal_price,data_origin,
potato,2024-05-20,synthetic_reference,synthetic_reference,Haryana,976.05,1242.25,1109.15,synthetic_series_anchored_to_2025-05-19_archive_median,
potato,2024-05-21,synthetic_reference,synthetic_reference,Haryana,1006.04,1280.42,1143.23,synthetic_series_anchored_to_2025-05-19_archive_median,
potato,2024-05-22,synthetic_reference,synthetic_reference,Haryana,938.48,1194.42,1066.45,synthetic_series_anchored_to_2025-05-19_archive_median,
potato,2024-05-23,synthetic_reference,synthetic_reference,Haryana,975.81,1241.95,1108.88,synthetic_series_anchored_to_2025-05-19_archive_median,
potato,2024-05-24,synthetic_reference,synthetic_reference,Haryana,1024.28,1303.64,1163.96,synthetic_series_anchored_to_2025-05-19_archive_median,
potato,2024-05-25,synthetic_reference,synthetic_reference,Haryana,1001.55,1274.71,1138.13,synthetic_series_anchored_to_2025-05-19_archive_median,
potato,2024-05-26,synthetic_reference,synthetic_reference,Haryana,1005.49,1279.71,1142.6,synthetic_series_anchored_to_2025-05-19_archive_median,
potato,2024-05-27,synthetic_reference,synthetic_reference,Haryana,1014.81,1291.57,1153.19,synthetic_series_anchored_to_2025-05-19_archive_median,
potato,2024-05-28,synthetic_reference,synthetic_reference,Haryana,1007.55,1282.33,1144.94,synthetic_series_anchored_to_2025-05-19_archive_median,
potato,2024-05-29,synthetic_reference,synthetic_reference,Haryana,1015.09,1291.93,1153.51,synthetic_series_anchored_to_2025-05-19_archive_median,
potato,2024-05-30,synthetic_reference,synthetic_reference,Haryana,1067.53,1358.67,1213.1,synthetic_series_anchored_to_2025-05-19_archive_median,
potato,2024-05-31,synthetic_reference,synthetic_reference,Haryana,1076.38,1369.94,1223.16,synthetic_series_anchored_to_2025-05-19_archive_median,
potato,2024-06-01,synthetic_reference,synthetic_reference,Haryana,1057.43,1345.83,1201.63,synthetic_series_anchored_to_2025-05-19_archive_median,
potato,2024-06-02,synthetic_reference,synthetic_reference,Haryana,1111.7,1414.9,1263.3,synthetic_series_anchored_to_2025-05-19_archive_median,
potato,2024-06-03,synthetic_reference,synthetic_reference,Haryana,1033.53,1315.41,1174.47,synthetic_series_anchored_to_2025-05-19_archive_median,
potato,2024-06-04,synthetic_reference,synthetic_reference,Haryana,1090.74,1388.22,1239.48,synthetic_series_anchored_to_2025-05-19_archive_median,
potato,2024-06-05,synthetic_reference,synthetic_reference,Haryana,1104.71,1405.99,1255.35,synthetic_series_anchored_to_2025-05-19_archive_median,
potato,2024-06-06,synthetic_reference,synthetic_reference,Haryana,1144.16,1456.2,1300.18,synthetic_series_anchored_to_2025-05-19_archive_median,
potato,2024-06-07,synthetic_reference,synthetic_reference,Haryana,1097.69,1397.07,1247.38,synthetic_series_anchored_to_2025-05-19_archive_median,
potato,2024-06-08,synthetic_reference,synthetic_reference,Haryana,1075.68,1369.04,1222.36,synthetic_series_anchored_to_2025-05-19_archive_median,
potato,2024-06-09,synthetic_reference,synthetic_reference,Haryana,1108.05,1410.25,1259.15,synthetic_series_anchored_to_2025-05-19_archive_median,
potato,2024-06-10,synthetic_reference,synthetic_reference,Haryana,1087.16,1383.66,1235.41,synthetic_series_anchored_to_2025-05-19_archive_median,
potato,2024-06-11,synthetic_reference,synthetic_reference,Haryana,1105.17,1406.59,1255.88,synthetic_series_anchored_to_2025-05-19_archive_median,
potato,2024-06-12,synthetic_reference,synthetic_reference,Haryana,1123.65,1430.11,1276.88,synthetic_series_anchored_to_2025-05-19_archive_median,
potato,2024-06-13,synthetic_reference,synthetic_reference,Haryana,1094.87,1393.47,1244.17,synthetic_series_anchored_to_2025-05-19_archive_median,
potato,2024-06-14,synthetic_reference,synthetic_reference,Haryana,1085.11,1381.05,1233.08,synthetic_series_anchored_to_2025-05-19_archive_median,
potato,2024-06-15,synthetic_reference,synthetic_reference,Haryana,1101.56,1401.98,1251.77,synthetic_series_anchored_to_2025-05-19_archive_median,
potato,2024-06-16,synthetic_reference,synthetic_reference,Haryana,1098.04,1397.5,1247.77,synthetic_series_anchored_to_2025-05-19_archive_median,
potato,2024-06-17,synthetic_reference,synthetic_reference,Haryana,1063.0,1352.9,1207.95,synthetic_series_anchored_to_2025-05-19_archive_median,
potato,2024-06-18,synthetic_reference,synthetic_reference,Haryana,1049.5,1335.72,1192.61,synthetic_series_anchored_to_2025-05-19_archive_median,
potato,2024-06-19,synthetic_reference,synthetic_reference,Haryana,1121.96,1427.96,1274.96,synthetic_series_anchored_to_2025-05-19_archive_median,
potato,2024-06-20,synthetic_reference,synthetic_reference,Haryana,1100.88,1401.12,1251.0,synthetic_series_anchored_to_2025-05-19_archive_median,
potato,2024-06-21,synthetic_reference,synthetic_reference,Haryana,1086.98,1383.44,1235.21,synthetic_series_anchored_to_2025-05-19_archive_median,
potato,2024-06-22,synthetic_reference,synthetic_reference,Haryana,1084.5,1380.28,1232.39,synthetic_series_anchored_to_2025-05-19_archive_median,
potato,2024-06-23,synthetic_reference,synthetic_reference,Haryana,1114.17,1418.03,1266.1,synthetic_series_anchored_to_2025-05-19_archive_median,
potato,2024-06-24,synthetic_reference,synthetic_reference,Haryana,1070.57,1362.55,1216.56,synthetic_series_anchored_to_2025-05-19_archive_median,
potato,2024-06-25,synthetic_reference,synthetic_reference,Haryana,1038.04,1321.14,1179.59,synthetic_series_anchored_to_2025-05-19_archive_median,
potato,2024-06-26,synthetic_reference,synthetic_reference,Haryana,1080.11,1374.69,1227.4,synthetic_series_anchored_to_2025-05-19_archive_median,
potato,2024-06-27,synthetic_reference,synthetic_reference,Haryana,1062.92,1352.8,1207.86,synthetic_series_anchored_to_2025-05-19_archive_median,
potato,2024-06-28,synthetic_reference,synthetic_reference,Haryana,1082.34,1377.52,1229.93,synthetic_series_anchored_to_2025-05-19_archive_median,
potato,2024-06-29,synthetic_reference,synthetic_reference,Haryana,1077.71,1371.63,1224.67,synthetic_series_anchored_to_2025-05-19_archive_median,
potato,2024-06-30,synthetic_reference,synthetic_reference,Haryana,1010.14,1285.64,1147.89,synthetic_series_anchored_to_2025-05-19_archive_median,
potato,2024-07-01,synthetic_reference,synthetic_reference,Haryana,985.79,1254.65,1120.22,synthetic_series_anchored_to_2025-05-19_archive_median,
potato,2024-07-02,synthetic_reference,synthetic_reference,Haryana,954.25,1214.49,1084.37,synthetic_series_anchored_to_2025-05-19_archive_median,
potato,2024-07-03,synthetic_reference,synthetic_reference,Haryana,1035.33,1317.69,1176.51,synthetic_series_anchored_to_2025-05-19_archive_median,
potato,2024-07-04,synthetic_reference,synthetic_reference,Haryana,914.93,1164.45,1039.69,synthetic_series_anchored_to_2025-05-19_archive_median,
potato,2024-07-05,synthetic_reference,synthetic_reference,Haryana,1038.54,1321.78,1180.16,synthetic_series_anchored_to_2025-05-19_archive_median,
potato,2024-07-06,synthetic_reference,synthetic_reference,Haryana,911.05,1159.51,1035.28,synthetic_series_anchored_to_2025-05-19_archive_median,
potato,2024-07-07,synthetic_reference,synthetic_reference,Haryana,970.09,1234.65,1102.37,synthetic_series_anchored_to_2025-05-19_archive_median,
potato,2024-07-08,synthetic_reference,synthetic_reference,Haryana,975.02,1240.94,1107.98,synthetic_series_anchored_to_2025-05-19_archive_median,
potato,2024-07-09,synthetic_reference,synthetic_reference,Haryana,1017.06,1294.44,1155.75,synthetic_series_anchored_to_2025-05-19_archive_median,
potato,2024-07-10,synthetic_reference,synthetic_reference,Haryana,971.53,1236.49,1104.01,synthetic_series_anchored_to_2025-05-19_archive_median,
potato,2024-07-11,synthetic_reference,synthetic_reference,Haryana,895.14,1139.28,1017.21,synthetic_series_anchored_to_2025-05-19_archive_median,
potato,2024-07-12,synthetic_reference,synthetic_reference,Haryana,959.06,1220.62,1089.84,synthetic_series_anchored_to_2025-05-19_archive_median,
potato,2024-07-13,synthetic_reference,synthetic_reference,Haryana,860.8,1095.56,978.18,synthetic_series_anchored_to_2025-05-19_archive_median,
potato,2024-07-14,synthetic_reference,synthetic_reference,Haryana,915.23,1164.83,1040.03,synthetic_series_anchored_to_2025-05-19_archive_median,
potato,2024-07-15,synthetic_reference,synthetic_reference,Haryana,889.63,1132.25,1010.94,synthetic_series_anchored_to_2025-05-19_archive_median,
potato,2024-07-16,synthetic_reference,synthetic_reference,Haryana,898.14,1143.08,1020.61,synthetic_series_anchored_to_2025-05-19_archive_median,
potato,2024-07-17,synthetic_reference,synthetic_reference,Haryana,865.8,1101.92,983.86,synthetic_series_anchored_to_2025-05-19_archive_median,
potato,2024-07-18,synthetic_reference,synthetic_reference,Haryana,954.37,1214.65,1084.51,synthetic_series_anchored_to_2025-05-19_archive_median,
potato,2024-07-19,synthetic_reference,synthetic_reference,Haryana,903.09,1149.39,1026.24,synthetic_series_anchored_to_2025-05-19_archive_median,
potato,2024-07-20,synthetic_reference,synthetic_reference,Haryana,860.13,1094.71,977.42,synthetic_series_anchored_to_2025-05-19_archive_median,
potato,2024-07-21,synthetic_reference,synthetic_reference,Haryana,849.82,1081.58,965.7,synthetic_series_anchored_to_2025-05-19_archive_median,
potato,2024-07-22,synthetic_reference,synthetic_reference,Haryana,917.78,1168.08,1042.93,synthetic_series_anchored_to_2025-05-19_archive_median,
potato,2024-07-23,synthetic_reference,synthetic_reference,Haryana,933.72,1188.38,1061.05,synthetic_series_anchored_to_2025-05-19_archive_median,
potato,2024-07-24,synthetic_reference,synthetic_reference,Haryana,882.09,1122.65,1002.37,synthetic_series_anchored_to_2025-05-19_archive_median,
potato,2024-07-25,synthetic_reference,synthetic_reference,Haryana,888.44,1130.74,1009.59,synthetic_series_anchored_to_2025-05-19_archive_median,
potato,2024-07-26,synthetic_reference,synthetic_reference,Haryana,883.99,1125.07,1004.53,synthetic_series_anchored_to_2025-05-19_archive_median,
potato,2024-07-27,synthetic_reference,synthetic_reference,Haryana,918.12,1168.52,1043.32,synthetic_series_anchored_to_2025-05-19_archive_median,
potato,2024-07-28,synthetic_reference,synthetic_reference,Haryana,924.92,1177.16,1051.04,synthetic_series_anchored_to_2025-05-19_archive_median,
potato,2024-07-29,synthetic_reference,synthetic_reference,Haryana,939.96,1196.32,1068.14,synthetic_series_anchored_to_2025-05-19_archive_median,
potato,2024-07-30,synthetic_reference,synthetic_reference,Haryana,920.14,1171.08,1045.61,synthetic_series_anchored_to_2025-05-19_archive_median,
potato,2024-07-31,synthetic_reference,synthetic_reference,Haryana,908.89,1156.77,1032.83,synthetic_series_anchored_to_2025-05-19_archive_median,
potato,2024-08-01,synthetic_reference,synthetic_reference,Haryana,850.56,1082.54,966.55,synthetic_series_anchored_to_2025-05-19_archive_median,
potato,2024-08-02,synthetic_reference,synthetic_reference,Haryana,964.37,1227.37,1095.87,synthetic_series_anchored_to_2025-05-19_archive_median,
potato,2024-08-03,synthetic_reference,synthetic_reference,Haryana,881.01,1121.29,1001.15,synthetic_series_anchored_to_2025-05-19_archive_median,
potato,2024-08-04,synthetic_reference,synthetic_reference,Haryana,946.51,1204.65,1075.58,synthetic_series_anchored_to_2025-05-19_archive_median,
potato,2024-08-05,synthetic_reference,synthetic_reference,Haryana,859.72,1094.2,976.96,synthetic_series_anchored_to_2025-05-19_archive_median,
potato,2024-08-06,synthetic_reference,synthetic_reference,Haryana,912.98,1161.98,1037.48,synthetic_series_anchored_to_2025-05-19_archive_median,
potato,2024-08-07,synthetic_reference,synthetic_reference,Haryana,920.16,1171.12,1045.64,synthetic_series_anchored_to_2025-05-19_archive_median,
potato,2024-08-08,synthetic_reference,synthetic_reference,Haryana,937.96,1193.76,1065.86,synthetic_series_anchored_to_2025-05-19_archive_median,
potato,2024-08-09,synthetic_reference,synthetic_reference,Haryana,937.17,1192.77,1064.97,synthetic_series_anchored_to_2025-05-19_archive_median,
potato,2024-08-10,synthetic_reference,synthetic_reference,Haryana,913.07,1162.09,1037.58,synthetic_series_anchored_to_2025-05-19_archive_median,
potato,2024-08-11,synthetic_reference,synthetic_reference,Haryana,945.2,1202.98,1074.09,synthetic_series_anchored_to_2025-05-19_archive_median,
potato,2024-08-12,synthetic_reference,synthetic_reference,Haryana,1022.89,1301.87,1162.38,synthetic_series_anchored_to_2025-05-19_archive_median,
potato,2024-08-13,synthetic_reference,synthetic_reference,Haryana,944.94,1202.64,1073.79,synthetic_series_anchored_to_2025-05-19_archive_median,
potato,2024-08-14,synthetic_reference,synthetic_reference,Haryana,966.06,1229.52,1097.79,synthetic_series_anchored_to_2025-05-19_archive_median,
potato,2024-08-15,synthetic_reference,synthetic_reference,Haryana,966.57,1230.17,1098.37,synthetic_series_anchored_to_2025-05-19_archive_median,
potato,2024-08-16,synthetic_reference,synthetic_reference,Haryana,1029.49,1310.27,1169.88,synthetic_series_anchored_to_2025-05-19_archive_median,
potato,2024-08-17,synthetic_reference,synthetic_reference,Haryana,1016.65,1293.91,1155.28,synthetic_series_anchored_to_2025-05-19_archive_median,
potato,2024-08-18,synthetic_reference,synthetic_reference,Haryana,977.11,1243.59,1110.35,synthetic_series_anchored_to_2025-05-19_archive_median,
potato,2024-08-19,synthetic_reference,synthetic_reference,Haryana,1028.56,1309.08,1168.82,synthetic_series_anchored_to_2025-05-19_archive_median,
potato,2024-08-20,synthetic_reference,synthetic_reference,Haryana,1056.27,1344.35,1200.31,synthetic_series_anchored_to_2025-05-19_archive_median,
potato,2024-08-21,synthetic_reference,synthetic_reference,Haryana,1031.51,1312.83,1172.17,synthetic_series_anchored_to_2025-05-19_archive_median,
potato,2024-08-22,synthetic_reference,synthetic_reference,Haryana,1103.21,1404.09,1253.65,synthetic_series_anchored_to_2025-05-19_archive_median,
potato,2024-08-23,synthetic_reference,synthetic_reference,Haryana,1047.18,1332.78,1189.98,synthetic_series_anchored_to_2025-05-19_archive_median,
potato,2024-08-24,synthetic_reference,synthetic_reference,Haryana,1099.21,1398.99,1249.1,synthetic_series_anchored_to_2025-05-19_archive_median,
potato,2024-08-25,synthetic_reference,synthetic_reference,Haryana,1058.91,1347.71,1203.31,synthetic_series_anchored_to_2025-05-19_archive_median,
potato,2024-08-26,synthetic_reference,synthetic_reference,Haryana,1100.86,1401.1,1250.98,synthetic_series_anchored_to_2025-05-19_archive_median,
potato,2024-08-27,synthetic_reference,synthetic_reference,Haryana,1048.62,1334.6,1191.61,synthetic_series_anchored_to_2025-05-19_archive_median,
potato,2024-08-28,synthetic_reference,synthetic_reference,Haryana,1047.11,1332.69,1189.9,synthetic_series_anchored_to_2025-05-19_archive_median,
potato,2024-08-29,synthetic_reference,synthetic_reference,Haryana,1119.81,1425.21,1272.51,synthetic_series_anchored_to_2025-05-19_archive_median,
potato,2024-08-30,synthetic_reference,synthetic_reference,Haryana,1084.67,1380.49,1232.58,synthetic_series_anchored_to_2025-05-19_archive_median,
potato,2024-08-31,synthetic_reference,synthetic_reference,Haryana,1059.7,1348.7,1204.2,synthetic_series_anchored_to_2025-05-19_archive_median,
potato,2024-09-01,synthetic_reference,synthetic_reference,Haryana,1137.07,1447.19,1292.13,synthetic_series_anchored_to_2025-05-19_archive_median,
potato,2024-09-02,synthetic_reference,synthetic_reference,Haryana,1111.91,1415.15,1263.53,synthetic_series_anchored_to_2025-05-19_archive_median,
potato,2024-09-03,synthetic_reference,synthetic_reference,Haryana,1125.04,1431.86,1278.45,synthetic_series_anchored_to_2025-05-19_archive_median,
potato,2024-09-04,synthetic_reference,synthetic_reference,Haryana,1052.88,1340.04,1196.46,synthetic_series_anchored_to_2025-05-19_archive_median,
potato,2024-09-05,synthetic_reference,synthetic_reference,Haryana,1089.06,1386.08,1237.57,synthetic_series_anchored_to_2025-05-19_archive_median,
potato,2024-09-06,synthetic_reference,synthetic_reference,Haryana,1094.98,1393.6,1244.29,synthetic_series_anchored_to_2025-05-19_archive_median,
potato,2024-09-07,synthetic_reference,synthetic_reference,Haryana,1162.74,1479.86,1321.3,synthetic_series_anchored_to_2025-05-19_archive_median,
potato,2024-09-08,synthetic_reference,synthetic_reference,Haryana,1158.15,1474.01,1316.08,synthetic_series_anchored_to_2025-05-19_archive_median,
potato,2024-09-09,synthetic_reference,synthetic_reference,Haryana,1103.25,1404.13,1253.69,synthetic_series_anchored_to_2025-05-19_archive_median,
potato,2024-09-10,synthetic_reference,synthetic_reference,Haryana,1049.33,1335.51,1192.42,synthetic_series_anchored_to_2025-05-19_archive_median,
potato,2024-09-11,synthetic_reference,synthetic_reference,Haryana,1114.21,1418.09,1266.15,synthetic_series_anchored_to_2025-05-19_archive_median,
potato,2024-09-12,synthetic_reference,synthetic_reference,Haryana,1153.42,1467.98,1310.7,synthetic_series_anchored_to_2025-05-19_archive_median,
potato,2024-09-13,synthetic_reference,synthetic_reference,Haryana,1076.85,1370.53,1223.69,synthetic_series_anchored_to_2025-05-19_archive_median,
potato,2024-09-14,synthetic_reference,synthetic_reference,Haryana,1102.22,1402.82,1252.52,synthetic_series_anchored_to_2025-05-19_archive_median,
potato,2024-09-15,synthetic_reference,synthetic_reference,Haryana,1092.92,1391.0,1241.96,synthetic_series_anchored_to_2025-05-19_archive_median,
potato,2024-09-16,synthetic_reference,synthetic_reference,Haryana,1136.37,1446.29,1291.33,synthetic_series_anchored_to_2025-05-19_archive_median,
potato,2024-09-17,synthetic_reference,synthetic_reference,Haryana,1098.86,1398.54,1248.7,synthetic_series_anchored_to_2025-05-19_archive_median,
potato,2024-09-18,synthetic_reference,synthetic_reference,Haryana,1054.83,1342.51,1198.67,synthetic_series_anchored_to_2025-05-19_archive_median,
potato,2024-09-19,synthetic_reference,synthetic_reference,Haryana,1153.01,1467.47,1310.24,synthetic_series_anchored_to_2025-05-19_archive_median,
potato,2024-09-20,synthetic_reference,synthetic_reference,Haryana,1123.87,1430.37,1277.12,synthetic_series_anchored_to_2025-05-19_archive_median,
potato,2024-09-21,synthetic_reference,synthetic_reference,Haryana,1171.42,1490.9,1331.16,synthetic_series_anchored_to_2025-05-19_archive_median,
potato,2024-09-22,synthetic_reference,synthetic_reference,Haryana,1104.31,1405.49,1254.9,synthetic_series_anchored_to_2025-05-19_archive_median,
potato,2024-09-23,synthetic_reference,synthetic_reference,Haryana,1085.32,1381.32,1233.32,synthetic_series_anchored_to_2025-05-19_archive_median,
potato,2024-09-24,synthetic_reference,synthetic_reference,Haryana,1053.04,1340.24,1196.64,synthetic_series_anchored_to_2025-05-19_archive_median,
potato,2024-09-25,synthetic_reference,synthetic_reference,Haryana,1147.66,1460.66,1304.16,synthetic_series_anchored_to_2025-05-19_archive_median,
potato,2024-09-26,synthetic_reference,synthetic_reference,Haryana,1157.64,1473.36,1315.5,synthetic_series_anchored_to_2025-05-19_archive_median,
potato,2024-09-27,synthetic_reference,synthetic_reference,Haryana,976.44,1242.74,1109.59,synthetic_series_anchored_to_2025-05-19_archive_median,
potato,2024-09-28,synthetic_reference,synthetic_reference,Haryana,1009.41,1284.71,1147.06,synthetic_series_anchored_to_2025-05-19_archive_median,
potato,2024-09-29,synthetic_reference,synthetic_reference,Haryana,994.88,1266.2,1130.54,synthetic_series_anchored_to_2025-05-19_archive_median,
potato,2024-09-30,synthetic_reference,synthetic_reference,Haryana,1001.27,1274.35,1137.81,synthetic_series_anchored_to_2025-05-19_archive_median,
potato,2024-10-01,synthetic_reference,synthetic_reference,Haryana,1053.35,1340.63,1196.99,synthetic_series_anchored_to_2025-05-19_archive_median,
potato,2024-10-02,synthetic_reference,synthetic_reference,Haryana,1001.47,1274.59,1138.03,synthetic_series_anchored_to_2025-05-19_archive_median,
potato,2024-10-03,synthetic_reference,synthetic_reference,Haryana,1039.77,1323.35,1181.56,synthetic_series_anchored_to_2025-05-19_archive_median,
potato,2024-10-04,synthetic_reference,synthetic_reference,Haryana,1001.32,1274.4,1137.86,synthetic_series_anchored_to_2025-05-19_archive_median,
potato,2024-10-05,synthetic_reference,synthetic_reference,Haryana,1037.01,1319.83,1178.42,synthetic_series_anchored_to_2025-05-19_archive_median,
potato,2024-10-06,synthetic_reference,synthetic_reference,Haryana,1051.03,1337.67,1194.35,synthetic_series_anchored_to_2025-05-19_archive_median,
potato,2024-10-07,synthetic_reference,synthetic_reference,Haryana,1013.44,1289.84,1151.64,synthetic_series_anchored_to_2025-05-19_archive_median,
potato,2024-10-08,synthetic_reference,synthetic_reference,Haryana,968.38,1232.48,1100.43,synthetic_series_anchored_to_2025-05-19_archive_median,
potato,2024-10-09,synthetic_reference,synthetic_reference,Haryana,1015.67,1292.67,1154.17,synthetic_series_anchored_to_2025-05-19_archive_median,
potato,2024-10-10,synthetic_reference,synthetic_reference,Haryana,962.72,1225.28,1094.0,synthetic_series_anchored_to_2025-05-19_archive_median,
potato,2024-10-11,synthetic_reference,synthetic_reference,Haryana,959.77,1221.53,1090.65,synthetic_series_anchored_to_2025-05-19_archive_median,
potato,2024-10-12,synthetic_reference,synthetic_reference,Haryana,1001.76,1274.96,1138.36,synthetic_series_anchored_to_2025-05-19_archive_median,
potato,2024-10-13,synthetic_reference,synthetic_reference,Haryana,967.6,1231.48,1099.54,synthetic_series_anchored_to_2025-05-19_archive_median,
potato,2024-10-14,synthetic_reference,synthetic_reference,Haryana,936.28,1191.64,1063.96,synthetic_series_anchored_to_2025-05-19_archive_median,
potato,2024-10-15,synthetic_reference,synthetic_reference,Haryana,1002.51,1275.93,1139.22,synthetic_series_anchored_to_2025-05-19_archive_median,
potato,2024-10-16,synthetic_reference,synthetic_reference,Haryana,951.45,1210.93,1081.19,synthetic_series_anchored_to_2025-05-19_archive_median,
potato,2024-10-17,synthetic_reference,synthetic_reference,Haryana,964.42,1227.44,1095.93,synthetic_series_anchored_to_2025-05-19_archive_median,
potato,2024-10-18,synthetic_reference,synthetic_reference,Haryana,908.02,1155.66,1031.84,synthetic_series_anchored_to_2025-05-19_archive_median,
potato,2024-10-19,synthetic_reference,synthetic_reference,Haryana,974.85,1240.71,1107.78,synthetic_series_anchored_to_2025-05-19_archive_median,
potato,2024-10-20,synthetic_reference,synthetic_reference,Haryana,904.87,1151.65,1028.26,synthetic_series_anchored_to_2025-05-19_archive_median,
potato,2024-10-21,synthetic_reference,synthetic_reference,Haryana,902.92,1149.16,1026.04,synthetic_series_anchored_to_2025-05-19_archive_median,
potato,2024-10-22,synthetic_reference,synthetic_reference,Haryana,936.24,1191.58,1063.91,synthetic_series_anchored_to_2025-05-19_archive_median,
potato,2024-10-23,synthetic_reference,synthetic_reference,Haryana,974.37,1240.11,1107.24,synthetic_series_anchored_to_2025-05-19_archive_median,
potato,2024-10-24,synthetic_reference,synthetic_reference,Haryana,934.2,1188.98,1061.59,synthetic_series_anchored_to_2025-05-19_archive_median,
potato,2024-10-25,synthetic_reference,synthetic_reference,Haryana,988.69,1258.33,1123.51,synthetic_series_anchored_to_2025-05-19_archive_median,
potato,2024-10-26,synthetic_reference,synthetic_reference,Haryana,915.85,1165.63,1040.74,synthetic_series_anchored_to_2025-05-19_archive_median,
potato,2024-10-27,synthetic_reference,synthetic_reference,Haryana,906.5,1153.72,1030.11,synthetic_series_anchored_to_2025-05-19_archive_median,
potato,2024-10-28,synthetic_reference,synthetic_reference,Haryana,883.48,1124.42,1003.95,synthetic_series_anchored_to_2025-05-19_archive_median,
potato,2024-10-29,synthetic_reference,synthetic_reference,Haryana,897.88,1142.76,1020.32,synthetic_series_anchored_to_2025-05-19_archive_median,
potato,2024-10-30,synthetic_reference,synthetic_reference,Haryana,957.67,1218.85,1088.26,synthetic_series_anchored_to_2025-05-19_archive_median,
potato,2024-10-31,synthetic_reference,synthetic_reference,Haryana,901.5,1147.36,1024.43,synthetic_series_anchored_to_2025-05-19_archive_median,
potato,2024-11-01,synthetic_reference,synthetic_reference,Haryana,969.8,1234.3,1102.05,synthetic_series_anchored_to_2025-05-19_archive_median,
potato,2024-11-02,synthetic_reference,synthetic_reference,Haryana,920.14,1171.08,1045.61,synthetic_series_anchored_to_2025-05-19_archive_median,
potato,2024-11-03,synthetic_reference,synthetic_reference,Haryana,1006.05,1280.43,1143.24,synthetic_series_anchored_to_2025-05-19_archive_median,
potato,2024-11-04,synthetic_reference,synthetic_reference,Haryana,909.48,1157.52,1033.5,synthetic_series_anchored_to_2025-05-19_archive_median,
potato,2024-11-05,synthetic_reference,synthetic_reference,Haryana,954.27,1214.53,1084.4,synthetic_series_anchored_to_2025-05-19_archive_median,
potato,2024-11-06,synthetic_reference,synthetic_reference,Haryana,938.63,1194.61,1066.62,synthetic_series_anchored_to_2025-05-19_archive_median,
potato,2024-11-07,synthetic_reference,synthetic_reference,Haryana,931.08,1185.02,1058.05,synthetic_series_anchored_to_2025-05-19_archive_median,
potato,2024-11-08,synthetic_reference,synthetic_reference,Haryana,963.66,1226.48,1095.07,synthetic_series_anchored_to_2025-05-19_archive_median,
potato,2024-11-09,synthetic_reference,synthetic_reference,Haryana,995.17,1266.57,1130.87,synthetic_series_anchored_to_2025-05-19_archive_median,
potato,2024-11-10,synthetic_reference,synthetic_reference,Haryana,1038.97,1322.33,1180.65,synthetic_series_anchored_to_2025-05-19_archive_median,
potato,2024-11-11,synthetic_reference,synthetic_reference,Haryana,956.08,1216.82,1086.45,synthetic_series_anchored_to_2025-05-19_archive_median,
potato,2024-11-12,synthetic_reference,synthetic_reference,Haryana,1056.77,1344.97,1200.87,synthetic_series_anchored_to_2025-05-19_archive_median,
potato,2024-11-13,synthetic_reference,synthetic_reference,Haryana,973.68,1239.22,1106.45,synthetic_series_anchored_to_2025-05-19_archive_median,
potato,2024-11-14,synthetic_reference,synthetic_reference,Haryana,1051.8,1338.66,1195.23,synthetic_series_anchored_to_2025-05-19_archive_median,
potato,2024-11-15,synthetic_reference,synthetic_reference,Haryana,1011.67,1287.57,1149.62,synthetic_series_anchored_to_2025-05-19_archive_median,
potato,2024-11-16,synthetic_reference,synthetic_reference,Haryana,991.61,1262.05,1126.83,synthetic_series_anchored_to_2025-05-19_archive_median,
potato,2024-11-17,synthetic_reference,synthetic_reference,Haryana,1037.23,1320.11,1178.67,synthetic_series_anchored_to_2025-05-19_archive_median,
potato,2024-11-18,synthetic_reference,synthetic_reference,Haryana,1078.97,1373.23,1226.1,synthetic_series_anchored_to_2025-05-19_archive_median,
potato,2024-11-19,synthetic_reference,synthetic_reference,Haryana,1055.08,1342.82,1198.95,synthetic_series_anchored_to_2025-05-19_archive_median,
potato,2024-11-20,synthetic_reference,synthetic_reference,Haryana,1097.21,1396.45,1246.83,synthetic_series_anchored_to_2025-05-19_archive_median,
potato,2024-11-21,synthetic_reference,synthetic_reference,Haryana,1151.26,1465.24,1308.25,synthetic_series_anchored_to_2025-05-19_archive_median,
potato,2024-11-22,synthetic_reference,synthetic_reference,Haryana,1058.42,1347.08,1202.75,synthetic_series_anchored_to_2025-05-19_archive_median,
potato,2024-11-23,synthetic_reference,synthetic_reference,Haryana,1117.16,1421.84,1269.5,synthetic_series_anchored_to_2025-05-19_archive_median,
potato,2024-11-24,synthetic_reference,synthetic_reference,Haryana,1137.19,1447.33,1292.26,synthetic_series_anchored_to_2025-05-19_archive_median,
potato,2024-11-25,synthetic_reference,synthetic_reference,Haryana,1085.96,1382.14,1234.05,synthetic_series_anchored_to_2025-05-19_archive_median,
potato,2024-11-26,synthetic_reference,synthetic_reference,Haryana,1087.8,1384.48,1236.14,synthetic_series_anchored_to_2025-05-19_archive_median,
potato,2024-11-27,synthetic_reference,synthetic_reference,Haryana,1090.89,1388.41,1239.65,synthetic_series_anchored_to_2025-05-19_archive_median,
potato,2024-11-28,synthetic_reference,synthetic_reference,Haryana,1094.32,1392.76,1243.54,synthetic_series_anchored_to_2025-05-19_archive_median,
potato,2024-11-29,synthetic_reference,synthetic_reference,Haryana,1121.35,1427.17,1274.26,synthetic_series_anchored_to_2025-05-19_archive_median,
potato,2024-11-30,synthetic_reference,synthetic_reference,Haryana,1204.39,1532.87,1368.63,synthetic_series_anchored_to_2025-05-19_archive_median,
potato,2024-12-01,synthetic_reference,synthetic_reference,Haryana,1157.02,1472.58,1314.8,synthetic_series_anchored_to_2025-05-19_archive_median,
potato,2024-12-02,synthetic_reference,synthetic_reference,Haryana,1168.05,1486.61,1327.33,synthetic_series_anchored_to_2025-05-19_archive_median,
potato,2024-12-03,synthetic_reference,synthetic_reference,Haryana,1050.81,1337.39,1194.1,synthetic_series_anchored_to_2025-05-19_archive_median,
potato,2024-12-04,synthetic_reference,synthetic_reference,Haryana,1128.97,1436.87,1282.92,synthetic_series_anchored_to_2025-05-19_archive_median,
potato,2024-12-05,synthetic_reference,synthetic_reference,Haryana,1144.72,1456.92,1300.82,synthetic_series_anchored_to_2025-05-19_archive_median,
potato,2024-12-06,synthetic_reference,synthetic_reference,Haryana,1228.29,1563.27,1395.78,synthetic_series_anchored_to_2025-05-19_archive_median,
potato,2024-12-07,synthetic_reference,synthetic_reference,Haryana,1129.69,1437.79,1283.74,synthetic_series_anchored_to_2025-05-19_archive_median,
potato,2024-12-08,synthetic_reference,synthetic_reference,Haryana,1138.46,1448.96,1293.71,synthetic_series_anchored_to_2025-05-19_archive_median,
potato,2024-12-09,synthetic_reference,synthetic_reference,Haryana,1206.6,1535.68,1371.14,synthetic_series_anchored_to_2025-05-19_archive_median,
potato,2024-12-10,synthetic_reference,synthetic_reference,Haryana,1177.64,1498.82,1338.23,synthetic_series_anchored_to_2025-05-19_archive_median,
potato,2024-12-11,synthetic_reference,synthetic_reference,Haryana,1127.22,1434.64,1280.93,synthetic_series_anchored_to_2025-05-19_archive_median,
potato,2024-12-12,synthetic_reference,synthetic_reference,Haryana,1229.72,1565.1,1397.41,synthetic_series_anchored_to_2025-05-19_archive_median,
potato,2024-12-13,synthetic_reference,synthetic_reference,Haryana,1148.42,1461.62,1305.02,synthetic_series_anchored_to_2025-05-19_archive_median,
potato,2024-12-14,synthetic_reference,synthetic_reference,Haryana,1197.81,1524.49,1361.15,synthetic_series_anchored_to_2025-05-19_archive_median,
potato,2024-12-15,synthetic_reference,synthetic_reference,Haryana,1152.77,1467.17,1309.97,synthetic_series_anchored_to_2025-05-19_archive_median,
potato,2024-12-16,synthetic_reference,synthetic_reference,Haryana,1086.69,1383.05,1234.87,synthetic_series_anchored_to_2025-05-19_archive_median,
potato,2024-12-17,synthetic_reference,synthetic_reference,Haryana,1108.64,1411.0,1259.82,synthetic_series_anchored_to_2025-05-19_archive_median,
potato,2024-12-18,synthetic_reference,synthetic_reference,Haryana,1132.54,1441.42,1286.98,synthetic_series_anchored_to_2025-05-19_archive_median,
potato,2024-12-19,synthetic_reference,synthetic_reference,Haryana,1121.86,1427.82,1274.84,synthetic_series_anchored_to_2025-05-19_archive_median,
potato,2024-12-20,synthetic_reference,synthetic_reference,Haryana,1134.63,1444.07,1289.35,synthetic_series_anchored_to_2025-05-19_archive_median,
potato,2024-12-21,synthetic_reference,synthetic_reference,Haryana,1183.94,1506.84,1345.39,synthetic_series_anchored_to_2025-05-19_archive_median,
potato,2024-12-22,synthetic_reference,synthetic_reference,Haryana,1134.85,1444.35,1289.6,synthetic_series_anchored_to_2025-05-19_archive_median,
potato,2024-12-23,synthetic_reference,synthetic_reference,Haryana,1062.85,1352.71,1207.78,synthetic_series_anchored_to_2025-05-19_archive_median,
potato,2024-12-24,synthetic_reference,synthetic_reference,Haryana,1118.91,1424.07,1271.49,synthetic_series_anchored_to_2025-05-19_archive_median,
potato,2024-12-25,synthetic_reference,synthetic_reference,Haryana,1085.1,1381.04,1233.07,synthetic_series_anchored_to_2025-05-19_archive_median,
potato,2024-12-26,synthetic_reference,synthetic_reference,Haryana,1085.62,1381.7,1233.66,synthetic_series_anchored_to_2025-05-19_archive_median,
potato,2024-12-27,synthetic_reference,synthetic_reference,Haryana,985.15,1253.83,1119.49,synthetic_series_anchored_to_2025-05-19_archive_median,
potato,2024-12-28,synthetic_reference,synthetic_reference,Haryana,1084.66,1380.48,1232.57,synthetic_series_anchored_to_2025-05-19_archive_median,
potato,2024-12-29,synthetic_reference,synthetic_reference,Haryana,1104.21,1405.35,1254.78,synthetic_series_anchored_to_2025-05-19_archive_median,
potato,2024-12-30,synthetic_reference,synthetic_reference,Haryana,1028.93,1309.55,1169.24,synthetic_series_anchored_to_2025-05-19_archive_median,
potato,2024-12-31,synthetic_reference,synthetic_reference,Haryana,1021.86,1300.54,1161.2,synthetic_series_anchored_to_2025-05-19_archive_median,
potato,2025-01-01,synthetic_reference,synthetic_reference,Haryana,1029.49,1310.25,1169.87,synthetic_series_anchored_to_2025-05-19_archive_median,
potato,2025-01-02,synthetic_reference,synthetic_reference,Haryana,1009.04,1284.24,1146.64,synthetic_series_anchored_to_2025-05-19_archive_median,
potato,2025-01-03,synthetic_reference,synthetic_reference,Haryana,1067.59,1358.75,1213.17,synthetic_series_anchored_to_2025-05-19_archive_median,
potato,2025-01-04,synthetic_reference,synthetic_reference,Haryana,1041.15,1325.09,1183.12,synthetic_series_anchored_to_2025-05-19_archive_median,
potato,2025-01-05,synthetic_reference,synthetic_reference,Haryana,1026.65,1306.65,1166.65,synthetic_series_anchored_to_2025-05-19_archive_median,
potato,2025-01-06,synthetic_reference,synthetic_reference,Haryana,958.88,1220.4,1089.64,synthetic_series_anchored_to_2025-05-19_archive_median,
potato,2025-01-07,synthetic_reference,synthetic_reference,Haryana,1013.9,1290.42,1152.16,synthetic_series_anchored_to_2025-05-19_archive_median,
potato,2025-01-08,synthetic_reference,synthetic_reference,Haryana,1069.62,1361.34,1215.48,synthetic_series_anchored_to_2025-05-19_archive_median,
potato,2025-01-09,synthetic_reference,synthetic_reference,Haryana,983.33,1251.51,1117.42,synthetic_series_anchored_to_2025-05-19_archive_median,
potato,2025-01-10,synthetic_reference,synthetic_reference,Haryana,917.95,1168.31,1043.13,synthetic_series_anchored_to_2025-05-19_archive_median,
potato,2025-01-11,synthetic_reference,synthetic_reference,Haryana,990.74,1260.94,1125.84,synthetic_series_anchored_to_2025-05-19_archive_median,
potato,2025-01-12,synthetic_reference,synthetic_reference,Haryana,963.72,1226.56,1095.14,synthetic_series_anchored_to_2025-05-19_archive_median,
potato,2025-01-13,synthetic_reference,synthetic_reference,Haryana,926.02,1178.58,1052.3,synthetic_series_anchored_to_2025-05-19_archive_median,
potato,2025-01-14,synthetic_reference,synthetic_reference,Haryana,991.51,1261.93,1126.72,synthetic_series_anchored_to_2025-05-19_archive_median,
potato,2025-01-15,synthetic_reference,synthetic_reference,Haryana,979.53,1246.67,1113.1,synthetic_series_anchored_to_2025-05-19_archive_median,
potato,2025-01-16,synthetic_reference,synthetic_reference,Haryana,1005.35,1279.53,1142.44,synthetic_series_anchored_to_2025-05-19_archive_median,
potato,2025-01-17,synthetic_reference,synthetic_reference,Haryana,986.35,1255.35,1120.85,synthetic_series_anchored_to_2025-05-19_archive_median,
potato,2025-01-18,synthetic_reference,synthetic_reference,Haryana,1073.33,1366.05,1219.69,synthetic_series_anchored_to_2025-05-19_archive_median,
potato,2025-01-19,synthetic_reference,synthetic_reference,Haryana,993.7,1264.72,1129.21,synthetic_series_anchored_to_2025-05-19_archive_median,
potato,2025-01-20,synthetic_reference,synthetic_reference,Haryana,956.29,1217.09,1086.69,synthetic_series_anchored_to_2025-05-19_archive_median,
potato,2025-01-21,synthetic_reference,synthetic_reference,Haryana,938.77,1194.79,1066.78,synthetic_series_anchored_to_2025-05-19_archive_median,
potato,2025-01-22,synthetic_reference,synthetic_reference,Haryana,950.88,1210.2,1080.54,synthetic_series_anchored_to_2025-05-19_archive_median,
potato,2025-01-23,synthetic_reference,synthetic_reference,Haryana,923.22,1175.0,1049.11,synthetic_series_anchored_to_2025-05-19_archive_median,
potato,2025-01-24,synthetic_reference,synthetic_reference,Haryana,992.74,1263.48,1128.11,synthetic_series_anchored_to_2025-05-19_archive_median,
potato,2025-01-25,synthetic_reference,synthetic_reference,Haryana,956.91,1217.89,1087.4,synthetic_series_anchored_to_2025-05-19_archive_median,
potato,2025-01-26,synthetic_reference,synthetic_reference,Haryana,1040.2,1323.9,1182.05,synthetic_series_anchored_to_2025-05-19_archive_median,
potato,2025-01-27,synthetic_reference,synthetic_reference,Haryana,966.35,1229.89,1098.12,synthetic_series_anchored_to_2025-05-19_archive_median,
potato,2025-01-28,synthetic_reference,synthetic_reference,Haryana,932.64,1187.0,1059.82,synthetic_series_anchored_to_2025-05-19_archive_median,
potato,2025-01-29,synthetic_reference,synthetic_reference,Haryana,975.65,1241.73,1108.69,synthetic_series_anchored_to_2025-05-19_archive_median,
potato,2025-01-30,synthetic_reference,synthetic_reference,Haryana,956.59,1217.47,1087.03,synthetic_series_anchored_to_2025-05-19_archive_median,
potato,2025-01-31,synthetic_reference,synthetic_reference,Haryana,987.71,1257.09,1122.4,synthetic_series_anchored_to_2025-05-19_archive_median,
potato,2025-02-01,synthetic_reference,synthetic_reference,Haryana,1027.36,1307.56,1167.46,synthetic_series_anchored_to_2025-05-19_archive_median,
potato,2025-02-02,synthetic_reference,synthetic_reference,Haryana,1008.85,1283.99,1146.42,synthetic_series_anchored_to_2025-05-19_archive_median,
potato,2025-02-03,synthetic_reference,synthetic_reference,Haryana,960.92,1223.0,1091.96,synthetic_series_anchored_to_2025-05-19_archive_median,
potato,2025-02-04,synthetic_reference,synthetic_reference,Haryana,1031.63,1312.99,1172.31,synthetic_series_anchored_to_2025-05-19_archive_median,
potato,2025-02-05,synthetic_reference,synthetic_reference,Haryana,978.95,1245.93,1112.44,synthetic_series_anchored_to_2025-05-19_archive_median,
potato,2025-02-06,synthetic_reference,synthetic_reference,Haryana,1018.3,1296.02,1157.16,synthetic_series_anchored_to_2025-05-19_archive_median,
potato,2025-02-07,synthetic_reference,synthetic_reference,Haryana,1031.1,1312.3,1171.7,synthetic_series_anchored_to_2025-05-19_archive_median,
potato,2025-02-08,synthetic_reference,synthetic_reference,Haryana,1053.37,1340.65,1197.01,synthetic_series_anchored_to_2025-05-19_archive_median,
potato,2025-02-09,synthetic_reference,synthetic_reference,Haryana,1063.81,1353.93,1208.87,synthetic_series_anchored_to_2025-05-19_archive_median,
potato,2025-02-10,synthetic_reference,synthetic_reference,Haryana,1027.97,1308.33,1168.15,synthetic_series_anchored_to_2025-05-19_archive_median,
potato,2025-02-11,synthetic_reference,synthetic_reference,Haryana,1040.29,1324.01,1182.15,synthetic_series_anchored_to_2025-05-19_archive_median,
potato,2025-02-12,synthetic_reference,synthetic_reference,Haryana,1044.52,1329.4,1186.96,synthetic_series_anchored_to_2025-05-19_archive_median,
potato,2025-02-13,synthetic_reference,synthetic_reference,Haryana,1026.04,1305.86,1165.95,synthetic_series_anchored_to_2025-05-19_archive_median,
potato,2025-02-14,synthetic_reference,synthetic_reference,Haryana,1086.61,1382.95,1234.78,synthetic_series_anchored_to_2025-05-19_archive_median,
potato,2025-02-15,synthetic_reference,synthetic_reference,Haryana,1112.14,1415.44,1263.79,synthetic_series_anchored_to_2025-05-19_archive_median,
potato,2025-02-16,synthetic_reference,synthetic_reference,Haryana,1121.47,1427.33,1274.4,synthetic_series_anchored_to_2025-05-19_archive_median,
potato,2025-02-17,synthetic_reference,synthetic_reference,Haryana,1108.84,1411.24,1260.04,synthetic_series_anchored_to_2025-05-19_archive_median,
potato,2025-02-18,synthetic_reference,synthetic_reference,Haryana,1113.86,1417.64,1265.75,synthetic_series_anchored_to_2025-05-19_archive_median,
potato,2025-02-19,synthetic_reference,synthetic_reference,Haryana,1120.61,1426.23,1273.42,synthetic_series_anchored_to_2025-05-19_archive_median,
potato,2025-02-20,synthetic_reference,synthetic_reference,Haryana,1103.9,1404.96,1254.43,synthetic_series_anchored_to_2025-05-19_archive_median,
potato,2025-02-21,synthetic_reference,synthetic_reference,Haryana,1156.43,1471.83,1314.13,synthetic_series_anchored_to_2025-05-19_archive_median,
potato,2025-02-22,synthetic_reference,synthetic_reference,Haryana,1111.79,1415.01,1263.4,synthetic_series_anchored_to_2025-05-19_archive_median,
potato,2025-02-23,synthetic_reference,synthetic_reference,Haryana,1102.55,1403.25,1252.9,synthetic_series_anchored_to_2025-05-19_archive_median,
potato,2025-02-24,synthetic_reference,synthetic_reference,Haryana,1165.38,1483.22,1324.3,synthetic_series_anchored_to_2025-05-19_archive_median,
potato,2025-02-25,synthetic_reference,synthetic_reference,Haryana,1155.31,1470.39,1312.85,synthetic_series_anchored_to_2025-05-19_archive_median,
potato,2025-02-26,synthetic_reference,synthetic_reference,Haryana,1197.36,1523.92,1360.64,synthetic_series_anchored_to_2025-05-19_archive_median,
potato,2025-02-27,synthetic_reference,synthetic_reference,Haryana,1125.45,1432.39,1278.92,synthetic_series_anchored_to_2025-05-19_archive_median,
potato,2025-02-28,synthetic_reference,synthetic_reference,Haryana,1185.14,1508.36,1346.75,synthetic_series_anchored_to_2025-05-19_archive_median,
potato,2025-03-01,synthetic_reference,synthetic_reference,Haryana,1233.65,1570.09,1401.87,synthetic_series_anchored_to_2025-05-19_archive_median,
potato,2025-03-02,synthetic_reference,synthetic_reference,Haryana,1158.71,1474.73,1316.72,synthetic_series_anchored_to_2025-05-19_archive_median,
potato,2025-03-03,synthetic_reference,synthetic_reference,Haryana,1184.57,1507.63,1346.1,synthetic_series_anchored_to_2025-05-19_archive_median,
potato,2025-03-04,synthetic_reference,synthetic_reference,Haryana,1172.67,1492.49,1332.58,synthetic_series_anchored_to_2025-05-19_archive_median,
potato,2025-03-05,synthetic_reference,synthetic_reference,Haryana,1156.45,1471.85,1314.15,synthetic_series_anchored_to_2025-05-19_archive_median,
potato,2025-03-06,synthetic_reference,synthetic_reference,Haryana,1171.57,1491.09,1331.33,synthetic_series_anchored_to_2025-05-19_archive_median,
potato,2025-03-07,synthetic_reference,synthetic_reference,Haryana,1216.48,1548.24,1382.36,synthetic_series_anchored_to_2025-05-19_archive_median,
potato,2025-03-08,synthetic_reference,synthetic_reference,Haryana,1180.33,1502.23,1341.28,synthetic_series_anchored_to_2025-05-19_archive_median,
potato,2025-03-09,synthetic_reference,synthetic_reference,Haryana,1166.11,1484.13,1325.12,synthetic_series_anchored_to_2025-05-19_archive_median,
potato,2025-03-10,synthetic_reference,synthetic_reference,Haryana,1253.0,1594.72,1423.86,synthetic_series_anchored_to_2025-05-19_archive_median,
potato,2025-03-11,synthetic_reference,synthetic_reference,Haryana,1224.56,1558.52,1391.54,synthetic_series_anchored_to_2025-05-19_archive_median,
potato,2025-03-12,synthetic_reference,synthetic_reference,Haryana,1160.32,1476.78,1318.55,synthetic_series_anchored_to_2025-05-19_archive_median,
potato,2025-03-13,synthetic_reference,synthetic_reference,Haryana,1182.98,1505.62,1344.3,synthetic_series_anchored_to_2025-05-19_archive_median,
potato,2025-03-14,synthetic_reference,synthetic_reference,Haryana,1200.1,1527.4,1363.75,synthetic_series_anchored_to_2025-05-19_archive_median,
potato,2025-03-15,synthetic_reference,synthetic_reference,Haryana,1185.24,1508.48,1346.86,synthetic_series_anchored_to_2025-05-19_archive_median,
potato,2025-03-16,synthetic_reference,synthetic_reference,Haryana,1147.14,1460.0,1303.57,synthetic_series_anchored_to_2025-05-19_archive_median,
potato,2025-03-17,synthetic_reference,synthetic_reference,Haryana,1105.46,1406.96,1256.21,synthetic_series_anchored_to_2025-05-19_archive_median,
potato,2025-03-18,synthetic_reference,synthetic_reference,Haryana,1179.84,1501.62,1340.73,synthetic_series_anchored_to_2025-05-19_archive_median,
potato,2025-03-19,synthetic_reference,synthetic_reference,Haryana,1093.8,1392.1,1242.95,synthetic_series_anchored_to_2025-05-19_archive_median,
potato,2025-03-20,synthetic_reference,synthetic_reference,Haryana,1161.59,1478.39,1319.99,synthetic_series_anchored_to_2025-05-19_archive_median,
potato,2025-03-21,synthetic_reference,synthetic_reference,Haryana,1145.03,1457.31,1301.17,synthetic_series_anchored_to_2025-05-19_archive_median,
potato,2025-03-22,synthetic_reference,synthetic_reference,Haryana,1119.12,1424.34,1271.73,synthetic_series_anchored_to_2025-05-19_archive_median,
potato,2025-03-23,synthetic_reference,synthetic_reference,Haryana,1147.57,1460.55,1304.06,synthetic_series_anchored_to_2025-05-19_archive_median,
potato,2025-03-24,synthetic_reference,synthetic_reference,Haryana,1149.14,1462.54,1305.84,synthetic_series_anchored_to_2025-05-19_archive_median,
potato,2025-03-25,synthetic_reference,synthetic_reference,Haryana,1125.14,1432.0,1278.57,synthetic_series_anchored_to_2025-05-19_archive_median,
potato,2025-03-26,synthetic_reference,synthetic_reference,Haryana,1143.91,1455.89,1299.9,synthetic_series_anchored_to_2025-05-19_archive_median,
potato,2025-03-27,synthetic_reference,synthetic_reference,Haryana,1142.26,1453.78,1298.02,synthetic_series_anchored_to_2025-05-19_archive_median,
potato,2025-03-28,synthetic_reference,synthetic_reference,Haryana,1176.53,1497.41,1336.97,synthetic_series_anchored_to_2025-05-19_archive_median,
potato,2025-03-29,synthetic_reference,synthetic_reference,Haryana,1130.48,1438.8,1284.64,synthetic_series_anchored_to_2025-05-19_archive_median,
potato,2025-03-30,synthetic_reference,synthetic_reference,Haryana,1067.92,1359.16,1213.54,synthetic_series_anchored_to_2025-05-19_archive_median,
potato,2025-03-31,synthetic_reference,synthetic_reference,Haryana,1049.8,1336.1,1192.95,synthetic_series_anchored_to_2025-05-19_archive_median,
potato,2025-04-01,synthetic_reference,synthetic_reference,Haryana,1030.98,1312.16,1171.57,synthetic_series_anchored_to_2025-05-19_archive_median,
potato,2025-04-02,synthetic_reference,synthetic_reference,Haryana,1086.08,1382.28,1234.18,synthetic_series_anchored_to_2025-05-19_archive_median,
potato,2025-04-03,synthetic_reference,synthetic_reference,Haryana,1090.56,1387.98,1239.27,synthetic_series_anchored_to_2025-05-19_archive_median,
potato,2025-04-04,synthetic_reference,synthetic_reference,Haryana,1065.42,1355.98,1210.7,synthetic_series_anchored_to_2025-05-19_archive_median,
potato,2025-04-05,synthetic_reference,synthetic_reference,Haryana,1070.57,1362.55,1216.56,synthetic_series_anchored_to_2025-05-19_archive_median,
potato,2025-04-06,synthetic_reference,synthetic_reference,Haryana,1051.99,1338.89,1195.44,synthetic_series_anchored_to_2025-05-19_archive_median,
potato,2025-04-07,synthetic_reference,synthetic_reference,Haryana,1026.84,1306.88,1166.86,synthetic_series_anchored_to_2025-05-19_archive_median,
potato,2025-04-08,synthetic_reference,synthetic_reference,Haryana,1046.39,1331.77,1189.08,synthetic_series_anchored_to_2025-05-19_archive_median,
potato,2025-04-09,synthetic_reference,synthetic_reference,Haryana,1008.16,1283.12,1145.64,synthetic_series_anchored_to_2025-05-19_archive_median,
potato,2025-04-10,synthetic_reference,synthetic_reference,Haryana,1031.99,1313.45,1172.72,synthetic_series_anchored_to_2025-05-19_archive_median,
potato,2025-04-11,synthetic_reference,synthetic_reference,Haryana,1018.78,1296.62,1157.7,synthetic_series_anchored_to_2025-05-19_archive_median,
potato,2025-04-12,synthetic_reference,synthetic_reference,Haryana,1034.41,1316.53,1175.47,synthetic_series_anchored_to_2025-05-19_archive_median,
potato,2025-04-13,synthetic_reference,synthetic_reference,Haryana,1017.31,1294.75,1156.03,synthetic_series_anchored_to_2025-05-19_archive_median,
potato,2025-04-14,synthetic_reference,synthetic_reference,Haryana,1012.77,1288.97,1150.87,synthetic_series_anchored_to_2025-05-19_archive_median,
potato,2025-04-15,synthetic_reference,synthetic_reference,Haryana,1017.64,1295.18,1156.41,synthetic_series_anchored_to_2025-05-19_archive_median,
potato,2025-04-16,synthetic_reference,synthetic_reference,Haryana,946.12,1204.16,1075.14,synthetic_series_anchored_to_2025-05-19_archive_median,
potato,2025-04-17,synthetic_reference,synthetic_reference,Haryana,952.76,1212.6,1082.68,synthetic_series_anchored_to_2025-05-19_archive_median,
potato,2025-04-18,synthetic_reference,synthetic_reference,Haryana,1055.69,1343.61,1199.65,synthetic_series_anchored_to_2025-05-19_archive_median,
potato,2025-04-19,synthetic_reference,synthetic_reference,Haryana,956.97,1217.97,1087.47,synthetic_series_anchored_to_2025-05-19_archive_median,
potato,2025-04-20,synthetic_reference,synthetic_reference,Haryana,937.84,1193.62,1065.73,synthetic_series_anchored_to_2025-05-19_archive_median,
potato,2025-04-21,synthetic_reference,synthetic_reference,Haryana,970.25,1234.87,1102.56,synthetic_series_anchored_to_2025-05-19_archive_median,
potato,2025-04-22,synthetic_reference,synthetic_reference,Haryana,1019.26,1297.24,1158.25,synthetic_series_anchored_to_2025-05-19_archive_median,
potato,2025-04-23,synthetic_reference,synthetic_reference,Haryana,1011.75,1287.69,1149.72,synthetic_series_anchored_to_2025-05-19_archive_median,
potato,2025-04-24,synthetic_reference,synthetic_reference,Haryana,1008.7,1283.8,1146.25,synthetic_series_anchored_to_2025-05-19_archive_median,
potato,2025-04-25,synthetic_reference,synthetic_reference,Haryana,987.33,1256.61,1121.97,synthetic_series_anchored_to_2025-05-19_archive_median,
potato,2025-04-26,synthetic_reference,synthetic_reference,Haryana,981.72,1249.46,1115.59,synthetic_series_anchored_to_2025-05-19_archive_median,
potato,2025-04-27,synthetic_reference,synthetic_reference,Haryana,1015.06,1291.9,1153.48,synthetic_series_anchored_to_2025-05-19_archive_median,
potato,2025-04-28,synthetic_reference,synthetic_reference,Haryana,1088.78,1385.72,1237.25,synthetic_series_anchored_to_2025-05-19_archive_median,
potato,2025-04-29,synthetic_reference,synthetic_reference,Haryana,981.58,1249.28,1115.43,synthetic_series_anchored_to_2025-05-19_archive_median,
potato,2025-04-30,synthetic_reference,synthetic_reference,Haryana,1093.06,1391.16,1242.11,synthetic_series_anchored_to_2025-05-19_archive_median,
potato,2025-05-01,synthetic_reference,synthetic_reference,Haryana,1044.91,1329.89,1187.4,synthetic_series_anchored_to_2025-05-19_archive_median,
potato,2025-05-02,synthetic_reference,synthetic_reference,Haryana,1073.14,1365.82,1219.48,synthetic_series_anchored_to_2025-05-19_archive_median,
potato,2025-05-03,synthetic_reference,synthetic_reference,Haryana,1052.79,1339.91,1196.35,synthetic_series_anchored_to_2025-05-19_archive_median,
potato,2025-05-04,synthetic_reference,synthetic_reference,Haryana,1037.62,1320.6,1179.11,synthetic_series_anchored_to_2025-05-19_archive_median,
potato,2025-05-05,synthetic_reference,synthetic_reference,Haryana,1117.4,1422.14,1269.77,synthetic_series_anchored_to_2025-05-19_archive_median,
potato,2025-05-06,synthetic_reference,synthetic_reference,Haryana,1005.45,1279.67,1142.56,synthetic_series_anchored_to_2025-05-19_archive_median,
potato,2025-05-07,synthetic_reference,synthetic_reference,Haryana,1019.72,1297.82,1158.77,synthetic_series_anchored_to_2025-05-19_archive_median,
potato,2025-05-08,synthetic_reference,synthetic_reference,Haryana,1081.77,1376.79,1229.28,synthetic_series_anchored_to_2025-05-19_archive_median,
potato,2025-05-09,synthetic_reference,synthetic_reference,Haryana,1061.82,1351.4,1206.61,synthetic_series_anchored_to_2025-05-19_archive_median,
potato,2025-05-10,synthetic_reference,synthetic_reference,Haryana,1073.8,1366.66,1220.23,synthetic_series_anchored_to_2025-05-19_archive_median,
potato,2025-05-11,synthetic_reference,synthetic_reference,Haryana,1037.85,1320.91,1179.38,synthetic_series_anchored_to_2025-05-19_archive_median,
potato,2025-05-12,synthetic_reference,synthetic_reference,Haryana,1099.9,1399.88,1249.89,synthetic_series_anchored_to_2025-05-19_archive_median,
potato,2025-05-13,synthetic_reference,synthetic_reference,Haryana,1078.38,1372.48,1225.43,synthetic_series_anchored_to_2025-05-19_archive_median,
potato,2025-05-14,synthetic_reference,synthetic_reference,Haryana,1093.58,1391.84,1242.71,synthetic_series_anchored_to_2025-05-19_archive_median,
potato,2025-05-15,synthetic_reference,synthetic_reference,Haryana,1074.66,1367.74,1221.2,synthetic_series_anchored_to_2025-05-19_archive_median,
potato,2025-05-16,synthetic_reference,synthetic_reference,Haryana,1026.46,1306.4,1166.43,synthetic_series_anchored_to_2025-05-19_archive_median,
potato,2025-05-17,synthetic_reference,synthetic_reference,Haryana,1089.11,1386.13,1237.62,synthetic_series_anchored_to_2025-05-19_archive_median,
potato,2025-05-18,synthetic_reference,synthetic_reference,Haryana,1097.62,1396.96,1247.29,synthetic_series_anchored_to_2025-05-19_archive_median,
potato,2025-05-19,synthetic_reference,synthetic_reference,Haryana,1133.91,1443.15,1288.53,synthetic_series_anchored_to_2025-05-19_archive_median,
