State,District,Crop Year Code,Crop Year,Estimation Cycle Code,Estimation Cycle,Season Code,Season,Crop Code,Crop,Crop Category,Crop Sub-Category,Crop Sub-Category Sort Key,Crop Sort Key,Season Sort Key,Value,Unit Of Measure,Metric
West Bengal,Alipurduar,2022,2022-23,5,Final Estimate,1,Kharif,1,Rice,Food Grains,['Cereals'],1,2001,1,15560.0,Tonnes,Production
West Bengal,Alipurduar,2022,2022-23,5,Final Estimate,1,Kharif,1,Rice,Food Grains,['Cereals'],1,2001,1,1674.0,Kg/Ha,Yield
West Bengal,Alipurduar,2023,2023-24,5,Final Estimate,1,Kharif,1,Rice,Food Grains,['Cereals'],1,2001,1,92959.83,Ha,Area
West Bengal,Alipurduar,2023,2023-24,5,Final Estimate,1,Kharif,1,Rice,Food Grains,['Cereals'],1,2001,1,2530.0,Kg/Ha,Yield
West Bengal,Alipurduar,2023,2023-24,5,Final Estimate,1,Kharif,1,Rice,Food Grains,['Cereals'],1,2001,1,235184.48,Tonnes,Production
West Bengal,Alipurduar,2022,2022-23,5,Final Estimate,1,Kharif,1,Rice,Food Grains,['Cereals'],1,2001,1,9296.0,Ha,Area
West Bengal,Alipurduar,2022,2022-23,5,Final Estimate,2,Rabi,1,Rice,Food Grains,['Cereals'],1,2001,2,82567.0,Ha,Area
West Bengal,Alipurduar,2022,2022-23,5,Final Estimate,2,Rabi,1,Rice,Food Grains,['Cereals'],1,2001,2,2463.0,Kg/Ha,Yield
West Bengal,Alipurduar,2022,2022-23,5,Final Estimate,2,Rabi,1,Rice,Food Grains,['Cereals'],1,2001,2,203352.0,Tonnes,Production
West Bengal,Alipurduar,2022,2022-23,5,Final Estimate,3,Summer,1,Rice,Food Grains,['Cereals'],1,2001,3,19285.0,Tonnes,Production
West Bengal,Alipurduar,2022,2022-23,5,Final Estimate,3,Summer,1,Rice,Food Grains,['Cereals'],1,2001,3,2606.0,Kg/Ha,Yield
West Bengal,Alipurduar,2023,2023-24,5,Final Estimate,3,Summer,1,Rice,Food Grains,['Cereals'],1,2001,3,7353.54,Ha,Area
West Bengal,Alipurduar,2023,2023-24,5,Final Estimate,3,Summer,1,Rice,Food Grains,['Cereals'],1,2001,3,21923.38,Tonnes,Production
West Bengal,Alipurduar,2023,2023-24,5,Final Estimate,3,Summer,1,Rice,Food Grains,['Cereals'],1,2001,3,2981.0,Kg/Ha,Yield
West Bengal,Alipurduar,2022,2022-23,5,Final Estimate,3,Summer,1,Rice,Food Grains,['Cereals'],1,2001,3,7399.0,Ha,Area
West Bengal,Alipurduar,2023,2023-24,5,Final Estimate,99999,Total,1,Rice,Food Grains,['Cereals'],1,2001,99999,2563.0,Kg/Ha,Yield
West Bengal,Alipurduar,2023,2023-24,5,Final Estimate,99999,Total,1,Rice,Food Grains,['Cereals'],1,2001,99999,257107.86,Tonnes,Production
West Bengal,Alipurduar,2022,2022-23,5,Final Estimate,99999,Total,1,Rice,Food Grains,['Cereals'],1,2001,99999,99262.0,Ha,Area
West Bengal,Alipurduar,2022,2022-23,5,Final Estimate,99999,Total,1,Rice,Food Grains,['Cereals'],1,2001,99999,238197.0,Tonnes,Production
West Bengal,Alipurduar,2022,2022-23,5,Final Estimate,99999,Total,1,Rice,Food Grains,['Cereals'],1,2001,99999,2400.0,Kg/Ha,Yield
West Bengal,Alipurduar,2023,2023-24,5,Final Estimate,99999,Total,1,Rice,Food Grains,['Cereals'],1,2001,99999,100313.37,Ha,Area
West Bengal,Alipurduar,2022,2022-23,5,Final Estimate,2,Rabi,2,Wheat,Food Grains,['Cereals'],1,2002,2,3032.0,Kg/Ha,Yield
West Bengal,Alipurduar,2023,2023-24,5,Final Estimate,2,Rabi,2,Wheat,Food Grains,['Cereals'],1,2002,2,3641.68,Tonnes,Production
West Bengal,Alipurduar,2023,2023-24,5,Final Estimate,2,Rabi,2,Wheat,Food Grains,['Cereals'],1,2002,2,3161.0,Kg/Ha,Yield
West Bengal,Alipurduar,2023,2023-24,5,Final Estimate,2,Rabi,2,Wheat,Food Grains,['Cereals'],1,2002,2,1152.0,Ha,Area
West Bengal,Alipurduar,2022,2022-23,5,Final Estimate,2,Rabi,2,Wheat,Food Grains,['Cereals'],1,2002,2,5161.0,Tonnes,Production
West Bengal,Alipurduar,2022,2022-23,5,Final Estimate,2,Rabi,2,Wheat,Food Grains,['Cereals'],1,2002,2,1702.0,Ha,Area
West Bengal,Alipurduar,2023,2023-24,5,Final Estimate,99999,Total,2,Wheat,Food Grains,['Cereals'],1,2002,99999,1152.0,Ha,Area
West Bengal,Alipurduar,2022,2022-23,5,Final Estimate,99999,Total,2,Wheat,Food Grains,['Cereals'],1,2002,99999,5161.0,Tonnes,Production
West Bengal,Alipurduar,2022,2022-23,5,Final Estimate,99999,Total,2,Wheat,Food Grains,['Cereals'],1,2002,99999,3032.0,Kg/Ha,Yield
West Bengal,Alipurduar,2022,2022-23,5,Final Estimate,99999,Total,2,Wheat,Food Grains,['Cereals'],1,2002,99999,1702.0,Ha,Area
West Bengal,Alipurduar,2023,2023-24,5,Final Estimate,99999,Total,2,Wheat,Food Grains,['Cereals'],1,2002,99999,3641.68,Tonnes,Production
West Bengal,Alipurduar,2023,2023-24,5,Final Estimate,99999,Total,2,Wheat,Food Grains,['Cereals'],1,2002,99999,3161.0,Kg/Ha,Yield
West Bengal,Alipurduar,2022,2022-23,5,Final Estimate,1,Kharif,5,Maize,Food Grains,['Cereals'],1,3001,1,5367.0,Ha,Area
West Bengal,Alipurduar,2023,2023-24,5,Final Estimate,1,Kharif,5,Maize,Food Grains,['Cereals'],1,3001,1,3196.0,Kg/Ha,Yield
West Bengal,Alipurduar,2023,2023-24,5,Final Estimate,1,Kharif,5,Maize,Food Grains,['Cereals'],1,3001,1,5571.89,Ha,Area
West Bengal,Alipurduar,2023,2023-24,5,Final Estimate,1,Kharif,5,Maize,Food Grains,['Cereals'],1,3001,1,17807.46,Tonnes,Production
West Bengal,Alipurduar,2022,2022-23,5,Final Estimate,1,Kharif,5,Maize,Food Grains,['Cereals'],1,3001,1,17107.0,Tonnes,Production
West Bengal,Alipurduar,2022,2022-23,5,Final Estimate,1,Kharif,5,Maize,Food Grains,['Cereals'],1,3001,1,3187.0,Kg/Ha,Yield
West Bengal,Alipurduar,2022,2022-23,5,Final Estimate,2,Rabi,5,Maize,Food Grains,['Cereals'],1,3001,2,2562.0,Kg/Ha,Yield
West Bengal,Alipurduar,2023,2023-24,5,Final Estimate,2,Rabi,5,Maize,Food Grains,['Cereals'],1,3001,2,5757.0,Kg/Ha,Yield
West Bengal,Alipurduar,2023,2023-24,5,Final Estimate,2,Rabi,5,Maize,Food Grains,['Cereals'],1,3001,2,69963.28,Tonnes,Production
West Bengal,Alipurduar,2023,2023-24,5,Final Estimate,2,Rabi,5,Maize,Food Grains,['Cereals'],1,3001,2,12153.0,Ha,Area
West Bengal,Alipurduar,2022,2022-23,5,Final Estimate,2,Rabi,5,Maize,Food Grains,['Cereals'],1,3001,2,28159.0,Tonnes,Production
West Bengal,Alipurduar,2022,2022-23,5,Final Estimate,2,Rabi,5,Maize,Food Grains,['Cereals'],1,3001,2,10991.0,Ha,Area
West Bengal,Alipurduar,2022,2022-23,5,Final Estimate,3,Summer,5,Maize,Food Grains,['Cereals'],1,3001,3,13954.0,Ha,Area
West Bengal,Alipurduar,2023,2023-24,5,Final Estimate,3,Summer,5,Maize,Food Grains,['Cereals'],1,3001,3,101047.77,Tonnes,Production
West Bengal,Alipurduar,2023,2023-24,5,Final Estimate,3,Summer,5,Maize,Food Grains,['Cereals'],1,3001,3,13158.02,Ha,Area
West Bengal,Alipurduar,2023,2023-24,5,Final Estimate,3,Summer,5,Maize,Food Grains,['Cereals'],1,3001,3,7680.0,Kg/Ha,Yield
West Bengal,Alipurduar,2022,2022-23,5,Final Estimate,3,Summer,5,Maize,Food Grains,['Cereals'],1,3001,3,117154.0,Tonnes,Production
West Bengal,Alipurduar,2022,2022-23,5,Final Estimate,3,Summer,5,Maize,Food Grains,['Cereals'],1,3001,3,8396.0,Kg/Ha,Yield
West Bengal,Alipurduar,2023,2023-24,5,Final Estimate,99999,Total,5,Maize,Food Grains,['Cereals'],1,3001,99999,30882.92,Ha,Area
West Bengal,Alipurduar,2023,2023-24,5,Final Estimate,99999,Total,5,Maize,Food Grains,['Cereals'],1,3001,99999,188818.52,Tonnes,Production
West Bengal,Alipurduar,2023,2023-24,5,Final Estimate,99999,Total,5,Maize,Food Grains,['Cereals'],1,3001,99999,6114.0,Kg/Ha,Yield
West Bengal,Alipurduar,2022,2022-23,5,Final Estimate,99999,Total,5,Maize,Food Grains,['Cereals'],1,3001,99999,162420.0,Tonnes,Production
West Bengal,Alipurduar,2022,2022-23,5,Final Estimate,99999,Total,5,Maize,Food Grains,['Cereals'],1,3001,99999,30312.0,Ha,Area
West Bengal,Alipurduar,2022,2022-23,5,Final Estimate,99999,Total,5,Maize,Food Grains,['Cereals'],1,3001,99999,5358.0,Kg/Ha,Yield
West Bengal,Alipurduar,2023,2023-24,5,Final Estimate,1,Kharif,6,Ragi,Food Grains,['Cereals'],1,3005,1,17.92,Tonnes,Production
West Bengal,Alipurduar,2022,2022-23,5,Final Estimate,1,Kharif,6,Ragi,Food Grains,['Cereals'],1,3005,1,826.0,Kg/Ha,Yield
West Bengal,Alipurduar,2022,2022-23,5,Final Estimate,1,Kharif,6,Ragi,Food Grains,['Cereals'],1,3005,1,23.0,Ha,Area
West Bengal,Alipurduar,2022,2022-23,5,Final Estimate,1,Kharif,6,Ragi,Food Grains,['Cereals'],1,3005,1,19.0,Tonnes,Production
West Bengal,Alipurduar,2023,2023-24,5,Final Estimate,1,Kharif,6,Ragi,Food Grains,['Cereals'],1,3005,1,16.0,Ha,Area
West Bengal,Alipurduar,2023,2023-24,5,Final Estimate,1,Kharif,6,Ragi,Food Grains,['Cereals'],1,3005,1,1120.0,Kg/Ha,Yield
West Bengal,Alipurduar,2022,2022-23,5,Final Estimate,99999,Total,6,Ragi,Food Grains,['Cereals'],1,3005,99999,826.0,Kg/Ha,Yield
West Bengal,Alipurduar,2022,2022-23,5,Final Estimate,99999,Total,6,Ragi,Food Grains,['Cereals'],1,3005,99999,19.0,Tonnes,Production
West Bengal,Alipurduar,2023,2023-24,5,Final Estimate,99999,Total,6,Ragi,Food Grains,['Cereals'],1,3005,99999,1120.0,Kg/Ha,Yield
West Bengal,Alipurduar,2023,2023-24,5,Final Estimate,99999,Total,6,Ragi,Food Grains,['Cereals'],1,3005,99999,17.92,Tonnes,Production
West Bengal,Alipurduar,2023,2023-24,5,Final Estimate,99999,Total,6,Ragi,Food Grains,['Cereals'],1,3005,99999,16.0,Ha,Area
West Bengal,Alipurduar,2022,2022-23,5,Final Estimate,99999,Total,6,Ragi,Food Grains,['Cereals'],1,3005,99999,23.0,Ha,Area
West Bengal,Alipurduar,2022,2022-23,5,Final Estimate,1,Kharif,3997,Shree Anna /Nutri Cereals,Food Grains,['Cereals'],1,3997,1,19.0,Tonnes,Production
West Bengal,Alipurduar,2023,2023-24,5,Final Estimate,1,Kharif,3997,Shree Anna /Nutri Cereals,Food Grains,['Cereals'],1,3997,1,16.0,Ha,Area
West Bengal,Alipurduar,2023,2023-24,5,Final Estimate,1,Kharif,3997,Shree Anna /Nutri Cereals,Food Grains,['Cereals'],1,3997,1,17.92,Tonnes,Production
West Bengal,Alipurduar,2023,2023-24,5,Final Estimate,1,Kharif,3997,Shree Anna /Nutri Cereals,Food Grains,['Cereals'],1,3997,1,1120.0,Kg/Ha,Yield
West Bengal,Alipurduar,2022,2022-23,5,Final Estimate,1,Kharif,3997,Shree Anna /Nutri Cereals,Food Grains,['Cereals'],1,3997,1,826.0,Kg/Ha,Yield
West Bengal,Alipurduar,2022,2022-23,5,Final Estimate,1,Kharif,3997,Shree Anna /Nutri Cereals,Food Grains,['Cereals'],1,3997,1,23.0,Ha,Area
West Bengal,Alipurduar,2023,2023-24,5,Final Estimate,99999,Total,3997,Shree Anna /Nutri Cereals,Food Grains,['Cereals'],1,3997,99999,1120.0,Kg/Ha,Yield
West Bengal,Alipurduar,2022,2022-23,5,Final Estimate,99999,Total,3997,Shree Anna /Nutri Cereals,Food Grains,['Cereals'],1,3997,99999,19.0,Tonnes,Production
West Bengal,Alipurduar,2022,2022-23,5,Final Estimate,99999,Total,3997,Shree Anna /Nutri Cereals,Food Grains,['Cereals'],1,3997,99999,23.0,Ha,Area
West Bengal,Alipurduar,2022,2022-23,5,Final Estimate,99999,Total,3997,Shree Anna /Nutri Cereals,Food Grains,['Cereals'],1,3997,99999,826.0,Kg/Ha,Yield
West Bengal,Alipurduar,2023,2023-24,5,Final Estimate,99999,Total,3997,Shree Anna /Nutri Cereals,Food Grains,['Cereals'],1,3997,99999,16.0,Ha,Area
West Bengal,Alipurduar,2023,2023-24,5,Final Estimate,99999,Total,3997,Shree Anna /Nutri Cereals,Food Grains,['Cereals'],1,3997,99999,17.92,Tonnes,Production
West Bengal,Alipurduar,2022,2022-23,5,Final Estimate,1,Kharif,3998,Nutri/Coarse Cereals,Food Grains,['Cereals'],1,3998,1,5390.0,Ha,Area
West Bengal,Alipurduar,2023,2023-24,5,Final Estimate,1,Kharif,3998,Nutri/Coarse Cereals,Food Grains,['Cereals'],1,3998,1,3190.0,Kg/Ha,Yield
West Bengal,Alipurduar,2023,2023-24,5,Final Estimate,1,Kharif,3998,Nutri/Coarse Cereals,Food Grains,['Cereals'],1,3998,1,5587.89,Ha,Area
West Bengal,Alipurduar,2023,2023-24,5,Final Estimate,1,Kharif,3998,Nutri/Coarse Cereals,Food Grains,['Cereals'],1,3998,1,17825.38,Tonnes,Production
West Bengal,Alipurduar,2022,2022-23,5,Final Estimate,1,Kharif,3998,Nutri/Coarse Cereals,Food Grains,['Cereals'],1,3998,1,17126.0,Tonnes,Production
West Bengal,Alipurduar,2022,2022-23,5,Final Estimate,1,Kharif,3998,Nutri/Coarse Cereals,Food Grains,['Cereals'],1,3998,1,3177.0,Kg/Ha,Yield
West Bengal,Alipurduar,2022,2022-23,5,Final Estimate,2,Rabi,3998,Nutri/Coarse Cereals,Food Grains,['Cereals'],1,3998,2,2562.0,Kg/Ha,Yield
West Bengal,Alipurduar,2023,2023-24,5,Final Estimate,2,Rabi,3998,Nutri/Coarse Cereals,Food Grains,['Cereals'],1,3998,2,69963.28,Tonnes,Production
West Bengal,Alipurduar,2023,2023-24,5,Final Estimate,2,Rabi,3998,Nutri/Coarse Cereals,Food Grains,['Cereals'],1,3998,2,12153.0,Ha,Area
West Bengal,Alipurduar,2023,2023-24,5,Final Estimate,2,Rabi,3998,Nutri/Coarse Cereals,Food Grains,['Cereals'],1,3998,2,5757.0,Kg/Ha,Yield
West Bengal,Alipurduar,2022,2022-23,5,Final Estimate,2,Rabi,3998,Nutri/Coarse Cereals,Food Grains,['Cereals'],1,3998,2,28159.0,Tonnes,Production
West Bengal,Alipurduar,2022,2022-23,5,Final Estimate,2,Rabi,3998,Nutri/Coarse Cereals,Food Grains,['Cereals'],1,3998,2,10991.0,Ha,Area
West Bengal,Alipurduar,2022,2022-23,5,Final Estimate,3,Summer,3998,Nutri/Coarse Cereals,Food Grains,['Cereals'],1,3998,3,8396.0,Kg/Ha,Yield
West Bengal,Alipurduar,2023,2023-24,5,Final Estimate,3,Summer,3998,Nutri/Coarse Cereals,Food Grains,['Cereals'],1,3998,3,101047.77,Tonnes,Production
West Bengal,Alipurduar,2023,2023-24,5,Final Estimate,3,Summer,3998,Nutri/Coarse Cereals,Food Grains,['Cereals'],1,3998,3,13158.02,Ha,Area
West Bengal,Alipurduar,2023,2023-24,5,Final Estimate,3,Summer,3998,Nutri/Coarse Cereals,Food Grains,['Cereals'],1,3998,3,7680.0,Kg/Ha,Yield
West Bengal,Alipurduar,2022,2022-23,5,Final Estimate,3,Summer,3998,Nutri/Coarse Cereals,Food Grains,['Cereals'],1,3998,3,117154.0,Tonnes,Production
West Bengal,Alipurduar,2022,2022-23,5,Final Estimate,3,Summer,3998,Nutri/Coarse Cereals,Food Grains,['Cereals'],1,3998,3,13954.0,Ha,Area
West Bengal,Alipurduar,2022,2022-23,5,Final Estimate,99999,Total,3998,Nutri/Coarse Cereals,Food Grains,['Cereals'],1,3998,99999,162439.0,Tonnes,Production
West Bengal,Alipurduar,2023,2023-24,5,Final Estimate,99999,Total,3998,Nutri/Coarse Cereals,Food Grains,['Cereals'],1,3998,99999,188836.43,Tonnes,Production
West Bengal,Alipurduar,2023,2023-24,5,Final Estimate,99999,Total,3998,Nutri/Coarse Cereals,Food Grains,['Cereals'],1,3998,99999,30898.92,Ha,Area
West Bengal,Alipurduar,2023,2023-24,5,Final Estimate,99999,Total,3998,Nutri/Coarse Cereals,Food Grains,['Cereals'],1,3998,99999,6111.0,Kg/Ha,Yield
West Bengal,Alipurduar,2022,2022-23,5,Final Estimate,99999,Total,3998,Nutri/Coarse Cereals,Food Grains,['Cereals'],1,3998,99999,5355.0,Kg/Ha,Yield
West Bengal,Alipurduar,2022,2022-23,5,Final Estimate,99999,Total,3998,Nutri/Coarse Cereals,Food Grains,['Cereals'],1,3998,99999,30335.0,Ha,Area
West Bengal,Alipurduar,2023,2023-24,5,Final Estimate,1,Kharif,3999,Cereals,Food Grains,['Cereals'],1,3999,1,253009.86,Tonnes,Production
West Bengal,Alipurduar,2023,2023-24,5,Final Estimate,1,Kharif,3999,Cereals,Food Grains,['Cereals'],1,3999,1,98547.72,Ha,Area
West Bengal,Alipurduar,2022,2022-23,5,Final Estimate,1,Kharif,3999,Cereals,Food Grains,['Cereals'],1,3999,1,2226.0,Kg/Ha,Yield
West Bengal,Alipurduar,2023,2023-24,5,Final Estimate,1,Kharif,3999,Cereals,Food Grains,['Cereals'],1,3999,1,2567.0,Kg/Ha,Yield
West Bengal,Alipurduar,2022,2022-23,5,Final Estimate,1,Kharif,3999,Cereals,Food Grains,['Cereals'],1,3999,1,14686.0,Ha,Area
West Bengal,Alipurduar,2022,2022-23,5,Final Estimate,1,Kharif,3999,Cereals,Food Grains,['Cereals'],1,3999,1,32686.0,Tonnes,Production
West Bengal,Alipurduar,2023,2023-24,5,Final Estimate,2,Rabi,3999,Cereals,Food Grains,['Cereals'],1,3999,2,13305.0,Ha,Area
West Bengal,Alipurduar,2022,2022-23,5,Final Estimate,2,Rabi,3999,Cereals,Food Grains,['Cereals'],1,3999,2,2484.0,Kg/Ha,Yield
West Bengal,Alipurduar,2022,2022-23,5,Final Estimate,2,Rabi,3999,Cereals,Food Grains,['Cereals'],1,3999,2,95260.0,Ha,Area
West Bengal,Alipurduar,2022,2022-23,5,Final Estimate,2,Rabi,3999,Cereals,Food Grains,['Cereals'],1,3999,2,236672.0,Tonnes,Production
West Bengal,Alipurduar,2023,2023-24,5,Final Estimate,2,Rabi,3999,Cereals,Food Grains,['Cereals'],1,3999,2,73604.96,Tonnes,Production
West Bengal,Alipurduar,2023,2023-24,5,Final Estimate,2,Rabi,3999,Cereals,Food Grains,['Cereals'],1,3999,2,5532.0,Kg/Ha,Yield
West Bengal,Alipurduar,2022,2022-23,5,Final Estimate,3,Summer,3999,Cereals,Food Grains,['Cereals'],1,3999,3,6390.0,Kg/Ha,Yield
West Bengal,Alipurduar,2023,2023-24,5,Final Estimate,3,Summer,3999,Cereals,Food Grains,['Cereals'],1,3999,3,122971.15,Tonnes,Production
West Bengal,Alipurduar,2023,2023-24,5,Final Estimate,3,Summer,3999,Cereals,Food Grains,['Cereals'],1,3999,3,5995.0,Kg/Ha,Yield
West Bengal,Alipurduar,2023,2023-24,5,Final Estimate,3,Summer,3999,Cereals,Food Grains,['Cereals'],1,3999,3,20511.57,Ha,Area
West Bengal,Alipurduar,2022,2022-23,5,Final Estimate,3,Summer,3999,Cereals,Food Grains,['Cereals'],1,3999,3,21353.0,Ha,Area
West Bengal,Alipurduar,2022,2022-23,5,Final Estimate,3,Summer,3999,Cereals,Food Grains,['Cereals'],1,3999,3,136439.0,Tonnes,Production
West Bengal,Alipurduar,2023,2023-24,5,Final Estimate,99999,Total,3999,Cereals,Food Grains,['Cereals'],1,3999,99999,3397.0,Kg/Ha,Yield
West Bengal,Alipurduar,2023,2023-24,5,Final Estimate,99999,Total,3999,Cereals,Food Grains,['Cereals'],1,3999,99999,449585.97,Tonnes,Production
West Bengal,Alipurduar,2022,2022-23,5,Final Estimate,99999,Total,3999,Cereals,Food Grains,['Cereals'],1,3999,99999,3091.0,Kg/Ha,Yield
West Bengal,Alipurduar,2022,2022-23,5,Final Estimate,99999,Total,3999,Cereals,Food Grains,['Cereals'],1,3999,99999,131299.0,Ha,Area
West Bengal,Alipurduar,2022,2022-23,5,Final Estimate,99999,Total,3999,Cereals,Food Grains,['Cereals'],1,3999,99999,405797.0,Tonnes,Production
West Bengal,Alipurduar,2023,2023-24,5,Final Estimate,99999,Total,3999,Cereals,Food Grains,['Cereals'],1,3999,99999,132364.29,Ha,Area
West Bengal,Alipurduar,2023,2023-24,5,Final Estimate,1,Kharif,9,Tur,Food Grains,['Pulses'],2,4001,1,233.87,Tonnes,Production
West Bengal,Alipurduar,2023,2023-24,5,Final Estimate,1,Kharif,9,Tur,Food Grains,['Pulses'],2,4001,1,1336.0,Kg/Ha,Yield
West Bengal,Alipurduar,2023,2023-24,5,Final Estimate,1,Kharif,9,Tur,Food Grains,['Pulses'],2,4001,1,175.0,Ha,Area
West Bengal,Alipurduar,2022,2022-23,5,Final Estimate,2,Rabi,9,Tur,Food Grains,['Pulses'],2,4001,2,379.0,Ha,Area
West Bengal,Alipurduar,2022,2022-23,5,Final Estimate,2,Rabi,9,Tur,Food Grains,['Pulses'],2,4001,2,1578.0,Kg/Ha,Yield
West Bengal,Alipurduar,2022,2022-23,5,Final Estimate,2,Rabi,9,Tur,Food Grains,['Pulses'],2,4001,2,598.0,Tonnes,Production
West Bengal,Alipurduar,2022,2022-23,5,Final Estimate,99999,Total,9,Tur,Food Grains,['Pulses'],2,4001,99999,379.0,Ha,Area
West Bengal,Alipurduar,2023,2023-24,5,Final Estimate,99999,Total,9,Tur,Food Grains,['Pulses'],2,4001,99999,1336.0,Kg/Ha,Yield
West Bengal,Alipurduar,2022,2022-23,5,Final Estimate,99999,Total,9,Tur,Food Grains,['Pulses'],2,4001,99999,1578.0,Kg/Ha,Yield
West Bengal,Alipurduar,2023,2023-24,5,Final Estimate,99999,Total,9,Tur,Food Grains,['Pulses'],2,4001,99999,175.0,Ha,Area
West Bengal,Alipurduar,2023,2023-24,5,Final Estimate,99999,Total,9,Tur,Food Grains,['Pulses'],2,4001,99999,233.87,Tonnes,Production
West Bengal,Alipurduar,2022,2022-23,5,Final Estimate,99999,Total,9,Tur,Food Grains,['Pulses'],2,4001,99999,598.0,Tonnes,Production
West Bengal,Alipurduar,2022,2022-23,5,Final Estimate,2,Rabi,10,Gram,Food Grains,['Pulses'],2,4002,2,204.0,Ha,Area
West Bengal,Alipurduar,2022,2022-23,5,Final Estimate,2,Rabi,10,Gram,Food Grains,['Pulses'],2,4002,2,1260.0,Kg/Ha,Yield
West Bengal,Alipurduar,2023,2023-24,5,Final Estimate,2,Rabi,10,Gram,Food Grains,['Pulses'],2,4002,2,256.14,Tonnes,Production
West Bengal,Alipurduar,2023,2023-24,5,Final Estimate,2,Rabi,10,Gram,Food Grains,['Pulses'],2,4002,2,1226.0,Kg/Ha,Yield
West Bengal,Alipurduar,2023,2023-24,5,Final Estimate,2,Rabi,10,Gram,Food Grains,['Pulses'],2,4002,2,209.0,Ha,Area
West Bengal,Alipurduar,2022,2022-23,5,Final Estimate,2,Rabi,10,Gram,Food Grains,['Pulses'],2,4002,2,257.0,Tonnes,Production
West Bengal,Alipurduar,2023,2023-24,5,Final Estimate,99999,Total,10,Gram,Food Grains,['Pulses'],2,4002,99999,209.0,Ha,Area
West Bengal,Alipurduar,2022,2022-23,5,Final Estimate,99999,Total,10,Gram,Food Grains,['Pulses'],2,4002,99999,204.0,Ha,Area
West Bengal,Alipurduar,2022,2022-23,5,Final Estimate,99999,Total,10,Gram,Food Grains,['Pulses'],2,4002,99999,257.0,Tonnes,Production
West Bengal,Alipurduar,2022,2022-23,5,Final Estimate,99999,Total,10,Gram,Food Grains,['Pulses'],2,4002,99999,1260.0,Kg/Ha,Yield
West Bengal,Alipurduar,2023,2023-24,5,Final Estimate,99999,Total,10,Gram,Food Grains,['Pulses'],2,4002,99999,1226.0,Kg/Ha,Yield
West Bengal,Alipurduar,2023,2023-24,5,Final Estimate,99999,Total,10,Gram,Food Grains,['Pulses'],2,4002,99999,256.14,Tonnes,Production
West Bengal,Alipurduar,2023,2023-24,5,Final Estimate,1,Kharif,11,Urad,Food Grains,['Pulses'],2,4003,1,966.0,Kg/Ha,Yield
West Bengal,Alipurduar,2022,2022-23,5,Final Estimate,1,Kharif,11,Urad,Food Grains,['Pulses'],2,4003,1,900.0,Tonnes,Production
West Bengal,Alipurduar,2022,2022-23,5,Final Estimate,1,Kharif,11,Urad,Food Grains,['Pulses'],2,4003,1,681.0,Kg/Ha,Yield
West Bengal,Alipurduar,2023,2023-24,5,Final Estimate,1,Kharif,11,Urad,Food Grains,['Pulses'],2,4003,1,1337.0,Ha,Area
West Bengal,Alipurduar,2022,2022-23,5,Final Estimate,1,Kharif,11,Urad,Food Grains,['Pulses'],2,4003,1,1321.0,Ha,Area
West Bengal,Alipurduar,2023,2023-24,5,Final Estimate,1,Kharif,11,Urad,Food Grains,['Pulses'],2,4003,1,1292.09,Tonnes,Production
West Bengal,Alipurduar,2022,2022-23,5,Final Estimate,2,Rabi,11,Urad,Food Grains,['Pulses'],2,4003,2,715.0,Kg/Ha,Yield
West Bengal,Alipurduar,2023,2023-24,5,Final Estimate,2,Rabi,11,Urad,Food Grains,['Pulses'],2,4003,2,178.82,Tonnes,Production
West Bengal,Alipurduar,2022,2022-23,5,Final Estimate,2,Rabi,11,Urad,Food Grains,['Pulses'],2,4003,2,168.0,Tonnes,Production
West Bengal,Alipurduar,2023,2023-24,5,Final Estimate,2,Rabi,11,Urad,Food Grains,['Pulses'],2,4003,2,245.0,Ha,Area
West Bengal,Alipurduar,2023,2023-24,5,Final Estimate,2,Rabi,11,Urad,Food Grains,['Pulses'],2,4003,2,730.0,Kg/Ha,Yield
West Bengal,Alipurduar,2022,2022-23,5,Final Estimate,2,Rabi,11,Urad,Food Grains,['Pulses'],2,4003,2,235.0,Ha,Area
West Bengal,Alipurduar,2023,2023-24,5,Final Estimate,99999,Total,11,Urad,Food Grains,['Pulses'],2,4003,99999,1470.9,Tonnes,Production
West Bengal,Alipurduar,2022,2022-23,5,Final Estimate,99999,Total,11,Urad,Food Grains,['Pulses'],2,4003,99999,686.0,Kg/Ha,Yield
West Bengal,Alipurduar,2023,2023-24,5,Final Estimate,99999,Total,11,Urad,Food Grains,['Pulses'],2,4003,99999,930.0,Kg/Ha,Yield
West Bengal,Alipurduar,2022,2022-23,5,Final Estimate,99999,Total,11,Urad,Food Grains,['Pulses'],2,4003,99999,1556.0,Ha,Area
West Bengal,Alipurduar,2022,2022-23,5,Final Estimate,99999,Total,11,Urad,Food Grains,['Pulses'],2,4003,99999,1068.0,Tonnes,Production
West Bengal,Alipurduar,2023,2023-24,5,Final Estimate,99999,Total,11,Urad,Food Grains,['Pulses'],2,4003,99999,1582.0,Ha,Area
West Bengal,Alipurduar,2023,2023-24,5,Final Estimate,1,Kharif,12,Moong,Food Grains,['Pulses'],2,4004,1,210.0,Ha,Area
West Bengal,Alipurduar,2023,2023-24,5,Final Estimate,1,Kharif,12,Moong,Food Grains,['Pulses'],2,4004,1,185.88,Tonnes,Production
West Bengal,Alipurduar,2022,2022-23,5,Final Estimate,1,Kharif,12,Moong,Food Grains,['Pulses'],2,4004,1,211.0,Tonnes,Production
West Bengal,Alipurduar,2023,2023-24,5,Final Estimate,1,Kharif,12,Moong,Food Grains,['Pulses'],2,4004,1,885.0,Kg/Ha,Yield
West Bengal,Alipurduar,2022,2022-23,5,Final Estimate,1,Kharif,12,Moong,Food Grains,['Pulses'],2,4004,1,240.0,Ha,Area
West Bengal,Alipurduar,2022,2022-23,5,Final Estimate,1,Kharif,12,Moong,Food Grains,['Pulses'],2,4004,1,879.0,Kg/Ha,Yield
West Bengal,Alipurduar,2022,2022-23,5,Final Estimate,2,Rabi,12,Moong,Food Grains,['Pulses'],2,4004,2,176.0,Tonnes,Production
West Bengal,Alipurduar,2023,2023-24,5,Final Estimate,2,Rabi,12,Moong,Food Grains,['Pulses'],2,4004,2,19.2,Tonnes,Production
West Bengal,Alipurduar,2023,2023-24,5,Final Estimate,2,Rabi,12,Moong,Food Grains,['Pulses'],2,4004,2,30.0,Ha,Area
West Bengal,Alipurduar,2022,2022-23,5,Final Estimate,2,Rabi,12,Moong,Food Grains,['Pulses'],2,4004,2,652.0,Kg/Ha,Yield
West Bengal,Alipurduar,2023,2023-24,5,Final Estimate,2,Rabi,12,Moong,Food Grains,['Pulses'],2,4004,2,640.0,Kg/Ha,Yield
West Bengal,Alipurduar,2022,2022-23,5,Final Estimate,2,Rabi,12,Moong,Food Grains,['Pulses'],2,4004,2,270.0,Ha,Area
West Bengal,Alipurduar,2022,2022-23,5,Final Estimate,3,Summer,12,Moong,Food Grains,['Pulses'],2,4004,3,315.0,Tonnes,Production
West Bengal,Alipurduar,2022,2022-23,5,Final Estimate,3,Summer,12,Moong,Food Grains,['Pulses'],2,4004,3,305.0,Ha,Area
West Bengal,Alipurduar,2022,2022-23,5,Final Estimate,3,Summer,12,Moong,Food Grains,['Pulses'],2,4004,3,1033.0,Kg/Ha,Yield
West Bengal,Alipurduar,2023,2023-24,5,Final Estimate,3,Summer,12,Moong,Food Grains,['Pulses'],2,4004,3,277.43,Tonnes,Production
West Bengal,Alipurduar,2023,2023-24,5,Final Estimate,3,Summer,12,Moong,Food Grains,['Pulses'],2,4004,3,327.0,Ha,Area
West Bengal,Alipurduar,2023,2023-24,5,Final Estimate,3,Summer,12,Moong,Food Grains,['Pulses'],2,4004,3,848.0,Kg/Ha,Yield
West Bengal,Alipurduar,2023,2023-24,5,Final Estimate,99999,Total,12,Moong,Food Grains,['Pulses'],2,4004,99999,851.0,Kg/Ha,Yield
West Bengal,Alipurduar,2023,2023-24,5,Final Estimate,99999,Total,12,Moong,Food Grains,['Pulses'],2,4004,99999,567.0,Ha,Area
West Bengal,Alipurduar,2022,2022-23,5,Final Estimate,99999,Total,12,Moong,Food Grains,['Pulses'],2,4004,99999,861.0,Kg/Ha,Yield
West Bengal,Alipurduar,2022,2022-23,5,Final Estimate,99999,Total,12,Moong,Food Grains,['Pulses'],2,4004,99999,815.0,Ha,Area
West Bengal,Alipurduar,2022,2022-23,5,Final Estimate,99999,Total,12,Moong,Food Grains,['Pulses'],2,4004,99999,702.0,Tonnes,Production
West Bengal,Alipurduar,2023,2023-24,5,Final Estimate,99999,Total,12,Moong,Food Grains,['Pulses'],2,4004,99999,482.5,Tonnes,Production
West Bengal,Alipurduar,2023,2023-24,5,Final Estimate,2,Rabi,13,Lentil,Food Grains,['Pulses'],2,4005,2,3853.0,Ha,Area
West Bengal,Alipurduar,2022,2022-23,5,Final Estimate,2,Rabi,13,Lentil,Food Grains,['Pulses'],2,4005,2,593.0,Kg/Ha,Yield
West Bengal,Alipurduar,2023,2023-24,5,Final Estimate,2,Rabi,13,Lentil,Food Grains,['Pulses'],2,4005,2,3580.94,Tonnes,Production
West Bengal,Alipurduar,2022,2022-23,5,Final Estimate,2,Rabi,13,Lentil,Food Grains,['Pulses'],2,4005,2,2387.0,Tonnes,Production
West Bengal,Alipurduar,2022,2022-23,5,Final Estimate,2,Rabi,13,Lentil,Food Grains,['Pulses'],2,4005,2,4024.0,Ha,Area
West Bengal,Alipurduar,2023,2023-24,5,Final Estimate,2,Rabi,13,Lentil,Food Grains,['Pulses'],2,4005,2,929.0,Kg/Ha,Yield
West Bengal,Alipurduar,2023,2023-24,5,Final Estimate,99999,Total,13,Lentil,Food Grains,['Pulses'],2,4005,99999,929.0,Kg/Ha,Yield
West Bengal,Alipurduar,2022,2022-23,5,Final Estimate,99999,Total,13,Lentil,Food Grains,['Pulses'],2,4005,99999,593.0,Kg/Ha,Yield
West Bengal,Alipurduar,2022,2022-23,5,Final Estimate,99999,Total,13,Lentil,Food Grains,['Pulses'],2,4005,99999,2387.0,Tonnes,Production
West Bengal,Alipurduar,2023,2023-24,5,Final Estimate,99999,Total,13,Lentil,Food Grains,['Pulses'],2,4005,99999,3853.0,Ha,Area
West Bengal,Alipurduar,2023,2023-24,5,Final Estimate,99999,Total,13,Lentil,Food Grains,['Pulses'],2,4005,99999,3580.94,Tonnes,Production
West Bengal,Alipurduar,2022,2022-23,5,Final Estimate,99999,Total,13,Lentil,Food Grains,['Pulses'],2,4005,99999,4024.0,Ha,Area
West Bengal,Alipurduar,2022,2022-23,5,Final Estimate,2,Rabi,14,Other Pulses,Food Grains,['Pulses'],2,4006,2,1247.0,Kg/Ha,Yield
West Bengal,Alipurduar,2023,2023-24,5,Final Estimate,2,Rabi,14,Other Pulses,Food Grains,['Pulses'],2,4006,2,2064.64,Tonnes,Production
West Bengal,Alipurduar,2023,2023-24,5,Final Estimate,2,Rabi,14,Other Pulses,Food Grains,['Pulses'],2,4006,2,2742.0,Ha,Area
West Bengal,Alipurduar,2023,2023-24,5,Final Estimate,2,Rabi,14,Other Pulses,Food Grains,['Pulses'],2,4006,2,753.0,Kg/Ha,Yield
West Bengal,Alipurduar,2022,2022-23,5,Final Estimate,2,Rabi,14,Other Pulses,Food Grains,['Pulses'],2,4006,2,3377.0,Tonnes,Production
West Bengal,Alipurduar,2022,2022-23,5,Final Estimate,2,Rabi,14,Other Pulses,Food Grains,['Pulses'],2,4006,2,2708.0,Ha,Area
West Bengal,Alipurduar,2023,2023-24,5,Final Estimate,99999,Total,14,Other Pulses,Food Grains,['Pulses'],2,4006,99999,2742.0,Ha,Area
West Bengal,Alipurduar,2022,2022-23,5,Final Estimate,99999,Total,14,Other Pulses,Food Grains,['Pulses'],2,4006,99999,1247.0,Kg/Ha,Yield
West Bengal,Alipurduar,2023,2023-24,5,Final Estimate,99999,Total,14,Other Pulses,Food Grains,['Pulses'],2,4006,99999,2064.64,Tonnes,Production
West Bengal,Alipurduar,2022,2022-23,5,Final Estimate,99999,Total,14,Other Pulses,Food Grains,['Pulses'],2,4006,99999,2708.0,Ha,Area
West Bengal,Alipurduar,2022,2022-23,5,Final Estimate,99999,Total,14,Other Pulses,Food Grains,['Pulses'],2,4006,99999,3377.0,Tonnes,Production
West Bengal,Alipurduar,2023,2023-24,5,Final Estimate,99999,Total,14,Other Pulses,Food Grains,['Pulses'],2,4006,99999,753.0,Kg/Ha,Yield
West Bengal,Alipurduar,2022,2022-23,5,Final Estimate,99999,Total,4998,Total Pulses,Food Grains,['Pulses'],2,4998,99999,866.0,Kg/Ha,Yield
West Bengal,Alipurduar,2023,2023-24,5,Final Estimate,99999,Total,4998,Total Pulses,Food Grains,['Pulses'],2,4998,99999,886.0,Kg/Ha,Yield
West Bengal,Alipurduar,2023,2023-24,5,Final Estimate,99999,Total,4998,Total Pulses,Food Grains,['Pulses'],2,4998,99999,8089.0,Tonnes,Production
West Bengal,Alipurduar,2023,2023-24,5,Final Estimate,99999,Total,4998,Total Pulses,Food Grains,['Pulses'],2,4998,99999,9128.0,Ha,Area
West Bengal,Alipurduar,2022,2022-23,5,Final Estimate,99999,Total,4998,Total Pulses,Food Grains,['Pulses'],2,4998,99999,9686.0,Ha,Area
West Bengal,Alipurduar,2022,2022-23,5,Final Estimate,99999,Total,4998,Total Pulses,Food Grains,['Pulses'],2,4998,99999,8389.0,Tonnes,Production
West Bengal,Alipurduar,2022,2022-23,5,Final Estimate,1,Kharif,4999,Total Food Grains,Food Grains,"['Cereals', 'Pulses']",2,4999,1,33797.0,Tonnes,Production
West Bengal,Alipurduar,2022,2022-23,5,Final Estimate,1,Kharif,4999,Total Food Grains,Food Grains,"['Cereals', 'Pulses']",2,4999,1,2080.0,Kg/Ha,Yield
West Bengal,Alipurduar,2022,2022-23,5,Final Estimate,1,Kharif,4999,Total Food Grains,Food Grains,"['Cereals', 'Pulses']",2,4999,1,16247.0,Ha,Area
West Bengal,Alipurduar,2023,2023-24,5,Final Estimate,1,Kharif,4999,Total Food Grains,Food Grains,"['Cereals', 'Pulses']",2,4999,1,100269.72,Ha,Area
West Bengal,Alipurduar,2023,2023-24,5,Final Estimate,1,Kharif,4999,Total Food Grains,Food Grains,"['Cereals', 'Pulses']",2,4999,1,254721.7,Tonnes,Production
West Bengal,Alipurduar,2023,2023-24,5,Final Estimate,1,Kharif,4999,Total Food Grains,Food Grains,"['Cereals', 'Pulses']",2,4999,1,2540.0,Kg/Ha,Yield
West Bengal,Alipurduar,2023,2023-24,5,Final Estimate,2,Rabi,4999,Total Food Grains,Food Grains,"['Cereals', 'Pulses']",2,4999,2,79704.69,Tonnes,Production
West Bengal,Alipurduar,2023,2023-24,5,Final Estimate,2,Rabi,4999,Total Food Grains,Food Grains,"['Cereals', 'Pulses']",2,4999,2,3910.0,Kg/Ha,Yield
West Bengal,Alipurduar,2022,2022-23,5,Final Estimate,2,Rabi,4999,Total Food Grains,Food Grains,"['Cereals', 'Pulses']",2,4999,2,2364.0,Kg/Ha,Yield
West Bengal,Alipurduar,2022,2022-23,5,Final Estimate,2,Rabi,4999,Total Food Grains,Food Grains,"['Cereals', 'Pulses']",2,4999,2,103080.0,Ha,Area
West Bengal,Alipurduar,2022,2022-23,5,Final Estimate,2,Rabi,4999,Total Food Grains,Food Grains,"['Cereals', 'Pulses']",2,4999,2,243635.0,Tonnes,Production
West Bengal,Alipurduar,2023,2023-24,5,Final Estimate,2,Rabi,4999,Total Food Grains,Food Grains,"['Cereals', 'Pulses']",2,4999,2,20384.0,Ha,Area
West Bengal,Alipurduar,2022,2022-23,5,Final Estimate,3,Summer,4999,Total Food Grains,Food Grains,"['Cereals', 'Pulses']",2,4999,3,6314.0,Kg/Ha,Yield
West Bengal,Alipurduar,2022,2022-23,5,Final Estimate,3,Summer,4999,Total Food Grains,Food Grains,"['Cereals', 'Pulses']",2,4999,3,136754.0,Tonnes,Production
West Bengal,Alipurduar,2023,2023-24,5,Final Estimate,3,Summer,4999,Total Food Grains,Food Grains,"['Cereals', 'Pulses']",2,4999,3,5914.0,Kg/Ha,Yield
West Bengal,Alipurduar,2023,2023-24,5,Final Estimate,3,Summer,4999,Total Food Grains,Food Grains,"['Cereals', 'Pulses']",2,4999,3,123248.57,Tonnes,Production
West Bengal,Alipurduar,2023,2023-24,5,Final Estimate,3,Summer,4999,Total Food Grains,Food Grains,"['Cereals', 'Pulses']",2,4999,3,20838.57,Ha,Area
West Bengal,Alipurduar,2022,2022-23,5,Final Estimate,3,Summer,4999,Total Food Grains,Food Grains,"['Cereals', 'Pulses']",2,4999,3,21658.0,Ha,Area
West Bengal,Alipurduar,2022,2022-23,5,Final Estimate,99999,Total,4999,Total Food Grains,Food Grains,"['Cereals', 'Pulses']",2,4999,99999,140985.0,Ha,Area
West Bengal,Alipurduar,2022,2022-23,5,Final Estimate,99999,Total,4999,Total Food Grains,Food Grains,"['Cereals', 'Pulses']",2,4999,99999,414186.0,Tonnes,Production
West Bengal,Alipurduar,2022,2022-23,5,Final Estimate,99999,Total,4999,Total Food Grains,Food Grains,"['Cereals', 'Pulses']",2,4999,99999,2938.0,Kg/Ha,Yield
West Bengal,Alipurduar,2023,2023-24,5,Final Estimate,99999,Total,4999,Total Food Grains,Food Grains,"['Cereals', 'Pulses']",2,4999,99999,3235.0,Kg/Ha,Yield
West Bengal,Alipurduar,2023,2023-24,5,Final Estimate,99999,Total,4999,Total Food Grains,Food Grains,"['Cereals', 'Pulses']",2,4999,99999,141492.29,Ha,Area
West Bengal,Alipurduar,2023,2023-24,5,Final Estimate,99999,Total,4999,Total Food Grains,Food Grains,"['Cereals', 'Pulses']",2,4999,99999,457674.97,Tonnes,Production
West Bengal,Alipurduar,2023,2023-24,5,Final Estimate,1,Kharif,15,Groundnut,Oilseeds,['Oil Seeds'],3,1,1,150.0,Ha,Area
West Bengal,Alipurduar,2023,2023-24,5,Final Estimate,1,Kharif,15,Groundnut,Oilseeds,['Oil Seeds'],3,1,1,1565.0,Kg/Ha,Yield
West Bengal,Alipurduar,2022,2022-23,5,Final Estimate,1,Kharif,15,Groundnut,Oilseeds,['Oil Seeds'],3,1,1,1552.0,Kg/Ha,Yield
West Bengal,Alipurduar,2022,2022-23,5,Final Estimate,1,Kharif,15,Groundnut,Oilseeds,['Oil Seeds'],3,1,1,225.0,Tonnes,Production
West Bengal,Alipurduar,2022,2022-23,5,Final Estimate,1,Kharif,15,Groundnut,Oilseeds,['Oil Seeds'],3,1,1,145.0,Ha,Area
West Bengal,Alipurduar,2023,2023-24,5,Final Estimate,1,Kharif,15,Groundnut,Oilseeds,['Oil Seeds'],3,1,1,234.7,Tonnes,Production
West Bengal,Alipurduar,2022,2022-23,5,Final Estimate,2,Rabi,15,Groundnut,Oilseeds,['Oil Seeds'],3,1,2,145.0,Ha,Area
West Bengal,Alipurduar,2023,2023-24,5,Final Estimate,2,Rabi,15,Groundnut,Oilseeds,['Oil Seeds'],3,1,2,100.0,Ha,Area
West Bengal,Alipurduar,2022,2022-23,5,Final Estimate,2,Rabi,15,Groundnut,Oilseeds,['Oil Seeds'],3,1,2,225.0,Tonnes,Production
West Bengal,Alipurduar,2022,2022-23,5,Final Estimate,2,Rabi,15,Groundnut,Oilseeds,['Oil Seeds'],3,1,2,1552.0,Kg/Ha,Yield
West Bengal,Alipurduar,2023,2023-24,5,Final Estimate,2,Rabi,15,Groundnut,Oilseeds,['Oil Seeds'],3,1,2,110.01,Tonnes,Production
West Bengal,Alipurduar,2023,2023-24,5,Final Estimate,2,Rabi,15,Groundnut,Oilseeds,['Oil Seeds'],3,1,2,1100.0,Kg/Ha,Yield
West Bengal,Alipurduar,2022,2022-23,5,Final Estimate,3,Summer,15,Groundnut,Oilseeds,['Oil Seeds'],3,1,3,321.0,Tonnes,Production
West Bengal,Alipurduar,2022,2022-23,5,Final Estimate,3,Summer,15,Groundnut,Oilseeds,['Oil Seeds'],3,1,3,209.0,Ha,Area
West Bengal,Alipurduar,2022,2022-23,5,Final Estimate,3,Summer,15,Groundnut,Oilseeds,['Oil Seeds'],3,1,3,1536.0,Kg/Ha,Yield
West Bengal,Alipurduar,2023,2023-24,5,Final Estimate,3,Summer,15,Groundnut,Oilseeds,['Oil Seeds'],3,1,3,1383.0,Kg/Ha,Yield
West Bengal,Alipurduar,2023,2023-24,5,Final Estimate,3,Summer,15,Groundnut,Oilseeds,['Oil Seeds'],3,1,3,159.03,Tonnes,Production
West Bengal,Alipurduar,2023,2023-24,5,Final Estimate,3,Summer,15,Groundnut,Oilseeds,['Oil Seeds'],3,1,3,114.99,Ha,Area
West Bengal,Alipurduar,2022,2022-23,5,Final Estimate,99999,Total,15,Groundnut,Oilseeds,['Oil Seeds'],3,1,99999,1545.0,Kg/Ha,Yield
West Bengal,Alipurduar,2022,2022-23,5,Final Estimate,99999,Total,15,Groundnut,Oilseeds,['Oil Seeds'],3,1,99999,771.0,Tonnes,Production
West Bengal,Alipurduar,2023,2023-24,5,Final Estimate,99999,Total,15,Groundnut,Oilseeds,['Oil Seeds'],3,1,99999,1380.0,Kg/Ha,Yield
West Bengal,Alipurduar,2023,2023-24,5,Final Estimate,99999,Total,15,Groundnut,Oilseeds,['Oil Seeds'],3,1,99999,503.74,Tonnes,Production
West Bengal,Alipurduar,2023,2023-24,5,Final Estimate,99999,Total,15,Groundnut,Oilseeds,['Oil Seeds'],3,1,99999,364.99,Ha,Area
West Bengal,Alipurduar,2022,2022-23,5,Final Estimate,99999,Total,15,Groundnut,Oilseeds,['Oil Seeds'],3,1,99999,499.0,Ha,Area
West Bengal,Alipurduar,2022,2022-23,5,Final Estimate,1,Kharif,17,Sesamum,Oilseeds,['Oil Seeds'],3,3,1,180.0,Ha,Area
West Bengal,Alipurduar,2023,2023-24,5,Final Estimate,1,Kharif,17,Sesamum,Oilseeds,['Oil Seeds'],3,3,1,813.0,Kg/Ha,Yield
West Bengal,Alipurduar,2023,2023-24,5,Final Estimate,1,Kharif,17,Sesamum,Oilseeds,['Oil Seeds'],3,3,1,170.0,Ha,Area
West Bengal,Alipurduar,2022,2022-23,5,Final Estimate,1,Kharif,17,Sesamum,Oilseeds,['Oil Seeds'],3,3,1,800.0,Kg/Ha,Yield
West Bengal,Alipurduar,2023,2023-24,5,Final Estimate,1,Kharif,17,Sesamum,Oilseeds,['Oil Seeds'],3,3,1,138.14,Tonnes,Production
West Bengal,Alipurduar,2022,2022-23,5,Final Estimate,1,Kharif,17,Sesamum,Oilseeds,['Oil Seeds'],3,3,1,144.0,Tonnes,Production
West Bengal,Alipurduar,2022,2022-23,5,Final Estimate,2,Rabi,17,Sesamum,Oilseeds,['Oil Seeds'],3,3,2,813.0,Kg/Ha,Yield
West Bengal,Alipurduar,2022,2022-23,5,Final Estimate,2,Rabi,17,Sesamum,Oilseeds,['Oil Seeds'],3,3,2,187.0,Tonnes,Production
West Bengal,Alipurduar,2022,2022-23,5,Final Estimate,2,Rabi,17,Sesamum,Oilseeds,['Oil Seeds'],3,3,2,230.0,Ha,Area
West Bengal,Alipurduar,2023,2023-24,5,Final Estimate,3,Summer,17,Sesamum,Oilseeds,['Oil Seeds'],3,3,3,516.0,Kg/Ha,Yield
West Bengal,Alipurduar,2022,2022-23,5,Final Estimate,3,Summer,17,Sesamum,Oilseeds,['Oil Seeds'],3,3,3,154.0,Tonnes,Production
West Bengal,Alipurduar,2022,2022-23,5,Final Estimate,3,Summer,17,Sesamum,Oilseeds,['Oil Seeds'],3,3,3,159.0,Ha,Area
West Bengal,Alipurduar,2022,2022-23,5,Final Estimate,3,Summer,17,Sesamum,Oilseeds,['Oil Seeds'],3,3,3,969.0,Kg/Ha,Yield
West Bengal,Alipurduar,2023,2023-24,5,Final Estimate,3,Summer,17,Sesamum,Oilseeds,['Oil Seeds'],3,3,3,87.78,Tonnes,Production
West Bengal,Alipurduar,2023,2023-24,5,Final Estimate,3,Summer,17,Sesamum,Oilseeds,['Oil Seeds'],3,3,3,170.0,Ha,Area
West Bengal,Alipurduar,2022,2022-23,5,Final Estimate,99999,Total,17,Sesamum,Oilseeds,['Oil Seeds'],3,3,99999,569.0,Ha,Area
West Bengal,Alipurduar,2022,2022-23,5,Final Estimate,99999,Total,17,Sesamum,Oilseeds,['Oil Seeds'],3,3,99999,852.0,Kg/Ha,Yield
West Bengal,Alipurduar,2022,2022-23,5,Final Estimate,99999,Total,17,Sesamum,Oilseeds,['Oil Seeds'],3,3,99999,485.0,Tonnes,Production
West Bengal,Alipurduar,2023,2023-24,5,Final Estimate,99999,Total,17,Sesamum,Oilseeds,['Oil Seeds'],3,3,99999,225.91,Tonnes,Production
West Bengal,Alipurduar,2023,2023-24,5,Final Estimate,99999,Total,17,Sesamum,Oilseeds,['Oil Seeds'],3,3,99999,340.0,Ha,Area
West Bengal,Alipurduar,2023,2023-24,5,Final Estimate,99999,Total,17,Sesamum,Oilseeds,['Oil Seeds'],3,3,99999,664.0,Kg/Ha,Yield
West Bengal,Alipurduar,2022,2022-23,5,Final Estimate,1,Kharif,18,Nigerseed,Oilseeds,['Oil Seeds'],3,4,1,375.0,Ha,Area
West Bengal,Alipurduar,2022,2022-23,5,Final Estimate,1,Kharif,18,Nigerseed,Oilseeds,['Oil Seeds'],3,4,1,576.0,Kg/Ha,Yield
West Bengal,Alipurduar,2023,2023-24,5,Final Estimate,1,Kharif,18,Nigerseed,Oilseeds,['Oil Seeds'],3,4,1,116.94,Tonnes,Production
West Bengal,Alipurduar,2023,2023-24,5,Final Estimate,1,Kharif,18,Nigerseed,Oilseeds,['Oil Seeds'],3,4,1,600.0,Kg/Ha,Yield
West Bengal,Alipurduar,2023,2023-24,5,Final Estimate,1,Kharif,18,Nigerseed,Oilseeds,['Oil Seeds'],3,4,1,195.0,Ha,Area
West Bengal,Alipurduar,2022,2022-23,5,Final Estimate,1,Kharif,18,Nigerseed,Oilseeds,['Oil Seeds'],3,4,1,216.0,Tonnes,Production
West Bengal,Alipurduar,2023,2023-24,5,Final Estimate,99999,Total,18,Nigerseed,Oilseeds,['Oil Seeds'],3,4,99999,600.0,Kg/Ha,Yield
West Bengal,Alipurduar,2022,2022-23,5,Final Estimate,99999,Total,18,Nigerseed,Oilseeds,['Oil Seeds'],3,4,99999,576.0,Kg/Ha,Yield
West Bengal,Alipurduar,2022,2022-23,5,Final Estimate,99999,Total,18,Nigerseed,Oilseeds,['Oil Seeds'],3,4,99999,375.0,Ha,Area
West Bengal,Alipurduar,2022,2022-23,5,Final Estimate,99999,Total,18,Nigerseed,Oilseeds,['Oil Seeds'],3,4,99999,216.0,Tonnes,Production
West Bengal,Alipurduar,2023,2023-24,5,Final Estimate,99999,Total,18,Nigerseed,Oilseeds,['Oil Seeds'],3,4,99999,116.94,Tonnes,Production
West Bengal,Alipurduar,2023,2023-24,5,Final Estimate,99999,Total,18,Nigerseed,Oilseeds,['Oil Seeds'],3,4,99999,195.0,Ha,Area
West Bengal,Alipurduar,2022,2022-23,5,Final Estimate,1,Kharif,20,Sunflower,Oilseeds,['Oil Seeds'],3,6,1,4.0,Tonnes,Production
West Bengal,Alipurduar,2022,2022-23,5,Final Estimate,1,Kharif,20,Sunflower,Oilseeds,['Oil Seeds'],3,6,1,800.0,Kg/Ha,Yield
West Bengal,Alipurduar,2022,2022-23,5,Final Estimate,1,Kharif,20,Sunflower,Oilseeds,['Oil Seeds'],3,6,1,5.0,Ha,Area
West Bengal,Alipurduar,2022,2022-23,5,Final Estimate,99999,Total,20,Sunflower,Oilseeds,['Oil Seeds'],3,6,99999,4.0,Tonnes,Production
West Bengal,Alipurduar,2022,2022-23,5,Final Estimate,99999,Total,20,Sunflower,Oilseeds,['Oil Seeds'],3,6,99999,800.0,Kg/Ha,Yield
West Bengal,Alipurduar,2022,2022-23,5,Final Estimate,99999,Total,20,Sunflower,Oilseeds,['Oil Seeds'],3,6,99999,5.0,Ha,Area
West Bengal,Alipurduar,2023,2023-24,5,Final Estimate,2,Rabi,21,Rapeseed & Mustard,Oilseeds,['Oil Seeds'],3,7,2,885.0,Kg/Ha,Yield
West Bengal,Alipurduar,2022,2022-23,5,Final Estimate,2,Rabi,21,Rapeseed & Mustard,Oilseeds,['Oil Seeds'],3,7,2,740.0,Kg/Ha,Yield
West Bengal,Alipurduar,2022,2022-23,5,Final Estimate,2,Rabi,21,Rapeseed & Mustard,Oilseeds,['Oil Seeds'],3,7,2,5262.0,Ha,Area
West Bengal,Alipurduar,2022,2022-23,5,Final Estimate,2,Rabi,21,Rapeseed & Mustard,Oilseeds,['Oil Seeds'],3,7,2,3892.0,Tonnes,Production
West Bengal,Alipurduar,2023,2023-24,5,Final Estimate,2,Rabi,21,Rapeseed & Mustard,Oilseeds,['Oil Seeds'],3,7,2,5894.0,Ha,Area
West Bengal,Alipurduar,2023,2023-24,5,Final Estimate,2,Rabi,21,Rapeseed & Mustard,Oilseeds,['Oil Seeds'],3,7,2,5215.25,Tonnes,Production
West Bengal,Alipurduar,2022,2022-23,5,Final Estimate,99999,Total,21,Rapeseed & Mustard,Oilseeds,['Oil Seeds'],3,7,99999,5262.0,Ha,Area
West Bengal,Alipurduar,2022,2022-23,5,Final Estimate,99999,Total,21,Rapeseed & Mustard,Oilseeds,['Oil Seeds'],3,7,99999,3892.0,Tonnes,Production
West Bengal,Alipurduar,2022,2022-23,5,Final Estimate,99999,Total,21,Rapeseed & Mustard,Oilseeds,['Oil Seeds'],3,7,99999,740.0,Kg/Ha,Yield
West Bengal,Alipurduar,2023,2023-24,5,Final Estimate,99999,Total,21,Rapeseed & Mustard,Oilseeds,['Oil Seeds'],3,7,99999,885.0,Kg/Ha,Yield
West Bengal,Alipurduar,2023,2023-24,5,Final Estimate,99999,Total,21,Rapeseed & Mustard,Oilseeds,['Oil Seeds'],3,7,99999,5894.0,Ha,Area
West Bengal,Alipurduar,2023,2023-24,5,Final Estimate,99999,Total,21,Rapeseed & Mustard,Oilseeds,['Oil Seeds'],3,7,99999,5215.25,Tonnes,Production
West Bengal,Alipurduar,2022,2022-23,5,Final Estimate,2,Rabi,22,Linseed,Oilseeds,['Oil Seeds'],3,8,2,406.0,Kg/Ha,Yield
West Bengal,Alipurduar,2022,2022-23,5,Final Estimate,2,Rabi,22,Linseed,Oilseeds,['Oil Seeds'],3,8,2,177.0,Tonnes,Production
West Bengal,Alipurduar,2023,2023-24,5,Final Estimate,2,Rabi,22,Linseed,Oilseeds,['Oil Seeds'],3,8,2,496.0,Kg/Ha,Yield
West Bengal,Alipurduar,2023,2023-24,5,Final Estimate,2,Rabi,22,Linseed,Oilseeds,['Oil Seeds'],3,8,2,406.0,Ha,Area
West Bengal,Alipurduar,2022,2022-23,5,Final Estimate,2,Rabi,22,Linseed,Oilseeds,['Oil Seeds'],3,8,2,436.0,Ha,Area
West Bengal,Alipurduar,2023,2023-24,5,Final Estimate,2,Rabi,22,Linseed,Oilseeds,['Oil Seeds'],3,8,2,201.31,Tonnes,Production
West Bengal,Alipurduar,2022,2022-23,5,Final Estimate,99999,Total,22,Linseed,Oilseeds,['Oil Seeds'],3,8,99999,406.0,Kg/Ha,Yield
West Bengal,Alipurduar,2023,2023-24,5,Final Estimate,99999,Total,22,Linseed,Oilseeds,['Oil Seeds'],3,8,99999,496.0,Kg/Ha,Yield
West Bengal,Alipurduar,2023,2023-24,5,Final Estimate,99999,Total,22,Linseed,Oilseeds,['Oil Seeds'],3,8,99999,406.0,Ha,Area
West Bengal,Alipurduar,2023,2023-24,5,Final Estimate,99999,Total,22,Linseed,Oilseeds,['Oil Seeds'],3,8,99999,201.31,Tonnes,Production
West Bengal,Alipurduar,2022,2022-23,5,Final Estimate,99999,Total,22,Linseed,Oilseeds,['Oil Seeds'],3,8,99999,177.0,Tonnes,Production
West Bengal,Alipurduar,2022,2022-23,5,Final Estimate,99999,Total,22,Linseed,Oilseeds,['Oil Seeds'],3,8,99999,436.0,Ha,Area
West Bengal,Alipurduar,2023,2023-24,5,Final Estimate,99999,Total,999,Total Oil Seeds,Oilseeds,['Oil Seeds'],3,999,99999,7199.99,Ha,Area
West Bengal,Alipurduar,2022,2022-23,5,Final Estimate,99999,Total,999,Total Oil Seeds,Oilseeds,['Oil Seeds'],3,999,99999,7146.0,Ha,Area
West Bengal,Alipurduar,2022,2022-23,5,Final Estimate,99999,Total,999,Total Oil Seeds,Oilseeds,['Oil Seeds'],3,999,99999,776.0,Kg/Ha,Yield
West Bengal,Alipurduar,2022,2022-23,5,Final Estimate,99999,Total,999,Total Oil Seeds,Oilseeds,['Oil Seeds'],3,999,99999,5545.0,Tonnes,Production
West Bengal,Alipurduar,2023,2023-24,5,Final Estimate,99999,Total,999,Total Oil Seeds,Oilseeds,['Oil Seeds'],3,999,99999,870.0,Kg/Ha,Yield
West Bengal,Alipurduar,2023,2023-24,5,Final Estimate,99999,Total,999,Total Oil Seeds,Oilseeds,['Oil Seeds'],3,999,99999,6263.15,Tonnes,Production
West Bengal,Alipurduar,2022,2022-23,5,Final Estimate,1,Kharif,28,Sugarcane,Commercial Crops,['Commercial Crops'],4,1001,1,56.0,Ha,Area
West Bengal,Alipurduar,2023,2023-24,5,Final Estimate,1,Kharif,28,Sugarcane,Commercial Crops,['Commercial Crops'],4,1001,1,62.0,Ha,Area
West Bengal,Alipurduar,2023,2023-24,5,Final Estimate,1,Kharif,28,Sugarcane,Commercial Crops,['Commercial Crops'],4,1001,1,4284.22,Tonnes,Production
West Bengal,Alipurduar,2023,2023-24,5,Final Estimate,1,Kharif,28,Sugarcane,Commercial Crops,['Commercial Crops'],4,1001,1,69100.0,Kg/Ha,Yield
West Bengal,Alipurduar,2022,2022-23,5,Final Estimate,1,Kharif,28,Sugarcane,Commercial Crops,['Commercial Crops'],4,1001,1,78054.0,Kg/Ha,Yield
West Bengal,Alipurduar,2022,2022-23,5,Final Estimate,1,Kharif,28,Sugarcane,Commercial Crops,['Commercial Crops'],4,1001,1,4371.0,Tonnes,Production
West Bengal,Alipurduar,2023,2023-24,5,Final Estimate,99999,Total,28,Sugarcane,Commercial Crops,['Commercial Crops'],4,1001,99999,69100.0,Kg/Ha,Yield
West Bengal,Alipurduar,2022,2022-23,5,Final Estimate,99999,Total,28,Sugarcane,Commercial Crops,['Commercial Crops'],4,1001,99999,4371.0,Tonnes,Production
West Bengal,Alipurduar,2022,2022-23,5,Final Estimate,99999,Total,28,Sugarcane,Commercial Crops,['Commercial Crops'],4,1001,99999,78054.0,Kg/Ha,Yield
West Bengal,Alipurduar,2023,2023-24,5,Final Estimate,99999,Total,28,Sugarcane,Commercial Crops,['Commercial Crops'],4,1001,99999,4284.22,Tonnes,Production
West Bengal,Alipurduar,2023,2023-24,5,Final Estimate,99999,Total,28,Sugarcane,Commercial Crops,['Commercial Crops'],4,1001,99999,62.0,Ha,Area
West Bengal,Alipurduar,2022,2022-23,5,Final Estimate,99999,Total,28,Sugarcane,Commercial Crops,['Commercial Crops'],4,1001,99999,56.0,Ha,Area
West Bengal,Alipurduar,2023,2023-24,5,Final Estimate,1,Kharif,26,Jute,Commercial Crops,['Commercial Crops'],4,1003,1,93809.39,Tonnes,Production
West Bengal,Alipurduar,2023,2023-24,5,Final Estimate,1,Kharif,26,Jute,Commercial Crops,['Commercial Crops'],4,1003,1,7838.0,Ha,Area
West Bengal,Alipurduar,2023,2023-24,5,Final Estimate,1,Kharif,26,Jute,Commercial Crops,['Commercial Crops'],4,1003,1,2154.0,Kg/Ha,Yield
West Bengal,Alipurduar,2022,2022-23,5,Final Estimate,1,Kharif,26,Jute,Commercial Crops,['Commercial Crops'],4,1003,1,184281.0,Tonnes,Production
West Bengal,Alipurduar,2022,2022-23,5,Final Estimate,1,Kharif,26,Jute,Commercial Crops,['Commercial Crops'],4,1003,1,14814.0,Ha,Area
West Bengal,Alipurduar,2022,2022-23,5,Final Estimate,1,Kharif,26,Jute,Commercial Crops,['Commercial Crops'],4,1003,1,2239.0,Kg/Ha,Yield
West Bengal,Alipurduar,2023,2023-24,5,Final Estimate,99999,Total,26,Jute,Commercial Crops,['Commercial Crops'],4,1003,99999,7838.0,Ha,Area
West Bengal,Alipurduar,2022,2022-23,5,Final Estimate,99999,Total,26,Jute,Commercial Crops,['Commercial Crops'],4,1003,99999,2239.0,Kg/Ha,Yield
West Bengal,Alipurduar,2022,2022-23,5,Final Estimate,99999,Total,26,Jute,Commercial Crops,['Commercial Crops'],4,1003,99999,14814.0,Ha,Area
West Bengal,Alipurduar,2022,2022-23,5,Final Estimate,99999,Total,26,Jute,Commercial Crops,['Commercial Crops'],4,1003,99999,184281.0,Tonnes,Production
West Bengal,Alipurduar,2023,2023-24,5,Final Estimate,99999,Total,26,Jute,Commercial Crops,['Commercial Crops'],4,1003,99999,2154.0,Kg/Ha,Yield
West Bengal,Alipurduar,2023,2023-24,5,Final Estimate,99999,Total,26,Jute,Commercial Crops,['Commercial Crops'],4,1003,99999,93809.39,Tonnes,Production
West Bengal,Alipurduar,2023,2023-24,5,Final Estimate,1,Kharif,27,Mesta,Commercial Crops,['Commercial Crops'],4,1004,1,108.0,Ha,Area
West Bengal,Alipurduar,2023,2023-24,5,Final Estimate,1,Kharif,27,Mesta,Commercial Crops,['Commercial Crops'],4,1004,1,1547.88,Tonnes,Production
West Bengal,Alipurduar,2023,2023-24,5,Final Estimate,1,Kharif,27,Mesta,Commercial Crops,['Commercial Crops'],4,1004,1,2580.0,Kg/Ha,Yield
West Bengal,Alipurduar,2022,2022-23,5,Final Estimate,1,Kharif,27,Mesta,Commercial Crops,['Commercial Crops'],4,1004,1,123.0,Ha,Area
West Bengal,Alipurduar,2022,2022-23,5,Final Estimate,1,Kharif,27,Mesta,Commercial Crops,['Commercial Crops'],4,1004,1,1743.0,Tonnes,Production
West Bengal,Alipurduar,2022,2022-23,5,Final Estimate,1,Kharif,27,Mesta,Commercial Crops,['Commercial Crops'],4,1004,1,2551.0,Kg/Ha,Yield
West Bengal,Alipurduar,2022,2022-23,5,Final Estimate,99999,Total,27,Mesta,Commercial Crops,['Commercial Crops'],4,1004,99999,2551.0,Kg/Ha,Yield
West Bengal,Alipurduar,2023,2023-24,5,Final Estimate,99999,Total,27,Mesta,Commercial Crops,['Commercial Crops'],4,1004,99999,108.0,Ha,Area
West Bengal,Alipurduar,2023,2023-24,5,Final Estimate,99999,Total,27,Mesta,Commercial Crops,['Commercial Crops'],4,1004,99999,1547.88,Tonnes,Production
West Bengal,Alipurduar,2023,2023-24,5,Final Estimate,99999,Total,27,Mesta,Commercial Crops,['Commercial Crops'],4,1004,99999,2580.0,Kg/Ha,Yield
West Bengal,Alipurduar,2022,2022-23,5,Final Estimate,99999,Total,27,Mesta,Commercial Crops,['Commercial Crops'],4,1004,99999,123.0,Ha,Area
West Bengal,Alipurduar,2022,2022-23,5,Final Estimate,99999,Total,27,Mesta,Commercial Crops,['Commercial Crops'],4,1004,99999,1743.0,Tonnes,Production
West Bengal,Alipurduar,2022,2022-23,5,Final Estimate,1,Kharif,1999,Jute & Mesta,Commercial Crops,['Commercial Crops'],4,1999,1,2242.0,Kg/Ha,Yield
West Bengal,Alipurduar,2022,2022-23,5,Final Estimate,1,Kharif,1999,Jute & Mesta,Commercial Crops,['Commercial Crops'],4,1999,1,14937.0,Ha,Area
West Bengal,Alipurduar,2023,2023-24,5,Final Estimate,1,Kharif,1999,Jute & Mesta,Commercial Crops,['Commercial Crops'],4,1999,1,2160.0,Kg/Ha,Yield
West Bengal,Alipurduar,2023,2023-24,5,Final Estimate,1,Kharif,1999,Jute & Mesta,Commercial Crops,['Commercial Crops'],4,1999,1,7946.0,Ha,Area
West Bengal,Alipurduar,2023,2023-24,5,Final Estimate,1,Kharif,1999,Jute & Mesta,Commercial Crops,['Commercial Crops'],4,1999,1,95357.27,Tonnes,Production
West Bengal,Alipurduar,2022,2022-23,5,Final Estimate,1,Kharif,1999,Jute & Mesta,Commercial Crops,['Commercial Crops'],4,1999,1,186024.0,Tonnes,Production
West Bengal,Alipurduar,2023,2023-24,5,Final Estimate,99999,Total,1999,Jute & Mesta,Commercial Crops,['Commercial Crops'],4,1999,99999,2160.0,Kg/Ha,Yield
West Bengal,Alipurduar,2022,2022-23,5,Final Estimate,99999,Total,1999,Jute & Mesta,Commercial Crops,['Commercial Crops'],4,1999,99999,186024.0,Tonnes,Production
West Bengal,Alipurduar,2023,2023-24,5,Final Estimate,99999,Total,1999,Jute & Mesta,Commercial Crops,['Commercial Crops'],4,1999,99999,7946.0,Ha,Area
West Bengal,Alipurduar,2022,2022-23,5,Final Estimate,99999,Total,1999,Jute & Mesta,Commercial Crops,['Commercial Crops'],4,1999,99999,14937.0,Ha,Area
West Bengal,Alipurduar,2022,2022-23,5,Final Estimate,99999,Total,1999,Jute & Mesta,Commercial Crops,['Commercial Crops'],4,1999,99999,2242.0,Kg/Ha,Yield
West Bengal,Alipurduar,2023,2023-24,5,Final Estimate,99999,Total,1999,Jute & Mesta,Commercial Crops,['Commercial Crops'],4,1999,99999,95357.27,Tonnes,Production
West Bengal,Bankura,2023,2023-24,5,Final Estimate,1,Kharif,1,Rice,Food Grains,['Cereals'],1,2001,1,800525.67,Tonnes,Production
West Bengal,Bankura,2022,2022-23,5,Final Estimate,1,Kharif,1,Rice,Food Grains,['Cereals'],1,2001,1,3145.0,Kg/Ha,Yield
West Bengal,Bankura,2022,2022-23,5,Final Estimate,1,Kharif,1,Rice,Food Grains,['Cereals'],1,2001,1,58432.0,Tonnes,Production
West Bengal,Bankura,2023,2023-24,5,Final Estimate,1,Kharif,1,Rice,Food Grains,['Cereals'],1,2001,1,2860.0,Kg/Ha,Yield
West Bengal,Bankura,2022,2022-23,5,Final Estimate,1,Kharif,1,Rice,Food Grains,['Cereals'],1,2001,1,18579.0,Ha,Area
West Bengal,Bankura,2023,2023-24,5,Final Estimate,1,Kharif,1,Rice,Food Grains,['Cereals'],1,2001,1,279895.93,Ha,Area
West Bengal,Bankura,2022,2022-23,5,Final Estimate,2,Rabi,1,Rice,Food Grains,['Cereals'],1,2001,2,774035.0,Tonnes,Production
West Bengal,Bankura,2022,2022-23,5,Final Estimate,2,Rabi,1,Rice,Food Grains,['Cereals'],1,2001,2,276795.0,Ha,Area
West Bengal,Bankura,2022,2022-23,5,Final Estimate,2,Rabi,1,Rice,Food Grains,['Cereals'],1,2001,2,2796.0,Kg/Ha,Yield
West Bengal,Bankura,2023,2023-24,5,Final Estimate,3,Summer,1,Rice,Food Grains,['Cereals'],1,2001,3,3853.0,Kg/Ha,Yield
West Bengal,Bankura,2022,2022-23,5,Final Estimate,3,Summer,1,Rice,Food Grains,['Cereals'],1,2001,3,60158.0,Ha,Area
West Bengal,Bankura,2022,2022-23,5,Final Estimate,3,Summer,1,Rice,Food Grains,['Cereals'],1,2001,3,218290.0,Tonnes,Production
West Bengal,Bankura,2023,2023-24,5,Final Estimate,3,Summer,1,Rice,Food Grains,['Cereals'],1,2001,3,250038.45,Tonnes,Production
West Bengal,Bankura,2022,2022-23,5,Final Estimate,3,Summer,1,Rice,Food Grains,['Cereals'],1,2001,3,3629.0,Kg/Ha,Yield
West Bengal,Bankura,2023,2023-24,5,Final Estimate,3,Summer,1,Rice,Food Grains,['Cereals'],1,2001,3,64887.54,Ha,Area
West Bengal,Bankura,2023,2023-24,5,Final Estimate,99999,Total,1,Rice,Food Grains,['Cereals'],1,2001,99999,1050564.11,Tonnes,Production
West Bengal,Bankura,2022,2022-23,5,Final Estimate,99999,Total,1,Rice,Food Grains,['Cereals'],1,2001,99999,1050757.0,Tonnes,Production
West Bengal,Bankura,2022,2022-23,5,Final Estimate,99999,Total,1,Rice,Food Grains,['Cereals'],1,2001,99999,355532.0,Ha,Area
West Bengal,Bankura,2022,2022-23,5,Final Estimate,99999,Total,1,Rice,Food Grains,['Cereals'],1,2001,99999,2955.0,Kg/Ha,Yield
West Bengal,Bankura,2023,2023-24,5,Final Estimate,99999,Total,1,Rice,Food Grains,['Cereals'],1,2001,99999,3047.0,Kg/Ha,Yield
West Bengal,Bankura,2023,2023-24,5,Final Estimate,99999,Total,1,Rice,Food Grains,['Cereals'],1,2001,99999,344783.46,Ha,Area
West Bengal,Bankura,2022,2022-23,5,Final Estimate,2,Rabi,2,Wheat,Food Grains,['Cereals'],1,2002,2,786.0,Ha,Area
West Bengal,Bankura,2023,2023-24,5,Final Estimate,2,Rabi,2,Wheat,Food Grains,['Cereals'],1,2002,2,2582.0,Kg/Ha,Yield
West Bengal,Bankura,2023,2023-24,5,Final Estimate,2,Rabi,2,Wheat,Food Grains,['Cereals'],1,2002,2,976.05,Tonnes,Production
West Bengal,Bankura,2023,2023-24,5,Final Estimate,2,Rabi,2,Wheat,Food Grains,['Cereals'],1,2002,2,378.0,Ha,Area
West Bengal,Bankura,2022,2022-23,5,Final Estimate,2,Rabi,2,Wheat,Food Grains,['Cereals'],1,2002,2,2249.0,Kg/Ha,Yield
West Bengal,Bankura,2022,2022-23,5,Final Estimate,2,Rabi,2,Wheat,Food Grains,['Cereals'],1,2002,2,1768.0,Tonnes,Production
West Bengal,Bankura,2022,2022-23,5,Final Estimate,99999,Total,2,Wheat,Food Grains,['Cereals'],1,2002,99999,2249.0,Kg/Ha,Yield
West Bengal,Bankura,2023,2023-24,5,Final Estimate,99999,Total,2,Wheat,Food Grains,['Cereals'],1,2002,99999,2582.0,Kg/Ha,Yield
West Bengal,Bankura,2023,2023-24,5,Final Estimate,99999,Total,2,Wheat,Food Grains,['Cereals'],1,2002,99999,976.05,Tonnes,Production
West Bengal,Bankura,2023,2023-24,5,Final Estimate,99999,Total,2,Wheat,Food Grains,['Cereals'],1,2002,99999,378.0,Ha,Area
West Bengal,Bankura,2022,2022-23,5,Final Estimate,99999,Total,2,Wheat,Food Grains,['Cereals'],1,2002,99999,786.0,Ha,Area
West Bengal,Bankura,2022,2022-23,5,Final Estimate,99999,Total,2,Wheat,Food Grains,['Cereals'],1,2002,99999,1768.0,Tonnes,Production
West Bengal,Bankura,2023,2023-24,5,Final Estimate,1,Kharif,5,Maize,Food Grains,['Cereals'],1,3001,1,816.84,Ha,Area
West Bengal,Bankura,2022,2022-23,5,Final Estimate,1,Kharif,5,Maize,Food Grains,['Cereals'],1,3001,1,2665.0,Kg/Ha,Yield
West Bengal,Bankura,2022,2022-23,5,Final Estimate,1,Kharif,5,Maize,Food Grains,['Cereals'],1,3001,1,581.0,Tonnes,Production
West Bengal,Bankura,2022,2022-23,5,Final Estimate,1,Kharif,5,Maize,Food Grains,['Cereals'],1,3001,1,218.0,Ha,Area
West Bengal,Bankura,2023,2023-24,5,Final Estimate,1,Kharif,5,Maize,Food Grains,['Cereals'],1,3001,1,3045.0,Kg/Ha,Yield
West Bengal,Bankura,2023,2023-24,5,Final Estimate,1,Kharif,5,Maize,Food Grains,['Cereals'],1,3001,1,2487.23,Tonnes,Production
West Bengal,Bankura,2022,2022-23,5,Final Estimate,2,Rabi,5,Maize,Food Grains,['Cereals'],1,3001,2,183.0,Ha,Area
West Bengal,Bankura,2023,2023-24,5,Final Estimate,2,Rabi,5,Maize,Food Grains,['Cereals'],1,3001,2,7270.0,Kg/Ha,Yield
West Bengal,Bankura,2023,2023-24,5,Final Estimate,2,Rabi,5,Maize,Food Grains,['Cereals'],1,3001,2,1344.94,Tonnes,Production
West Bengal,Bankura,2023,2023-24,5,Final Estimate,2,Rabi,5,Maize,Food Grains,['Cereals'],1,3001,2,185.0,Ha,Area
West Bengal,Bankura,2022,2022-23,5,Final Estimate,2,Rabi,5,Maize,Food Grains,['Cereals'],1,3001,2,344.0,Tonnes,Production
West Bengal,Bankura,2022,2022-23,5,Final Estimate,2,Rabi,5,Maize,Food Grains,['Cereals'],1,3001,2,1880.0,Kg/Ha,Yield
West Bengal,Bankura,2022,2022-23,5,Final Estimate,3,Summer,5,Maize,Food Grains,['Cereals'],1,3001,3,4741.0,Kg/Ha,Yield
West Bengal,Bankura,2023,2023-24,5,Final Estimate,3,Summer,5,Maize,Food Grains,['Cereals'],1,3001,3,4928.0,Kg/Ha,Yield
West Bengal,Bankura,2023,2023-24,5,Final Estimate,3,Summer,5,Maize,Food Grains,['Cereals'],1,3001,3,1583.43,Tonnes,Production
West Bengal,Bankura,2023,2023-24,5,Final Estimate,3,Summer,5,Maize,Food Grains,['Cereals'],1,3001,3,321.32,Ha,Area
West Bengal,Bankura,2022,2022-23,5,Final Estimate,3,Summer,5,Maize,Food Grains,['Cereals'],1,3001,3,378.0,Ha,Area
West Bengal,Bankura,2022,2022-23,5,Final Estimate,3,Summer,5,Maize,Food Grains,['Cereals'],1,3001,3,1792.0,Tonnes,Production
West Bengal,Bankura,2022,2022-23,5,Final Estimate,99999,Total,5,Maize,Food Grains,['Cereals'],1,3001,99999,779.0,Ha,Area
West Bengal,Bankura,2023,2023-24,5,Final Estimate,99999,Total,5,Maize,Food Grains,['Cereals'],1,3001,99999,1323.16,Ha,Area
West Bengal,Bankura,2023,2023-24,5,Final Estimate,99999,Total,5,Maize,Food Grains,['Cereals'],1,3001,99999,4093.0,Kg/Ha,Yield
West Bengal,Bankura,2023,2023-24,5,Final Estimate,99999,Total,5,Maize,Food Grains,['Cereals'],1,3001,99999,5415.6,Tonnes,Production
West Bengal,Bankura,2022,2022-23,5,Final Estimate,99999,Total,5,Maize,Food Grains,['Cereals'],1,3001,99999,3488.0,Kg/Ha,Yield
West Bengal,Bankura,2022,2022-23,5,Final Estimate,99999,Total,5,Maize,Food Grains,['Cereals'],1,3001,99999,2717.0,Tonnes,Production
West Bengal,Bankura,2023,2023-24,5,Final Estimate,1,Kharif,6,Ragi,Food Grains,['Cereals'],1,3005,1,1010.0,Kg/Ha,Yield
West Bengal,Bankura,2023,2023-24,5,Final Estimate,1,Kharif,6,Ragi,Food Grains,['Cereals'],1,3005,1,350.0,Ha,Area
West Bengal,Bankura,2023,2023-24,5,Final Estimate,1,Kharif,6,Ragi,Food Grains,['Cereals'],1,3005,1,353.44,Tonnes,Production
West Bengal,Bankura,2023,2023-24,5,Final Estimate,99999,Total,6,Ragi,Food Grains,['Cereals'],1,3005,99999,350.0,Ha,Area
West Bengal,Bankura,2023,2023-24,5,Final Estimate,99999,Total,6,Ragi,Food Grains,['Cereals'],1,3005,99999,1010.0,Kg/Ha,Yield
West Bengal,Bankura,2023,2023-24,5,Final Estimate,99999,Total,6,Ragi,Food Grains,['Cereals'],1,3005,99999,353.44,Tonnes,Production
West Bengal,Bankura,2022,2022-23,5,Final Estimate,1,Kharif,8,Small Millets,Food Grains,['Cereals'],1,3006,1,552.0,Kg/Ha,Yield
West Bengal,Bankura,2023,2023-24,5,Final Estimate,1,Kharif,8,Small Millets,Food Grains,['Cereals'],1,3006,1,570.0,Kg/Ha,Yield
West Bengal,Bankura,2023,2023-24,5,Final Estimate,1,Kharif,8,Small Millets,Food Grains,['Cereals'],1,3006,1,12.0,Ha,Area
West Bengal,Bankura,2023,2023-24,5,Final Estimate,1,Kharif,8,Small Millets,Food Grains,['Cereals'],1,3006,1,6.84,Tonnes,Production
West Bengal,Bankura,2022,2022-23,5,Final Estimate,1,Kharif,8,Small Millets,Food Grains,['Cereals'],1,3006,1,16.0,Tonnes,Production
West Bengal,Bankura,2022,2022-23,5,Final Estimate,1,Kharif,8,Small Millets,Food Grains,['Cereals'],1,3006,1,29.0,Ha,Area
West Bengal,Bankura,2022,2022-23,5,Final Estimate,99999,Total,8,Small Millets,Food Grains,['Cereals'],1,3006,99999,29.0,Ha,Area
West Bengal,Bankura,2023,2023-24,5,Final Estimate,99999,Total,8,Small Millets,Food Grains,['Cereals'],1,3006,99999,570.0,Kg/Ha,Yield
West Bengal,Bankura,2023,2023-24,5,Final Estimate,99999,Total,8,Small Millets,Food Grains,['Cereals'],1,3006,99999,12.0,Ha,Area
West Bengal,Bankura,2023,2023-24,5,Final Estimate,99999,Total,8,Small Millets,Food Grains,['Cereals'],1,3006,99999,6.84,Tonnes,Production
West Bengal,Bankura,2022,2022-23,5,Final Estimate,99999,Total,8,Small Millets,Food Grains,['Cereals'],1,3006,99999,16.0,Tonnes,Production
West Bengal,Bankura,2022,2022-23,5,Final Estimate,99999,Total,8,Small Millets,Food Grains,['Cereals'],1,3006,99999,552.0,Kg/Ha,Yield
West Bengal,Bankura,2023,2023-24,5,Final Estimate,1,Kharif,3997,Shree Anna /Nutri Cereals,Food Grains,['Cereals'],1,3997,1,995.0,Kg/Ha,Yield
West Bengal,Bankura,2023,2023-24,5,Final Estimate,1,Kharif,3997,Shree Anna /Nutri Cereals,Food Grains,['Cereals'],1,3997,1,362.0,Ha,Area
West Bengal,Bankura,2023,2023-24,5,Final Estimate,1,Kharif,3997,Shree Anna /Nutri Cereals,Food Grains,['Cereals'],1,3997,1,360.27,Tonnes,Production
West Bengal,Bankura,2022,2022-23,5,Final Estimate,1,Kharif,3997,Shree Anna /Nutri Cereals,Food Grains,['Cereals'],1,3997,1,16.0,Tonnes,Production
West Bengal,Bankura,2022,2022-23,5,Final Estimate,1,Kharif,3997,Shree Anna /Nutri Cereals,Food Grains,['Cereals'],1,3997,1,552.0,Kg/Ha,Yield
West Bengal,Bankura,2022,2022-23,5,Final Estimate,1,Kharif,3997,Shree Anna /Nutri Cereals,Food Grains,['Cereals'],1,3997,1,29.0,Ha,Area
West Bengal,Bankura,2023,2023-24,5,Final Estimate,99999,Total,3997,Shree Anna /Nutri Cereals,Food Grains,['Cereals'],1,3997,99999,360.27,Tonnes,Production
West Bengal,Bankura,2023,2023-24,5,Final Estimate,99999,Total,3997,Shree Anna /Nutri Cereals,Food Grains,['Cereals'],1,3997,99999,362.0,Ha,Area
West Bengal,Bankura,2023,2023-24,5,Final Estimate,99999,Total,3997,Shree Anna /Nutri Cereals,Food Grains,['Cereals'],1,3997,99999,995.0,Kg/Ha,Yield
West Bengal,Bankura,2022,2022-23,5,Final Estimate,99999,Total,3997,Shree Anna /Nutri Cereals,Food Grains,['Cereals'],1,3997,99999,552.0,Kg/Ha,Yield
West Bengal,Bankura,2022,2022-23,5,Final Estimate,99999,Total,3997,Shree Anna /Nutri Cereals,Food Grains,['Cereals'],1,3997,99999,29.0,Ha,Area
West Bengal,Bankura,2022,2022-23,5,Final Estimate,99999,Total,3997,Shree Anna /Nutri Cereals,Food Grains,['Cereals'],1,3997,99999,16.0,Tonnes,Production
West Bengal,Bankura,2022,2022-23,5,Final Estimate,1,Kharif,3998,Nutri/Coarse Cereals,Food Grains,['Cereals'],1,3998,1,2417.0,Kg/Ha,Yield
West Bengal,Bankura,2022,2022-23,5,Final Estimate,1,Kharif,3998,Nutri/Coarse Cereals,Food Grains,['Cereals'],1,3998,1,247.0,Ha,Area
West Bengal,Bankura,2022,2022-23,5,Final Estimate,1,Kharif,3998,Nutri/Coarse Cereals,Food Grains,['Cereals'],1,3998,1,597.0,Tonnes,Production
West Bengal,Bankura,2023,2023-24,5,Final Estimate,1,Kharif,3998,Nutri/Coarse Cereals,Food Grains,['Cereals'],1,3998,1,1178.84,Ha,Area
West Bengal,Bankura,2023,2023-24,5,Final Estimate,1,Kharif,3998,Nutri/Coarse Cereals,Food Grains,['Cereals'],1,3998,1,2416.0,Kg/Ha,Yield
West Bengal,Bankura,2023,2023-24,5,Final Estimate,1,Kharif,3998,Nutri/Coarse Cereals,Food Grains,['Cereals'],1,3998,1,2847.5,Tonnes,Production
West Bengal,Bankura,2023,2023-24,5,Final Estimate,2,Rabi,3998,Nutri/Coarse Cereals,Food Grains,['Cereals'],1,3998,2,185.0,Ha,Area
West Bengal,Bankura,2022,2022-23,5,Final Estimate,2,Rabi,3998,Nutri/Coarse Cereals,Food Grains,['Cereals'],1,3998,2,183.0,Ha,Area
West Bengal,Bankura,2023,2023-24,5,Final Estimate,2,Rabi,3998,Nutri/Coarse Cereals,Food Grains,['Cereals'],1,3998,2,7270.0,Kg/Ha,Yield
West Bengal,Bankura,2022,2022-23,5,Final Estimate,2,Rabi,3998,Nutri/Coarse Cereals,Food Grains,['Cereals'],1,3998,2,1880.0,Kg/Ha,Yield
West Bengal,Bankura,2022,2022-23,5,Final Estimate,2,Rabi,3998,Nutri/Coarse Cereals,Food Grains,['Cereals'],1,3998,2,344.0,Tonnes,Production
West Bengal,Bankura,2023,2023-24,5,Final Estimate,2,Rabi,3998,Nutri/Coarse Cereals,Food Grains,['Cereals'],1,3998,2,1344.94,Tonnes,Production
West Bengal,Bankura,2023,2023-24,5,Final Estimate,3,Summer,3998,Nutri/Coarse Cereals,Food Grains,['Cereals'],1,3998,3,4928.0,Kg/Ha,Yield
West Bengal,Bankura,2022,2022-23,5,Final Estimate,3,Summer,3998,Nutri/Coarse Cereals,Food Grains,['Cereals'],1,3998,3,4741.0,Kg/Ha,Yield
West Bengal,Bankura,2022,2022-23,5,Final Estimate,3,Summer,3998,Nutri/Coarse Cereals,Food Grains,['Cereals'],1,3998,3,1792.0,Tonnes,Production
West Bengal,Bankura,2023,2023-24,5,Final Estimate,3,Summer,3998,Nutri/Coarse Cereals,Food Grains,['Cereals'],1,3998,3,1583.43,Tonnes,Production
West Bengal,Bankura,2022,2022-23,5,Final Estimate,3,Summer,3998,Nutri/Coarse Cereals,Food Grains,['Cereals'],1,3998,3,378.0,Ha,Area
West Bengal,Bankura,2023,2023-24,5,Final Estimate,3,Summer,3998,Nutri/Coarse Cereals,Food Grains,['Cereals'],1,3998,3,321.32,Ha,Area
West Bengal,Bankura,2023,2023-24,5,Final Estimate,99999,Total,3998,Nutri/Coarse Cereals,Food Grains,['Cereals'],1,3998,99999,5775.87,Tonnes,Production
West Bengal,Bankura,2023,2023-24,5,Final Estimate,99999,Total,3998,Nutri/Coarse Cereals,Food Grains,['Cereals'],1,3998,99999,3428.0,Kg/Ha,Yield
West Bengal,Bankura,2022,2022-23,5,Final Estimate,99999,Total,3998,Nutri/Coarse Cereals,Food Grains,['Cereals'],1,3998,99999,808.0,Ha,Area
West Bengal,Bankura,2023,2023-24,5,Final Estimate,99999,Total,3998,Nutri/Coarse Cereals,Food Grains,['Cereals'],1,3998,99999,1685.16,Ha,Area
West Bengal,Bankura,2022,2022-23,5,Final Estimate,99999,Total,3998,Nutri/Coarse Cereals,Food Grains,['Cereals'],1,3998,99999,2733.0,Tonnes,Production
West Bengal,Bankura,2022,2022-23,5,Final Estimate,99999,Total,3998,Nutri/Coarse Cereals,Food Grains,['Cereals'],1,3998,99999,3382.0,Kg/Ha,Yield
West Bengal,Bankura,2023,2023-24,5,Final Estimate,1,Kharif,3999,Cereals,Food Grains,['Cereals'],1,3999,1,281074.76,Ha,Area
West Bengal,Bankura,2023,2023-24,5,Final Estimate,1,Kharif,3999,Cereals,Food Grains,['Cereals'],1,3999,1,2858.0,Kg/Ha,Yield
West Bengal,Bankura,2022,2022-23,5,Final Estimate,1,Kharif,3999,Cereals,Food Grains,['Cereals'],1,3999,1,3136.0,Kg/Ha,Yield
West Bengal,Bankura,2022,2022-23,5,Final Estimate,1,Kharif,3999,Cereals,Food Grains,['Cereals'],1,3999,1,59029.0,Tonnes,Production
West Bengal,Bankura,2022,2022-23,5,Final Estimate,1,Kharif,3999,Cereals,Food Grains,['Cereals'],1,3999,1,18826.0,Ha,Area
West Bengal,Bankura,2023,2023-24,5,Final Estimate,1,Kharif,3999,Cereals,Food Grains,['Cereals'],1,3999,1,803373.17,Tonnes,Production
West Bengal,Bankura,2022,2022-23,5,Final Estimate,2,Rabi,3999,Cereals,Food Grains,['Cereals'],1,3999,2,2794.0,Kg/Ha,Yield
West Bengal,Bankura,2023,2023-24,5,Final Estimate,2,Rabi,3999,Cereals,Food Grains,['Cereals'],1,3999,2,4123.0,Kg/Ha,Yield
West Bengal,Bankura,2023,2023-24,5,Final Estimate,2,Rabi,3999,Cereals,Food Grains,['Cereals'],1,3999,2,2320.99,Tonnes,Production
West Bengal,Bankura,2023,2023-24,5,Final Estimate,2,Rabi,3999,Cereals,Food Grains,['Cereals'],1,3999,2,563.0,Ha,Area
West Bengal,Bankura,2022,2022-23,5,Final Estimate,2,Rabi,3999,Cereals,Food Grains,['Cereals'],1,3999,2,776147.0,Tonnes,Production
West Bengal,Bankura,2022,2022-23,5,Final Estimate,2,Rabi,3999,Cereals,Food Grains,['Cereals'],1,3999,2,277764.0,Ha,Area
West Bengal,Bankura,2023,2023-24,5,Final Estimate,3,Summer,3999,Cereals,Food Grains,['Cereals'],1,3999,3,3859.0,Kg/Ha,Yield
West Bengal,Bankura,2022,2022-23,5,Final Estimate,3,Summer,3999,Cereals,Food Grains,['Cereals'],1,3999,3,3636.0,Kg/Ha,Yield
West Bengal,Bankura,2022,2022-23,5,Final Estimate,3,Summer,3999,Cereals,Food Grains,['Cereals'],1,3999,3,60536.0,Ha,Area
West Bengal,Bankura,2022,2022-23,5,Final Estimate,3,Summer,3999,Cereals,Food Grains,['Cereals'],1,3999,3,220082.0,Tonnes,Production
West Bengal,Bankura,2023,2023-24,5,Final Estimate,3,Summer,3999,Cereals,Food Grains,['Cereals'],1,3999,3,65208.85,Ha,Area
West Bengal,Bankura,2023,2023-24,5,Final Estimate,3,Summer,3999,Cereals,Food Grains,['Cereals'],1,3999,3,251621.88,Tonnes,Production
West Bengal,Bankura,2022,2022-23,5,Final Estimate,99999,Total,3999,Cereals,Food Grains,['Cereals'],1,3999,99999,2955.0,Kg/Ha,Yield
West Bengal,Bankura,2022,2022-23,5,Final Estimate,99999,Total,3999,Cereals,Food Grains,['Cereals'],1,3999,99999,1055258.0,Tonnes,Production
West Bengal,Bankura,2023,2023-24,5,Final Estimate,99999,Total,3999,Cereals,Food Grains,['Cereals'],1,3999,99999,3048.0,Kg/Ha,Yield
West Bengal,Bankura,2023,2023-24,5,Final Estimate,99999,Total,3999,Cereals,Food Grains,['Cereals'],1,3999,99999,346846.62,Ha,Area
West Bengal,Bankura,2023,2023-24,5,Final Estimate,99999,Total,3999,Cereals,Food Grains,['Cereals'],1,3999,99999,1057316.04,Tonnes,Production
West Bengal,Bankura,2022,2022-23,5,Final Estimate,99999,Total,3999,Cereals,Food Grains,['Cereals'],1,3999,99999,357126.0,Ha,Area
West Bengal,Bankura,2022,2022-23,5,Final Estimate,2,Rabi,9,Tur,Food Grains,['Pulses'],2,4001,2,36.0,Tonnes,Production
West Bengal,Bankura,2022,2022-23,5,Final Estimate,2,Rabi,9,Tur,Food Grains,['Pulses'],2,4001,2,28.0,Ha,Area
West Bengal,Bankura,2022,2022-23,5,Final Estimate,2,Rabi,9,Tur,Food Grains,['Pulses'],2,4001,2,1286.0,Kg/Ha,Yield
West Bengal,Bankura,2022,2022-23,5,Final Estimate,99999,Total,9,Tur,Food Grains,['Pulses'],2,4001,99999,28.0,Ha,Area
West Bengal,Bankura,2022,2022-23,5,Final Estimate,99999,Total,9,Tur,Food Grains,['Pulses'],2,4001,99999,1286.0,Kg/Ha,Yield
West Bengal,Bankura,2022,2022-23,5,Final Estimate,99999,Total,9,Tur,Food Grains,['Pulses'],2,4001,99999,36.0,Tonnes,Production
West Bengal,Bankura,2023,2023-24,5,Final Estimate,2,Rabi,10,Gram,Food Grains,['Pulses'],2,4002,2,882.94,Tonnes,Production
West Bengal,Bankura,2023,2023-24,5,Final Estimate,2,Rabi,10,Gram,Food Grains,['Pulses'],2,4002,2,1602.0,Kg/Ha,Yield
West Bengal,Bankura,2023,2023-24,5,Final Estimate,2,Rabi,10,Gram,Food Grains,['Pulses'],2,4002,2,551.0,Ha,Area
West Bengal,Bankura,2022,2022-23,5,Final Estimate,2,Rabi,10,Gram,Food Grains,['Pulses'],2,4002,2,1134.0,Ha,Area
West Bengal,Bankura,2022,2022-23,5,Final Estimate,2,Rabi,10,Gram,Food Grains,['Pulses'],2,4002,2,1388.0,Kg/Ha,Yield
West Bengal,Bankura,2022,2022-23,5,Final Estimate,2,Rabi,10,Gram,Food Grains,['Pulses'],2,4002,2,1574.0,Tonnes,Production
West Bengal,Bankura,2023,2023-24,5,Final Estimate,99999,Total,10,Gram,Food Grains,['Pulses'],2,4002,99999,1602.0,Kg/Ha,Yield
West Bengal,Bankura,2022,2022-23,5,Final Estimate,99999,Total,10,Gram,Food Grains,['Pulses'],2,4002,99999,1574.0,Tonnes,Production
West Bengal,Bankura,2022,2022-23,5,Final Estimate,99999,Total,10,Gram,Food Grains,['Pulses'],2,4002,99999,1134.0,Ha,Area
West Bengal,Bankura,2022,2022-23,5,Final Estimate,99999,Total,10,Gram,Food Grains,['Pulses'],2,4002,99999,1388.0,Kg/Ha,Yield
West Bengal,Bankura,2023,2023-24,5,Final Estimate,99999,Total,10,Gram,Food Grains,['Pulses'],2,4002,99999,551.0,Ha,Area
West Bengal,Bankura,2023,2023-24,5,Final Estimate,99999,Total,10,Gram,Food Grains,['Pulses'],2,4002,99999,882.94,Tonnes,Production
West Bengal,Bankura,2023,2023-24,5,Final Estimate,1,Kharif,11,Urad,Food Grains,['Pulses'],2,4003,1,506.0,Kg/Ha,Yield
West Bengal,Bankura,2023,2023-24,5,Final Estimate,1,Kharif,11,Urad,Food Grains,['Pulses'],2,4003,1,31.0,Ha,Area
West Bengal,Bankura,2022,2022-23,5,Final Estimate,1,Kharif,11,Urad,Food Grains,['Pulses'],2,4003,1,19.0,Tonnes,Production
West Bengal,Bankura,2022,2022-23,5,Final Estimate,1,Kharif,11,Urad,Food Grains,['Pulses'],2,4003,1,39.0,Ha,Area
West Bengal,Bankura,2022,2022-23,5,Final Estimate,1,Kharif,11,Urad,Food Grains,['Pulses'],2,4003,1,487.0,Kg/Ha,Yield
West Bengal,Bankura,2023,2023-24,5,Final Estimate,1,Kharif,11,Urad,Food Grains,['Pulses'],2,4003,1,15.69,Tonnes,Production
West Bengal,Bankura,2023,2023-24,5,Final Estimate,2,Rabi,11,Urad,Food Grains,['Pulses'],2,4003,2,152.38,Tonnes,Production
West Bengal,Bankura,2022,2022-23,5,Final Estimate,2,Rabi,11,Urad,Food Grains,['Pulses'],2,4003,2,525.0,Kg/Ha,Yield
West Bengal,Bankura,2022,2022-23,5,Final Estimate,2,Rabi,11,Urad,Food Grains,['Pulses'],2,4003,2,830.0,Ha,Area
West Bengal,Bankura,2023,2023-24,5,Final Estimate,2,Rabi,11,Urad,Food Grains,['Pulses'],2,4003,2,503.0,Kg/Ha,Yield
West Bengal,Bankura,2023,2023-24,5,Final Estimate,2,Rabi,11,Urad,Food Grains,['Pulses'],2,4003,2,303.0,Ha,Area
West Bengal,Bankura,2022,2022-23,5,Final Estimate,2,Rabi,11,Urad,Food Grains,['Pulses'],2,4003,2,436.0,Tonnes,Production
West Bengal,Bankura,2022,2022-23,5,Final Estimate,99999,Total,11,Urad,Food Grains,['Pulses'],2,4003,99999,869.0,Ha,Area
West Bengal,Bankura,2022,2022-23,5,Final Estimate,99999,Total,11,Urad,Food Grains,['Pulses'],2,4003,99999,455.0,Tonnes,Production
West Bengal,Bankura,2022,2022-23,5,Final Estimate,99999,Total,11,Urad,Food Grains,['Pulses'],2,4003,99999,524.0,Kg/Ha,Yield
West Bengal,Bankura,2023,2023-24,5,Final Estimate,99999,Total,11,Urad,Food Grains,['Pulses'],2,4003,99999,168.07,Tonnes,Production
West Bengal,Bankura,2023,2023-24,5,Final Estimate,99999,Total,11,Urad,Food Grains,['Pulses'],2,4003,99999,334.0,Ha,Area
West Bengal,Bankura,2023,2023-24,5,Final Estimate,99999,Total,11,Urad,Food Grains,['Pulses'],2,4003,99999,503.0,Kg/Ha,Yield
West Bengal,Bankura,2023,2023-24,5,Final Estimate,1,Kharif,12,Moong,Food Grains,['Pulses'],2,4004,1,4.06,Tonnes,Production
West Bengal,Bankura,2023,2023-24,5,Final Estimate,1,Kharif,12,Moong,Food Grains,['Pulses'],2,4004,1,5.0,Ha,Area
West Bengal,Bankura,2023,2023-24,5,Final Estimate,1,Kharif,12,Moong,Food Grains,['Pulses'],2,4004,1,812.0,Kg/Ha,Yield
West Bengal,Bankura,2023,2023-24,5,Final Estimate,2,Rabi,12,Moong,Food Grains,['Pulses'],2,4004,2,14.0,Ha,Area
West Bengal,Bankura,2023,2023-24,5,Final Estimate,2,Rabi,12,Moong,Food Grains,['Pulses'],2,4004,2,6.86,Tonnes,Production
West Bengal,Bankura,2022,2022-23,5,Final Estimate,2,Rabi,12,Moong,Food Grains,['Pulses'],2,4004,2,21.0,Tonnes,Production
West Bengal,Bankura,2022,2022-23,5,Final Estimate,2,Rabi,12,Moong,Food Grains,['Pulses'],2,4004,2,500.0,Kg/Ha,Yield
West Bengal,Bankura,2022,2022-23,5,Final Estimate,2,Rabi,12,Moong,Food Grains,['Pulses'],2,4004,2,42.0,Ha,Area
West Bengal,Bankura,2023,2023-24,5,Final Estimate,2,Rabi,12,Moong,Food Grains,['Pulses'],2,4004,2,490.0,Kg/Ha,Yield
West Bengal,Bankura,2022,2022-23,5,Final Estimate,3,Summer,12,Moong,Food Grains,['Pulses'],2,4004,3,451.0,Ha,Area
West Bengal,Bankura,2023,2023-24,5,Final Estimate,3,Summer,12,Moong,Food Grains,['Pulses'],2,4004,3,855.79,Tonnes,Production
West Bengal,Bankura,2022,2022-23,5,Final Estimate,3,Summer,12,Moong,Food Grains,['Pulses'],2,4004,3,1497.0,Kg/Ha,Yield
West Bengal,Bankura,2022,2022-23,5,Final Estimate,3,Summer,12,Moong,Food Grains,['Pulses'],2,4004,3,675.0,Tonnes,Production
West Bengal,Bankura,2023,2023-24,5,Final Estimate,3,Summer,12,Moong,Food Grains,['Pulses'],2,4004,3,2108.0,Kg/Ha,Yield
West Bengal,Bankura,2023,2023-24,5,Final Estimate,3,Summer,12,Moong,Food Grains,['Pulses'],2,4004,3,406.0,Ha,Area
West Bengal,Bankura,2023,2023-24,5,Final Estimate,99999,Total,12,Moong,Food Grains,['Pulses'],2,4004,99999,2039.0,Kg/Ha,Yield
West Bengal,Bankura,2023,2023-24,5,Final Estimate,99999,Total,12,Moong,Food Grains,['Pulses'],2,4004,99999,866.71,Tonnes,Production
West Bengal,Bankura,2023,2023-24,5,Final Estimate,99999,Total,12,Moong,Food Grains,['Pulses'],2,4004,99999,425.0,Ha,Area
West Bengal,Bankura,2022,2022-23,5,Final Estimate,99999,Total,12,Moong,Food Grains,['Pulses'],2,4004,99999,696.0,Tonnes,Production
West Bengal,Bankura,2022,2022-23,5,Final Estimate,99999,Total,12,Moong,Food Grains,['Pulses'],2,4004,99999,493.0,Ha,Area
West Bengal,Bankura,2022,2022-23,5,Final Estimate,99999,Total,12,Moong,Food Grains,['Pulses'],2,4004,99999,1412.0,Kg/Ha,Yield
West Bengal,Bankura,2022,2022-23,5,Final Estimate,2,Rabi,13,Lentil,Food Grains,['Pulses'],2,4005,2,4665.0,Ha,Area
West Bengal,Bankura,2023,2023-24,5,Final Estimate,2,Rabi,13,Lentil,Food Grains,['Pulses'],2,4005,2,4564.49,Tonnes,Production
West Bengal,Bankura,2023,2023-24,5,Final Estimate,2,Rabi,13,Lentil,Food Grains,['Pulses'],2,4005,2,5115.0,Ha,Area
West Bengal,Bankura,2023,2023-24,5,Final Estimate,2,Rabi,13,Lentil,Food Grains,['Pulses'],2,4005,2,892.0,Kg/Ha,Yield
West Bengal,Bankura,2022,2022-23,5,Final Estimate,2,Rabi,13,Lentil,Food Grains,['Pulses'],2,4005,2,950.0,Kg/Ha,Yield
West Bengal,Bankura,2022,2022-23,5,Final Estimate,2,Rabi,13,Lentil,Food Grains,['Pulses'],2,4005,2,4433.0,Tonnes,Production
West Bengal,Bankura,2023,2023-24,5,Final Estimate,99999,Total,13,Lentil,Food Grains,['Pulses'],2,4005,99999,4564.49,Tonnes,Production
West Bengal,Bankura,2023,2023-24,5,Final Estimate,99999,Total,13,Lentil,Food Grains,['Pulses'],2,4005,99999,892.0,Kg/Ha,Yield
West Bengal,Bankura,2022,2022-23,5,Final Estimate,99999,Total,13,Lentil,Food Grains,['Pulses'],2,4005,99999,4665.0,Ha,Area
West Bengal,Bankura,2022,2022-23,5,Final Estimate,99999,Total,13,Lentil,Food Grains,['Pulses'],2,4005,99999,4433.0,Tonnes,Production
West Bengal,Bankura,2022,2022-23,5,Final Estimate,99999,Total,13,Lentil,Food Grains,['Pulses'],2,4005,99999,950.0,Kg/Ha,Yield
West Bengal,Bankura,2023,2023-24,5,Final Estimate,99999,Total,13,Lentil,Food Grains,['Pulses'],2,4005,99999,5115.0,Ha,Area
West Bengal,Bankura,2022,2022-23,5,Final Estimate,2,Rabi,14,Other Pulses,Food Grains,['Pulses'],2,4006,2,5628.0,Tonnes,Production
West Bengal,Bankura,2022,2022-23,5,Final Estimate,2,Rabi,14,Other Pulses,Food Grains,['Pulses'],2,4006,2,2823.0,Ha,Area
West Bengal,Bankura,2022,2022-23,5,Final Estimate,2,Rabi,14,Other Pulses,Food Grains,['Pulses'],2,4006,2,1994.0,Kg/Ha,Yield
West Bengal,Bankura,2023,2023-24,5,Final Estimate,2,Rabi,14,Other Pulses,Food Grains,['Pulses'],2,4006,2,1442.0,Kg/Ha,Yield
West Bengal,Bankura,2023,2023-24,5,Final Estimate,2,Rabi,14,Other Pulses,Food Grains,['Pulses'],2,4006,2,833.45,Tonnes,Production
West Bengal,Bankura,2023,2023-24,5,Final Estimate,2,Rabi,14,Other Pulses,Food Grains,['Pulses'],2,4006,2,578.0,Ha,Area
West Bengal,Bankura,2023,2023-24,5,Final Estimate,99999,Total,14,Other Pulses,Food Grains,['Pulses'],2,4006,99999,1442.0,Kg/Ha,Yield
West Bengal,Bankura,2023,2023-24,5,Final Estimate,99999,Total,14,Other Pulses,Food Grains,['Pulses'],2,4006,99999,578.0,Ha,Area
West Bengal,Bankura,2022,2022-23,5,Final Estimate,99999,Total,14,Other Pulses,Food Grains,['Pulses'],2,4006,99999,5628.0,Tonnes,Production
West Bengal,Bankura,2022,2022-23,5,Final Estimate,99999,Total,14,Other Pulses,Food Grains,['Pulses'],2,4006,99999,2823.0,Ha,Area
West Bengal,Bankura,2022,2022-23,5,Final Estimate,99999,Total,14,Other Pulses,Food Grains,['Pulses'],2,4006,99999,1994.0,Kg/Ha,Yield
West Bengal,Bankura,2023,2023-24,5,Final Estimate,99999,Total,14,Other Pulses,Food Grains,['Pulses'],2,4006,99999,833.45,Tonnes,Production
West Bengal,Bankura,2022,2022-23,5,Final Estimate,99999,Total,4998,Total Pulses,Food Grains,['Pulses'],2,4998,99999,1281.0,Kg/Ha,Yield
West Bengal,Bankura,2022,2022-23,5,Final Estimate,99999,Total,4998,Total Pulses,Food Grains,['Pulses'],2,4998,99999,10012.0,Ha,Area
West Bengal,Bankura,2023,2023-24,5,Final Estimate,99999,Total,4998,Total Pulses,Food Grains,['Pulses'],2,4998,99999,7315.66,Tonnes,Production
West Bengal,Bankura,2022,2022-23,5,Final Estimate,99999,Total,4998,Total Pulses,Food Grains,['Pulses'],2,4998,99999,12822.0,Tonnes,Production
West Bengal,Bankura,2023,2023-24,5,Final Estimate,99999,Total,4998,Total Pulses,Food Grains,['Pulses'],2,4998,99999,1045.0,Kg/Ha,Yield
West Bengal,Bankura,2023,2023-24,5,Final Estimate,99999,Total,4998,Total Pulses,Food Grains,['Pulses'],2,4998,99999,7003.0,Ha,Area
West Bengal,Bankura,2022,2022-23,5,Final Estimate,1,Kharif,4999,Total Food Grains,Food Grains,"['Cereals', 'Pulses']",2,4999,1,59048.0,Tonnes,Production
West Bengal,Bankura,2023,2023-24,5,Final Estimate,1,Kharif,4999,Total Food Grains,Food Grains,"['Cereals', 'Pulses']",2,4999,1,803392.92,Tonnes,Production
West Bengal,Bankura,2022,2022-23,5,Final Estimate,1,Kharif,4999,Total Food Grains,Food Grains,"['Cereals', 'Pulses']",2,4999,1,18865.0,Ha,Area
West Bengal,Bankura,2023,2023-24,5,Final Estimate,1,Kharif,4999,Total Food Grains,Food Grains,"['Cereals', 'Pulses']",2,4999,1,2858.0,Kg/Ha,Yield
West Bengal,Bankura,2022,2022-23,5,Final Estimate,1,Kharif,4999,Total Food Grains,Food Grains,"['Cereals', 'Pulses']",2,4999,1,3130.0,Kg/Ha,Yield
West Bengal,Bankura,2023,2023-24,5,Final Estimate,1,Kharif,4999,Total Food Grains,Food Grains,"['Cereals', 'Pulses']",2,4999,1,281110.76,Ha,Area
West Bengal,Bankura,2023,2023-24,5,Final Estimate,2,Rabi,4999,Total Food Grains,Food Grains,"['Cereals', 'Pulses']",2,4999,2,1230.0,Kg/Ha,Yield
West Bengal,Bankura,2022,2022-23,5,Final Estimate,2,Rabi,4999,Total Food Grains,Food Grains,"['Cereals', 'Pulses']",2,4999,2,2744.0,Kg/Ha,Yield
West Bengal,Bankura,2022,2022-23,5,Final Estimate,2,Rabi,4999,Total Food Grains,Food Grains,"['Cereals', 'Pulses']",2,4999,2,287286.0,Ha,Area
West Bengal,Bankura,2022,2022-23,5,Final Estimate,2,Rabi,4999,Total Food Grains,Food Grains,"['Cereals', 'Pulses']",2,4999,2,788275.0,Tonnes,Production
West Bengal,Bankura,2023,2023-24,5,Final Estimate,2,Rabi,4999,Total Food Grains,Food Grains,"['Cereals', 'Pulses']",2,4999,2,8761.11,Tonnes,Production
West Bengal,Bankura,2023,2023-24,5,Final Estimate,2,Rabi,4999,Total Food Grains,Food Grains,"['Cereals', 'Pulses']",2,4999,2,7124.0,Ha,Area
West Bengal,Bankura,2023,2023-24,5,Final Estimate,3,Summer,4999,Total Food Grains,Food Grains,"['Cereals', 'Pulses']",2,4999,3,65614.85,Ha,Area
West Bengal,Bankura,2022,2022-23,5,Final Estimate,3,Summer,4999,Total Food Grains,Food Grains,"['Cereals', 'Pulses']",2,4999,3,3620.0,Kg/Ha,Yield
West Bengal,Bankura,2023,2023-24,5,Final Estimate,3,Summer,4999,Total Food Grains,Food Grains,"['Cereals', 'Pulses']",2,4999,3,3848.0,Kg/Ha,Yield
West Bengal,Bankura,2022,2022-23,5,Final Estimate,3,Summer,4999,Total Food Grains,Food Grains,"['Cereals', 'Pulses']",2,4999,3,220757.0,Tonnes,Production
West Bengal,Bankura,2022,2022-23,5,Final Estimate,3,Summer,4999,Total Food Grains,Food Grains,"['Cereals', 'Pulses']",2,4999,3,60987.0,Ha,Area
West Bengal,Bankura,2023,2023-24,5,Final Estimate,3,Summer,4999,Total Food Grains,Food Grains,"['Cereals', 'Pulses']",2,4999,3,252477.66,Tonnes,Production
West Bengal,Bankura,2022,2022-23,5,Final Estimate,99999,Total,4999,Total Food Grains,Food Grains,"['Cereals', 'Pulses']",2,4999,99999,2909.0,Kg/Ha,Yield
West Bengal,Bankura,2023,2023-24,5,Final Estimate,99999,Total,4999,Total Food Grains,Food Grains,"['Cereals', 'Pulses']",2,4999,99999,1064631.7,Tonnes,Production
West Bengal,Bankura,2023,2023-24,5,Final Estimate,99999,Total,4999,Total Food Grains,Food Grains,"['Cereals', 'Pulses']",2,4999,99999,353849.62,Ha,Area
West Bengal,Bankura,2023,2023-24,5,Final Estimate,99999,Total,4999,Total Food Grains,Food Grains,"['Cereals', 'Pulses']",2,4999,99999,3009.0,Kg/Ha,Yield
West Bengal,Bankura,2022,2022-23,5,Final Estimate,99999,Total,4999,Total Food Grains,Food Grains,"['Cereals', 'Pulses']",2,4999,99999,1068080.0,Tonnes,Production
West Bengal,Bankura,2022,2022-23,5,Final Estimate,99999,Total,4999,Total Food Grains,Food Grains,"['Cereals', 'Pulses']",2,4999,99999,367138.0,Ha,Area
West Bengal,Bankura,2023,2023-24,5,Final Estimate,1,Kharif,15,Groundnut,Oilseeds,['Oil Seeds'],3,1,1,1025.0,Kg/Ha,Yield
West Bengal,Bankura,2022,2022-23,5,Final Estimate,1,Kharif,15,Groundnut,Oilseeds,['Oil Seeds'],3,1,1,1023.0,Kg/Ha,Yield
West Bengal,Bankura,2022,2022-23,5,Final Estimate,1,Kharif,15,Groundnut,Oilseeds,['Oil Seeds'],3,1,1,677.0,Tonnes,Production
West Bengal,Bankura,2022,2022-23,5,Final Estimate,1,Kharif,15,Groundnut,Oilseeds,['Oil Seeds'],3,1,1,662.0,Ha,Area
West Bengal,Bankura,2023,2023-24,5,Final Estimate,1,Kharif,15,Groundnut,Oilseeds,['Oil Seeds'],3,1,1,1064.75,Tonnes,Production
West Bengal,Bankura,2023,2023-24,5,Final Estimate,1,Kharif,15,Groundnut,Oilseeds,['Oil Seeds'],3,1,1,1039.0,Ha,Area
West Bengal,Bankura,2023,2023-24,5,Final Estimate,2,Rabi,15,Groundnut,Oilseeds,['Oil Seeds'],3,1,2,193.77,Tonnes,Production
West Bengal,Bankura,2022,2022-23,5,Final Estimate,2,Rabi,15,Groundnut,Oilseeds,['Oil Seeds'],3,1,2,15.0,Ha,Area
West Bengal,Bankura,2022,2022-23,5,Final Estimate,2,Rabi,15,Groundnut,Oilseeds,['Oil Seeds'],3,1,2,23.0,Tonnes,Production
West Bengal,Bankura,2023,2023-24,5,Final Estimate,2,Rabi,15,Groundnut,Oilseeds,['Oil Seeds'],3,1,2,125.0,Ha,Area
West Bengal,Bankura,2023,2023-24,5,Final Estimate,2,Rabi,15,Groundnut,Oilseeds,['Oil Seeds'],3,1,2,1550.0,Kg/Ha,Yield
West Bengal,Bankura,2022,2022-23,5,Final Estimate,2,Rabi,15,Groundnut,Oilseeds,['Oil Seeds'],3,1,2,1533.0,Kg/Ha,Yield
West Bengal,Bankura,2022,2022-23,5,Final Estimate,3,Summer,15,Groundnut,Oilseeds,['Oil Seeds'],3,1,3,4826.0,Tonnes,Production
West Bengal,Bankura,2022,2022-23,5,Final Estimate,3,Summer,15,Groundnut,Oilseeds,['Oil Seeds'],3,1,3,2039.0,Ha,Area
West Bengal,Bankura,2022,2022-23,5,Final Estimate,3,Summer,15,Groundnut,Oilseeds,['Oil Seeds'],3,1,3,2367.0,Kg/Ha,Yield
West Bengal,Bankura,2023,2023-24,5,Final Estimate,3,Summer,15,Groundnut,Oilseeds,['Oil Seeds'],3,1,3,9906.18,Tonnes,Production
West Bengal,Bankura,2023,2023-24,5,Final Estimate,3,Summer,15,Groundnut,Oilseeds,['Oil Seeds'],3,1,3,3636.55,Ha,Area
West Bengal,Bankura,2023,2023-24,5,Final Estimate,3,Summer,15,Groundnut,Oilseeds,['Oil Seeds'],3,1,3,2724.0,Kg/Ha,Yield
West Bengal,Bankura,2023,2023-24,5,Final Estimate,99999,Total,15,Groundnut,Oilseeds,['Oil Seeds'],3,1,99999,11164.7,Tonnes,Production
West Bengal,Bankura,2022,2022-23,5,Final Estimate,99999,Total,15,Groundnut,Oilseeds,['Oil Seeds'],3,1,99999,2716.0,Ha,Area
West Bengal,Bankura,2022,2022-23,5,Final Estimate,99999,Total,15,Groundnut,Oilseeds,['Oil Seeds'],3,1,99999,5526.0,Tonnes,Production
West Bengal,Bankura,2022,2022-23,5,Final Estimate,99999,Total,15,Groundnut,Oilseeds,['Oil Seeds'],3,1,99999,2035.0,Kg/Ha,Yield
West Bengal,Bankura,2023,2023-24,5,Final Estimate,99999,Total,15,Groundnut,Oilseeds,['Oil Seeds'],3,1,99999,2326.0,Kg/Ha,Yield
West Bengal,Bankura,2023,2023-24,5,Final Estimate,99999,Total,15,Groundnut,Oilseeds,['Oil Seeds'],3,1,99999,4800.55,Ha,Area
West Bengal,Bankura,2022,2022-23,5,Final Estimate,1,Kharif,17,Sesamum,Oilseeds,['Oil Seeds'],3,3,1,2.0,Ha,Area
West Bengal,Bankura,2022,2022-23,5,Final Estimate,1,Kharif,17,Sesamum,Oilseeds,['Oil Seeds'],3,3,1,1.0,Tonnes,Production
West Bengal,Bankura,2022,2022-23,5,Final Estimate,1,Kharif,17,Sesamum,Oilseeds,['Oil Seeds'],3,3,1,500.0,Kg/Ha,Yield
West Bengal,Bankura,2022,2022-23,5,Final Estimate,2,Rabi,17,Sesamum,Oilseeds,['Oil Seeds'],3,3,2,2.0,Ha,Area
West Bengal,Bankura,2022,2022-23,5,Final Estimate,2,Rabi,17,Sesamum,Oilseeds,['Oil Seeds'],3,3,2,1.0,Tonnes,Production
West Bengal,Bankura,2022,2022-23,5,Final Estimate,2,Rabi,17,Sesamum,Oilseeds,['Oil Seeds'],3,3,2,500.0,Kg/Ha,Yield
West Bengal,Bankura,2022,2022-23,5,Final Estimate,3,Summer,17,Sesamum,Oilseeds,['Oil Seeds'],3,3,3,33427.0,Ha,Area
West Bengal,Bankura,2023,2023-24,5,Final Estimate,3,Summer,17,Sesamum,Oilseeds,['Oil Seeds'],3,3,3,993.0,Kg/Ha,Yield
West Bengal,Bankura,2023,2023-24,5,Final Estimate,3,Summer,17,Sesamum,Oilseeds,['Oil Seeds'],3,3,3,37111.37,Tonnes,Production
West Bengal,Bankura,2023,2023-24,5,Final Estimate,3,Summer,17,Sesamum,Oilseeds,['Oil Seeds'],3,3,3,37380.0,Ha,Area
West Bengal,Bankura,2022,2022-23,5,Final Estimate,3,Summer,17,Sesamum,Oilseeds,['Oil Seeds'],3,3,3,30834.0,Tonnes,Production
West Bengal,Bankura,2022,2022-23,5,Final Estimate,3,Summer,17,Sesamum,Oilseeds,['Oil Seeds'],3,3,3,922.0,Kg/Ha,Yield
West Bengal,Bankura,2022,2022-23,5,Final Estimate,99999,Total,17,Sesamum,Oilseeds,['Oil Seeds'],3,3,99999,30836.0,Tonnes,Production
West Bengal,Bankura,2023,2023-24,5,Final Estimate,99999,Total,17,Sesamum,Oilseeds,['Oil Seeds'],3,3,99999,993.0,Kg/Ha,Yield
West Bengal,Bankura,2023,2023-24,5,Final Estimate,99999,Total,17,Sesamum,Oilseeds,['Oil Seeds'],3,3,99999,37111.37,Tonnes,Production
West Bengal,Bankura,2023,2023-24,5,Final Estimate,99999,Total,17,Sesamum,Oilseeds,['Oil Seeds'],3,3,99999,37380.0,Ha,Area
West Bengal,Bankura,2022,2022-23,5,Final Estimate,99999,Total,17,Sesamum,Oilseeds,['Oil Seeds'],3,3,99999,33431.0,Ha,Area
West Bengal,Bankura,2022,2022-23,5,Final Estimate,99999,Total,17,Sesamum,Oilseeds,['Oil Seeds'],3,3,99999,922.0,Kg/Ha,Yield
West Bengal,Bankura,2022,2022-23,5,Final Estimate,1,Kharif,20,Sunflower,Oilseeds,['Oil Seeds'],3,6,1,941.0,Kg/Ha,Yield
West Bengal,Bankura,2022,2022-23,5,Final Estimate,1,Kharif,20,Sunflower,Oilseeds,['Oil Seeds'],3,6,1,68.0,Ha,Area
West Bengal,Bankura,2022,2022-23,5,Final Estimate,1,Kharif,20,Sunflower,Oilseeds,['Oil Seeds'],3,6,1,64.0,Tonnes,Production
West Bengal,Bankura,2023,2023-24,5,Final Estimate,3,Summer,20,Sunflower,Oilseeds,['Oil Seeds'],3,6,3,78.4,Tonnes,Production
West Bengal,Bankura,2023,2023-24,5,Final Estimate,3,Summer,20,Sunflower,Oilseeds,['Oil Seeds'],3,6,3,945.0,Kg/Ha,Yield
West Bengal,Bankura,2023,2023-24,5,Final Estimate,3,Summer,20,Sunflower,Oilseeds,['Oil Seeds'],3,6,3,83.0,Ha,Area
West Bengal,Bankura,2022,2022-23,5,Final Estimate,99999,Total,20,Sunflower,Oilseeds,['Oil Seeds'],3,6,99999,68.0,Ha,Area
West Bengal,Bankura,2022,2022-23,5,Final Estimate,99999,Total,20,Sunflower,Oilseeds,['Oil Seeds'],3,6,99999,64.0,Tonnes,Production
West Bengal,Bankura,2023,2023-24,5,Final Estimate,99999,Total,20,Sunflower,Oilseeds,['Oil Seeds'],3,6,99999,78.4,Tonnes,Production
West Bengal,Bankura,2023,2023-24,5,Final Estimate,99999,Total,20,Sunflower,Oilseeds,['Oil Seeds'],3,6,99999,83.0,Ha,Area
West Bengal,Bankura,2023,2023-24,5,Final Estimate,99999,Total,20,Sunflower,Oilseeds,['Oil Seeds'],3,6,99999,945.0,Kg/Ha,Yield
West Bengal,Bankura,2022,2022-23,5,Final Estimate,99999,Total,20,Sunflower,Oilseeds,['Oil Seeds'],3,6,99999,941.0,Kg/Ha,Yield
West Bengal,Bankura,2022,2022-23,5,Final Estimate,2,Rabi,21,Rapeseed & Mustard,Oilseeds,['Oil Seeds'],3,7,2,932.0,Kg/Ha,Yield
West Bengal,Bankura,2023,2023-24,5,Final Estimate,2,Rabi,21,Rapeseed & Mustard,Oilseeds,['Oil Seeds'],3,7,2,1065.0,Kg/Ha,Yield
West Bengal,Bankura,2023,2023-24,5,Final Estimate,2,Rabi,21,Rapeseed & Mustard,Oilseeds,['Oil Seeds'],3,7,2,24745.0,Ha,Area
West Bengal,Bankura,2023,2023-24,5,Final Estimate,2,Rabi,21,Rapeseed & Mustard,Oilseeds,['Oil Seeds'],3,7,2,26348.68,Tonnes,Production
West Bengal,Bankura,2022,2022-23,5,Final Estimate,2,Rabi,21,Rapeseed & Mustard,Oilseeds,['Oil Seeds'],3,7,2,23521.0,Ha,Area
West Bengal,Bankura,2022,2022-23,5,Final Estimate,2,Rabi,21,Rapeseed & Mustard,Oilseeds,['Oil Seeds'],3,7,2,21923.0,Tonnes,Production
West Bengal,Bankura,2022,2022-23,5,Final Estimate,99999,Total,21,Rapeseed & Mustard,Oilseeds,['Oil Seeds'],3,7,99999,932.0,Kg/Ha,Yield
West Bengal,Bankura,2023,2023-24,5,Final Estimate,99999,Total,21,Rapeseed & Mustard,Oilseeds,['Oil Seeds'],3,7,99999,26348.68,Tonnes,Production
West Bengal,Bankura,2023,2023-24,5,Final Estimate,99999,Total,21,Rapeseed & Mustard,Oilseeds,['Oil Seeds'],3,7,99999,24745.0,Ha,Area
West Bengal,Bankura,2023,2023-24,5,Final Estimate,99999,Total,21,Rapeseed & Mustard,Oilseeds,['Oil Seeds'],3,7,99999,1065.0,Kg/Ha,Yield
West Bengal,Bankura,2022,2022-23,5,Final Estimate,99999,Total,21,Rapeseed & Mustard,Oilseeds,['Oil Seeds'],3,7,99999,23521.0,Ha,Area
West Bengal,Bankura,2022,2022-23,5,Final Estimate,99999,Total,21,Rapeseed & Mustard,Oilseeds,['Oil Seeds'],3,7,99999,21923.0,Tonnes,Production
West Bengal,Bankura,2023,2023-24,5,Final Estimate,2,Rabi,22,Linseed,Oilseeds,['Oil Seeds'],3,8,2,15.0,Ha,Area
West Bengal,Bankura,2023,2023-24,5,Final Estimate,2,Rabi,22,Linseed,Oilseeds,['Oil Seeds'],3,8,2,547.0,Kg/Ha,Yield
West Bengal,Bankura,2022,2022-23,5,Final Estimate,2,Rabi,22,Linseed,Oilseeds,['Oil Seeds'],3,8,2,16.0,Ha,Area
West Bengal,Bankura,2022,2022-23,5,Final Estimate,2,Rabi,22,Linseed,Oilseeds,['Oil Seeds'],3,8,2,7.0,Tonnes,Production
West Bengal,Bankura,2023,2023-24,5,Final Estimate,2,Rabi,22,Linseed,Oilseeds,['Oil Seeds'],3,8,2,8.2,Tonnes,Production
West Bengal,Bankura,2022,2022-23,5,Final Estimate,2,Rabi,22,Linseed,Oilseeds,['Oil Seeds'],3,8,2,438.0,Kg/Ha,Yield
West Bengal,Bankura,2022,2022-23,5,Final Estimate,99999,Total,22,Linseed,Oilseeds,['Oil Seeds'],3,8,99999,16.0,Ha,Area
West Bengal,Bankura,2022,2022-23,5,Final Estimate,99999,Total,22,Linseed,Oilseeds,['Oil Seeds'],3,8,99999,7.0,Tonnes,Production
West Bengal,Bankura,2023,2023-24,5,Final Estimate,99999,Total,22,Linseed,Oilseeds,['Oil Seeds'],3,8,99999,8.2,Tonnes,Production
West Bengal,Bankura,2023,2023-24,5,Final Estimate,99999,Total,22,Linseed,Oilseeds,['Oil Seeds'],3,8,99999,547.0,Kg/Ha,Yield
West Bengal,Bankura,2023,2023-24,5,Final Estimate,99999,Total,22,Linseed,Oilseeds,['Oil Seeds'],3,8,99999,15.0,Ha,Area
West Bengal,Bankura,2022,2022-23,5,Final Estimate,99999,Total,22,Linseed,Oilseeds,['Oil Seeds'],3,8,99999,438.0,Kg/Ha,Yield
West Bengal,Bankura,2022,2022-23,5,Final Estimate,99999,Total,999,Total Oil Seeds,Oilseeds,['Oil Seeds'],3,999,99999,977.0,Kg/Ha,Yield
West Bengal,Bankura,2022,2022-23,5,Final Estimate,99999,Total,999,Total Oil Seeds,Oilseeds,['Oil Seeds'],3,999,99999,59752.0,Ha,Area
West Bengal,Bankura,2023,2023-24,5,Final Estimate,99999,Total,999,Total Oil Seeds,Oilseeds,['Oil Seeds'],3,999,99999,1115.0,Kg/Ha,Yield
West Bengal,Bankura,2023,2023-24,5,Final Estimate,99999,Total,999,Total Oil Seeds,Oilseeds,['Oil Seeds'],3,999,99999,67023.55,Ha,Area
West Bengal,Bankura,2023,2023-24,5,Final Estimate,99999,Total,999,Total Oil Seeds,Oilseeds,['Oil Seeds'],3,999,99999,74711.35,Tonnes,Production
West Bengal,Bankura,2022,2022-23,5,Final Estimate,99999,Total,999,Total Oil Seeds,Oilseeds,['Oil Seeds'],3,999,99999,58356.0,Tonnes,Production
West Bengal,Bankura,2022,2022-23,5,Final Estimate,1,Kharif,28,Sugarcane,Commercial Crops,['Commercial Crops'],4,1001,1,2655.0,Tonnes,Production
West Bengal,Bankura,2022,2022-23,5,Final Estimate,1,Kharif,28,Sugarcane,Commercial Crops,['Commercial Crops'],4,1001,1,37.0,Ha,Area
West Bengal,Bankura,2023,2023-24,5,Final Estimate,1,Kharif,28,Sugarcane,Commercial Crops,['Commercial Crops'],4,1001,1,85435.0,Kg/Ha,Yield
West Bengal,Bankura,2023,2023-24,5,Final Estimate,1,Kharif,28,Sugarcane,Commercial Crops,['Commercial Crops'],4,1001,1,6236.78,Tonnes,Production
West Bengal,Bankura,2023,2023-24,5,Final Estimate,1,Kharif,28,Sugarcane,Commercial Crops,['Commercial Crops'],4,1001,1,73.0,Ha,Area
West Bengal,Bankura,2022,2022-23,5,Final Estimate,1,Kharif,28,Sugarcane,Commercial Crops,['Commercial Crops'],4,1001,1,71757.0,Kg/Ha,Yield
West Bengal,Bankura,2023,2023-24,5,Final Estimate,99999,Total,28,Sugarcane,Commercial Crops,['Commercial Crops'],4,1001,99999,6236.78,Tonnes,Production
West Bengal,Bankura,2022,2022-23,5,Final Estimate,99999,Total,28,Sugarcane,Commercial Crops,['Commercial Crops'],4,1001,99999,37.0,Ha,Area
West Bengal,Bankura,2022,2022-23,5,Final Estimate,99999,Total,28,Sugarcane,Commercial Crops,['Commercial Crops'],4,1001,99999,2655.0,Tonnes,Production
West Bengal,Bankura,2022,2022-23,5,Final Estimate,99999,Total,28,Sugarcane,Commercial Crops,['Commercial Crops'],4,1001,99999,71757.0,Kg/Ha,Yield
West Bengal,Bankura,2023,2023-24,5,Final Estimate,99999,Total,28,Sugarcane,Commercial Crops,['Commercial Crops'],4,1001,99999,85435.0,Kg/Ha,Yield
West Bengal,Bankura,2023,2023-24,5,Final Estimate,99999,Total,28,Sugarcane,Commercial Crops,['Commercial Crops'],4,1001,99999,73.0,Ha,Area
West Bengal,Bankura,2022,2022-23,5,Final Estimate,1,Kharif,26,Jute,Commercial Crops,['Commercial Crops'],4,1003,1,3197.0,Kg/Ha,Yield
West Bengal,Bankura,2023,2023-24,5,Final Estimate,1,Kharif,26,Jute,Commercial Crops,['Commercial Crops'],4,1003,1,512.32,Tonnes,Production
West Bengal,Bankura,2023,2023-24,5,Final Estimate,1,Kharif,26,Jute,Commercial Crops,['Commercial Crops'],4,1003,1,2712.0,Kg/Ha,Yield
West Bengal,Bankura,2023,2023-24,5,Final Estimate,1,Kharif,26,Jute,Commercial Crops,['Commercial Crops'],4,1003,1,34.0,Ha,Area
West Bengal,Bankura,2022,2022-23,5,Final Estimate,1,Kharif,26,Jute,Commercial Crops,['Commercial Crops'],4,1003,1,25.0,Ha,Area
West Bengal,Bankura,2022,2022-23,5,Final Estimate,1,Kharif,26,Jute,Commercial Crops,['Commercial Crops'],4,1003,1,444.0,Tonnes,Production
West Bengal,Bankura,2023,2023-24,5,Final Estimate,99999,Total,26,Jute,Commercial Crops,['Commercial Crops'],4,1003,99999,34.0,Ha,Area
West Bengal,Bankura,2022,2022-23,5,Final Estimate,99999,Total,26,Jute,Commercial Crops,['Commercial Crops'],4,1003,99999,444.0,Tonnes,Production
West Bengal,Bankura,2022,2022-23,5,Final Estimate,99999,Total,26,Jute,Commercial Crops,['Commercial Crops'],4,1003,99999,3197.0,Kg/Ha,Yield
West Bengal,Bankura,2022,2022-23,5,Final Estimate,99999,Total,26,Jute,Commercial Crops,['Commercial Crops'],4,1003,99999,25.0,Ha,Area
West Bengal,Bankura,2023,2023-24,5,Final Estimate,99999,Total,26,Jute,Commercial Crops,['Commercial Crops'],4,1003,99999,2712.0,Kg/Ha,Yield
West Bengal,Bankura,2023,2023-24,5,Final Estimate,99999,Total,26,Jute,Commercial Crops,['Commercial Crops'],4,1003,99999,512.32,Tonnes,Production
West Bengal,Bankura,2023,2023-24,5,Final Estimate,1,Kharif,27,Mesta,Commercial Crops,['Commercial Crops'],4,1004,1,80.98,Tonnes,Production
West Bengal,Bankura,2022,2022-23,5,Final Estimate,1,Kharif,27,Mesta,Commercial Crops,['Commercial Crops'],4,1004,1,13.0,Ha,Area
West Bengal,Bankura,2022,2022-23,5,Final Estimate,1,Kharif,27,Mesta,Commercial Crops,['Commercial Crops'],4,1004,1,56.0,Tonnes,Production
West Bengal,Bankura,2022,2022-23,5,Final Estimate,1,Kharif,27,Mesta,Commercial Crops,['Commercial Crops'],4,1004,1,775.0,Kg/Ha,Yield
West Bengal,Bankura,2023,2023-24,5,Final Estimate,1,Kharif,27,Mesta,Commercial Crops,['Commercial Crops'],4,1004,1,857.0,Kg/Ha,Yield
West Bengal,Bankura,2023,2023-24,5,Final Estimate,1,Kharif,27,Mesta,Commercial Crops,['Commercial Crops'],4,1004,1,17.0,Ha,Area
West Bengal,Bankura,2022,2022-23,5,Final Estimate,99999,Total,27,Mesta,Commercial Crops,['Commercial Crops'],4,1004,99999,775.0,Kg/Ha,Yield
West Bengal,Bankura,2023,2023-24,5,Final Estimate,99999,Total,27,Mesta,Commercial Crops,['Commercial Crops'],4,1004,99999,857.0,Kg/Ha,Yield
West Bengal,Bankura,2023,2023-24,5,Final Estimate,99999,Total,27,Mesta,Commercial Crops,['Commercial Crops'],4,1004,99999,80.98,Tonnes,Production
West Bengal,Bankura,2023,2023-24,5,Final Estimate,99999,Total,27,Mesta,Commercial Crops,['Commercial Crops'],4,1004,99999,17.0,Ha,Area
West Bengal,Bankura,2022,2022-23,5,Final Estimate,99999,Total,27,Mesta,Commercial Crops,['Commercial Crops'],4,1004,99999,13.0,Ha,Area
West Bengal,Bankura,2022,2022-23,5,Final Estimate,99999,Total,27,Mesta,Commercial Crops,['Commercial Crops'],4,1004,99999,56.0,Tonnes,Production
West Bengal,Bankura,2022,2022-23,5,Final Estimate,1,Kharif,1999,Jute & Mesta,Commercial Crops,['Commercial Crops'],4,1999,1,2368.0,Kg/Ha,Yield
West Bengal,Bankura,2023,2023-24,5,Final Estimate,1,Kharif,1999,Jute & Mesta,Commercial Crops,['Commercial Crops'],4,1999,1,2094.0,Kg/Ha,Yield
West Bengal,Bankura,2023,2023-24,5,Final Estimate,1,Kharif,1999,Jute & Mesta,Commercial Crops,['Commercial Crops'],4,1999,1,593.3,Tonnes,Production
West Bengal,Bankura,2023,2023-24,5,Final Estimate,1,Kharif,1999,Jute & Mesta,Commercial Crops,['Commercial Crops'],4,1999,1,51.0,Ha,Area
West Bengal,Bankura,2022,2022-23,5,Final Estimate,1,Kharif,1999,Jute & Mesta,Commercial Crops,['Commercial Crops'],4,1999,1,38.0,Ha,Area
West Bengal,Bankura,2022,2022-23,5,Final Estimate,1,Kharif,1999,Jute & Mesta,Commercial Crops,['Commercial Crops'],4,1999,1,500.0,Tonnes,Production
West Bengal,Bankura,2022,2022-23,5,Final Estimate,99999,Total,1999,Jute & Mesta,Commercial Crops,['Commercial Crops'],4,1999,99999,2368.0,Kg/Ha,Yield
West Bengal,Bankura,2022,2022-23,5,Final Estimate,99999,Total,1999,Jute & Mesta,Commercial Crops,['Commercial Crops'],4,1999,99999,38.0,Ha,Area
West Bengal,Bankura,2023,2023-24,5,Final Estimate,99999,Total,1999,Jute & Mesta,Commercial Crops,['Commercial Crops'],4,1999,99999,593.3,Tonnes,Production
West Bengal,Bankura,2023,2023-24,5,Final Estimate,99999,Total,1999,Jute & Mesta,Commercial Crops,['Commercial Crops'],4,1999,99999,2094.0,Kg/Ha,Yield
West Bengal,Bankura,2023,2023-24,5,Final Estimate,99999,Total,1999,Jute & Mesta,Commercial Crops,['Commercial Crops'],4,1999,99999,51.0,Ha,Area
West Bengal,Bankura,2022,2022-23,5,Final Estimate,99999,Total,1999,Jute & Mesta,Commercial Crops,['Commercial Crops'],4,1999,99999,500.0,Tonnes,Production
West Bengal,Bankura,2023,2023-24,5,Final Estimate,1,Kharif,30,Sannhemp,Commercial Crops,['Commercial Crops'],4,5002,1,810.0,Kg/Ha,Yield
West Bengal,Bankura,2022,2022-23,5,Final Estimate,1,Kharif,30,Sannhemp,Commercial Crops,['Commercial Crops'],4,5002,1,4711.0,Kg/Ha,Yield
West Bengal,Bankura,2022,2022-23,5,Final Estimate,1,Kharif,30,Sannhemp,Commercial Crops,['Commercial Crops'],4,5002,1,994.44,Tonnes,Production
West Bengal,Bankura,2022,2022-23,5,Final Estimate,1,Kharif,30,Sannhemp,Commercial Crops,['Commercial Crops'],4,5002,1,38.0,Ha,Area
West Bengal,Bankura,2023,2023-24,5,Final Estimate,1,Kharif,30,Sannhemp,Commercial Crops,['Commercial Crops'],4,5002,1,26.0,Ha,Area
West Bengal,Bankura,2023,2023-24,5,Final Estimate,1,Kharif,30,Sannhemp,Commercial Crops,['Commercial Crops'],4,5002,1,117.02,Tonnes,Production
West Bengal,Bankura,2022,2022-23,5,Final Estimate,99999,Total,30,Sannhemp,Commercial Crops,['Commercial Crops'],4,5002,99999,994.44,Tonnes,Production
West Bengal,Bankura,2023,2023-24,5,Final Estimate,99999,Total,30,Sannhemp,Commercial Crops,['Commercial Crops'],4,5002,99999,26.0,Ha,Area
West Bengal,Bankura,2023,2023-24,5,Final Estimate,99999,Total,30,Sannhemp,Commercial Crops,['Commercial Crops'],4,5002,99999,117.02,Tonnes,Production
West Bengal,Bankura,2022,2022-23,5,Final Estimate,99999,Total,30,Sannhemp,Commercial Crops,['Commercial Crops'],4,5002,99999,38.0,Ha,Area
West Bengal,Bankura,2023,2023-24,5,Final Estimate,99999,Total,30,Sannhemp,Commercial Crops,['Commercial Crops'],4,5002,99999,810.0,Kg/Ha,Yield
West Bengal,Bankura,2022,2022-23,5,Final Estimate,99999,Total,30,Sannhemp,Commercial Crops,['Commercial Crops'],4,5002,99999,4711.0,Kg/Ha,Yield
West Bengal,Birbhum,2023,2023-24,5,Final Estimate,1,Kharif,1,Rice,Food Grains,['Cereals'],1,2001,1,259467.54,Ha,Area
West Bengal,Birbhum,2022,2022-23,5,Final Estimate,1,Kharif,1,Rice,Food Grains,['Cereals'],1,2001,1,9116.0,Tonnes,Production
West Bengal,Birbhum,2022,2022-23,5,Final Estimate,1,Kharif,1,Rice,Food Grains,['Cereals'],1,2001,1,3110.0,Ha,Area
West Bengal,Birbhum,2022,2022-23,5,Final Estimate,1,Kharif,1,Rice,Food Grains,['Cereals'],1,2001,1,2931.0,Kg/Ha,Yield
West Bengal,Birbhum,2023,2023-24,5,Final Estimate,1,Kharif,1,Rice,Food Grains,['Cereals'],1,2001,1,837359.44,Tonnes,Production
West Bengal,Birbhum,2023,2023-24,5,Final Estimate,1,Kharif,1,Rice,Food Grains,['Cereals'],1,2001,1,3227.0,Kg/Ha,Yield
West Bengal,Birbhum,2022,2022-23,5,Final Estimate,2,Rabi,1,Rice,Food Grains,['Cereals'],1,2001,2,544271.0,Tonnes,Production
West Bengal,Birbhum,2022,2022-23,5,Final Estimate,2,Rabi,1,Rice,Food Grains,['Cereals'],1,2001,2,3042.0,Kg/Ha,Yield
West Bengal,Birbhum,2022,2022-23,5,Final Estimate,2,Rabi,1,Rice,Food Grains,['Cereals'],1,2001,2,178930.0,Ha,Area
West Bengal,Birbhum,2022,2022-23,5,Final Estimate,3,Summer,1,Rice,Food Grains,['Cereals'],1,2001,3,315375.0,Tonnes,Production
West Bengal,Birbhum,2023,2023-24,5,Final Estimate,3,Summer,1,Rice,Food Grains,['Cereals'],1,2001,3,3631.0,Kg/Ha,Yield
West Bengal,Birbhum,2023,2023-24,5,Final Estimate,3,Summer,1,Rice,Food Grains,['Cereals'],1,2001,3,93519.15,Ha,Area
West Bengal,Birbhum,2023,2023-24,5,Final Estimate,3,Summer,1,Rice,Food Grains,['Cereals'],1,2001,3,339584.53,Tonnes,Production
West Bengal,Birbhum,2022,2022-23,5,Final Estimate,3,Summer,1,Rice,Food Grains,['Cereals'],1,2001,3,3618.0,Kg/Ha,Yield
West Bengal,Birbhum,2022,2022-23,5,Final Estimate,3,Summer,1,Rice,Food Grains,['Cereals'],1,2001,3,87169.0,Ha,Area
West Bengal,Birbhum,2022,2022-23,5,Final Estimate,99999,Total,1,Rice,Food Grains,['Cereals'],1,2001,99999,868762.0,Tonnes,Production
West Bengal,Birbhum,2022,2022-23,5,Final Estimate,99999,Total,1,Rice,Food Grains,['Cereals'],1,2001,99999,3227.0,Kg/Ha,Yield
West Bengal,Birbhum,2022,2022-23,5,Final Estimate,99999,Total,1,Rice,Food Grains,['Cereals'],1,2001,99999,269209.0,Ha,Area
West Bengal,Birbhum,2023,2023-24,5,Final Estimate,99999,Total,1,Rice,Food Grains,['Cereals'],1,2001,99999,3334.0,Kg/Ha,Yield
West Bengal,Birbhum,2023,2023-24,5,Final Estimate,99999,Total,1,Rice,Food Grains,['Cereals'],1,2001,99999,1176943.97,Tonnes,Production
West Bengal,Birbhum,2023,2023-24,5,Final Estimate,99999,Total,1,Rice,Food Grains,['Cereals'],1,2001,99999,352986.68,Ha,Area
West Bengal,Birbhum,2022,2022-23,5,Final Estimate,2,Rabi,2,Wheat,Food Grains,['Cereals'],1,2002,2,3044.0,Kg/Ha,Yield
West Bengal,Birbhum,2023,2023-24,5,Final Estimate,2,Rabi,2,Wheat,Food Grains,['Cereals'],1,2002,2,2990.0,Kg/Ha,Yield
West Bengal,Birbhum,2022,2022-23,5,Final Estimate,2,Rabi,2,Wheat,Food Grains,['Cereals'],1,2002,2,62583.0,Tonnes,Production
West Bengal,Birbhum,2023,2023-24,5,Final Estimate,2,Rabi,2,Wheat,Food Grains,['Cereals'],1,2002,2,58469.75,Tonnes,Production
West Bengal,Birbhum,2022,2022-23,5,Final Estimate,2,Rabi,2,Wheat,Food Grains,['Cereals'],1,2002,2,20557.0,Ha,Area
West Bengal,Birbhum,2023,2023-24,5,Final Estimate,2,Rabi,2,Wheat,Food Grains,['Cereals'],1,2002,2,19554.0,Ha,Area
West Bengal,Birbhum,2023,2023-24,5,Final Estimate,99999,Total,2,Wheat,Food Grains,['Cereals'],1,2002,99999,58469.75,Tonnes,Production
West Bengal,Birbhum,2022,2022-23,5,Final Estimate,99999,Total,2,Wheat,Food Grains,['Cereals'],1,2002,99999,3044.0,Kg/Ha,Yield
West Bengal,Birbhum,2022,2022-23,5,Final Estimate,99999,Total,2,Wheat,Food Grains,['Cereals'],1,2002,99999,62583.0,Tonnes,Production
West Bengal,Birbhum,2023,2023-24,5,Final Estimate,99999,Total,2,Wheat,Food Grains,['Cereals'],1,2002,99999,19554.0,Ha,Area
West Bengal,Birbhum,2022,2022-23,5,Final Estimate,99999,Total,2,Wheat,Food Grains,['Cereals'],1,2002,99999,20557.0,Ha,Area
West Bengal,Birbhum,2023,2023-24,5,Final Estimate,99999,Total,2,Wheat,Food Grains,['Cereals'],1,2002,99999,2990.0,Kg/Ha,Yield
West Bengal,Birbhum,2022,2022-23,5,Final Estimate,1,Kharif,5,Maize,Food Grains,['Cereals'],1,3001,1,309.0,Ha,Area
West Bengal,Birbhum,2022,2022-23,5,Final Estimate,1,Kharif,5,Maize,Food Grains,['Cereals'],1,3001,1,1150.0,Tonnes,Production
West Bengal,Birbhum,2022,2022-23,5,Final Estimate,1,Kharif,5,Maize,Food Grains,['Cereals'],1,3001,1,3722.0,Kg/Ha,Yield
West Bengal,Birbhum,2023,2023-24,5,Final Estimate,1,Kharif,5,Maize,Food Grains,['Cereals'],1,3001,1,4339.0,Kg/Ha,Yield
West Bengal,Birbhum,2023,2023-24,5,Final Estimate,1,Kharif,5,Maize,Food Grains,['Cereals'],1,3001,1,4025.72,Tonnes,Production
West Bengal,Birbhum,2023,2023-24,5,Final Estimate,1,Kharif,5,Maize,Food Grains,['Cereals'],1,3001,1,927.82,Ha,Area
West Bengal,Birbhum,2023,2023-24,5,Final Estimate,2,Rabi,5,Maize,Food Grains,['Cereals'],1,3001,2,907.0,Ha,Area
West Bengal,Birbhum,2022,2022-23,5,Final Estimate,2,Rabi,5,Maize,Food Grains,['Cereals'],1,3001,2,7460.0,Kg/Ha,Yield
West Bengal,Birbhum,2022,2022-23,5,Final Estimate,2,Rabi,5,Maize,Food Grains,['Cereals'],1,3001,2,6013.0,Tonnes,Production
West Bengal,Birbhum,2022,2022-23,5,Final Estimate,2,Rabi,5,Maize,Food Grains,['Cereals'],1,3001,2,806.0,Ha,Area
West Bengal,Birbhum,2023,2023-24,5,Final Estimate,2,Rabi,5,Maize,Food Grains,['Cereals'],1,3001,2,7270.0,Kg/Ha,Yield
West Bengal,Birbhum,2023,2023-24,5,Final Estimate,2,Rabi,5,Maize,Food Grains,['Cereals'],1,3001,2,6593.85,Tonnes,Production
West Bengal,Birbhum,2022,2022-23,5,Final Estimate,3,Summer,5,Maize,Food Grains,['Cereals'],1,3001,3,961.0,Ha,Area
West Bengal,Birbhum,2023,2023-24,5,Final Estimate,3,Summer,5,Maize,Food Grains,['Cereals'],1,3001,3,6496.79,Tonnes,Production
West Bengal,Birbhum,2023,2023-24,5,Final Estimate,3,Summer,5,Maize,Food Grains,['Cereals'],1,3001,3,902.71,Ha,Area
West Bengal,Birbhum,2023,2023-24,5,Final Estimate,3,Summer,5,Maize,Food Grains,['Cereals'],1,3001,3,7197.0,Kg/Ha,Yield
West Bengal,Birbhum,2022,2022-23,5,Final Estimate,3,Summer,5,Maize,Food Grains,['Cereals'],1,3001,3,6843.0,Kg/Ha,Yield
West Bengal,Birbhum,2022,2022-23,5,Final Estimate,3,Summer,5,Maize,Food Grains,['Cereals'],1,3001,3,6576.0,Tonnes,Production
West Bengal,Birbhum,2023,2023-24,5,Final Estimate,99999,Total,5,Maize,Food Grains,['Cereals'],1,3001,99999,17116.36,Tonnes,Production
West Bengal,Birbhum,2023,2023-24,5,Final Estimate,99999,Total,5,Maize,Food Grains,['Cereals'],1,3001,99999,6253.0,Kg/Ha,Yield
West Bengal,Birbhum,2023,2023-24,5,Final Estimate,99999,Total,5,Maize,Food Grains,['Cereals'],1,3001,99999,2737.52,Ha,Area
West Bengal,Birbhum,2022,2022-23,5,Final Estimate,99999,Total,5,Maize,Food Grains,['Cereals'],1,3001,99999,6618.0,Kg/Ha,Yield
West Bengal,Birbhum,2022,2022-23,5,Final Estimate,99999,Total,5,Maize,Food Grains,['Cereals'],1,3001,99999,2076.0,Ha,Area
West Bengal,Birbhum,2022,2022-23,5,Final Estimate,99999,Total,5,Maize,Food Grains,['Cereals'],1,3001,99999,13739.0,Tonnes,Production
West Bengal,Birbhum,2023,2023-24,5,Final Estimate,1,Kharif,6,Ragi,Food Grains,['Cereals'],1,3005,1,95.98,Tonnes,Production
West Bengal,Birbhum,2023,2023-24,5,Final Estimate,1,Kharif,6,Ragi,Food Grains,['Cereals'],1,3005,1,960.0,Kg/Ha,Yield
West Bengal,Birbhum,2023,2023-24,5,Final Estimate,1,Kharif,6,Ragi,Food Grains,['Cereals'],1,3005,1,100.0,Ha,Area
West Bengal,Birbhum,2023,2023-24,5,Final Estimate,99999,Total,6,Ragi,Food Grains,['Cereals'],1,3005,99999,100.0,Ha,Area
West Bengal,Birbhum,2023,2023-24,5,Final Estimate,99999,Total,6,Ragi,Food Grains,['Cereals'],1,3005,99999,960.0,Kg/Ha,Yield
West Bengal,Birbhum,2023,2023-24,5,Final Estimate,99999,Total,6,Ragi,Food Grains,['Cereals'],1,3005,99999,95.98,Tonnes,Production
West Bengal,Birbhum,2023,2023-24,5,Final Estimate,1,Kharif,3997,Shree Anna /Nutri Cereals,Food Grains,['Cereals'],1,3997,1,95.98,Tonnes,Production
West Bengal,Birbhum,2023,2023-24,5,Final Estimate,1,Kharif,3997,Shree Anna /Nutri Cereals,Food Grains,['Cereals'],1,3997,1,960.0,Kg/Ha,Yield
West Bengal,Birbhum,2023,2023-24,5,Final Estimate,1,Kharif,3997,Shree Anna /Nutri Cereals,Food Grains,['Cereals'],1,3997,1,100.0,Ha,Area
West Bengal,Birbhum,2023,2023-24,5,Final Estimate,99999,Total,3997,Shree Anna /Nutri Cereals,Food Grains,['Cereals'],1,3997,99999,960.0,Kg/Ha,Yield
West Bengal,Birbhum,2023,2023-24,5,Final Estimate,99999,Total,3997,Shree Anna /Nutri Cereals,Food Grains,['Cereals'],1,3997,99999,100.0,Ha,Area
West Bengal,Birbhum,2023,2023-24,5,Final Estimate,99999,Total,3997,Shree Anna /Nutri Cereals,Food Grains,['Cereals'],1,3997,99999,95.98,Tonnes,Production
West Bengal,Birbhum,2022,2022-23,5,Final Estimate,1,Kharif,3998,Nutri/Coarse Cereals,Food Grains,['Cereals'],1,3998,1,309.0,Ha,Area
West Bengal,Birbhum,2022,2022-23,5,Final Estimate,1,Kharif,3998,Nutri/Coarse Cereals,Food Grains,['Cereals'],1,3998,1,3722.0,Kg/Ha,Yield
West Bengal,Birbhum,2023,2023-24,5,Final Estimate,1,Kharif,3998,Nutri/Coarse Cereals,Food Grains,['Cereals'],1,3998,1,1027.82,Ha,Area
West Bengal,Birbhum,2022,2022-23,5,Final Estimate,1,Kharif,3998,Nutri/Coarse Cereals,Food Grains,['Cereals'],1,3998,1,1150.0,Tonnes,Production
West Bengal,Birbhum,2023,2023-24,5,Final Estimate,1,Kharif,3998,Nutri/Coarse Cereals,Food Grains,['Cereals'],1,3998,1,4010.0,Kg/Ha,Yield
West Bengal,Birbhum,2023,2023-24,5,Final Estimate,1,Kharif,3998,Nutri/Coarse Cereals,Food Grains,['Cereals'],1,3998,1,4121.71,Tonnes,Production
West Bengal,Birbhum,2022,2022-23,5,Final Estimate,2,Rabi,3998,Nutri/Coarse Cereals,Food Grains,['Cereals'],1,3998,2,6013.0,Tonnes,Production
West Bengal,Birbhum,2022,2022-23,5,Final Estimate,2,Rabi,3998,Nutri/Coarse Cereals,Food Grains,['Cereals'],1,3998,2,806.0,Ha,Area
West Bengal,Birbhum,2022,2022-23,5,Final Estimate,2,Rabi,3998,Nutri/Coarse Cereals,Food Grains,['Cereals'],1,3998,2,7460.0,Kg/Ha,Yield
West Bengal,Birbhum,2023,2023-24,5,Final Estimate,2,Rabi,3998,Nutri/Coarse Cereals,Food Grains,['Cereals'],1,3998,2,907.0,Ha,Area
West Bengal,Birbhum,2023,2023-24,5,Final Estimate,2,Rabi,3998,Nutri/Coarse Cereals,Food Grains,['Cereals'],1,3998,2,6593.85,Tonnes,Production
West Bengal,Birbhum,2023,2023-24,5,Final Estimate,2,Rabi,3998,Nutri/Coarse Cereals,Food Grains,['Cereals'],1,3998,2,7270.0,Kg/Ha,Yield
West Bengal,Birbhum,2023,2023-24,5,Final Estimate,3,Summer,3998,Nutri/Coarse Cereals,Food Grains,['Cereals'],1,3998,3,6496.79,Tonnes,Production
West Bengal,Birbhum,2022,2022-23,5,Final Estimate,3,Summer,3998,Nutri/Coarse Cereals,Food Grains,['Cereals'],1,3998,3,6843.0,Kg/Ha,Yield
West Bengal,Birbhum,2022,2022-23,5,Final Estimate,3,Summer,3998,Nutri/Coarse Cereals,Food Grains,['Cereals'],1,3998,3,6576.0,Tonnes,Production
West Bengal,Birbhum,2023,2023-24,5,Final Estimate,3,Summer,3998,Nutri/Coarse Cereals,Food Grains,['Cereals'],1,3998,3,902.71,Ha,Area
West Bengal,Birbhum,2022,2022-23,5,Final Estimate,3,Summer,3998,Nutri/Coarse Cereals,Food Grains,['Cereals'],1,3998,3,961.0,Ha,Area
West Bengal,Birbhum,2023,2023-24,5,Final Estimate,3,Summer,3998,Nutri/Coarse Cereals,Food Grains,['Cereals'],1,3998,3,7197.0,Kg/Ha,Yield
West Bengal,Birbhum,2023,2023-24,5,Final Estimate,99999,Total,3998,Nutri/Coarse Cereals,Food Grains,['Cereals'],1,3998,99999,2837.52,Ha,Area
West Bengal,Birbhum,2022,2022-23,5,Final Estimate,99999,Total,3998,Nutri/Coarse Cereals,Food Grains,['Cereals'],1,3998,99999,13739.0,Tonnes,Production
West Bengal,Birbhum,2022,2022-23,5,Final Estimate,99999,Total,3998,Nutri/Coarse Cereals,Food Grains,['Cereals'],1,3998,99999,6618.0,Kg/Ha,Yield
West Bengal,Birbhum,2022,2022-23,5,Final Estimate,99999,Total,3998,Nutri/Coarse Cereals,Food Grains,['Cereals'],1,3998,99999,2076.0,Ha,Area
West Bengal,Birbhum,2023,2023-24,5,Final Estimate,99999,Total,3998,Nutri/Coarse Cereals,Food Grains,['Cereals'],1,3998,99999,6066.0,Kg/Ha,Yield
West Bengal,Birbhum,2023,2023-24,5,Final Estimate,99999,Total,3998,Nutri/Coarse Cereals,Food Grains,['Cereals'],1,3998,99999,17212.35,Tonnes,Production
West Bengal,Birbhum,2022,2022-23,5,Final Estimate,1,Kharif,3999,Cereals,Food Grains,['Cereals'],1,3999,1,3003.0,Kg/Ha,Yield
West Bengal,Birbhum,2022,2022-23,5,Final Estimate,1,Kharif,3999,Cereals,Food Grains,['Cereals'],1,3999,1,3419.0,Ha,Area
West Bengal,Birbhum,2022,2022-23,5,Final Estimate,1,Kharif,3999,Cereals,Food Grains,['Cereals'],1,3999,1,10266.0,Tonnes,Production
West Bengal,Birbhum,2023,2023-24,5,Final Estimate,1,Kharif,3999,Cereals,Food Grains,['Cereals'],1,3999,1,3230.0,Kg/Ha,Yield
West Bengal,Birbhum,2023,2023-24,5,Final Estimate,1,Kharif,3999,Cereals,Food Grains,['Cereals'],1,3999,1,260495.35,Ha,Area
West Bengal,Birbhum,2023,2023-24,5,Final Estimate,1,Kharif,3999,Cereals,Food Grains,['Cereals'],1,3999,1,841481.15,Tonnes,Production
West Bengal,Birbhum,2022,2022-23,5,Final Estimate,2,Rabi,3999,Cereals,Food Grains,['Cereals'],1,3999,2,3060.0,Kg/Ha,Yield
West Bengal,Birbhum,2022,2022-23,5,Final Estimate,2,Rabi,3999,Cereals,Food Grains,['Cereals'],1,3999,2,612867.0,Tonnes,Production
West Bengal,Birbhum,2023,2023-24,5,Final Estimate,2,Rabi,3999,Cereals,Food Grains,['Cereals'],1,3999,2,3180.0,Kg/Ha,Yield
West Bengal,Birbhum,2023,2023-24,5,Final Estimate,2,Rabi,3999,Cereals,Food Grains,['Cereals'],1,3999,2,20461.0,Ha,Area
West Bengal,Birbhum,2023,2023-24,5,Final Estimate,2,Rabi,3999,Cereals,Food Grains,['Cereals'],1,3999,2,65063.6,Tonnes,Production
West Bengal,Birbhum,2022,2022-23,5,Final Estimate,2,Rabi,3999,Cereals,Food Grains,['Cereals'],1,3999,2,200293.0,Ha,Area
West Bengal,Birbhum,2022,2022-23,5,Final Estimate,3,Summer,3999,Cereals,Food Grains,['Cereals'],1,3999,3,321951.0,Tonnes,Production
West Bengal,Birbhum,2022,2022-23,5,Final Estimate,3,Summer,3999,Cereals,Food Grains,['Cereals'],1,3999,3,88130.0,Ha,Area
West Bengal,Birbhum,2023,2023-24,5,Final Estimate,3,Summer,3999,Cereals,Food Grains,['Cereals'],1,3999,3,3665.0,Kg/Ha,Yield
West Bengal,Birbhum,2023,2023-24,5,Final Estimate,3,Summer,3999,Cereals,Food Grains,['Cereals'],1,3999,3,94421.85,Ha,Area
West Bengal,Birbhum,2023,2023-24,5,Final Estimate,3,Summer,3999,Cereals,Food Grains,['Cereals'],1,3999,3,346081.32,Tonnes,Production
West Bengal,Birbhum,2022,2022-23,5,Final Estimate,3,Summer,3999,Cereals,Food Grains,['Cereals'],1,3999,3,3653.0,Kg/Ha,Yield
West Bengal,Birbhum,2023,2023-24,5,Final Estimate,99999,Total,3999,Cereals,Food Grains,['Cereals'],1,3999,99999,1252626.07,Tonnes,Production
West Bengal,Birbhum,2022,2022-23,5,Final Estimate,99999,Total,3999,Cereals,Food Grains,['Cereals'],1,3999,99999,3238.0,Kg/Ha,Yield
West Bengal,Birbhum,2022,2022-23,5,Final Estimate,99999,Total,3999,Cereals,Food Grains,['Cereals'],1,3999,99999,291842.0,Ha,Area
West Bengal,Birbhum,2022,2022-23,5,Final Estimate,99999,Total,3999,Cereals,Food Grains,['Cereals'],1,3999,99999,945084.0,Tonnes,Production
West Bengal,Birbhum,2023,2023-24,5,Final Estimate,99999,Total,3999,Cereals,Food Grains,['Cereals'],1,3999,99999,3337.0,Kg/Ha,Yield
West Bengal,Birbhum,2023,2023-24,5,Final Estimate,99999,Total,3999,Cereals,Food Grains,['Cereals'],1,3999,99999,375378.2,Ha,Area
West Bengal,Birbhum,2023,2023-24,5,Final Estimate,1,Kharif,9,Tur,Food Grains,['Pulses'],2,4001,1,1336.0,Kg/Ha,Yield
West Bengal,Birbhum,2023,2023-24,5,Final Estimate,1,Kharif,9,Tur,Food Grains,['Pulses'],2,4001,1,32.0,Ha,Area
West Bengal,Birbhum,2023,2023-24,5,Final Estimate,1,Kharif,9,Tur,Food Grains,['Pulses'],2,4001,1,42.77,Tonnes,Production
West Bengal,Birbhum,2022,2022-23,5,Final Estimate,2,Rabi,9,Tur,Food Grains,['Pulses'],2,4001,2,1576.0,Kg/Ha,Yield
West Bengal,Birbhum,2022,2022-23,5,Final Estimate,2,Rabi,9,Tur,Food Grains,['Pulses'],2,4001,2,703.0,Tonnes,Production
West Bengal,Birbhum,2022,2022-23,5,Final Estimate,2,Rabi,9,Tur,Food Grains,['Pulses'],2,4001,2,446.0,Ha,Area
West Bengal,Birbhum,2022,2022-23,5,Final Estimate,99999,Total,9,Tur,Food Grains,['Pulses'],2,4001,99999,703.0,Tonnes,Production
West Bengal,Birbhum,2023,2023-24,5,Final Estimate,99999,Total,9,Tur,Food Grains,['Pulses'],2,4001,99999,1336.0,Kg/Ha,Yield
West Bengal,Birbhum,2023,2023-24,5,Final Estimate,99999,Total,9,Tur,Food Grains,['Pulses'],2,4001,99999,32.0,Ha,Area
West Bengal,Birbhum,2023,2023-24,5,Final Estimate,99999,Total,9,Tur,Food Grains,['Pulses'],2,4001,99999,42.77,Tonnes,Production
West Bengal,Birbhum,2022,2022-23,5,Final Estimate,99999,Total,9,Tur,Food Grains,['Pulses'],2,4001,99999,446.0,Ha,Area
West Bengal,Birbhum,2022,2022-23,5,Final Estimate,99999,Total,9,Tur,Food Grains,['Pulses'],2,4001,99999,1576.0,Kg/Ha,Yield
West Bengal,Birbhum,2022,2022-23,5,Final Estimate,2,Rabi,10,Gram,Food Grains,['Pulses'],2,4002,2,16844.0,Tonnes,Production
West Bengal,Birbhum,2022,2022-23,5,Final Estimate,2,Rabi,10,Gram,Food Grains,['Pulses'],2,4002,2,1466.0,Kg/Ha,Yield
West Bengal,Birbhum,2022,2022-23,5,Final Estimate,2,Rabi,10,Gram,Food Grains,['Pulses'],2,4002,2,11492.0,Ha,Area
West Bengal,Birbhum,2023,2023-24,5,Final Estimate,2,Rabi,10,Gram,Food Grains,['Pulses'],2,4002,2,1464.0,Kg/Ha,Yield
West Bengal,Birbhum,2023,2023-24,5,Final Estimate,2,Rabi,10,Gram,Food Grains,['Pulses'],2,4002,2,11294.0,Ha,Area
West Bengal,Birbhum,2023,2023-24,5,Final Estimate,2,Rabi,10,Gram,Food Grains,['Pulses'],2,4002,2,16539.87,Tonnes,Production
West Bengal,Birbhum,2023,2023-24,5,Final Estimate,99999,Total,10,Gram,Food Grains,['Pulses'],2,4002,99999,1464.0,Kg/Ha,Yield
West Bengal,Birbhum,2022,2022-23,5,Final Estimate,99999,Total,10,Gram,Food Grains,['Pulses'],2,4002,99999,16844.0,Tonnes,Production
West Bengal,Birbhum,2022,2022-23,5,Final Estimate,99999,Total,10,Gram,Food Grains,['Pulses'],2,4002,99999,11492.0,Ha,Area
West Bengal,Birbhum,2022,2022-23,5,Final Estimate,99999,Total,10,Gram,Food Grains,['Pulses'],2,4002,99999,1466.0,Kg/Ha,Yield
West Bengal,Birbhum,2023,2023-24,5,Final Estimate,99999,Total,10,Gram,Food Grains,['Pulses'],2,4002,99999,16539.87,Tonnes,Production
West Bengal,Birbhum,2023,2023-24,5,Final Estimate,99999,Total,10,Gram,Food Grains,['Pulses'],2,4002,99999,11294.0,Ha,Area
West Bengal,Birbhum,2023,2023-24,5,Final Estimate,1,Kharif,11,Urad,Food Grains,['Pulses'],2,4003,1,217.39,Tonnes,Production
West Bengal,Birbhum,2022,2022-23,5,Final Estimate,1,Kharif,11,Urad,Food Grains,['Pulses'],2,4003,1,214.0,Ha,Area
West Bengal,Birbhum,2022,2022-23,5,Final Estimate,1,Kharif,11,Urad,Food Grains,['Pulses'],2,4003,1,156.0,Tonnes,Production
West Bengal,Birbhum,2023,2023-24,5,Final Estimate,1,Kharif,11,Urad,Food Grains,['Pulses'],2,4003,1,205.0,Ha,Area
West Bengal,Birbhum,2022,2022-23,5,Final Estimate,1,Kharif,11,Urad,Food Grains,['Pulses'],2,4003,1,729.0,Kg/Ha,Yield
West Bengal,Birbhum,2023,2023-24,5,Final Estimate,1,Kharif,11,Urad,Food Grains,['Pulses'],2,4003,1,1060.0,Kg/Ha,Yield
West Bengal,Birbhum,2022,2022-23,5,Final Estimate,2,Rabi,11,Urad,Food Grains,['Pulses'],2,4003,2,1320.0,Ha,Area
West Bengal,Birbhum,2023,2023-24,5,Final Estimate,2,Rabi,11,Urad,Food Grains,['Pulses'],2,4003,2,113.36,Tonnes,Production
West Bengal,Birbhum,2022,2022-23,5,Final Estimate,2,Rabi,11,Urad,Food Grains,['Pulses'],2,4003,2,911.0,Kg/Ha,Yield
West Bengal,Birbhum,2023,2023-24,5,Final Estimate,2,Rabi,11,Urad,Food Grains,['Pulses'],2,4003,2,907.0,Kg/Ha,Yield
West Bengal,Birbhum,2023,2023-24,5,Final Estimate,2,Rabi,11,Urad,Food Grains,['Pulses'],2,4003,2,125.0,Ha,Area
West Bengal,Birbhum,2022,2022-23,5,Final Estimate,2,Rabi,11,Urad,Food Grains,['Pulses'],2,4003,2,1203.0,Tonnes,Production
West Bengal,Birbhum,2022,2022-23,5,Final Estimate,99999,Total,11,Urad,Food Grains,['Pulses'],2,4003,99999,1534.0,Ha,Area
West Bengal,Birbhum,2022,2022-23,5,Final Estimate,99999,Total,11,Urad,Food Grains,['Pulses'],2,4003,99999,886.0,Kg/Ha,Yield
West Bengal,Birbhum,2022,2022-23,5,Final Estimate,99999,Total,11,Urad,Food Grains,['Pulses'],2,4003,99999,1359.0,Tonnes,Production
West Bengal,Birbhum,2023,2023-24,5,Final Estimate,99999,Total,11,Urad,Food Grains,['Pulses'],2,4003,99999,330.75,Tonnes,Production
West Bengal,Birbhum,2023,2023-24,5,Final Estimate,99999,Total,11,Urad,Food Grains,['Pulses'],2,4003,99999,330.0,Ha,Area
West Bengal,Birbhum,2023,2023-24,5,Final Estimate,99999,Total,11,Urad,Food Grains,['Pulses'],2,4003,99999,1002.0,Kg/Ha,Yield
West Bengal,Birbhum,2022,2022-23,5,Final Estimate,3,Summer,12,Moong,Food Grains,['Pulses'],2,4004,3,2325.0,Tonnes,Production
West Bengal,Birbhum,2023,2023-24,5,Final Estimate,3,Summer,12,Moong,Food Grains,['Pulses'],2,4004,3,2319.85,Tonnes,Production
West Bengal,Birbhum,2022,2022-23,5,Final Estimate,3,Summer,12,Moong,Food Grains,['Pulses'],2,4004,3,2028.0,Ha,Area
West Bengal,Birbhum,2022,2022-23,5,Final Estimate,3,Summer,12,Moong,Food Grains,['Pulses'],2,4004,3,1146.0,Kg/Ha,Yield
West Bengal,Birbhum,2023,2023-24,5,Final Estimate,3,Summer,12,Moong,Food Grains,['Pulses'],2,4004,3,1781.0,Ha,Area
West Bengal,Birbhum,2023,2023-24,5,Final Estimate,3,Summer,12,Moong,Food Grains,['Pulses'],2,4004,3,1303.0,Kg/Ha,Yield
West Bengal,Birbhum,2023,2023-24,5,Final Estimate,99999,Total,12,Moong,Food Grains,['Pulses'],2,4004,99999,2319.85,Tonnes,Production
West Bengal,Birbhum,2023,2023-24,5,Final Estimate,99999,Total,12,Moong,Food Grains,['Pulses'],2,4004,99999,1781.0,Ha,Area
West Bengal,Birbhum,2023,2023-24,5,Final Estimate,99999,Total,12,Moong,Food Grains,['Pulses'],2,4004,99999,1303.0,Kg/Ha,Yield
West Bengal,Birbhum,2022,2022-23,5,Final Estimate,99999,Total,12,Moong,Food Grains,['Pulses'],2,4004,99999,1146.0,Kg/Ha,Yield
West Bengal,Birbhum,2022,2022-23,5,Final Estimate,99999,Total,12,Moong,Food Grains,['Pulses'],2,4004,99999,2325.0,Tonnes,Production
West Bengal,Birbhum,2022,2022-23,5,Final Estimate,99999,Total,12,Moong,Food Grains,['Pulses'],2,4004,99999,2028.0,Ha,Area
West Bengal,Birbhum,2022,2022-23,5,Final Estimate,2,Rabi,13,Lentil,Food Grains,['Pulses'],2,4005,2,972.0,Kg/Ha,Yield
West Bengal,Birbhum,2023,2023-24,5,Final Estimate,2,Rabi,13,Lentil,Food Grains,['Pulses'],2,4005,2,21478.0,Ha,Area
West Bengal,Birbhum,2023,2023-24,5,Final Estimate,2,Rabi,13,Lentil,Food Grains,['Pulses'],2,4005,2,21207.67,Tonnes,Production
West Bengal,Birbhum,2023,2023-24,5,Final Estimate,2,Rabi,13,Lentil,Food Grains,['Pulses'],2,4005,2,987.0,Kg/Ha,Yield
West Bengal,Birbhum,2022,2022-23,5,Final Estimate,2,Rabi,13,Lentil,Food Grains,['Pulses'],2,4005,2,20388.0,Tonnes,Production
West Bengal,Birbhum,2022,2022-23,5,Final Estimate,2,Rabi,13,Lentil,Food Grains,['Pulses'],2,4005,2,20971.0,Ha,Area
West Bengal,Birbhum,2022,2022-23,5,Final Estimate,99999,Total,13,Lentil,Food Grains,['Pulses'],2,4005,99999,972.0,Kg/Ha,Yield
West Bengal,Birbhum,2023,2023-24,5,Final Estimate,99999,Total,13,Lentil,Food Grains,['Pulses'],2,4005,99999,21478.0,Ha,Area
West Bengal,Birbhum,2023,2023-24,5,Final Estimate,99999,Total,13,Lentil,Food Grains,['Pulses'],2,4005,99999,21207.67,Tonnes,Production
West Bengal,Birbhum,2023,2023-24,5,Final Estimate,99999,Total,13,Lentil,Food Grains,['Pulses'],2,4005,99999,987.0,Kg/Ha,Yield
West Bengal,Birbhum,2022,2022-23,5,Final Estimate,99999,Total,13,Lentil,Food Grains,['Pulses'],2,4005,99999,20971.0,Ha,Area
West Bengal,Birbhum,2022,2022-23,5,Final Estimate,99999,Total,13,Lentil,Food Grains,['Pulses'],2,4005,99999,20388.0,Tonnes,Production
West Bengal,Birbhum,2023,2023-24,5,Final Estimate,1,Kharif,14,Other Pulses,Food Grains,['Pulses'],2,4006,1,171.76,Tonnes,Production
West Bengal,Birbhum,2023,2023-24,5,Final Estimate,1,Kharif,14,Other Pulses,Food Grains,['Pulses'],2,4006,1,220.0,Ha,Area
West Bengal,Birbhum,2023,2023-24,5,Final Estimate,1,Kharif,14,Other Pulses,Food Grains,['Pulses'],2,4006,1,781.0,Kg/Ha,Yield
West Bengal,Birbhum,2022,2022-23,5,Final Estimate,2,Rabi,14,Other Pulses,Food Grains,['Pulses'],2,4006,2,1010.0,Kg/Ha,Yield
West Bengal,Birbhum,2023,2023-24,5,Final Estimate,2,Rabi,14,Other Pulses,Food Grains,['Pulses'],2,4006,2,5136.0,Ha,Area
West Bengal,Birbhum,2022,2022-23,5,Final Estimate,2,Rabi,14,Other Pulses,Food Grains,['Pulses'],2,4006,2,5598.0,Tonnes,Production
West Bengal,Birbhum,2023,2023-24,5,Final Estimate,2,Rabi,14,Other Pulses,Food Grains,['Pulses'],2,4006,2,1045.0,Kg/Ha,Yield
West Bengal,Birbhum,2023,2023-24,5,Final Estimate,2,Rabi,14,Other Pulses,Food Grains,['Pulses'],2,4006,2,5368.78,Tonnes,Production
West Bengal,Birbhum,2022,2022-23,5,Final Estimate,2,Rabi,14,Other Pulses,Food Grains,['Pulses'],2,4006,2,5545.0,Ha,Area
West Bengal,Birbhum,2022,2022-23,5,Final Estimate,99999,Total,14,Other Pulses,Food Grains,['Pulses'],2,4006,99999,1010.0,Kg/Ha,Yield
West Bengal,Birbhum,2022,2022-23,5,Final Estimate,99999,Total,14,Other Pulses,Food Grains,['Pulses'],2,4006,99999,5598.0,Tonnes,Production
West Bengal,Birbhum,2022,2022-23,5,Final Estimate,99999,Total,14,Other Pulses,Food Grains,['Pulses'],2,4006,99999,5545.0,Ha,Area
West Bengal,Birbhum,2023,2023-24,5,Final Estimate,99999,Total,14,Other Pulses,Food Grains,['Pulses'],2,4006,99999,1034.0,Kg/Ha,Yield
West Bengal,Birbhum,2023,2023-24,5,Final Estimate,99999,Total,14,Other Pulses,Food Grains,['Pulses'],2,4006,99999,5356.0,Ha,Area
West Bengal,Birbhum,2023,2023-24,5,Final Estimate,99999,Total,14,Other Pulses,Food Grains,['Pulses'],2,4006,99999,5540.54,Tonnes,Production
West Bengal,Birbhum,2022,2022-23,5,Final Estimate,99999,Total,4998,Total Pulses,Food Grains,['Pulses'],2,4998,99999,1124.0,Kg/Ha,Yield
West Bengal,Birbhum,2023,2023-24,5,Final Estimate,99999,Total,4998,Total Pulses,Food Grains,['Pulses'],2,4998,99999,45981.44,Tonnes,Production
West Bengal,Birbhum,2022,2022-23,5,Final Estimate,99999,Total,4998,Total Pulses,Food Grains,['Pulses'],2,4998,99999,42016.0,Ha,Area
West Bengal,Birbhum,2023,2023-24,5,Final Estimate,99999,Total,4998,Total Pulses,Food Grains,['Pulses'],2,4998,99999,40271.0,Ha,Area
West Bengal,Birbhum,2023,2023-24,5,Final Estimate,99999,Total,4998,Total Pulses,Food Grains,['Pulses'],2,4998,99999,1142.0,Kg/Ha,Yield
West Bengal,Birbhum,2022,2022-23,5,Final Estimate,99999,Total,4998,Total Pulses,Food Grains,['Pulses'],2,4998,99999,47217.0,Tonnes,Production
West Bengal,Birbhum,2022,2022-23,5,Final Estimate,1,Kharif,4999,Total Food Grains,Food Grains,"['Cereals', 'Pulses']",2,4999,1,2869.0,Kg/Ha,Yield
West Bengal,Birbhum,2023,2023-24,5,Final Estimate,1,Kharif,4999,Total Food Grains,Food Grains,"['Cereals', 'Pulses']",2,4999,1,841913.06,Tonnes,Production
West Bengal,Birbhum,2023,2023-24,5,Final Estimate,1,Kharif,4999,Total Food Grains,Food Grains,"['Cereals', 'Pulses']",2,4999,1,260952.35,Ha,Area
West Bengal,Birbhum,2023,2023-24,5,Final Estimate,1,Kharif,4999,Total Food Grains,Food Grains,"['Cereals', 'Pulses']",2,4999,1,3226.0,Kg/Ha,Yield
West Bengal,Birbhum,2022,2022-23,5,Final Estimate,1,Kharif,4999,Total Food Grains,Food Grains,"['Cereals', 'Pulses']",2,4999,1,10422.0,Tonnes,Production
West Bengal,Birbhum,2022,2022-23,5,Final Estimate,1,Kharif,4999,Total Food Grains,Food Grains,"['Cereals', 'Pulses']",2,4999,1,3633.0,Ha,Area
West Bengal,Birbhum,2023,2023-24,5,Final Estimate,2,Rabi,4999,Total Food Grains,Food Grains,"['Cereals', 'Pulses']",2,4999,2,108293.28,Tonnes,Production
West Bengal,Birbhum,2022,2022-23,5,Final Estimate,2,Rabi,4999,Total Food Grains,Food Grains,"['Cereals', 'Pulses']",2,4999,2,2739.0,Kg/Ha,Yield
West Bengal,Birbhum,2022,2022-23,5,Final Estimate,2,Rabi,4999,Total Food Grains,Food Grains,"['Cereals', 'Pulses']",2,4999,2,240067.0,Ha,Area
West Bengal,Birbhum,2022,2022-23,5,Final Estimate,2,Rabi,4999,Total Food Grains,Food Grains,"['Cereals', 'Pulses']",2,4999,2,657603.0,Tonnes,Production
West Bengal,Birbhum,2023,2023-24,5,Final Estimate,2,Rabi,4999,Total Food Grains,Food Grains,"['Cereals', 'Pulses']",2,4999,2,1851.0,Kg/Ha,Yield
West Bengal,Birbhum,2023,2023-24,5,Final Estimate,2,Rabi,4999,Total Food Grains,Food Grains,"['Cereals', 'Pulses']",2,4999,2,58494.0,Ha,Area
West Bengal,Birbhum,2022,2022-23,5,Final Estimate,3,Summer,4999,Total Food Grains,Food Grains,"['Cereals', 'Pulses']",2,4999,3,324276.0,Tonnes,Production
West Bengal,Birbhum,2023,2023-24,5,Final Estimate,3,Summer,4999,Total Food Grains,Food Grains,"['Cereals', 'Pulses']",2,4999,3,3622.0,Kg/Ha,Yield
West Bengal,Birbhum,2023,2023-24,5,Final Estimate,3,Summer,4999,Total Food Grains,Food Grains,"['Cereals', 'Pulses']",2,4999,3,96202.85,Ha,Area
West Bengal,Birbhum,2023,2023-24,5,Final Estimate,3,Summer,4999,Total Food Grains,Food Grains,"['Cereals', 'Pulses']",2,4999,3,348401.18,Tonnes,Production
West Bengal,Birbhum,2022,2022-23,5,Final Estimate,3,Summer,4999,Total Food Grains,Food Grains,"['Cereals', 'Pulses']",2,4999,3,3597.0,Kg/Ha,Yield
West Bengal,Birbhum,2022,2022-23,5,Final Estimate,3,Summer,4999,Total Food Grains,Food Grains,"['Cereals', 'Pulses']",2,4999,3,90158.0,Ha,Area
West Bengal,Birbhum,2023,2023-24,5,Final Estimate,99999,Total,4999,Total Food Grains,Food Grains,"['Cereals', 'Pulses']",2,4999,99999,415649.2,Ha,Area
West Bengal,Birbhum,2022,2022-23,5,Final Estimate,99999,Total,4999,Total Food Grains,Food Grains,"['Cereals', 'Pulses']",2,4999,99999,2972.0,Kg/Ha,Yield
West Bengal,Birbhum,2022,2022-23,5,Final Estimate,99999,Total,4999,Total Food Grains,Food Grains,"['Cereals', 'Pulses']",2,4999,99999,333858.0,Ha,Area
West Bengal,Birbhum,2022,2022-23,5,Final Estimate,99999,Total,4999,Total Food Grains,Food Grains,"['Cereals', 'Pulses']",2,4999,99999,992301.0,Tonnes,Production
West Bengal,Birbhum,2023,2023-24,5,Final Estimate,99999,Total,4999,Total Food Grains,Food Grains,"['Cereals', 'Pulses']",2,4999,99999,3124.0,Kg/Ha,Yield
West Bengal,Birbhum,2023,2023-24,5,Final Estimate,99999,Total,4999,Total Food Grains,Food Grains,"['Cereals', 'Pulses']",2,4999,99999,1298607.51,Tonnes,Production
West Bengal,Birbhum,2022,2022-23,5,Final Estimate,1,Kharif,15,Groundnut,Oilseeds,['Oil Seeds'],3,1,1,1510.0,Tonnes,Production
West Bengal,Birbhum,2023,2023-24,5,Final Estimate,1,Kharif,15,Groundnut,Oilseeds,['Oil Seeds'],3,1,1,615.0,Ha,Area
West Bengal,Birbhum,2023,2023-24,5,Final Estimate,1,Kharif,15,Groundnut,Oilseeds,['Oil Seeds'],3,1,1,1146.73,Tonnes,Production
West Bengal,Birbhum,2023,2023-24,5,Final Estimate,1,Kharif,15,Groundnut,Oilseeds,['Oil Seeds'],3,1,1,1865.0,Kg/Ha,Yield
West Bengal,Birbhum,2022,2022-23,5,Final Estimate,1,Kharif,15,Groundnut,Oilseeds,['Oil Seeds'],3,1,1,1830.0,Kg/Ha,Yield
West Bengal,Birbhum,2022,2022-23,5,Final Estimate,1,Kharif,15,Groundnut,Oilseeds,['Oil Seeds'],3,1,1,825.0,Ha,Area
West Bengal,Birbhum,2022,2022-23,5,Final Estimate,2,Rabi,15,Groundnut,Oilseeds,['Oil Seeds'],3,1,2,1193.0,Kg/Ha,Yield
West Bengal,Birbhum,2023,2023-24,5,Final Estimate,2,Rabi,15,Groundnut,Oilseeds,['Oil Seeds'],3,1,2,46.0,Ha,Area
West Bengal,Birbhum,2023,2023-24,5,Final Estimate,2,Rabi,15,Groundnut,Oilseeds,['Oil Seeds'],3,1,2,85.02,Tonnes,Production
West Bengal,Birbhum,2023,2023-24,5,Final Estimate,2,Rabi,15,Groundnut,Oilseeds,['Oil Seeds'],3,1,2,1848.0,Kg/Ha,Yield
West Bengal,Birbhum,2022,2022-23,5,Final Estimate,2,Rabi,15,Groundnut,Oilseeds,['Oil Seeds'],3,1,2,57.0,Ha,Area
West Bengal,Birbhum,2022,2022-23,5,Final Estimate,2,Rabi,15,Groundnut,Oilseeds,['Oil Seeds'],3,1,2,68.0,Tonnes,Production
West Bengal,Birbhum,2022,2022-23,5,Final Estimate,3,Summer,15,Groundnut,Oilseeds,['Oil Seeds'],3,1,3,234.0,Tonnes,Production
West Bengal,Birbhum,2023,2023-24,5,Final Estimate,3,Summer,15,Groundnut,Oilseeds,['Oil Seeds'],3,1,3,328.3,Tonnes,Production
West Bengal,Birbhum,2023,2023-24,5,Final Estimate,3,Summer,15,Groundnut,Oilseeds,['Oil Seeds'],3,1,3,2648.0,Kg/Ha,Yield
West Bengal,Birbhum,2022,2022-23,5,Final Estimate,3,Summer,15,Groundnut,Oilseeds,['Oil Seeds'],3,1,3,2412.0,Kg/Ha,Yield
West Bengal,Birbhum,2022,2022-23,5,Final Estimate,3,Summer,15,Groundnut,Oilseeds,['Oil Seeds'],3,1,3,97.0,Ha,Area
West Bengal,Birbhum,2023,2023-24,5,Final Estimate,3,Summer,15,Groundnut,Oilseeds,['Oil Seeds'],3,1,3,123.98,Ha,Area
West Bengal,Birbhum,2023,2023-24,5,Final Estimate,99999,Total,15,Groundnut,Oilseeds,['Oil Seeds'],3,1,99999,1987.0,Kg/Ha,Yield
West Bengal,Birbhum,2023,2023-24,5,Final Estimate,99999,Total,15,Groundnut,Oilseeds,['Oil Seeds'],3,1,99999,784.98,Ha,Area
West Bengal,Birbhum,2023,2023-24,5,Final Estimate,99999,Total,15,Groundnut,Oilseeds,['Oil Seeds'],3,1,99999,1560.05,Tonnes,Production
West Bengal,Birbhum,2022,2022-23,5,Final Estimate,99999,Total,15,Groundnut,Oilseeds,['Oil Seeds'],3,1,99999,1851.0,Kg/Ha,Yield
West Bengal,Birbhum,2022,2022-23,5,Final Estimate,99999,Total,15,Groundnut,Oilseeds,['Oil Seeds'],3,1,99999,1812.0,Tonnes,Production
West Bengal,Birbhum,2022,2022-23,5,Final Estimate,99999,Total,15,Groundnut,Oilseeds,['Oil Seeds'],3,1,99999,979.0,Ha,Area
West Bengal,Birbhum,2023,2023-24,5,Final Estimate,3,Summer,17,Sesamum,Oilseeds,['Oil Seeds'],3,3,3,907.0,Kg/Ha,Yield
West Bengal,Birbhum,2022,2022-23,5,Final Estimate,3,Summer,17,Sesamum,Oilseeds,['Oil Seeds'],3,3,3,937.0,Kg/Ha,Yield
West Bengal,Birbhum,2022,2022-23,5,Final Estimate,3,Summer,17,Sesamum,Oilseeds,['Oil Seeds'],3,3,3,5468.0,Tonnes,Production
West Bengal,Birbhum,2022,2022-23,5,Final Estimate,3,Summer,17,Sesamum,Oilseeds,['Oil Seeds'],3,3,3,5837.0,Ha,Area
West Bengal,Birbhum,2023,2023-24,5,Final Estimate,3,Summer,17,Sesamum,Oilseeds,['Oil Seeds'],3,3,3,6049.0,Ha,Area
West Bengal,Birbhum,2023,2023-24,5,Final Estimate,3,Summer,17,Sesamum,Oilseeds,['Oil Seeds'],3,3,3,5486.98,Tonnes,Production
West Bengal,Birbhum,2022,2022-23,5,Final Estimate,99999,Total,17,Sesamum,Oilseeds,['Oil Seeds'],3,3,99999,5468.0,Tonnes,Production
West Bengal,Birbhum,2022,2022-23,5,Final Estimate,99999,Total,17,Sesamum,Oilseeds,['Oil Seeds'],3,3,99999,937.0,Kg/Ha,Yield
West Bengal,Birbhum,2022,2022-23,5,Final Estimate,99999,Total,17,Sesamum,Oilseeds,['Oil Seeds'],3,3,99999,5837.0,Ha,Area
West Bengal,Birbhum,2023,2023-24,5,Final Estimate,99999,Total,17,Sesamum,Oilseeds,['Oil Seeds'],3,3,99999,907.0,Kg/Ha,Yield
West Bengal,Birbhum,2023,2023-24,5,Final Estimate,99999,Total,17,Sesamum,Oilseeds,['Oil Seeds'],3,3,99999,5486.98,Tonnes,Production
West Bengal,Birbhum,2023,2023-24,5,Final Estimate,99999,Total,17,Sesamum,Oilseeds,['Oil Seeds'],3,3,99999,6049.0,Ha,Area
West Bengal,Birbhum,2022,2022-23,5,Final Estimate,1,Kharif,19,Soybean,Oilseeds,['Oil Seeds'],3,5,1,1950.0,Kg/Ha,Yield
West Bengal,Birbhum,2022,2022-23,5,Final Estimate,1,Kharif,19,Soybean,Oilseeds,['Oil Seeds'],3,5,1,39.0,Tonnes,Production
West Bengal,Birbhum,2023,2023-24,5,Final Estimate,1,Kharif,19,Soybean,Oilseeds,['Oil Seeds'],3,5,1,3.98,Tonnes,Production
West Bengal,Birbhum,2023,2023-24,5,Final Estimate,1,Kharif,19,Soybean,Oilseeds,['Oil Seeds'],3,5,1,1990.0,Kg/Ha,Yield
West Bengal,Birbhum,2023,2023-24,5,Final Estimate,1,Kharif,19,Soybean,Oilseeds,['Oil Seeds'],3,5,1,2.0,Ha,Area
West Bengal,Birbhum,2022,2022-23,5,Final Estimate,1,Kharif,19,Soybean,Oilseeds,['Oil Seeds'],3,5,1,20.0,Ha,Area
West Bengal,Birbhum,2023,2023-24,5,Final Estimate,99999,Total,19,Soybean,Oilseeds,['Oil Seeds'],3,5,99999,2.0,Ha,Area
West Bengal,Birbhum,2023,2023-24,5,Final Estimate,99999,Total,19,Soybean,Oilseeds,['Oil Seeds'],3,5,99999,1990.0,Kg/Ha,Yield
West Bengal,Birbhum,2022,2022-23,5,Final Estimate,99999,Total,19,Soybean,Oilseeds,['Oil Seeds'],3,5,99999,20.0,Ha,Area
West Bengal,Birbhum,2022,2022-23,5,Final Estimate,99999,Total,19,Soybean,Oilseeds,['Oil Seeds'],3,5,99999,1950.0,Kg/Ha,Yield
West Bengal,Birbhum,2022,2022-23,5,Final Estimate,99999,Total,19,Soybean,Oilseeds,['Oil Seeds'],3,5,99999,39.0,Tonnes,Production
West Bengal,Birbhum,2023,2023-24,5,Final Estimate,99999,Total,19,Soybean,Oilseeds,['Oil Seeds'],3,5,99999,3.98,Tonnes,Production
West Bengal,Birbhum,2022,2022-23,5,Final Estimate,1,Kharif,20,Sunflower,Oilseeds,['Oil Seeds'],3,6,1,14.0,Ha,Area
West Bengal,Birbhum,2022,2022-23,5,Final Estimate,1,Kharif,20,Sunflower,Oilseeds,['Oil Seeds'],3,6,1,8.0,Tonnes,Production
West Bengal,Birbhum,2022,2022-23,5,Final Estimate,1,Kharif,20,Sunflower,Oilseeds,['Oil Seeds'],3,6,1,571.0,Kg/Ha,Yield
West Bengal,Birbhum,2023,2023-24,5,Final Estimate,3,Summer,20,Sunflower,Oilseeds,['Oil Seeds'],3,6,3,20.99,Tonnes,Production
West Bengal,Birbhum,2023,2023-24,5,Final Estimate,3,Summer,20,Sunflower,Oilseeds,['Oil Seeds'],3,6,3,20.0,Ha,Area
West Bengal,Birbhum,2023,2023-24,5,Final Estimate,3,Summer,20,Sunflower,Oilseeds,['Oil Seeds'],3,6,3,1049.0,Kg/Ha,Yield
West Bengal,Birbhum,2023,2023-24,5,Final Estimate,99999,Total,20,Sunflower,Oilseeds,['Oil Seeds'],3,6,99999,1049.0,Kg/Ha,Yield
West Bengal,Birbhum,2023,2023-24,5,Final Estimate,99999,Total,20,Sunflower,Oilseeds,['Oil Seeds'],3,6,99999,20.99,Tonnes,Production
West Bengal,Birbhum,2023,2023-24,5,Final Estimate,99999,Total,20,Sunflower,Oilseeds,['Oil Seeds'],3,6,99999,20.0,Ha,Area
West Bengal,Birbhum,2022,2022-23,5,Final Estimate,99999,Total,20,Sunflower,Oilseeds,['Oil Seeds'],3,6,99999,8.0,Tonnes,Production
West Bengal,Birbhum,2022,2022-23,5,Final Estimate,99999,Total,20,Sunflower,Oilseeds,['Oil Seeds'],3,6,99999,14.0,Ha,Area
West Bengal,Birbhum,2022,2022-23,5,Final Estimate,99999,Total,20,Sunflower,Oilseeds,['Oil Seeds'],3,6,99999,571.0,Kg/Ha,Yield
West Bengal,Birbhum,2022,2022-23,5,Final Estimate,2,Rabi,21,Rapeseed & Mustard,Oilseeds,['Oil Seeds'],3,7,2,47624.0,Tonnes,Production
West Bengal,Birbhum,2023,2023-24,5,Final Estimate,2,Rabi,21,Rapeseed & Mustard,Oilseeds,['Oil Seeds'],3,7,2,1146.0,Kg/Ha,Yield
West Bengal,Birbhum,2023,2023-24,5,Final Estimate,2,Rabi,21,Rapeseed & Mustard,Oilseeds,['Oil Seeds'],3,7,2,45065.0,Ha,Area
West Bengal,Birbhum,2022,2022-23,5,Final Estimate,2,Rabi,21,Rapeseed & Mustard,Oilseeds,['Oil Seeds'],3,7,2,1051.0,Kg/Ha,Yield
West Bengal,Birbhum,2023,2023-24,5,Final Estimate,2,Rabi,21,Rapeseed & Mustard,Oilseeds,['Oil Seeds'],3,7,2,51635.19,Tonnes,Production
West Bengal,Birbhum,2022,2022-23,5,Final Estimate,2,Rabi,21,Rapeseed & Mustard,Oilseeds,['Oil Seeds'],3,7,2,45319.0,Ha,Area
West Bengal,Birbhum,2022,2022-23,5,Final Estimate,99999,Total,21,Rapeseed & Mustard,Oilseeds,['Oil Seeds'],3,7,99999,47624.0,Tonnes,Production
West Bengal,Birbhum,2023,2023-24,5,Final Estimate,99999,Total,21,Rapeseed & Mustard,Oilseeds,['Oil Seeds'],3,7,99999,51635.19,Tonnes,Production
West Bengal,Birbhum,2023,2023-24,5,Final Estimate,99999,Total,21,Rapeseed & Mustard,Oilseeds,['Oil Seeds'],3,7,99999,45065.0,Ha,Area
West Bengal,Birbhum,2022,2022-23,5,Final Estimate,99999,Total,21,Rapeseed & Mustard,Oilseeds,['Oil Seeds'],3,7,99999,1051.0,Kg/Ha,Yield
West Bengal,Birbhum,2022,2022-23,5,Final Estimate,99999,Total,21,Rapeseed & Mustard,Oilseeds,['Oil Seeds'],3,7,99999,45319.0,Ha,Area
West Bengal,Birbhum,2023,2023-24,5,Final Estimate,99999,Total,21,Rapeseed & Mustard,Oilseeds,['Oil Seeds'],3,7,99999,1146.0,Kg/Ha,Yield
West Bengal,Birbhum,2022,2022-23,5,Final Estimate,2,Rabi,22,Linseed,Oilseeds,['Oil Seeds'],3,8,2,333.0,Kg/Ha,Yield
West Bengal,Birbhum,2022,2022-23,5,Final Estimate,2,Rabi,22,Linseed,Oilseeds,['Oil Seeds'],3,8,2,411.0,Ha,Area
West Bengal,Birbhum,2023,2023-24,5,Final Estimate,2,Rabi,22,Linseed,Oilseeds,['Oil Seeds'],3,8,2,565.0,Kg/Ha,Yield
West Bengal,Birbhum,2023,2023-24,5,Final Estimate,2,Rabi,22,Linseed,Oilseeds,['Oil Seeds'],3,8,2,356.0,Ha,Area
West Bengal,Birbhum,2023,2023-24,5,Final Estimate,2,Rabi,22,Linseed,Oilseeds,['Oil Seeds'],3,8,2,201.07,Tonnes,Production
West Bengal,Birbhum,2022,2022-23,5,Final Estimate,2,Rabi,22,Linseed,Oilseeds,['Oil Seeds'],3,8,2,137.0,Tonnes,Production
West Bengal,Birbhum,2022,2022-23,5,Final Estimate,99999,Total,22,Linseed,Oilseeds,['Oil Seeds'],3,8,99999,411.0,Ha,Area
West Bengal,Birbhum,2022,2022-23,5,Final Estimate,99999,Total,22,Linseed,Oilseeds,['Oil Seeds'],3,8,99999,137.0,Tonnes,Production
West Bengal,Birbhum,2022,2022-23,5,Final Estimate,99999,Total,22,Linseed,Oilseeds,['Oil Seeds'],3,8,99999,333.0,Kg/Ha,Yield
West Bengal,Birbhum,2023,2023-24,5,Final Estimate,99999,Total,22,Linseed,Oilseeds,['Oil Seeds'],3,8,99999,565.0,Kg/Ha,Yield
West Bengal,Birbhum,2023,2023-24,5,Final Estimate,99999,Total,22,Linseed,Oilseeds,['Oil Seeds'],3,8,99999,201.07,Tonnes,Production
West Bengal,Birbhum,2023,2023-24,5,Final Estimate,99999,Total,22,Linseed,Oilseeds,['Oil Seeds'],3,8,99999,356.0,Ha,Area
West Bengal,Birbhum,2022,2022-23,5,Final Estimate,2,Rabi,23,Safflower,Oilseeds,['Oil Seeds'],3,9,2,600.0,Kg/Ha,Yield
West Bengal,Birbhum,2022,2022-23,5,Final Estimate,2,Rabi,23,Safflower,Oilseeds,['Oil Seeds'],3,9,2,10.0,Ha,Area
West Bengal,Birbhum,2022,2022-23,5,Final Estimate,2,Rabi,23,Safflower,Oilseeds,['Oil Seeds'],3,9,2,6.0,Tonnes,Production
West Bengal,Birbhum,2023,2023-24,5,Final Estimate,2,Rabi,23,Safflower,Oilseeds,['Oil Seeds'],3,9,2,10.0,Ha,Area
West Bengal,Birbhum,2023,2023-24,5,Final Estimate,2,Rabi,23,Safflower,Oilseeds,['Oil Seeds'],3,9,2,350.0,Kg/Ha,Yield
West Bengal,Birbhum,2023,2023-24,5,Final Estimate,2,Rabi,23,Safflower,Oilseeds,['Oil Seeds'],3,9,2,3.5,Tonnes,Production
West Bengal,Birbhum,2023,2023-24,5,Final Estimate,99999,Total,23,Safflower,Oilseeds,['Oil Seeds'],3,9,99999,350.0,Kg/Ha,Yield
West Bengal,Birbhum,2023,2023-24,5,Final Estimate,99999,Total,23,Safflower,Oilseeds,['Oil Seeds'],3,9,99999,3.5,Tonnes,Production
West Bengal,Birbhum,2022,2022-23,5,Final Estimate,99999,Total,23,Safflower,Oilseeds,['Oil Seeds'],3,9,99999,600.0,Kg/Ha,Yield
West Bengal,Birbhum,2022,2022-23,5,Final Estimate,99999,Total,23,Safflower,Oilseeds,['Oil Seeds'],3,9,99999,10.0,Ha,Area
West Bengal,Birbhum,2022,2022-23,5,Final Estimate,99999,Total,23,Safflower,Oilseeds,['Oil Seeds'],3,9,99999,6.0,Tonnes,Production
West Bengal,Birbhum,2023,2023-24,5,Final Estimate,99999,Total,23,Safflower,Oilseeds,['Oil Seeds'],3,9,99999,10.0,Ha,Area
West Bengal,Birbhum,2022,2022-23,5,Final Estimate,99999,Total,999,Total Oil Seeds,Oilseeds,['Oil Seeds'],3,999,99999,52590.0,Ha,Area
West Bengal,Birbhum,2022,2022-23,5,Final Estimate,99999,Total,999,Total Oil Seeds,Oilseeds,['Oil Seeds'],3,999,99999,55094.0,Tonnes,Production
West Bengal,Birbhum,2023,2023-24,5,Final Estimate,99999,Total,999,Total Oil Seeds,Oilseeds,['Oil Seeds'],3,999,99999,1127.0,Kg/Ha,Yield
West Bengal,Birbhum,2023,2023-24,5,Final Estimate,99999,Total,999,Total Oil Seeds,Oilseeds,['Oil Seeds'],3,999,99999,52286.98,Ha,Area
West Bengal,Birbhum,2022,2022-23,5,Final Estimate,99999,Total,999,Total Oil Seeds,Oilseeds,['Oil Seeds'],3,999,99999,1048.0,Kg/Ha,Yield
West Bengal,Birbhum,2023,2023-24,5,Final Estimate,99999,Total,999,Total Oil Seeds,Oilseeds,['Oil Seeds'],3,999,99999,58911.76,Tonnes,Production
West Bengal,Birbhum,2023,2023-24,5,Final Estimate,1,Kharif,28,Sugarcane,Commercial Crops,['Commercial Crops'],4,1001,1,72055.56,Tonnes,Production
West Bengal,Birbhum,2022,2022-23,5,Final Estimate,1,Kharif,28,Sugarcane,Commercial Crops,['Commercial Crops'],4,1001,1,75410.0,Tonnes,Production
West Bengal,Birbhum,2022,2022-23,5,Final Estimate,1,Kharif,28,Sugarcane,Commercial Crops,['Commercial Crops'],4,1001,1,84163.0,Kg/Ha,Yield
West Bengal,Birbhum,2022,2022-23,5,Final Estimate,1,Kharif,28,Sugarcane,Commercial Crops,['Commercial Crops'],4,1001,1,896.0,Ha,Area
West Bengal,Birbhum,2023,2023-24,5,Final Estimate,1,Kharif,28,Sugarcane,Commercial Crops,['Commercial Crops'],4,1001,1,88303.0,Kg/Ha,Yield
West Bengal,Birbhum,2023,2023-24,5,Final Estimate,1,Kharif,28,Sugarcane,Commercial Crops,['Commercial Crops'],4,1001,1,816.0,Ha,Area
West Bengal,Birbhum,2023,2023-24,5,Final Estimate,99999,Total,28,Sugarcane,Commercial Crops,['Commercial Crops'],4,1001,99999,72055.56,Tonnes,Production
West Bengal,Birbhum,2022,2022-23,5,Final Estimate,99999,Total,28,Sugarcane,Commercial Crops,['Commercial Crops'],4,1001,99999,84163.0,Kg/Ha,Yield
West Bengal,Birbhum,2022,2022-23,5,Final Estimate,99999,Total,28,Sugarcane,Commercial Crops,['Commercial Crops'],4,1001,99999,896.0,Ha,Area
West Bengal,Birbhum,2022,2022-23,5,Final Estimate,99999,Total,28,Sugarcane,Commercial Crops,['Commercial Crops'],4,1001,99999,75410.0,Tonnes,Production
West Bengal,Birbhum,2023,2023-24,5,Final Estimate,99999,Total,28,Sugarcane,Commercial Crops,['Commercial Crops'],4,1001,99999,88303.0,Kg/Ha,Yield
West Bengal,Birbhum,2023,2023-24,5,Final Estimate,99999,Total,28,Sugarcane,Commercial Crops,['Commercial Crops'],4,1001,99999,816.0,Ha,Area
West Bengal,Birbhum,2023,2023-24,5,Final Estimate,1,Kharif,26,Jute,Commercial Crops,['Commercial Crops'],4,1003,1,1935.51,Tonnes,Production
West Bengal,Birbhum,2022,2022-23,5,Final Estimate,1,Kharif,26,Jute,Commercial Crops,['Commercial Crops'],4,1003,1,3121.0,Tonnes,Production
West Bengal,Birbhum,2022,2022-23,5,Final Estimate,1,Kharif,26,Jute,Commercial Crops,['Commercial Crops'],4,1003,1,3796.0,Kg/Ha,Yield
West Bengal,Birbhum,2022,2022-23,5,Final Estimate,1,Kharif,26,Jute,Commercial Crops,['Commercial Crops'],4,1003,1,148.0,Ha,Area
West Bengal,Birbhum,2023,2023-24,5,Final Estimate,1,Kharif,26,Jute,Commercial Crops,['Commercial Crops'],4,1003,1,4005.0,Kg/Ha,Yield
West Bengal,Birbhum,2023,2023-24,5,Final Estimate,1,Kharif,26,Jute,Commercial Crops,['Commercial Crops'],4,1003,1,87.0,Ha,Area
West Bengal,Birbhum,2022,2022-23,5,Final Estimate,99999,Total,26,Jute,Commercial Crops,['Commercial Crops'],4,1003,99999,3796.0,Kg/Ha,Yield
West Bengal,Birbhum,2022,2022-23,5,Final Estimate,99999,Total,26,Jute,Commercial Crops,['Commercial Crops'],4,1003,99999,148.0,Ha,Area
West Bengal,Birbhum,2023,2023-24,5,Final Estimate,99999,Total,26,Jute,Commercial Crops,['Commercial Crops'],4,1003,99999,4005.0,Kg/Ha,Yield
West Bengal,Birbhum,2023,2023-24,5,Final Estimate,99999,Total,26,Jute,Commercial Crops,['Commercial Crops'],4,1003,99999,1935.51,Tonnes,Production
West Bengal,Birbhum,2022,2022-23,5,Final Estimate,99999,Total,26,Jute,Commercial Crops,['Commercial Crops'],4,1003,99999,3121.0,Tonnes,Production
West Bengal,Birbhum,2023,2023-24,5,Final Estimate,99999,Total,26,Jute,Commercial Crops,['Commercial Crops'],4,1003,99999,87.0,Ha,Area
West Bengal,Birbhum,2022,2022-23,5,Final Estimate,1,Kharif,27,Mesta,Commercial Crops,['Commercial Crops'],4,1004,1,15.0,Ha,Area
West Bengal,Birbhum,2022,2022-23,5,Final Estimate,1,Kharif,27,Mesta,Commercial Crops,['Commercial Crops'],4,1004,1,2556.0,Kg/Ha,Yield
West Bengal,Birbhum,2023,2023-24,5,Final Estimate,1,Kharif,27,Mesta,Commercial Crops,['Commercial Crops'],4,1004,1,22.0,Ha,Area
West Bengal,Birbhum,2023,2023-24,5,Final Estimate,1,Kharif,27,Mesta,Commercial Crops,['Commercial Crops'],4,1004,1,315.31,Tonnes,Production
West Bengal,Birbhum,2023,2023-24,5,Final Estimate,1,Kharif,27,Mesta,Commercial Crops,['Commercial Crops'],4,1004,1,2580.0,Kg/Ha,Yield
West Bengal,Birbhum,2022,2022-23,5,Final Estimate,1,Kharif,27,Mesta,Commercial Crops,['Commercial Crops'],4,1004,1,213.0,Tonnes,Production
West Bengal,Birbhum,2023,2023-24,5,Final Estimate,99999,Total,27,Mesta,Commercial Crops,['Commercial Crops'],4,1004,99999,22.0,Ha,Area
West Bengal,Birbhum,2022,2022-23,5,Final Estimate,99999,Total,27,Mesta,Commercial Crops,['Commercial Crops'],4,1004,99999,15.0,Ha,Area
West Bengal,Birbhum,2022,2022-23,5,Final Estimate,99999,Total,27,Mesta,Commercial Crops,['Commercial Crops'],4,1004,99999,213.0,Tonnes,Production
West Bengal,Birbhum,2022,2022-23,5,Final Estimate,99999,Total,27,Mesta,Commercial Crops,['Commercial Crops'],4,1004,99999,2556.0,Kg/Ha,Yield
West Bengal,Birbhum,2023,2023-24,5,Final Estimate,99999,Total,27,Mesta,Commercial Crops,['Commercial Crops'],4,1004,99999,2580.0,Kg/Ha,Yield
West Bengal,Birbhum,2023,2023-24,5,Final Estimate,99999,Total,27,Mesta,Commercial Crops,['Commercial Crops'],4,1004,99999,315.31,Tonnes,Production
West Bengal,Birbhum,2022,2022-23,5,Final Estimate,1,Kharif,1999,Jute & Mesta,Commercial Crops,['Commercial Crops'],4,1999,1,3334.0,Tonnes,Production
West Bengal,Birbhum,2022,2022-23,5,Final Estimate,1,Kharif,1999,Jute & Mesta,Commercial Crops,['Commercial Crops'],4,1999,1,163.0,Ha,Area
West Bengal,Birbhum,2023,2023-24,5,Final Estimate,1,Kharif,1999,Jute & Mesta,Commercial Crops,['Commercial Crops'],4,1999,1,2250.82,Tonnes,Production
West Bengal,Birbhum,2023,2023-24,5,Final Estimate,1,Kharif,1999,Jute & Mesta,Commercial Crops,['Commercial Crops'],4,1999,1,3717.0,Kg/Ha,Yield
West Bengal,Birbhum,2022,2022-23,5,Final Estimate,1,Kharif,1999,Jute & Mesta,Commercial Crops,['Commercial Crops'],4,1999,1,3682.0,Kg/Ha,Yield
West Bengal,Birbhum,2023,2023-24,5,Final Estimate,1,Kharif,1999,Jute & Mesta,Commercial Crops,['Commercial Crops'],4,1999,1,109.0,Ha,Area
West Bengal,Birbhum,2023,2023-24,5,Final Estimate,99999,Total,1999,Jute & Mesta,Commercial Crops,['Commercial Crops'],4,1999,99999,3717.0,Kg/Ha,Yield
West Bengal,Birbhum,2023,2023-24,5,Final Estimate,99999,Total,1999,Jute & Mesta,Commercial Crops,['Commercial Crops'],4,1999,99999,2250.82,Tonnes,Production
West Bengal,Birbhum,2023,2023-24,5,Final Estimate,99999,Total,1999,Jute & Mesta,Commercial Crops,['Commercial Crops'],4,1999,99999,109.0,Ha,Area
West Bengal,Birbhum,2022,2022-23,5,Final Estimate,99999,Total,1999,Jute & Mesta,Commercial Crops,['Commercial Crops'],4,1999,99999,3682.0,Kg/Ha,Yield
West Bengal,Birbhum,2022,2022-23,5,Final Estimate,99999,Total,1999,Jute & Mesta,Commercial Crops,['Commercial Crops'],4,1999,99999,3334.0,Tonnes,Production
West Bengal,Birbhum,2022,2022-23,5,Final Estimate,99999,Total,1999,Jute & Mesta,Commercial Crops,['Commercial Crops'],4,1999,99999,163.0,Ha,Area
West Bengal,Birbhum,2023,2023-24,5,Final Estimate,1,Kharif,30,Sannhemp,Commercial Crops,['Commercial Crops'],4,5002,1,612.0,Kg/Ha,Yield
West Bengal,Birbhum,2023,2023-24,5,Final Estimate,1,Kharif,30,Sannhemp,Commercial Crops,['Commercial Crops'],4,5002,1,95.22,Tonnes,Production
West Bengal,Birbhum,2022,2022-23,5,Final Estimate,1,Kharif,30,Sannhemp,Commercial Crops,['Commercial Crops'],4,5002,1,3500.0,Kg/Ha,Yield
West Bengal,Birbhum,2022,2022-23,5,Final Estimate,1,Kharif,30,Sannhemp,Commercial Crops,['Commercial Crops'],4,5002,1,583.33,Tonnes,Production
West Bengal,Birbhum,2022,2022-23,5,Final Estimate,1,Kharif,30,Sannhemp,Commercial Crops,['Commercial Crops'],4,5002,1,30.0,Ha,Area
West Bengal,Birbhum,2023,2023-24,5,Final Estimate,1,Kharif,30,Sannhemp,Commercial Crops,['Commercial Crops'],4,5002,1,28.0,Ha,Area
West Bengal,Birbhum,2023,2023-24,5,Final Estimate,99999,Total,30,Sannhemp,Commercial Crops,['Commercial Crops'],4,5002,99999,95.22,Tonnes,Production
West Bengal,Birbhum,2023,2023-24,5,Final Estimate,99999,Total,30,Sannhemp,Commercial Crops,['Commercial Crops'],4,5002,99999,612.0,Kg/Ha,Yield
West Bengal,Birbhum,2023,2023-24,5,Final Estimate,99999,Total,30,Sannhemp,Commercial Crops,['Commercial Crops'],4,5002,99999,28.0,Ha,Area
West Bengal,Birbhum,2022,2022-23,5,Final Estimate,99999,Total,30,Sannhemp,Commercial Crops,['Commercial Crops'],4,5002,99999,583.33,Tonnes,Production
West Bengal,Birbhum,2022,2022-23,5,Final Estimate,99999,Total,30,Sannhemp,Commercial Crops,['Commercial Crops'],4,5002,99999,3500.0,Kg/Ha,Yield
West Bengal,Birbhum,2022,2022-23,5,Final Estimate,99999,Total,30,Sannhemp,Commercial Crops,['Commercial Crops'],4,5002,99999,30.0,Ha,Area
West Bengal,Cooch Behar,2023,2023-24,5,Final Estimate,1,Kharif,1,Rice,Food Grains,['Cereals'],1,2001,1,231216.4,Ha,Area
West Bengal,Cooch Behar,2023,2023-24,5,Final Estimate,1,Kharif,1,Rice,Food Grains,['Cereals'],1,2001,1,621051.26,Tonnes,Production
West Bengal,Cooch Behar,2022,2022-23,5,Final Estimate,1,Kharif,1,Rice,Food Grains,['Cereals'],1,2001,1,11203.0,Ha,Area
West Bengal,Cooch Behar,2022,2022-23,5,Final Estimate,1,Kharif,1,Rice,Food Grains,['Cereals'],1,2001,1,2702.0,Kg/Ha,Yield
West Bengal,Cooch Behar,2023,2023-24,5,Final Estimate,1,Kharif,1,Rice,Food Grains,['Cereals'],1,2001,1,2686.0,Kg/Ha,Yield
West Bengal,Cooch Behar,2022,2022-23,5,Final Estimate,1,Kharif,1,Rice,Food Grains,['Cereals'],1,2001,1,30272.0,Tonnes,Production
West Bengal,Cooch Behar,2022,2022-23,5,Final Estimate,2,Rabi,1,Rice,Food Grains,['Cereals'],1,2001,2,3051.0,Kg/Ha,Yield
West Bengal,Cooch Behar,2022,2022-23,5,Final Estimate,2,Rabi,1,Rice,Food Grains,['Cereals'],1,2001,2,215644.0,Ha,Area
West Bengal,Cooch Behar,2022,2022-23,5,Final Estimate,2,Rabi,1,Rice,Food Grains,['Cereals'],1,2001,2,658027.0,Tonnes,Production
West Bengal,Cooch Behar,2022,2022-23,5,Final Estimate,3,Summer,1,Rice,Food Grains,['Cereals'],1,2001,3,38831.0,Ha,Area
West Bengal,Cooch Behar,2022,2022-23,5,Final Estimate,3,Summer,1,Rice,Food Grains,['Cereals'],1,2001,3,136335.0,Tonnes,Production
West Bengal,Cooch Behar,2023,2023-24,5,Final Estimate,3,Summer,1,Rice,Food Grains,['Cereals'],1,2001,3,3663.0,Kg/Ha,Yield
West Bengal,Cooch Behar,2023,2023-24,5,Final Estimate,3,Summer,1,Rice,Food Grains,['Cereals'],1,2001,3,36041.69,Ha,Area
West Bengal,Cooch Behar,2023,2023-24,5,Final Estimate,3,Summer,1,Rice,Food Grains,['Cereals'],1,2001,3,132017.99,Tonnes,Production
West Bengal,Cooch Behar,2022,2022-23,5,Final Estimate,3,Summer,1,Rice,Food Grains,['Cereals'],1,2001,3,3511.0,Kg/Ha,Yield
West Bengal,Cooch Behar,2022,2022-23,5,Final Estimate,99999,Total,1,Rice,Food Grains,['Cereals'],1,2001,99999,3104.0,Kg/Ha,Yield
West Bengal,Cooch Behar,2022,2022-23,5,Final Estimate,99999,Total,1,Rice,Food Grains,['Cereals'],1,2001,99999,265678.0,Ha,Area
West Bengal,Cooch Behar,2023,2023-24,5,Final Estimate,99999,Total,1,Rice,Food Grains,['Cereals'],1,2001,99999,2818.0,Kg/Ha,Yield
West Bengal,Cooch Behar,2023,2023-24,5,Final Estimate,99999,Total,1,Rice,Food Grains,['Cereals'],1,2001,99999,267258.08,Ha,Area
West Bengal,Cooch Behar,2022,2022-23,5,Final Estimate,99999,Total,1,Rice,Food Grains,['Cereals'],1,2001,99999,824634.0,Tonnes,Production
West Bengal,Cooch Behar,2023,2023-24,5,Final Estimate,99999,Total,1,Rice,Food Grains,['Cereals'],1,2001,99999,753069.25,Tonnes,Production
West Bengal,Cooch Behar,2022,2022-23,5,Final Estimate,2,Rabi,2,Wheat,Food Grains,['Cereals'],1,2002,2,5404.0,Ha,Area
West Bengal,Cooch Behar,2023,2023-24,5,Final Estimate,2,Rabi,2,Wheat,Food Grains,['Cereals'],1,2002,2,13001.92,Tonnes,Production
West Bengal,Cooch Behar,2023,2023-24,5,Final Estimate,2,Rabi,2,Wheat,Food Grains,['Cereals'],1,2002,2,4113.0,Ha,Area
West Bengal,Cooch Behar,2023,2023-24,5,Final Estimate,2,Rabi,2,Wheat,Food Grains,['Cereals'],1,2002,2,3161.0,Kg/Ha,Yield
West Bengal,Cooch Behar,2022,2022-23,5,Final Estimate,2,Rabi,2,Wheat,Food Grains,['Cereals'],1,2002,2,16387.0,Tonnes,Production
West Bengal,Cooch Behar,2022,2022-23,5,Final Estimate,2,Rabi,2,Wheat,Food Grains,['Cereals'],1,2002,2,3032.0,Kg/Ha,Yield
West Bengal,Cooch Behar,2022,2022-23,5,Final Estimate,99999,Total,2,Wheat,Food Grains,['Cereals'],1,2002,99999,5404.0,Ha,Area
West Bengal,Cooch Behar,2022,2022-23,5,Final Estimate,99999,Total,2,Wheat,Food Grains,['Cereals'],1,2002,99999,16387.0,Tonnes,Production
West Bengal,Cooch Behar,2023,2023-24,5,Final Estimate,99999,Total,2,Wheat,Food Grains,['Cereals'],1,2002,99999,3161.0,Kg/Ha,Yield
West Bengal,Cooch Behar,2023,2023-24,5,Final Estimate,99999,Total,2,Wheat,Food Grains,['Cereals'],1,2002,99999,4113.0,Ha,Area
West Bengal,Cooch Behar,2023,2023-24,5,Final Estimate,99999,Total,2,Wheat,Food Grains,['Cereals'],1,2002,99999,13001.92,Tonnes,Production
West Bengal,Cooch Behar,2022,2022-23,5,Final Estimate,99999,Total,2,Wheat,Food Grains,['Cereals'],1,2002,99999,3032.0,Kg/Ha,Yield
West Bengal,Cooch Behar,2022,2022-23,5,Final Estimate,1,Kharif,5,Maize,Food Grains,['Cereals'],1,3001,1,9486.0,Tonnes,Production
West Bengal,Cooch Behar,2023,2023-24,5,Final Estimate,1,Kharif,5,Maize,Food Grains,['Cereals'],1,3001,1,9752.09,Tonnes,Production
West Bengal,Cooch Behar,2023,2023-24,5,Final Estimate,1,Kharif,5,Maize,Food Grains,['Cereals'],1,3001,1,3196.0,Kg/Ha,Yield
West Bengal,Cooch Behar,2023,2023-24,5,Final Estimate,1,Kharif,5,Maize,Food Grains,['Cereals'],1,3001,1,3051.39,Ha,Area
West Bengal,Cooch Behar,2022,2022-23,5,Final Estimate,1,Kharif,5,Maize,Food Grains,['Cereals'],1,3001,1,2976.0,Ha,Area
West Bengal,Cooch Behar,2022,2022-23,5,Final Estimate,1,Kharif,5,Maize,Food Grains,['Cereals'],1,3001,1,3188.0,Kg/Ha,Yield
West Bengal,Cooch Behar,2023,2023-24,5,Final Estimate,2,Rabi,5,Maize,Food Grains,['Cereals'],1,3001,2,5158.0,Kg/Ha,Yield
West Bengal,Cooch Behar,2023,2023-24,5,Final Estimate,2,Rabi,5,Maize,Food Grains,['Cereals'],1,3001,2,45454.0,Ha,Area
West Bengal,Cooch Behar,2023,2023-24,5,Final Estimate,2,Rabi,5,Maize,Food Grains,['Cereals'],1,3001,2,234447.53,Tonnes,Production
West Bengal,Cooch Behar,2022,2022-23,5,Final Estimate,2,Rabi,5,Maize,Food Grains,['Cereals'],1,3001,2,98272.0,Tonnes,Production
West Bengal,Cooch Behar,2022,2022-23,5,Final Estimate,2,Rabi,5,Maize,Food Grains,['Cereals'],1,3001,2,38357.0,Ha,Area
West Bengal,Cooch Behar,2022,2022-23,5,Final Estimate,2,Rabi,5,Maize,Food Grains,['Cereals'],1,3001,2,2562.0,Kg/Ha,Yield
West Bengal,Cooch Behar,2023,2023-24,5,Final Estimate,3,Summer,5,Maize,Food Grains,['Cereals'],1,3001,3,8843.0,Kg/Ha,Yield
West Bengal,Cooch Behar,2023,2023-24,5,Final Estimate,3,Summer,5,Maize,Food Grains,['Cereals'],1,3001,3,6362.29,Ha,Area
West Bengal,Cooch Behar,2022,2022-23,5,Final Estimate,3,Summer,5,Maize,Food Grains,['Cereals'],1,3001,3,70504.0,Tonnes,Production
West Bengal,Cooch Behar,2022,2022-23,5,Final Estimate,3,Summer,5,Maize,Food Grains,['Cereals'],1,3001,3,9287.0,Kg/Ha,Yield
West Bengal,Cooch Behar,2023,2023-24,5,Final Estimate,3,Summer,5,Maize,Food Grains,['Cereals'],1,3001,3,56261.18,Tonnes,Production
West Bengal,Cooch Behar,2022,2022-23,5,Final Estimate,3,Summer,5,Maize,Food Grains,['Cereals'],1,3001,3,7592.0,Ha,Area
West Bengal,Cooch Behar,2022,2022-23,5,Final Estimate,99999,Total,5,Maize,Food Grains,['Cereals'],1,3001,99999,178262.0,Tonnes,Production
West Bengal,Cooch Behar,2023,2023-24,5,Final Estimate,99999,Total,5,Maize,Food Grains,['Cereals'],1,3001,99999,300460.8,Tonnes,Production
West Bengal,Cooch Behar,2023,2023-24,5,Final Estimate,99999,Total,5,Maize,Food Grains,['Cereals'],1,3001,99999,54867.68,Ha,Area
West Bengal,Cooch Behar,2023,2023-24,5,Final Estimate,99999,Total,5,Maize,Food Grains,['Cereals'],1,3001,99999,5476.0,Kg/Ha,Yield
West Bengal,Cooch Behar,2022,2022-23,5,Final Estimate,99999,Total,5,Maize,Food Grains,['Cereals'],1,3001,99999,48925.0,Ha,Area
West Bengal,Cooch Behar,2022,2022-23,5,Final Estimate,99999,Total,5,Maize,Food Grains,['Cereals'],1,3001,99999,3644.0,Kg/Ha,Yield
West Bengal,Cooch Behar,2022,2022-23,5,Final Estimate,1,Kharif,8,Small Millets,Food Grains,['Cereals'],1,3006,1,75.0,Tonnes,Production
West Bengal,Cooch Behar,2023,2023-24,5,Final Estimate,1,Kharif,8,Small Millets,Food Grains,['Cereals'],1,3006,1,1109.0,Kg/Ha,Yield
West Bengal,Cooch Behar,2023,2023-24,5,Final Estimate,1,Kharif,8,Small Millets,Food Grains,['Cereals'],1,3006,1,68.0,Ha,Area
West Bengal,Cooch Behar,2023,2023-24,5,Final Estimate,1,Kharif,8,Small Millets,Food Grains,['Cereals'],1,3006,1,75.43,Tonnes,Production
West Bengal,Cooch Behar,2022,2022-23,5,Final Estimate,1,Kharif,8,Small Millets,Food Grains,['Cereals'],1,3006,1,1103.0,Kg/Ha,Yield
West Bengal,Cooch Behar,2022,2022-23,5,Final Estimate,1,Kharif,8,Small Millets,Food Grains,['Cereals'],1,3006,1,68.0,Ha,Area
West Bengal,Cooch Behar,2023,2023-24,5,Final Estimate,99999,Total,8,Small Millets,Food Grains,['Cereals'],1,3006,99999,68.0,Ha,Area
West Bengal,Cooch Behar,2023,2023-24,5,Final Estimate,99999,Total,8,Small Millets,Food Grains,['Cereals'],1,3006,99999,75.43,Tonnes,Production
West Bengal,Cooch Behar,2023,2023-24,5,Final Estimate,99999,Total,8,Small Millets,Food Grains,['Cereals'],1,3006,99999,1109.0,Kg/Ha,Yield
West Bengal,Cooch Behar,2022,2022-23,5,Final Estimate,99999,Total,8,Small Millets,Food Grains,['Cereals'],1,3006,99999,1103.0,Kg/Ha,Yield
West Bengal,Cooch Behar,2022,2022-23,5,Final Estimate,99999,Total,8,Small Millets,Food Grains,['Cereals'],1,3006,99999,75.0,Tonnes,Production
West Bengal,Cooch Behar,2022,2022-23,5,Final Estimate,99999,Total,8,Small Millets,Food Grains,['Cereals'],1,3006,99999,68.0,Ha,Area
West Bengal,Cooch Behar,2023,2023-24,5,Final Estimate,1,Kharif,3997,Shree Anna /Nutri Cereals,Food Grains,['Cereals'],1,3997,1,68.0,Ha,Area
West Bengal,Cooch Behar,2023,2023-24,5,Final Estimate,1,Kharif,3997,Shree Anna /Nutri Cereals,Food Grains,['Cereals'],1,3997,1,1109.0,Kg/Ha,Yield
West Bengal,Cooch Behar,2022,2022-23,5,Final Estimate,1,Kharif,3997,Shree Anna /Nutri Cereals,Food Grains,['Cereals'],1,3997,1,68.0,Ha,Area
West Bengal,Cooch Behar,2022,2022-23,5,Final Estimate,1,Kharif,3997,Shree Anna /Nutri Cereals,Food Grains,['Cereals'],1,3997,1,75.0,Tonnes,Production
West Bengal,Cooch Behar,2022,2022-23,5,Final Estimate,1,Kharif,3997,Shree Anna /Nutri Cereals,Food Grains,['Cereals'],1,3997,1,1103.0,Kg/Ha,Yield
West Bengal,Cooch Behar,2023,2023-24,5,Final Estimate,1,Kharif,3997,Shree Anna /Nutri Cereals,Food Grains,['Cereals'],1,3997,1,75.43,Tonnes,Production
West Bengal,Cooch Behar,2023,2023-24,5,Final Estimate,99999,Total,3997,Shree Anna /Nutri Cereals,Food Grains,['Cereals'],1,3997,99999,68.0,Ha,Area
West Bengal,Cooch Behar,2022,2022-23,5,Final Estimate,99999,Total,3997,Shree Anna /Nutri Cereals,Food Grains,['Cereals'],1,3997,99999,68.0,Ha,Area
West Bengal,Cooch Behar,2022,2022-23,5,Final Estimate,99999,Total,3997,Shree Anna /Nutri Cereals,Food Grains,['Cereals'],1,3997,99999,75.0,Tonnes,Production
West Bengal,Cooch Behar,2022,2022-23,5,Final Estimate,99999,Total,3997,Shree Anna /Nutri Cereals,Food Grains,['Cereals'],1,3997,99999,1103.0,Kg/Ha,Yield
West Bengal,Cooch Behar,2023,2023-24,5,Final Estimate,99999,Total,3997,Shree Anna /Nutri Cereals,Food Grains,['Cereals'],1,3997,99999,1109.0,Kg/Ha,Yield
West Bengal,Cooch Behar,2023,2023-24,5,Final Estimate,99999,Total,3997,Shree Anna /Nutri Cereals,Food Grains,['Cereals'],1,3997,99999,75.43,Tonnes,Production
West Bengal,Cooch Behar,2022,2022-23,5,Final Estimate,1,Kharif,3998,Nutri/Coarse Cereals,Food Grains,['Cereals'],1,3998,1,3141.0,Kg/Ha,Yield
West Bengal,Cooch Behar,2023,2023-24,5,Final Estimate,1,Kharif,3998,Nutri/Coarse Cereals,Food Grains,['Cereals'],1,3998,1,9827.52,Tonnes,Production
West Bengal,Cooch Behar,2023,2023-24,5,Final Estimate,1,Kharif,3998,Nutri/Coarse Cereals,Food Grains,['Cereals'],1,3998,1,3150.0,Kg/Ha,Yield
West Bengal,Cooch Behar,2023,2023-24,5,Final Estimate,1,Kharif,3998,Nutri/Coarse Cereals,Food Grains,['Cereals'],1,3998,1,3119.39,Ha,Area
West Bengal,Cooch Behar,2022,2022-23,5,Final Estimate,1,Kharif,3998,Nutri/Coarse Cereals,Food Grains,['Cereals'],1,3998,1,9561.0,Tonnes,Production
West Bengal,Cooch Behar,2022,2022-23,5,Final Estimate,1,Kharif,3998,Nutri/Coarse Cereals,Food Grains,['Cereals'],1,3998,1,3044.0,Ha,Area
West Bengal,Cooch Behar,2023,2023-24,5,Final Estimate,2,Rabi,3998,Nutri/Coarse Cereals,Food Grains,['Cereals'],1,3998,2,234447.53,Tonnes,Production
West Bengal,Cooch Behar,2023,2023-24,5,Final Estimate,2,Rabi,3998,Nutri/Coarse Cereals,Food Grains,['Cereals'],1,3998,2,45454.0,Ha,Area
West Bengal,Cooch Behar,2023,2023-24,5,Final Estimate,2,Rabi,3998,Nutri/Coarse Cereals,Food Grains,['Cereals'],1,3998,2,5158.0,Kg/Ha,Yield
West Bengal,Cooch Behar,2022,2022-23,5,Final Estimate,2,Rabi,3998,Nutri/Coarse Cereals,Food Grains,['Cereals'],1,3998,2,2562.0,Kg/Ha,Yield
West Bengal,Cooch Behar,2022,2022-23,5,Final Estimate,2,Rabi,3998,Nutri/Coarse Cereals,Food Grains,['Cereals'],1,3998,2,38357.0,Ha,Area
West Bengal,Cooch Behar,2022,2022-23,5,Final Estimate,2,Rabi,3998,Nutri/Coarse Cereals,Food Grains,['Cereals'],1,3998,2,98272.0,Tonnes,Production
West Bengal,Cooch Behar,2023,2023-24,5,Final Estimate,3,Summer,3998,Nutri/Coarse Cereals,Food Grains,['Cereals'],1,3998,3,56261.18,Tonnes,Production
West Bengal,Cooch Behar,2022,2022-23,5,Final Estimate,3,Summer,3998,Nutri/Coarse Cereals,Food Grains,['Cereals'],1,3998,3,70504.0,Tonnes,Production
West Bengal,Cooch Behar,2022,2022-23,5,Final Estimate,3,Summer,3998,Nutri/Coarse Cereals,Food Grains,['Cereals'],1,3998,3,9287.0,Kg/Ha,Yield
West Bengal,Cooch Behar,2022,2022-23,5,Final Estimate,3,Summer,3998,Nutri/Coarse Cereals,Food Grains,['Cereals'],1,3998,3,7592.0,Ha,Area
West Bengal,Cooch Behar,2023,2023-24,5,Final Estimate,3,Summer,3998,Nutri/Coarse Cereals,Food Grains,['Cereals'],1,3998,3,6362.29,Ha,Area
West Bengal,Cooch Behar,2023,2023-24,5,Final Estimate,3,Summer,3998,Nutri/Coarse Cereals,Food Grains,['Cereals'],1,3998,3,8843.0,Kg/Ha,Yield
West Bengal,Cooch Behar,2022,2022-23,5,Final Estimate,99999,Total,3998,Nutri/Coarse Cereals,Food Grains,['Cereals'],1,3998,99999,3640.0,Kg/Ha,Yield
West Bengal,Cooch Behar,2022,2022-23,5,Final Estimate,99999,Total,3998,Nutri/Coarse Cereals,Food Grains,['Cereals'],1,3998,99999,178337.0,Tonnes,Production
West Bengal,Cooch Behar,2022,2022-23,5,Final Estimate,99999,Total,3998,Nutri/Coarse Cereals,Food Grains,['Cereals'],1,3998,99999,48993.0,Ha,Area
West Bengal,Cooch Behar,2023,2023-24,5,Final Estimate,99999,Total,3998,Nutri/Coarse Cereals,Food Grains,['Cereals'],1,3998,99999,5471.0,Kg/Ha,Yield
West Bengal,Cooch Behar,2023,2023-24,5,Final Estimate,99999,Total,3998,Nutri/Coarse Cereals,Food Grains,['Cereals'],1,3998,99999,54935.68,Ha,Area
West Bengal,Cooch Behar,2023,2023-24,5,Final Estimate,99999,Total,3998,Nutri/Coarse Cereals,Food Grains,['Cereals'],1,3998,99999,300536.23,Tonnes,Production
West Bengal,Cooch Behar,2023,2023-24,5,Final Estimate,1,Kharif,3999,Cereals,Food Grains,['Cereals'],1,3999,1,630878.78,Tonnes,Production
West Bengal,Cooch Behar,2022,2022-23,5,Final Estimate,1,Kharif,3999,Cereals,Food Grains,['Cereals'],1,3999,1,2796.0,Kg/Ha,Yield
West Bengal,Cooch Behar,2022,2022-23,5,Final Estimate,1,Kharif,3999,Cereals,Food Grains,['Cereals'],1,3999,1,14247.0,Ha,Area
West Bengal,Cooch Behar,2022,2022-23,5,Final Estimate,1,Kharif,3999,Cereals,Food Grains,['Cereals'],1,3999,1,39833.0,Tonnes,Production
West Bengal,Cooch Behar,2023,2023-24,5,Final Estimate,1,Kharif,3999,Cereals,Food Grains,['Cereals'],1,3999,1,2692.0,Kg/Ha,Yield
West Bengal,Cooch Behar,2023,2023-24,5,Final Estimate,1,Kharif,3999,Cereals,Food Grains,['Cereals'],1,3999,1,234335.79,Ha,Area
West Bengal,Cooch Behar,2023,2023-24,5,Final Estimate,2,Rabi,3999,Cereals,Food Grains,['Cereals'],1,3999,2,4992.0,Kg/Ha,Yield
West Bengal,Cooch Behar,2022,2022-23,5,Final Estimate,2,Rabi,3999,Cereals,Food Grains,['Cereals'],1,3999,2,259405.0,Ha,Area
West Bengal,Cooch Behar,2022,2022-23,5,Final Estimate,2,Rabi,3999,Cereals,Food Grains,['Cereals'],1,3999,2,2979.0,Kg/Ha,Yield
West Bengal,Cooch Behar,2022,2022-23,5,Final Estimate,2,Rabi,3999,Cereals,Food Grains,['Cereals'],1,3999,2,772686.0,Tonnes,Production
West Bengal,Cooch Behar,2023,2023-24,5,Final Estimate,2,Rabi,3999,Cereals,Food Grains,['Cereals'],1,3999,2,247449.46,Tonnes,Production
West Bengal,Cooch Behar,2023,2023-24,5,Final Estimate,2,Rabi,3999,Cereals,Food Grains,['Cereals'],1,3999,2,49567.0,Ha,Area
West Bengal,Cooch Behar,2023,2023-24,5,Final Estimate,3,Summer,3999,Cereals,Food Grains,['Cereals'],1,3999,3,188279.16,Tonnes,Production
West Bengal,Cooch Behar,2022,2022-23,5,Final Estimate,3,Summer,3999,Cereals,Food Grains,['Cereals'],1,3999,3,206839.0,Tonnes,Production
West Bengal,Cooch Behar,2022,2022-23,5,Final Estimate,3,Summer,3999,Cereals,Food Grains,['Cereals'],1,3999,3,46423.0,Ha,Area
West Bengal,Cooch Behar,2022,2022-23,5,Final Estimate,3,Summer,3999,Cereals,Food Grains,['Cereals'],1,3999,3,4456.0,Kg/Ha,Yield
West Bengal,Cooch Behar,2023,2023-24,5,Final Estimate,3,Summer,3999,Cereals,Food Grains,['Cereals'],1,3999,3,4440.0,Kg/Ha,Yield
West Bengal,Cooch Behar,2023,2023-24,5,Final Estimate,3,Summer,3999,Cereals,Food Grains,['Cereals'],1,3999,3,42403.98,Ha,Area
West Bengal,Cooch Behar,2023,2023-24,5,Final Estimate,99999,Total,3999,Cereals,Food Grains,['Cereals'],1,3999,99999,1066607.4,Tonnes,Production
West Bengal,Cooch Behar,2022,2022-23,5,Final Estimate,99999,Total,3999,Cereals,Food Grains,['Cereals'],1,3999,99999,1019358.0,Tonnes,Production
West Bengal,Cooch Behar,2022,2022-23,5,Final Estimate,99999,Total,3999,Cereals,Food Grains,['Cereals'],1,3999,99999,320075.0,Ha,Area
West Bengal,Cooch Behar,2022,2022-23,5,Final Estimate,99999,Total,3999,Cereals,Food Grains,['Cereals'],1,3999,99999,3185.0,Kg/Ha,Yield
West Bengal,Cooch Behar,2023,2023-24,5,Final Estimate,99999,Total,3999,Cereals,Food Grains,['Cereals'],1,3999,99999,326306.77,Ha,Area
West Bengal,Cooch Behar,2023,2023-24,5,Final Estimate,99999,Total,3999,Cereals,Food Grains,['Cereals'],1,3999,99999,3269.0,Kg/Ha,Yield
West Bengal,Cooch Behar,2022,2022-23,5,Final Estimate,2,Rabi,10,Gram,Food Grains,['Pulses'],2,4002,2,81.0,Ha,Area
West Bengal,Cooch Behar,2022,2022-23,5,Final Estimate,2,Rabi,10,Gram,Food Grains,['Pulses'],2,4002,2,1259.0,Kg/Ha,Yield
West Bengal,Cooch Behar,2022,2022-23,5,Final Estimate,2,Rabi,10,Gram,Food Grains,['Pulses'],2,4002,2,102.0,Tonnes,Production
West Bengal,Cooch Behar,2023,2023-24,5,Final Estimate,2,Rabi,10,Gram,Food Grains,['Pulses'],2,4002,2,113.98,Tonnes,Production
West Bengal,Cooch Behar,2023,2023-24,5,Final Estimate,2,Rabi,10,Gram,Food Grains,['Pulses'],2,4002,2,1226.0,Kg/Ha,Yield
West Bengal,Cooch Behar,2023,2023-24,5,Final Estimate,2,Rabi,10,Gram,Food Grains,['Pulses'],2,4002,2,93.0,Ha,Area
West Bengal,Cooch Behar,2022,2022-23,5,Final Estimate,99999,Total,10,Gram,Food Grains,['Pulses'],2,4002,99999,81.0,Ha,Area
West Bengal,Cooch Behar,2023,2023-24,5,Final Estimate,99999,Total,10,Gram,Food Grains,['Pulses'],2,4002,99999,1226.0,Kg/Ha,Yield
West Bengal,Cooch Behar,2022,2022-23,5,Final Estimate,99999,Total,10,Gram,Food Grains,['Pulses'],2,4002,99999,1259.0,Kg/Ha,Yield
West Bengal,Cooch Behar,2023,2023-24,5,Final Estimate,99999,Total,10,Gram,Food Grains,['Pulses'],2,4002,99999,93.0,Ha,Area
West Bengal,Cooch Behar,2023,2023-24,5,Final Estimate,99999,Total,10,Gram,Food Grains,['Pulses'],2,4002,99999,113.98,Tonnes,Production
West Bengal,Cooch Behar,2022,2022-23,5,Final Estimate,99999,Total,10,Gram,Food Grains,['Pulses'],2,4002,99999,102.0,Tonnes,Production
West Bengal,Cooch Behar,2022,2022-23,5,Final Estimate,1,Kharif,11,Urad,Food Grains,['Pulses'],2,4003,1,681.0,Kg/Ha,Yield
West Bengal,Cooch Behar,2022,2022-23,5,Final Estimate,1,Kharif,11,Urad,Food Grains,['Pulses'],2,4003,1,1532.0,Ha,Area
West Bengal,Cooch Behar,2023,2023-24,5,Final Estimate,1,Kharif,11,Urad,Food Grains,['Pulses'],2,4003,1,966.0,Kg/Ha,Yield
West Bengal,Cooch Behar,2023,2023-24,5,Final Estimate,1,Kharif,11,Urad,Food Grains,['Pulses'],2,4003,1,1496.96,Tonnes,Production
West Bengal,Cooch Behar,2023,2023-24,5,Final Estimate,1,Kharif,11,Urad,Food Grains,['Pulses'],2,4003,1,1549.0,Ha,Area
West Bengal,Cooch Behar,2022,2022-23,5,Final Estimate,1,Kharif,11,Urad,Food Grains,['Pulses'],2,4003,1,1044.0,Tonnes,Production
West Bengal,Cooch Behar,2022,2022-23,5,Final Estimate,2,Rabi,11,Urad,Food Grains,['Pulses'],2,4003,2,820.0,Kg/Ha,Yield
West Bengal,Cooch Behar,2023,2023-24,5,Final Estimate,2,Rabi,11,Urad,Food Grains,['Pulses'],2,4003,2,720.0,Ha,Area
West Bengal,Cooch Behar,2022,2022-23,5,Final Estimate,2,Rabi,11,Urad,Food Grains,['Pulses'],2,4003,2,910.0,Ha,Area
West Bengal,Cooch Behar,2023,2023-24,5,Final Estimate,2,Rabi,11,Urad,Food Grains,['Pulses'],2,4003,2,830.0,Kg/Ha,Yield
West Bengal,Cooch Behar,2023,2023-24,5,Final Estimate,2,Rabi,11,Urad,Food Grains,['Pulses'],2,4003,2,597.49,Tonnes,Production
West Bengal,Cooch Behar,2022,2022-23,5,Final Estimate,2,Rabi,11,Urad,Food Grains,['Pulses'],2,4003,2,746.0,Tonnes,Production
West Bengal,Cooch Behar,2023,2023-24,5,Final Estimate,99999,Total,11,Urad,Food Grains,['Pulses'],2,4003,99999,2094.46,Tonnes,Production
West Bengal,Cooch Behar,2023,2023-24,5,Final Estimate,99999,Total,11,Urad,Food Grains,['Pulses'],2,4003,99999,2269.0,Ha,Area
West Bengal,Cooch Behar,2022,2022-23,5,Final Estimate,99999,Total,11,Urad,Food Grains,['Pulses'],2,4003,99999,733.0,Kg/Ha,Yield
West Bengal,Cooch Behar,2023,2023-24,5,Final Estimate,99999,Total,11,Urad,Food Grains,['Pulses'],2,4003,99999,923.0,Kg/Ha,Yield
West Bengal,Cooch Behar,2022,2022-23,5,Final Estimate,99999,Total,11,Urad,Food Grains,['Pulses'],2,4003,99999,1790.0,Tonnes,Production
West Bengal,Cooch Behar,2022,2022-23,5,Final Estimate,99999,Total,11,Urad,Food Grains,['Pulses'],2,4003,99999,2442.0,Ha,Area
West Bengal,Cooch Behar,2022,2022-23,5,Final Estimate,1,Kharif,12,Moong,Food Grains,['Pulses'],2,4004,1,15.0,Tonnes,Production
West Bengal,Cooch Behar,2022,2022-23,5,Final Estimate,1,Kharif,12,Moong,Food Grains,['Pulses'],2,4004,1,600.0,Kg/Ha,Yield
West Bengal,Cooch Behar,2023,2023-24,5,Final Estimate,1,Kharif,12,Moong,Food Grains,['Pulses'],2,4004,1,620.0,Kg/Ha,Yield
West Bengal,Cooch Behar,2023,2023-24,5,Final Estimate,1,Kharif,12,Moong,Food Grains,['Pulses'],2,4004,1,25.0,Ha,Area
West Bengal,Cooch Behar,2023,2023-24,5,Final Estimate,1,Kharif,12,Moong,Food Grains,['Pulses'],2,4004,1,15.5,Tonnes,Production
West Bengal,Cooch Behar,2022,2022-23,5,Final Estimate,1,Kharif,12,Moong,Food Grains,['Pulses'],2,4004,1,25.0,Ha,Area
West Bengal,Cooch Behar,2023,2023-24,5,Final Estimate,2,Rabi,12,Moong,Food Grains,['Pulses'],2,4004,2,100.0,Ha,Area
West Bengal,Cooch Behar,2022,2022-23,5,Final Estimate,2,Rabi,12,Moong,Food Grains,['Pulses'],2,4004,2,100.0,Ha,Area
West Bengal,Cooch Behar,2022,2022-23,5,Final Estimate,2,Rabi,12,Moong,Food Grains,['Pulses'],2,4004,2,780.0,Kg/Ha,Yield
West Bengal,Cooch Behar,2023,2023-24,5,Final Estimate,2,Rabi,12,Moong,Food Grains,['Pulses'],2,4004,2,74.98,Tonnes,Production
West Bengal,Cooch Behar,2023,2023-24,5,Final Estimate,2,Rabi,12,Moong,Food Grains,['Pulses'],2,4004,2,750.0,Kg/Ha,Yield
West Bengal,Cooch Behar,2022,2022-23,5,Final Estimate,2,Rabi,12,Moong,Food Grains,['Pulses'],2,4004,2,78.0,Tonnes,Production
West Bengal,Cooch Behar,2022,2022-23,5,Final Estimate,3,Summer,12,Moong,Food Grains,['Pulses'],2,4004,3,488.0,Ha,Area
West Bengal,Cooch Behar,2022,2022-23,5,Final Estimate,3,Summer,12,Moong,Food Grains,['Pulses'],2,4004,3,1035.0,Kg/Ha,Yield
West Bengal,Cooch Behar,2023,2023-24,5,Final Estimate,3,Summer,12,Moong,Food Grains,['Pulses'],2,4004,3,358.02,Tonnes,Production
West Bengal,Cooch Behar,2023,2023-24,5,Final Estimate,3,Summer,12,Moong,Food Grains,['Pulses'],2,4004,3,422.0,Ha,Area
West Bengal,Cooch Behar,2023,2023-24,5,Final Estimate,3,Summer,12,Moong,Food Grains,['Pulses'],2,4004,3,848.0,Kg/Ha,Yield
West Bengal,Cooch Behar,2022,2022-23,5,Final Estimate,3,Summer,12,Moong,Food Grains,['Pulses'],2,4004,3,505.0,Tonnes,Production
West Bengal,Cooch Behar,2022,2022-23,5,Final Estimate,99999,Total,12,Moong,Food Grains,['Pulses'],2,4004,99999,598.0,Tonnes,Production
West Bengal,Cooch Behar,2023,2023-24,5,Final Estimate,99999,Total,12,Moong,Food Grains,['Pulses'],2,4004,99999,820.0,Kg/Ha,Yield
West Bengal,Cooch Behar,2022,2022-23,5,Final Estimate,99999,Total,12,Moong,Food Grains,['Pulses'],2,4004,99999,613.0,Ha,Area
West Bengal,Cooch Behar,2022,2022-23,5,Final Estimate,99999,Total,12,Moong,Food Grains,['Pulses'],2,4004,99999,976.0,Kg/Ha,Yield
West Bengal,Cooch Behar,2023,2023-24,5,Final Estimate,99999,Total,12,Moong,Food Grains,['Pulses'],2,4004,99999,547.0,Ha,Area
West Bengal,Cooch Behar,2023,2023-24,5,Final Estimate,99999,Total,12,Moong,Food Grains,['Pulses'],2,4004,99999,448.51,Tonnes,Production
West Bengal,Cooch Behar,2022,2022-23,5,Final Estimate,2,Rabi,13,Lentil,Food Grains,['Pulses'],2,4005,2,3332.0,Ha,Area
West Bengal,Cooch Behar,2023,2023-24,5,Final Estimate,2,Rabi,13,Lentil,Food Grains,['Pulses'],2,4005,2,574.0,Kg/Ha,Yield
West Bengal,Cooch Behar,2023,2023-24,5,Final Estimate,2,Rabi,13,Lentil,Food Grains,['Pulses'],2,4005,2,2617.39,Tonnes,Production
West Bengal,Cooch Behar,2023,2023-24,5,Final Estimate,2,Rabi,13,Lentil,Food Grains,['Pulses'],2,4005,2,4558.0,Ha,Area
West Bengal,Cooch Behar,2022,2022-23,5,Final Estimate,2,Rabi,13,Lentil,Food Grains,['Pulses'],2,4005,2,374.0,Kg/Ha,Yield
West Bengal,Cooch Behar,2022,2022-23,5,Final Estimate,2,Rabi,13,Lentil,Food Grains,['Pulses'],2,4005,2,1246.0,Tonnes,Production
West Bengal,Cooch Behar,2023,2023-24,5,Final Estimate,99999,Total,13,Lentil,Food Grains,['Pulses'],2,4005,99999,4558.0,Ha,Area
West Bengal,Cooch Behar,2022,2022-23,5,Final Estimate,99999,Total,13,Lentil,Food Grains,['Pulses'],2,4005,99999,374.0,Kg/Ha,Yield
West Bengal,Cooch Behar,2022,2022-23,5,Final Estimate,99999,Total,13,Lentil,Food Grains,['Pulses'],2,4005,99999,1246.0,Tonnes,Production
West Bengal,Cooch Behar,2022,2022-23,5,Final Estimate,99999,Total,13,Lentil,Food Grains,['Pulses'],2,4005,99999,3332.0,Ha,Area
West Bengal,Cooch Behar,2023,2023-24,5,Final Estimate,99999,Total,13,Lentil,Food Grains,['Pulses'],2,4005,99999,2617.39,Tonnes,Production
West Bengal,Cooch Behar,2023,2023-24,5,Final Estimate,99999,Total,13,Lentil,Food Grains,['Pulses'],2,4005,99999,574.0,Kg/Ha,Yield
West Bengal,Cooch Behar,2023,2023-24,5,Final Estimate,1,Kharif,14,Other Pulses,Food Grains,['Pulses'],2,4006,1,410.0,Ha,Area
West Bengal,Cooch Behar,2023,2023-24,5,Final Estimate,1,Kharif,14,Other Pulses,Food Grains,['Pulses'],2,4006,1,631.0,Kg/Ha,Yield
West Bengal,Cooch Behar,2023,2023-24,5,Final Estimate,1,Kharif,14,Other Pulses,Food Grains,['Pulses'],2,4006,1,258.53,Tonnes,Production
West Bengal,Cooch Behar,2022,2022-23,5,Final Estimate,2,Rabi,14,Other Pulses,Food Grains,['Pulses'],2,4006,2,1212.0,Kg/Ha,Yield
West Bengal,Cooch Behar,2022,2022-23,5,Final Estimate,2,Rabi,14,Other Pulses,Food Grains,['Pulses'],2,4006,2,4099.0,Ha,Area
West Bengal,Cooch Behar,2022,2022-23,5,Final Estimate,2,Rabi,14,Other Pulses,Food Grains,['Pulses'],2,4006,2,4966.0,Tonnes,Production
West Bengal,Cooch Behar,2023,2023-24,5,Final Estimate,2,Rabi,14,Other Pulses,Food Grains,['Pulses'],2,4006,2,934.0,Kg/Ha,Yield
West Bengal,Cooch Behar,2023,2023-24,5,Final Estimate,2,Rabi,14,Other Pulses,Food Grains,['Pulses'],2,4006,2,4044.18,Tonnes,Production
West Bengal,Cooch Behar,2023,2023-24,5,Final Estimate,2,Rabi,14,Other Pulses,Food Grains,['Pulses'],2,4006,2,4331.0,Ha,Area
West Bengal,Cooch Behar,2022,2022-23,5,Final Estimate,99999,Total,14,Other Pulses,Food Grains,['Pulses'],2,4006,99999,4099.0,Ha,Area
West Bengal,Cooch Behar,2022,2022-23,5,Final Estimate,99999,Total,14,Other Pulses,Food Grains,['Pulses'],2,4006,99999,4966.0,Tonnes,Production
West Bengal,Cooch Behar,2022,2022-23,5,Final Estimate,99999,Total,14,Other Pulses,Food Grains,['Pulses'],2,4006,99999,1212.0,Kg/Ha,Yield
West Bengal,Cooch Behar,2023,2023-24,5,Final Estimate,99999,Total,14,Other Pulses,Food Grains,['Pulses'],2,4006,99999,908.0,Kg/Ha,Yield
West Bengal,Cooch Behar,2023,2023-24,5,Final Estimate,99999,Total,14,Other Pulses,Food Grains,['Pulses'],2,4006,99999,4302.71,Tonnes,Production
West Bengal,Cooch Behar,2023,2023-24,5,Final Estimate,99999,Total,14,Other Pulses,Food Grains,['Pulses'],2,4006,99999,4741.0,Ha,Area
West Bengal,Cooch Behar,2022,2022-23,5,Final Estimate,99999,Total,4998,Total Pulses,Food Grains,['Pulses'],2,4998,99999,824.0,Kg/Ha,Yield
West Bengal,Cooch Behar,2023,2023-24,5,Final Estimate,99999,Total,4998,Total Pulses,Food Grains,['Pulses'],2,4998,99999,12208.0,Ha,Area
West Bengal,Cooch Behar,2023,2023-24,5,Final Estimate,99999,Total,4998,Total Pulses,Food Grains,['Pulses'],2,4998,99999,9577.05,Tonnes,Production
West Bengal,Cooch Behar,2023,2023-24,5,Final Estimate,99999,Total,4998,Total Pulses,Food Grains,['Pulses'],2,4998,99999,784.0,Kg/Ha,Yield
West Bengal,Cooch Behar,2022,2022-23,5,Final Estimate,99999,Total,4998,Total Pulses,Food Grains,['Pulses'],2,4998,99999,10567.0,Ha,Area
West Bengal,Cooch Behar,2022,2022-23,5,Final Estimate,99999,Total,4998,Total Pulses,Food Grains,['Pulses'],2,4998,99999,8702.0,Tonnes,Production
West Bengal,Cooch Behar,2022,2022-23,5,Final Estimate,1,Kharif,4999,Total Food Grains,Food Grains,"['Cereals', 'Pulses']",2,4999,1,2587.0,Kg/Ha,Yield
West Bengal,Cooch Behar,2023,2023-24,5,Final Estimate,1,Kharif,4999,Total Food Grains,Food Grains,"['Cereals', 'Pulses']",2,4999,1,632649.78,Tonnes,Production
West Bengal,Cooch Behar,2023,2023-24,5,Final Estimate,1,Kharif,4999,Total Food Grains,Food Grains,"['Cereals', 'Pulses']",2,4999,1,236319.79,Ha,Area
West Bengal,Cooch Behar,2022,2022-23,5,Final Estimate,1,Kharif,4999,Total Food Grains,Food Grains,"['Cereals', 'Pulses']",2,4999,1,40892.0,Tonnes,Production
West Bengal,Cooch Behar,2022,2022-23,5,Final Estimate,1,Kharif,4999,Total Food Grains,Food Grains,"['Cereals', 'Pulses']",2,4999,1,15804.0,Ha,Area
West Bengal,Cooch Behar,2023,2023-24,5,Final Estimate,1,Kharif,4999,Total Food Grains,Food Grains,"['Cereals', 'Pulses']",2,4999,1,2677.0,Kg/Ha,Yield
West Bengal,Cooch Behar,2022,2022-23,5,Final Estimate,2,Rabi,4999,Total Food Grains,Food Grains,"['Cereals', 'Pulses']",2,4999,2,779824.0,Tonnes,Production
West Bengal,Cooch Behar,2023,2023-24,5,Final Estimate,2,Rabi,4999,Total Food Grains,Food Grains,"['Cereals', 'Pulses']",2,4999,2,59369.0,Ha,Area
West Bengal,Cooch Behar,2023,2023-24,5,Final Estimate,2,Rabi,4999,Total Food Grains,Food Grains,"['Cereals', 'Pulses']",2,4999,2,254897.48,Tonnes,Production
West Bengal,Cooch Behar,2022,2022-23,5,Final Estimate,2,Rabi,4999,Total Food Grains,Food Grains,"['Cereals', 'Pulses']",2,4999,2,267927.0,Ha,Area
West Bengal,Cooch Behar,2023,2023-24,5,Final Estimate,2,Rabi,4999,Total Food Grains,Food Grains,"['Cereals', 'Pulses']",2,4999,2,4293.0,Kg/Ha,Yield
West Bengal,Cooch Behar,2022,2022-23,5,Final Estimate,2,Rabi,4999,Total Food Grains,Food Grains,"['Cereals', 'Pulses']",2,4999,2,2911.0,Kg/Ha,Yield
West Bengal,Cooch Behar,2022,2022-23,5,Final Estimate,3,Summer,4999,Total Food Grains,Food Grains,"['Cereals', 'Pulses']",2,4999,3,46911.0,Ha,Area
West Bengal,Cooch Behar,2022,2022-23,5,Final Estimate,3,Summer,4999,Total Food Grains,Food Grains,"['Cereals', 'Pulses']",2,4999,3,207344.0,Tonnes,Production
West Bengal,Cooch Behar,2023,2023-24,5,Final Estimate,3,Summer,4999,Total Food Grains,Food Grains,"['Cereals', 'Pulses']",2,4999,3,4405.0,Kg/Ha,Yield
West Bengal,Cooch Behar,2023,2023-24,5,Final Estimate,3,Summer,4999,Total Food Grains,Food Grains,"['Cereals', 'Pulses']",2,4999,3,42825.98,Ha,Area
West Bengal,Cooch Behar,2023,2023-24,5,Final Estimate,3,Summer,4999,Total Food Grains,Food Grains,"['Cereals', 'Pulses']",2,4999,3,188637.19,Tonnes,Production
West Bengal,Cooch Behar,2022,2022-23,5,Final Estimate,3,Summer,4999,Total Food Grains,Food Grains,"['Cereals', 'Pulses']",2,4999,3,4420.0,Kg/Ha,Yield
West Bengal,Cooch Behar,2023,2023-24,5,Final Estimate,99999,Total,4999,Total Food Grains,Food Grains,"['Cereals', 'Pulses']",2,4999,99999,1076184.45,Tonnes,Production
West Bengal,Cooch Behar,2023,2023-24,5,Final Estimate,99999,Total,4999,Total Food Grains,Food Grains,"['Cereals', 'Pulses']",2,4999,99999,338514.77,Ha,Area
West Bengal,Cooch Behar,2023,2023-24,5,Final Estimate,99999,Total,4999,Total Food Grains,Food Grains,"['Cereals', 'Pulses']",2,4999,99999,3179.0,Kg/Ha,Yield
West Bengal,Cooch Behar,2022,2022-23,5,Final Estimate,99999,Total,4999,Total Food Grains,Food Grains,"['Cereals', 'Pulses']",2,4999,99999,1028060.0,Tonnes,Production
West Bengal,Cooch Behar,2022,2022-23,5,Final Estimate,99999,Total,4999,Total Food Grains,Food Grains,"['Cereals', 'Pulses']",2,4999,99999,3109.0,Kg/Ha,Yield
West Bengal,Cooch Behar,2022,2022-23,5,Final Estimate,99999,Total,4999,Total Food Grains,Food Grains,"['Cereals', 'Pulses']",2,4999,99999,330642.0,Ha,Area
West Bengal,Cooch Behar,2023,2023-24,5,Final Estimate,2,Rabi,15,Groundnut,Oilseeds,['Oil Seeds'],3,1,2,250.0,Ha,Area
West Bengal,Cooch Behar,2023,2023-24,5,Final Estimate,2,Rabi,15,Groundnut,Oilseeds,['Oil Seeds'],3,1,2,377.53,Tonnes,Production
West Bengal,Cooch Behar,2023,2023-24,5,Final Estimate,2,Rabi,15,Groundnut,Oilseeds,['Oil Seeds'],3,1,2,1510.0,Kg/Ha,Yield
West Bengal,Cooch Behar,2022,2022-23,5,Final Estimate,2,Rabi,15,Groundnut,Oilseeds,['Oil Seeds'],3,1,2,1510.0,Kg/Ha,Yield
West Bengal,Cooch Behar,2022,2022-23,5,Final Estimate,2,Rabi,15,Groundnut,Oilseeds,['Oil Seeds'],3,1,2,1072.0,Tonnes,Production
West Bengal,Cooch Behar,2022,2022-23,5,Final Estimate,2,Rabi,15,Groundnut,Oilseeds,['Oil Seeds'],3,1,2,710.0,Ha,Area
West Bengal,Cooch Behar,2023,2023-24,5,Final Estimate,3,Summer,15,Groundnut,Oilseeds,['Oil Seeds'],3,1,3,2232.0,Kg/Ha,Yield
West Bengal,Cooch Behar,2022,2022-23,5,Final Estimate,3,Summer,15,Groundnut,Oilseeds,['Oil Seeds'],3,1,3,641.0,Tonnes,Production
West Bengal,Cooch Behar,2022,2022-23,5,Final Estimate,3,Summer,15,Groundnut,Oilseeds,['Oil Seeds'],3,1,3,2728.0,Kg/Ha,Yield
West Bengal,Cooch Behar,2023,2023-24,5,Final Estimate,3,Summer,15,Groundnut,Oilseeds,['Oil Seeds'],3,1,3,160.98,Ha,Area
West Bengal,Cooch Behar,2023,2023-24,5,Final Estimate,3,Summer,15,Groundnut,Oilseeds,['Oil Seeds'],3,1,3,359.3,Tonnes,Production
West Bengal,Cooch Behar,2022,2022-23,5,Final Estimate,3,Summer,15,Groundnut,Oilseeds,['Oil Seeds'],3,1,3,235.0,Ha,Area
West Bengal,Cooch Behar,2023,2023-24,5,Final Estimate,99999,Total,15,Groundnut,Oilseeds,['Oil Seeds'],3,1,99999,736.84,Tonnes,Production
West Bengal,Cooch Behar,2022,2022-23,5,Final Estimate,99999,Total,15,Groundnut,Oilseeds,['Oil Seeds'],3,1,99999,1713.0,Tonnes,Production
West Bengal,Cooch Behar,2022,2022-23,5,Final Estimate,99999,Total,15,Groundnut,Oilseeds,['Oil Seeds'],3,1,99999,945.0,Ha,Area
West Bengal,Cooch Behar,2022,2022-23,5,Final Estimate,99999,Total,15,Groundnut,Oilseeds,['Oil Seeds'],3,1,99999,1813.0,Kg/Ha,Yield
West Bengal,Cooch Behar,2023,2023-24,5,Final Estimate,99999,Total,15,Groundnut,Oilseeds,['Oil Seeds'],3,1,99999,410.98,Ha,Area
West Bengal,Cooch Behar,2023,2023-24,5,Final Estimate,99999,Total,15,Groundnut,Oilseeds,['Oil Seeds'],3,1,99999,1793.0,Kg/Ha,Yield
West Bengal,Cooch Behar,2023,2023-24,5,Final Estimate,1,Kharif,17,Sesamum,Oilseeds,['Oil Seeds'],3,3,1,115.31,Tonnes,Production
West Bengal,Cooch Behar,2023,2023-24,5,Final Estimate,1,Kharif,17,Sesamum,Oilseeds,['Oil Seeds'],3,3,1,641.0,Kg/Ha,Yield
West Bengal,Cooch Behar,2023,2023-24,5,Final Estimate,1,Kharif,17,Sesamum,Oilseeds,['Oil Seeds'],3,3,1,180.0,Ha,Area
West Bengal,Cooch Behar,2022,2022-23,5,Final Estimate,2,Rabi,17,Sesamum,Oilseeds,['Oil Seeds'],3,3,2,114.0,Tonnes,Production
West Bengal,Cooch Behar,2022,2022-23,5,Final Estimate,2,Rabi,17,Sesamum,Oilseeds,['Oil Seeds'],3,3,2,633.0,Kg/Ha,Yield
West Bengal,Cooch Behar,2022,2022-23,5,Final Estimate,2,Rabi,17,Sesamum,Oilseeds,['Oil Seeds'],3,3,2,180.0,Ha,Area
West Bengal,Cooch Behar,2023,2023-24,5,Final Estimate,3,Summer,17,Sesamum,Oilseeds,['Oil Seeds'],3,3,3,340.52,Tonnes,Production
West Bengal,Cooch Behar,2023,2023-24,5,Final Estimate,3,Summer,17,Sesamum,Oilseeds,['Oil Seeds'],3,3,3,386.0,Ha,Area
West Bengal,Cooch Behar,2022,2022-23,5,Final Estimate,3,Summer,17,Sesamum,Oilseeds,['Oil Seeds'],3,3,3,1005.0,Kg/Ha,Yield
West Bengal,Cooch Behar,2023,2023-24,5,Final Estimate,3,Summer,17,Sesamum,Oilseeds,['Oil Seeds'],3,3,3,882.0,Kg/Ha,Yield
West Bengal,Cooch Behar,2022,2022-23,5,Final Estimate,3,Summer,17,Sesamum,Oilseeds,['Oil Seeds'],3,3,3,593.0,Ha,Area
West Bengal,Cooch Behar,2022,2022-23,5,Final Estimate,3,Summer,17,Sesamum,Oilseeds,['Oil Seeds'],3,3,3,596.0,Tonnes,Production
West Bengal,Cooch Behar,2022,2022-23,5,Final Estimate,99999,Total,17,Sesamum,Oilseeds,['Oil Seeds'],3,3,99999,710.0,Tonnes,Production
West Bengal,Cooch Behar,2023,2023-24,5,Final Estimate,99999,Total,17,Sesamum,Oilseeds,['Oil Seeds'],3,3,99999,455.83,Tonnes,Production
West Bengal,Cooch Behar,2023,2023-24,5,Final Estimate,99999,Total,17,Sesamum,Oilseeds,['Oil Seeds'],3,3,99999,566.0,Ha,Area
West Bengal,Cooch Behar,2023,2023-24,5,Final Estimate,99999,Total,17,Sesamum,Oilseeds,['Oil Seeds'],3,3,99999,805.0,Kg/Ha,Yield
West Bengal,Cooch Behar,2022,2022-23,5,Final Estimate,99999,Total,17,Sesamum,Oilseeds,['Oil Seeds'],3,3,99999,918.0,Kg/Ha,Yield
West Bengal,Cooch Behar,2022,2022-23,5,Final Estimate,99999,Total,17,Sesamum,Oilseeds,['Oil Seeds'],3,3,99999,773.0,Ha,Area
West Bengal,Cooch Behar,2022,2022-23,5,Final Estimate,1,Kharif,18,Nigerseed,Oilseeds,['Oil Seeds'],3,4,1,591.0,Kg/Ha,Yield
West Bengal,Cooch Behar,2022,2022-23,5,Final Estimate,1,Kharif,18,Nigerseed,Oilseeds,['Oil Seeds'],3,4,1,110.0,Ha,Area
West Bengal,Cooch Behar,2022,2022-23,5,Final Estimate,1,Kharif,18,Nigerseed,Oilseeds,['Oil Seeds'],3,4,1,65.0,Tonnes,Production
West Bengal,Cooch Behar,2022,2022-23,5,Final Estimate,99999,Total,18,Nigerseed,Oilseeds,['Oil Seeds'],3,4,99999,591.0,Kg/Ha,Yield
West Bengal,Cooch Behar,2022,2022-23,5,Final Estimate,99999,Total,18,Nigerseed,Oilseeds,['Oil Seeds'],3,4,99999,65.0,Tonnes,Production
West Bengal,Cooch Behar,2022,2022-23,5,Final Estimate,99999,Total,18,Nigerseed,Oilseeds,['Oil Seeds'],3,4,99999,110.0,Ha,Area
West Bengal,Cooch Behar,2022,2022-23,5,Final Estimate,1,Kharif,20,Sunflower,Oilseeds,['Oil Seeds'],3,6,1,72.0,Tonnes,Production
West Bengal,Cooch Behar,2022,2022-23,5,Final Estimate,1,Kharif,20,Sunflower,Oilseeds,['Oil Seeds'],3,6,1,1200.0,Kg/Ha,Yield
West Bengal,Cooch Behar,2022,2022-23,5,Final Estimate,1,Kharif,20,Sunflower,Oilseeds,['Oil Seeds'],3,6,1,60.0,Ha,Area
West Bengal,Cooch Behar,2023,2023-24,5,Final Estimate,3,Summer,20,Sunflower,Oilseeds,['Oil Seeds'],3,6,3,20.0,Ha,Area
West Bengal,Cooch Behar,2023,2023-24,5,Final Estimate,3,Summer,20,Sunflower,Oilseeds,['Oil Seeds'],3,6,3,1205.0,Kg/Ha,Yield
West Bengal,Cooch Behar,2023,2023-24,5,Final Estimate,3,Summer,20,Sunflower,Oilseeds,['Oil Seeds'],3,6,3,24.11,Tonnes,Production
West Bengal,Cooch Behar,2022,2022-23,5,Final Estimate,99999,Total,20,Sunflower,Oilseeds,['Oil Seeds'],3,6,99999,60.0,Ha,Area
West Bengal,Cooch Behar,2023,2023-24,5,Final Estimate,99999,Total,20,Sunflower,Oilseeds,['Oil Seeds'],3,6,99999,1205.0,Kg/Ha,Yield
West Bengal,Cooch Behar,2022,2022-23,5,Final Estimate,99999,Total,20,Sunflower,Oilseeds,['Oil Seeds'],3,6,99999,72.0,Tonnes,Production
West Bengal,Cooch Behar,2022,2022-23,5,Final Estimate,99999,Total,20,Sunflower,Oilseeds,['Oil Seeds'],3,6,99999,1200.0,Kg/Ha,Yield
West Bengal,Cooch Behar,2023,2023-24,5,Final Estimate,99999,Total,20,Sunflower,Oilseeds,['Oil Seeds'],3,6,99999,24.11,Tonnes,Production
West Bengal,Cooch Behar,2023,2023-24,5,Final Estimate,99999,Total,20,Sunflower,Oilseeds,['Oil Seeds'],3,6,99999,20.0,Ha,Area
West Bengal,Cooch Behar,2022,2022-23,5,Final Estimate,2,Rabi,21,Rapeseed & Mustard,Oilseeds,['Oil Seeds'],3,7,2,28993.0,Tonnes,Production
West Bengal,Cooch Behar,2022,2022-23,5,Final Estimate,2,Rabi,21,Rapeseed & Mustard,Oilseeds,['Oil Seeds'],3,7,2,39646.0,Ha,Area
West Bengal,Cooch Behar,2023,2023-24,5,Final Estimate,2,Rabi,21,Rapeseed & Mustard,Oilseeds,['Oil Seeds'],3,7,2,32366.22,Tonnes,Production
West Bengal,Cooch Behar,2023,2023-24,5,Final Estimate,2,Rabi,21,Rapeseed & Mustard,Oilseeds,['Oil Seeds'],3,7,2,35418.0,Ha,Area
West Bengal,Cooch Behar,2023,2023-24,5,Final Estimate,2,Rabi,21,Rapeseed & Mustard,Oilseeds,['Oil Seeds'],3,7,2,914.0,Kg/Ha,Yield
West Bengal,Cooch Behar,2022,2022-23,5,Final Estimate,2,Rabi,21,Rapeseed & Mustard,Oilseeds,['Oil Seeds'],3,7,2,731.0,Kg/Ha,Yield
West Bengal,Cooch Behar,2022,2022-23,5,Final Estimate,99999,Total,21,Rapeseed & Mustard,Oilseeds,['Oil Seeds'],3,7,99999,731.0,Kg/Ha,Yield
West Bengal,Cooch Behar,2022,2022-23,5,Final Estimate,99999,Total,21,Rapeseed & Mustard,Oilseeds,['Oil Seeds'],3,7,99999,39646.0,Ha,Area
West Bengal,Cooch Behar,2023,2023-24,5,Final Estimate,99999,Total,21,Rapeseed & Mustard,Oilseeds,['Oil Seeds'],3,7,99999,914.0,Kg/Ha,Yield
West Bengal,Cooch Behar,2023,2023-24,5,Final Estimate,99999,Total,21,Rapeseed & Mustard,Oilseeds,['Oil Seeds'],3,7,99999,32366.22,Tonnes,Production
West Bengal,Cooch Behar,2023,2023-24,5,Final Estimate,99999,Total,21,Rapeseed & Mustard,Oilseeds,['Oil Seeds'],3,7,99999,35418.0,Ha,Area
West Bengal,Cooch Behar,2022,2022-23,5,Final Estimate,99999,Total,21,Rapeseed & Mustard,Oilseeds,['Oil Seeds'],3,7,99999,28993.0,Tonnes,Production
West Bengal,Cooch Behar,2022,2022-23,5,Final Estimate,2,Rabi,22,Linseed,Oilseeds,['Oil Seeds'],3,8,2,381.0,Ha,Area
West Bengal,Cooch Behar,2022,2022-23,5,Final Estimate,2,Rabi,22,Linseed,Oilseeds,['Oil Seeds'],3,8,2,407.0,Kg/Ha,Yield
West Bengal,Cooch Behar,2022,2022-23,5,Final Estimate,2,Rabi,22,Linseed,Oilseeds,['Oil Seeds'],3,8,2,155.0,Tonnes,Production
West Bengal,Cooch Behar,2023,2023-24,5,Final Estimate,2,Rabi,22,Linseed,Oilseeds,['Oil Seeds'],3,8,2,190.89,Tonnes,Production
West Bengal,Cooch Behar,2023,2023-24,5,Final Estimate,2,Rabi,22,Linseed,Oilseeds,['Oil Seeds'],3,8,2,385.0,Ha,Area
West Bengal,Cooch Behar,2023,2023-24,5,Final Estimate,2,Rabi,22,Linseed,Oilseeds,['Oil Seeds'],3,8,2,496.0,Kg/Ha,Yield
West Bengal,Cooch Behar,2023,2023-24,5,Final Estimate,99999,Total,22,Linseed,Oilseeds,['Oil Seeds'],3,8,99999,190.89,Tonnes,Production
West Bengal,Cooch Behar,2023,2023-24,5,Final Estimate,99999,Total,22,Linseed,Oilseeds,['Oil Seeds'],3,8,99999,496.0,Kg/Ha,Yield
West Bengal,Cooch Behar,2022,2022-23,5,Final Estimate,99999,Total,22,Linseed,Oilseeds,['Oil Seeds'],3,8,99999,381.0,Ha,Area
West Bengal,Cooch Behar,2022,2022-23,5,Final Estimate,99999,Total,22,Linseed,Oilseeds,['Oil Seeds'],3,8,99999,155.0,Tonnes,Production
West Bengal,Cooch Behar,2022,2022-23,5,Final Estimate,99999,Total,22,Linseed,Oilseeds,['Oil Seeds'],3,8,99999,407.0,Kg/Ha,Yield
West Bengal,Cooch Behar,2023,2023-24,5,Final Estimate,99999,Total,22,Linseed,Oilseeds,['Oil Seeds'],3,8,99999,385.0,Ha,Area
West Bengal,Cooch Behar,2023,2023-24,5,Final Estimate,99999,Total,999,Total Oil Seeds,Oilseeds,['Oil Seeds'],3,999,99999,918.0,Kg/Ha,Yield
West Bengal,Cooch Behar,2023,2023-24,5,Final Estimate,99999,Total,999,Total Oil Seeds,Oilseeds,['Oil Seeds'],3,999,99999,36799.98,Ha,Area
West Bengal,Cooch Behar,2022,2022-23,5,Final Estimate,99999,Total,999,Total Oil Seeds,Oilseeds,['Oil Seeds'],3,999,99999,756.0,Kg/Ha,Yield
West Bengal,Cooch Behar,2022,2022-23,5,Final Estimate,99999,Total,999,Total Oil Seeds,Oilseeds,['Oil Seeds'],3,999,99999,31708.0,Tonnes,Production
West Bengal,Cooch Behar,2022,2022-23,5,Final Estimate,99999,Total,999,Total Oil Seeds,Oilseeds,['Oil Seeds'],3,999,99999,41915.0,Ha,Area
West Bengal,Cooch Behar,2023,2023-24,5,Final Estimate,99999,Total,999,Total Oil Seeds,Oilseeds,['Oil Seeds'],3,999,99999,33773.89,Tonnes,Production
West Bengal,Cooch Behar,2023,2023-24,5,Final Estimate,1,Kharif,28,Sugarcane,Commercial Crops,['Commercial Crops'],4,1001,1,172.0,Ha,Area
West Bengal,Cooch Behar,2022,2022-23,5,Final Estimate,1,Kharif,28,Sugarcane,Commercial Crops,['Commercial Crops'],4,1001,1,113.0,Ha,Area
West Bengal,Cooch Behar,2022,2022-23,5,Final Estimate,1,Kharif,28,Sugarcane,Commercial Crops,['Commercial Crops'],4,1001,1,8819.0,Tonnes,Production
West Bengal,Cooch Behar,2022,2022-23,5,Final Estimate,1,Kharif,28,Sugarcane,Commercial Crops,['Commercial Crops'],4,1001,1,78044.0,Kg/Ha,Yield
West Bengal,Cooch Behar,2023,2023-24,5,Final Estimate,1,Kharif,28,Sugarcane,Commercial Crops,['Commercial Crops'],4,1001,1,69100.0,Kg/Ha,Yield
West Bengal,Cooch Behar,2023,2023-24,5,Final Estimate,1,Kharif,28,Sugarcane,Commercial Crops,['Commercial Crops'],4,1001,1,11885.25,Tonnes,Production
West Bengal,Cooch Behar,2023,2023-24,5,Final Estimate,99999,Total,28,Sugarcane,Commercial Crops,['Commercial Crops'],4,1001,99999,11885.25,Tonnes,Production
West Bengal,Cooch Behar,2023,2023-24,5,Final Estimate,99999,Total,28,Sugarcane,Commercial Crops,['Commercial Crops'],4,1001,99999,69100.0,Kg/Ha,Yield
West Bengal,Cooch Behar,2023,2023-24,5,Final Estimate,99999,Total,28,Sugarcane,Commercial Crops,['Commercial Crops'],4,1001,99999,172.0,Ha,Area
West Bengal,Cooch Behar,2022,2022-23,5,Final Estimate,99999,Total,28,Sugarcane,Commercial Crops,['Commercial Crops'],4,1001,99999,78044.0,Kg/Ha,Yield
West Bengal,Cooch Behar,2022,2022-23,5,Final Estimate,99999,Total,28,Sugarcane,Commercial Crops,['Commercial Crops'],4,1001,99999,8819.0,Tonnes,Production
West Bengal,Cooch Behar,2022,2022-23,5,Final Estimate,99999,Total,28,Sugarcane,Commercial Crops,['Commercial Crops'],4,1001,99999,113.0,Ha,Area
West Bengal,Cooch Behar,2023,2023-24,5,Final Estimate,1,Kharif,26,Jute,Commercial Crops,['Commercial Crops'],4,1003,1,45023.0,Ha,Area
West Bengal,Cooch Behar,2023,2023-24,5,Final Estimate,1,Kharif,26,Jute,Commercial Crops,['Commercial Crops'],4,1003,1,638798.24,Tonnes,Production
West Bengal,Cooch Behar,2023,2023-24,5,Final Estimate,1,Kharif,26,Jute,Commercial Crops,['Commercial Crops'],4,1003,1,2554.0,Kg/Ha,Yield
West Bengal,Cooch Behar,2022,2022-23,5,Final Estimate,1,Kharif,26,Jute,Commercial Crops,['Commercial Crops'],4,1003,1,55022.0,Ha,Area
West Bengal,Cooch Behar,2022,2022-23,5,Final Estimate,1,Kharif,26,Jute,Commercial Crops,['Commercial Crops'],4,1003,1,616732.0,Tonnes,Production
West Bengal,Cooch Behar,2022,2022-23,5,Final Estimate,1,Kharif,26,Jute,Commercial Crops,['Commercial Crops'],4,1003,1,2018.0,Kg/Ha,Yield
West Bengal,Cooch Behar,2023,2023-24,5,Final Estimate,99999,Total,26,Jute,Commercial Crops,['Commercial Crops'],4,1003,99999,45023.0,Ha,Area
West Bengal,Cooch Behar,2022,2022-23,5,Final Estimate,99999,Total,26,Jute,Commercial Crops,['Commercial Crops'],4,1003,99999,616732.0,Tonnes,Production
West Bengal,Cooch Behar,2022,2022-23,5,Final Estimate,99999,Total,26,Jute,Commercial Crops,['Commercial Crops'],4,1003,99999,55022.0,Ha,Area
West Bengal,Cooch Behar,2023,2023-24,5,Final Estimate,99999,Total,26,Jute,Commercial Crops,['Commercial Crops'],4,1003,99999,2554.0,Kg/Ha,Yield
West Bengal,Cooch Behar,2022,2022-23,5,Final Estimate,99999,Total,26,Jute,Commercial Crops,['Commercial Crops'],4,1003,99999,2018.0,Kg/Ha,Yield
West Bengal,Cooch Behar,2023,2023-24,5,Final Estimate,99999,Total,26,Jute,Commercial Crops,['Commercial Crops'],4,1003,99999,638798.24,Tonnes,Production
West Bengal,Cooch Behar,2023,2023-24,5,Final Estimate,1,Kharif,27,Mesta,Commercial Crops,['Commercial Crops'],4,1004,1,2580.0,Kg/Ha,Yield
West Bengal,Cooch Behar,2023,2023-24,5,Final Estimate,1,Kharif,27,Mesta,Commercial Crops,['Commercial Crops'],4,1004,1,234.0,Ha,Area
West Bengal,Cooch Behar,2023,2023-24,5,Final Estimate,1,Kharif,27,Mesta,Commercial Crops,['Commercial Crops'],4,1004,1,3353.74,Tonnes,Production
West Bengal,Cooch Behar,2022,2022-23,5,Final Estimate,1,Kharif,27,Mesta,Commercial Crops,['Commercial Crops'],4,1004,1,2551.0,Kg/Ha,Yield
West Bengal,Cooch Behar,2022,2022-23,5,Final Estimate,1,Kharif,27,Mesta,Commercial Crops,['Commercial Crops'],4,1004,1,1998.0,Tonnes,Production
West Bengal,Cooch Behar,2022,2022-23,5,Final Estimate,1,Kharif,27,Mesta,Commercial Crops,['Commercial Crops'],4,1004,1,141.0,Ha,Area
West Bengal,Cooch Behar,2023,2023-24,5,Final Estimate,99999,Total,27,Mesta,Commercial Crops,['Commercial Crops'],4,1004,99999,234.0,Ha,Area
West Bengal,Cooch Behar,2023,2023-24,5,Final Estimate,99999,Total,27,Mesta,Commercial Crops,['Commercial Crops'],4,1004,99999,3353.74,Tonnes,Production
West Bengal,Cooch Behar,2022,2022-23,5,Final Estimate,99999,Total,27,Mesta,Commercial Crops,['Commercial Crops'],4,1004,99999,1998.0,Tonnes,Production
West Bengal,Cooch Behar,2022,2022-23,5,Final Estimate,99999,Total,27,Mesta,Commercial Crops,['Commercial Crops'],4,1004,99999,2551.0,Kg/Ha,Yield
West Bengal,Cooch Behar,2022,2022-23,5,Final Estimate,99999,Total,27,Mesta,Commercial Crops,['Commercial Crops'],4,1004,99999,141.0,Ha,Area
West Bengal,Cooch Behar,2023,2023-24,5,Final Estimate,99999,Total,27,Mesta,Commercial Crops,['Commercial Crops'],4,1004,99999,2580.0,Kg/Ha,Yield
West Bengal,Cooch Behar,2023,2023-24,5,Final Estimate,1,Kharif,1999,Jute & Mesta,Commercial Crops,['Commercial Crops'],4,1999,1,45257.0,Ha,Area
West Bengal,Cooch Behar,2022,2022-23,5,Final Estimate,1,Kharif,1999,Jute & Mesta,Commercial Crops,['Commercial Crops'],4,1999,1,618730.0,Tonnes,Production
West Bengal,Cooch Behar,2022,2022-23,5,Final Estimate,1,Kharif,1999,Jute & Mesta,Commercial Crops,['Commercial Crops'],4,1999,1,55163.0,Ha,Area
West Bengal,Cooch Behar,2023,2023-24,5,Final Estimate,1,Kharif,1999,Jute & Mesta,Commercial Crops,['Commercial Crops'],4,1999,1,642151.98,Tonnes,Production
West Bengal,Cooch Behar,2022,2022-23,5,Final Estimate,1,Kharif,1999,Jute & Mesta,Commercial Crops,['Commercial Crops'],4,1999,1,2019.0,Kg/Ha,Yield
West Bengal,Cooch Behar,2023,2023-24,5,Final Estimate,1,Kharif,1999,Jute & Mesta,Commercial Crops,['Commercial Crops'],4,1999,1,2554.0,Kg/Ha,Yield
West Bengal,Cooch Behar,2022,2022-23,5,Final Estimate,99999,Total,1999,Jute & Mesta,Commercial Crops,['Commercial Crops'],4,1999,99999,2019.0,Kg/Ha,Yield
West Bengal,Cooch Behar,2022,2022-23,5,Final Estimate,99999,Total,1999,Jute & Mesta,Commercial Crops,['Commercial Crops'],4,1999,99999,55163.0,Ha,Area
West Bengal,Cooch Behar,2023,2023-24,5,Final Estimate,99999,Total,1999,Jute & Mesta,Commercial Crops,['Commercial Crops'],4,1999,99999,642151.98,Tonnes,Production
West Bengal,Cooch Behar,2023,2023-24,5,Final Estimate,99999,Total,1999,Jute & Mesta,Commercial Crops,['Commercial Crops'],4,1999,99999,45257.0,Ha,Area
West Bengal,Cooch Behar,2023,2023-24,5,Final Estimate,99999,Total,1999,Jute & Mesta,Commercial Crops,['Commercial Crops'],4,1999,99999,2554.0,Kg/Ha,Yield
West Bengal,Cooch Behar,2022,2022-23,5,Final Estimate,99999,Total,1999,Jute & Mesta,Commercial Crops,['Commercial Crops'],4,1999,99999,618730.0,Tonnes,Production
West Bengal,Cooch Behar,2023,2023-24,5,Final Estimate,1,Kharif,29,Tobacco,Commercial Crops,['Commercial Crops'],4,5001,1,24149.84,Tonnes,Production
West Bengal,Cooch Behar,2023,2023-24,5,Final Estimate,1,Kharif,29,Tobacco,Commercial Crops,['Commercial Crops'],4,5001,1,1975.0,Kg/Ha,Yield
West Bengal,Cooch Behar,2023,2023-24,5,Final Estimate,1,Kharif,29,Tobacco,Commercial Crops,['Commercial Crops'],4,5001,1,12230.0,Ha,Area
West Bengal,Cooch Behar,2023,2023-24,5,Final Estimate,99999,Total,29,Tobacco,Commercial Crops,['Commercial Crops'],4,5001,99999,1975.0,Kg/Ha,Yield
West Bengal,Cooch Behar,2023,2023-24,5,Final Estimate,99999,Total,29,Tobacco,Commercial Crops,['Commercial Crops'],4,5001,99999,12230.0,Ha,Area
West Bengal,Cooch Behar,2023,2023-24,5,Final Estimate,99999,Total,29,Tobacco,Commercial Crops,['Commercial Crops'],4,5001,99999,24149.84,Tonnes,Production
West Bengal,Cooch Behar,2023,2023-24,5,Final Estimate,1,Kharif,30,Sannhemp,Commercial Crops,['Commercial Crops'],4,5002,1,1440.0,Kg/Ha,Yield
West Bengal,Cooch Behar,2023,2023-24,5,Final Estimate,1,Kharif,30,Sannhemp,Commercial Crops,['Commercial Crops'],4,5002,1,10.0,Ha,Area
West Bengal,Cooch Behar,2022,2022-23,5,Final Estimate,1,Kharif,30,Sannhemp,Commercial Crops,['Commercial Crops'],4,5002,1,8000.0,Kg/Ha,Yield
West Bengal,Cooch Behar,2022,2022-23,5,Final Estimate,1,Kharif,30,Sannhemp,Commercial Crops,['Commercial Crops'],4,5002,1,533.33,Tonnes,Production
West Bengal,Cooch Behar,2022,2022-23,5,Final Estimate,1,Kharif,30,Sannhemp,Commercial Crops,['Commercial Crops'],4,5002,1,12.0,Ha,Area
West Bengal,Cooch Behar,2023,2023-24,5,Final Estimate,1,Kharif,30,Sannhemp,Commercial Crops,['Commercial Crops'],4,5002,1,80.02,Tonnes,Production
West Bengal,Cooch Behar,2023,2023-24,5,Final Estimate,99999,Total,30,Sannhemp,Commercial Crops,['Commercial Crops'],4,5002,99999,80.02,Tonnes,Production
West Bengal,Cooch Behar,2022,2022-23,5,Final Estimate,99999,Total,30,Sannhemp,Commercial Crops,['Commercial Crops'],4,5002,99999,12.0,Ha,Area
West Bengal,Cooch Behar,2022,2022-23,5,Final Estimate,99999,Total,30,Sannhemp,Commercial Crops,['Commercial Crops'],4,5002,99999,8000.0,Kg/Ha,Yield
West Bengal,Cooch Behar,2022,2022-23,5,Final Estimate,99999,Total,30,Sannhemp,Commercial Crops,['Commercial Crops'],4,5002,99999,533.33,Tonnes,Production
West Bengal,Cooch Behar,2023,2023-24,5,Final Estimate,99999,Total,30,Sannhemp,Commercial Crops,['Commercial Crops'],4,5002,99999,1440.0,Kg/Ha,Yield
West Bengal,Cooch Behar,2023,2023-24,5,Final Estimate,99999,Total,30,Sannhemp,Commercial Crops,['Commercial Crops'],4,5002,99999,10.0,Ha,Area
West Bengal,Dakshin Dinajpur,2022,2022-23,5,Final Estimate,1,Kharif,1,Rice,Food Grains,['Cereals'],1,2001,1,552.0,Ha,Area
West Bengal,Dakshin Dinajpur,2023,2023-24,5,Final Estimate,1,Kharif,1,Rice,Food Grains,['Cereals'],1,2001,1,437277.95,Tonnes,Production
West Bengal,Dakshin Dinajpur,2023,2023-24,5,Final Estimate,1,Kharif,1,Rice,Food Grains,['Cereals'],1,2001,1,156952.36,Ha,Area
West Bengal,Dakshin Dinajpur,2023,2023-24,5,Final Estimate,1,Kharif,1,Rice,Food Grains,['Cereals'],1,2001,1,2786.0,Kg/Ha,Yield
West Bengal,Dakshin Dinajpur,2022,2022-23,5,Final Estimate,1,Kharif,1,Rice,Food Grains,['Cereals'],1,2001,1,1993.0,Kg/Ha,Yield
West Bengal,Dakshin Dinajpur,2022,2022-23,5,Final Estimate,1,Kharif,1,Rice,Food Grains,['Cereals'],1,2001,1,1100.0,Tonnes,Production
West Bengal,Dakshin Dinajpur,2022,2022-23,5,Final Estimate,2,Rabi,1,Rice,Food Grains,['Cereals'],1,2001,2,503881.0,Tonnes,Production
West Bengal,Dakshin Dinajpur,2022,2022-23,5,Final Estimate,2,Rabi,1,Rice,Food Grains,['Cereals'],1,2001,2,167589.0,Ha,Area
West Bengal,Dakshin Dinajpur,2022,2022-23,5,Final Estimate,2,Rabi,1,Rice,Food Grains,['Cereals'],1,2001,2,3007.0,Kg/Ha,Yield
West Bengal,Dakshin Dinajpur,2023,2023-24,5,Final Estimate,3,Summer,1,Rice,Food Grains,['Cereals'],1,2001,3,53510.07,Ha,Area
West Bengal,Dakshin Dinajpur,2023,2023-24,5,Final Estimate,3,Summer,1,Rice,Food Grains,['Cereals'],1,2001,3,3713.0,Kg/Ha,Yield
West Bengal,Dakshin Dinajpur,2022,2022-23,5,Final Estimate,3,Summer,1,Rice,Food Grains,['Cereals'],1,2001,3,3779.0,Kg/Ha,Yield
West Bengal,Dakshin Dinajpur,2023,2023-24,5,Final Estimate,3,Summer,1,Rice,Food Grains,['Cereals'],1,2001,3,198657.8,Tonnes,Production
West Bengal,Dakshin Dinajpur,2022,2022-23,5,Final Estimate,3,Summer,1,Rice,Food Grains,['Cereals'],1,2001,3,47916.0,Ha,Area
West Bengal,Dakshin Dinajpur,2022,2022-23,5,Final Estimate,3,Summer,1,Rice,Food Grains,['Cereals'],1,2001,3,181065.0,Tonnes,Production
West Bengal,Dakshin Dinajpur,2023,2023-24,5,Final Estimate,99999,Total,1,Rice,Food Grains,['Cereals'],1,2001,99999,3022.0,Kg/Ha,Yield
West Bengal,Dakshin Dinajpur,2023,2023-24,5,Final Estimate,99999,Total,1,Rice,Food Grains,['Cereals'],1,2001,99999,210462.43,Ha,Area
West Bengal,Dakshin Dinajpur,2022,2022-23,5,Final Estimate,99999,Total,1,Rice,Food Grains,['Cereals'],1,2001,99999,216057.0,Ha,Area
West Bengal,Dakshin Dinajpur,2023,2023-24,5,Final Estimate,99999,Total,1,Rice,Food Grains,['Cereals'],1,2001,99999,635935.75,Tonnes,Production
West Bengal,Dakshin Dinajpur,2022,2022-23,5,Final Estimate,99999,Total,1,Rice,Food Grains,['Cereals'],1,2001,99999,3175.0,Kg/Ha,Yield
West Bengal,Dakshin Dinajpur,2022,2022-23,5,Final Estimate,99999,Total,1,Rice,Food Grains,['Cereals'],1,2001,99999,686046.0,Tonnes,Production
West Bengal,Dakshin Dinajpur,2022,2022-23,5,Final Estimate,2,Rabi,2,Wheat,Food Grains,['Cereals'],1,2002,2,48347.0,Ha,Area
West Bengal,Dakshin Dinajpur,2023,2023-24,5,Final Estimate,2,Rabi,2,Wheat,Food Grains,['Cereals'],1,2002,2,192417.29,Tonnes,Production
West Bengal,Dakshin Dinajpur,2022,2022-23,5,Final Estimate,2,Rabi,2,Wheat,Food Grains,['Cereals'],1,2002,2,3514.0,Kg/Ha,Yield
West Bengal,Dakshin Dinajpur,2023,2023-24,5,Final Estimate,2,Rabi,2,Wheat,Food Grains,['Cereals'],1,2002,2,3491.0,Kg/Ha,Yield
West Bengal,Dakshin Dinajpur,2022,2022-23,5,Final Estimate,2,Rabi,2,Wheat,Food Grains,['Cereals'],1,2002,2,169893.0,Tonnes,Production
West Bengal,Dakshin Dinajpur,2023,2023-24,5,Final Estimate,2,Rabi,2,Wheat,Food Grains,['Cereals'],1,2002,2,55115.0,Ha,Area
West Bengal,Dakshin Dinajpur,2023,2023-24,5,Final Estimate,99999,Total,2,Wheat,Food Grains,['Cereals'],1,2002,99999,192417.29,Tonnes,Production
West Bengal,Dakshin Dinajpur,2023,2023-24,5,Final Estimate,99999,Total,2,Wheat,Food Grains,['Cereals'],1,2002,99999,55115.0,Ha,Area
West Bengal,Dakshin Dinajpur,2022,2022-23,5,Final Estimate,99999,Total,2,Wheat,Food Grains,['Cereals'],1,2002,99999,3514.0,Kg/Ha,Yield
West Bengal,Dakshin Dinajpur,2022,2022-23,5,Final Estimate,99999,Total,2,Wheat,Food Grains,['Cereals'],1,2002,99999,48347.0,Ha,Area
West Bengal,Dakshin Dinajpur,2022,2022-23,5,Final Estimate,99999,Total,2,Wheat,Food Grains,['Cereals'],1,2002,99999,169893.0,Tonnes,Production
West Bengal,Dakshin Dinajpur,2023,2023-24,5,Final Estimate,99999,Total,2,Wheat,Food Grains,['Cereals'],1,2002,99999,3491.0,Kg/Ha,Yield
West Bengal,Dakshin Dinajpur,2023,2023-24,5,Final Estimate,1,Kharif,5,Maize,Food Grains,['Cereals'],1,3001,1,135.81,Tonnes,Production
West Bengal,Dakshin Dinajpur,2022,2022-23,5,Final Estimate,1,Kharif,5,Maize,Food Grains,['Cereals'],1,3001,1,4348.0,Kg/Ha,Yield
West Bengal,Dakshin Dinajpur,2022,2022-23,5,Final Estimate,1,Kharif,5,Maize,Food Grains,['Cereals'],1,3001,1,100.0,Tonnes,Production
West Bengal,Dakshin Dinajpur,2022,2022-23,5,Final Estimate,1,Kharif,5,Maize,Food Grains,['Cereals'],1,3001,1,23.0,Ha,Area
West Bengal,Dakshin Dinajpur,2023,2023-24,5,Final Estimate,1,Kharif,5,Maize,Food Grains,['Cereals'],1,3001,1,5031.0,Kg/Ha,Yield
West Bengal,Dakshin Dinajpur,2023,2023-24,5,Final Estimate,1,Kharif,5,Maize,Food Grains,['Cereals'],1,3001,1,26.99,Ha,Area
West Bengal,Dakshin Dinajpur,2022,2022-23,5,Final Estimate,3,Summer,5,Maize,Food Grains,['Cereals'],1,3001,3,4598.0,Ha,Area
West Bengal,Dakshin Dinajpur,2023,2023-24,5,Final Estimate,3,Summer,5,Maize,Food Grains,['Cereals'],1,3001,3,33001.07,Tonnes,Production
West Bengal,Dakshin Dinajpur,2023,2023-24,5,Final Estimate,3,Summer,5,Maize,Food Grains,['Cereals'],1,3001,3,11620.0,Kg/Ha,Yield
West Bengal,Dakshin Dinajpur,2023,2023-24,5,Final Estimate,3,Summer,5,Maize,Food Grains,['Cereals'],1,3001,3,2840.04,Ha,Area
West Bengal,Dakshin Dinajpur,2022,2022-23,5,Final Estimate,3,Summer,5,Maize,Food Grains,['Cereals'],1,3001,3,57592.0,Tonnes,Production
West Bengal,Dakshin Dinajpur,2022,2022-23,5,Final Estimate,3,Summer,5,Maize,Food Grains,['Cereals'],1,3001,3,12525.0,Kg/Ha,Yield
West Bengal,Dakshin Dinajpur,2023,2023-24,5,Final Estimate,99999,Total,5,Maize,Food Grains,['Cereals'],1,3001,99999,11558.0,Kg/Ha,Yield
West Bengal,Dakshin Dinajpur,2023,2023-24,5,Final Estimate,99999,Total,5,Maize,Food Grains,['Cereals'],1,3001,99999,2867.03,Ha,Area
West Bengal,Dakshin Dinajpur,2023,2023-24,5,Final Estimate,99999,Total,5,Maize,Food Grains,['Cereals'],1,3001,99999,33136.88,Tonnes,Production
West Bengal,Dakshin Dinajpur,2022,2022-23,5,Final Estimate,99999,Total,5,Maize,Food Grains,['Cereals'],1,3001,99999,4621.0,Ha,Area
West Bengal,Dakshin Dinajpur,2022,2022-23,5,Final Estimate,99999,Total,5,Maize,Food Grains,['Cereals'],1,3001,99999,12485.0,Kg/Ha,Yield
West Bengal,Dakshin Dinajpur,2022,2022-23,5,Final Estimate,99999,Total,5,Maize,Food Grains,['Cereals'],1,3001,99999,57692.0,Tonnes,Production
West Bengal,Dakshin Dinajpur,2022,2022-23,5,Final Estimate,1,Kharif,3998,Nutri/Coarse Cereals,Food Grains,['Cereals'],1,3998,1,100.0,Tonnes,Production
West Bengal,Dakshin Dinajpur,2022,2022-23,5,Final Estimate,1,Kharif,3998,Nutri/Coarse Cereals,Food Grains,['Cereals'],1,3998,1,23.0,Ha,Area
West Bengal,Dakshin Dinajpur,2023,2023-24,5,Final Estimate,1,Kharif,3998,Nutri/Coarse Cereals,Food Grains,['Cereals'],1,3998,1,26.99,Ha,Area
West Bengal,Dakshin Dinajpur,2023,2023-24,5,Final Estimate,1,Kharif,3998,Nutri/Coarse Cereals,Food Grains,['Cereals'],1,3998,1,135.81,Tonnes,Production
West Bengal,Dakshin Dinajpur,2022,2022-23,5,Final Estimate,1,Kharif,3998,Nutri/Coarse Cereals,Food Grains,['Cereals'],1,3998,1,4348.0,Kg/Ha,Yield
West Bengal,Dakshin Dinajpur,2023,2023-24,5,Final Estimate,1,Kharif,3998,Nutri/Coarse Cereals,Food Grains,['Cereals'],1,3998,1,5031.0,Kg/Ha,Yield
West Bengal,Dakshin Dinajpur,2022,2022-23,5,Final Estimate,3,Summer,3998,Nutri/Coarse Cereals,Food Grains,['Cereals'],1,3998,3,4598.0,Ha,Area
West Bengal,Dakshin Dinajpur,2022,2022-23,5,Final Estimate,3,Summer,3998,Nutri/Coarse Cereals,Food Grains,['Cereals'],1,3998,3,57592.0,Tonnes,Production
West Bengal,Dakshin Dinajpur,2023,2023-24,5,Final Estimate,3,Summer,3998,Nutri/Coarse Cereals,Food Grains,['Cereals'],1,3998,3,2840.04,Ha,Area
West Bengal,Dakshin Dinajpur,2023,2023-24,5,Final Estimate,3,Summer,3998,Nutri/Coarse Cereals,Food Grains,['Cereals'],1,3998,3,11620.0,Kg/Ha,Yield
West Bengal,Dakshin Dinajpur,2023,2023-24,5,Final Estimate,3,Summer,3998,Nutri/Coarse Cereals,Food Grains,['Cereals'],1,3998,3,33001.07,Tonnes,Production
West Bengal,Dakshin Dinajpur,2022,2022-23,5,Final Estimate,3,Summer,3998,Nutri/Coarse Cereals,Food Grains,['Cereals'],1,3998,3,12525.0,Kg/Ha,Yield
West Bengal,Dakshin Dinajpur,2022,2022-23,5,Final Estimate,99999,Total,3998,Nutri/Coarse Cereals,Food Grains,['Cereals'],1,3998,99999,57692.0,Tonnes,Production
West Bengal,Dakshin Dinajpur,2022,2022-23,5,Final Estimate,99999,Total,3998,Nutri/Coarse Cereals,Food Grains,['Cereals'],1,3998,99999,4621.0,Ha,Area
West Bengal,Dakshin Dinajpur,2023,2023-24,5,Final Estimate,99999,Total,3998,Nutri/Coarse Cereals,Food Grains,['Cereals'],1,3998,99999,33136.88,Tonnes,Production
West Bengal,Dakshin Dinajpur,2022,2022-23,5,Final Estimate,99999,Total,3998,Nutri/Coarse Cereals,Food Grains,['Cereals'],1,3998,99999,12485.0,Kg/Ha,Yield
West Bengal,Dakshin Dinajpur,2023,2023-24,5,Final Estimate,99999,Total,3998,Nutri/Coarse Cereals,Food Grains,['Cereals'],1,3998,99999,11558.0,Kg/Ha,Yield
West Bengal,Dakshin Dinajpur,2023,2023-24,5,Final Estimate,99999,Total,3998,Nutri/Coarse Cereals,Food Grains,['Cereals'],1,3998,99999,2867.03,Ha,Area
West Bengal,Dakshin Dinajpur,2023,2023-24,5,Final Estimate,1,Kharif,3999,Cereals,Food Grains,['Cereals'],1,3999,1,2786.0,Kg/Ha,Yield
West Bengal,Dakshin Dinajpur,2022,2022-23,5,Final Estimate,1,Kharif,3999,Cereals,Food Grains,['Cereals'],1,3999,1,2087.0,Kg/Ha,Yield
West Bengal,Dakshin Dinajpur,2022,2022-23,5,Final Estimate,1,Kharif,3999,Cereals,Food Grains,['Cereals'],1,3999,1,1200.0,Tonnes,Production
West Bengal,Dakshin Dinajpur,2022,2022-23,5,Final Estimate,1,Kharif,3999,Cereals,Food Grains,['Cereals'],1,3999,1,575.0,Ha,Area
West Bengal,Dakshin Dinajpur,2023,2023-24,5,Final Estimate,1,Kharif,3999,Cereals,Food Grains,['Cereals'],1,3999,1,437413.75,Tonnes,Production
West Bengal,Dakshin Dinajpur,2023,2023-24,5,Final Estimate,1,Kharif,3999,Cereals,Food Grains,['Cereals'],1,3999,1,156979.35,Ha,Area
West Bengal,Dakshin Dinajpur,2022,2022-23,5,Final Estimate,2,Rabi,3999,Cereals,Food Grains,['Cereals'],1,3999,2,673774.0,Tonnes,Production
West Bengal,Dakshin Dinajpur,2023,2023-24,5,Final Estimate,2,Rabi,3999,Cereals,Food Grains,['Cereals'],1,3999,2,55115.0,Ha,Area
West Bengal,Dakshin Dinajpur,2023,2023-24,5,Final Estimate,2,Rabi,3999,Cereals,Food Grains,['Cereals'],1,3999,2,192417.29,Tonnes,Production
West Bengal,Dakshin Dinajpur,2022,2022-23,5,Final Estimate,2,Rabi,3999,Cereals,Food Grains,['Cereals'],1,3999,2,3120.0,Kg/Ha,Yield
West Bengal,Dakshin Dinajpur,2023,2023-24,5,Final Estimate,2,Rabi,3999,Cereals,Food Grains,['Cereals'],1,3999,2,3491.0,Kg/Ha,Yield
West Bengal,Dakshin Dinajpur,2022,2022-23,5,Final Estimate,2,Rabi,3999,Cereals,Food Grains,['Cereals'],1,3999,2,215936.0,Ha,Area
West Bengal,Dakshin Dinajpur,2023,2023-24,5,Final Estimate,3,Summer,3999,Cereals,Food Grains,['Cereals'],1,3999,3,4111.0,Kg/Ha,Yield
West Bengal,Dakshin Dinajpur,2022,2022-23,5,Final Estimate,3,Summer,3999,Cereals,Food Grains,['Cereals'],1,3999,3,4545.0,Kg/Ha,Yield
West Bengal,Dakshin Dinajpur,2022,2022-23,5,Final Estimate,3,Summer,3999,Cereals,Food Grains,['Cereals'],1,3999,3,52514.0,Ha,Area
West Bengal,Dakshin Dinajpur,2022,2022-23,5,Final Estimate,3,Summer,3999,Cereals,Food Grains,['Cereals'],1,3999,3,238657.0,Tonnes,Production
West Bengal,Dakshin Dinajpur,2023,2023-24,5,Final Estimate,3,Summer,3999,Cereals,Food Grains,['Cereals'],1,3999,3,56350.11,Ha,Area
West Bengal,Dakshin Dinajpur,2023,2023-24,5,Final Estimate,3,Summer,3999,Cereals,Food Grains,['Cereals'],1,3999,3,231658.87,Tonnes,Production
West Bengal,Dakshin Dinajpur,2023,2023-24,5,Final Estimate,99999,Total,3999,Cereals,Food Grains,['Cereals'],1,3999,99999,861489.92,Tonnes,Production
West Bengal,Dakshin Dinajpur,2023,2023-24,5,Final Estimate,99999,Total,3999,Cereals,Food Grains,['Cereals'],1,3999,99999,268444.46,Ha,Area
West Bengal,Dakshin Dinajpur,2023,2023-24,5,Final Estimate,99999,Total,3999,Cereals,Food Grains,['Cereals'],1,3999,99999,3209.0,Kg/Ha,Yield
West Bengal,Dakshin Dinajpur,2022,2022-23,5,Final Estimate,99999,Total,3999,Cereals,Food Grains,['Cereals'],1,3999,99999,913631.0,Tonnes,Production
West Bengal,Dakshin Dinajpur,2022,2022-23,5,Final Estimate,99999,Total,3999,Cereals,Food Grains,['Cereals'],1,3999,99999,269025.0,Ha,Area
West Bengal,Dakshin Dinajpur,2022,2022-23,5,Final Estimate,99999,Total,3999,Cereals,Food Grains,['Cereals'],1,3999,99999,3396.0,Kg/Ha,Yield
West Bengal,Dakshin Dinajpur,2022,2022-23,5,Final Estimate,2,Rabi,9,Tur,Food Grains,['Pulses'],2,4001,2,2106.0,Kg/Ha,Yield
West Bengal,Dakshin Dinajpur,2022,2022-23,5,Final Estimate,2,Rabi,9,Tur,Food Grains,['Pulses'],2,4001,2,47.0,Ha,Area
West Bengal,Dakshin Dinajpur,2022,2022-23,5,Final Estimate,2,Rabi,9,Tur,Food Grains,['Pulses'],2,4001,2,99.0,Tonnes,Production
West Bengal,Dakshin Dinajpur,2022,2022-23,5,Final Estimate,99999,Total,9,Tur,Food Grains,['Pulses'],2,4001,99999,47.0,Ha,Area
West Bengal,Dakshin Dinajpur,2022,2022-23,5,Final Estimate,99999,Total,9,Tur,Food Grains,['Pulses'],2,4001,99999,2106.0,Kg/Ha,Yield
West Bengal,Dakshin Dinajpur,2022,2022-23,5,Final Estimate,99999,Total,9,Tur,Food Grains,['Pulses'],2,4001,99999,99.0,Tonnes,Production
West Bengal,Dakshin Dinajpur,2023,2023-24,5,Final Estimate,2,Rabi,10,Gram,Food Grains,['Pulses'],2,4002,2,58.32,Tonnes,Production
West Bengal,Dakshin Dinajpur,2022,2022-23,5,Final Estimate,2,Rabi,10,Gram,Food Grains,['Pulses'],2,4002,2,267.0,Ha,Area
West Bengal,Dakshin Dinajpur,2022,2022-23,5,Final Estimate,2,Rabi,10,Gram,Food Grains,['Pulses'],2,4002,2,308.0,Tonnes,Production
West Bengal,Dakshin Dinajpur,2023,2023-24,5,Final Estimate,2,Rabi,10,Gram,Food Grains,['Pulses'],2,4002,2,1122.0,Kg/Ha,Yield
West Bengal,Dakshin Dinajpur,2022,2022-23,5,Final Estimate,2,Rabi,10,Gram,Food Grains,['Pulses'],2,4002,2,1154.0,Kg/Ha,Yield
West Bengal,Dakshin Dinajpur,2023,2023-24,5,Final Estimate,2,Rabi,10,Gram,Food Grains,['Pulses'],2,4002,2,52.0,Ha,Area
West Bengal,Dakshin Dinajpur,2022,2022-23,5,Final Estimate,99999,Total,10,Gram,Food Grains,['Pulses'],2,4002,99999,267.0,Ha,Area
West Bengal,Dakshin Dinajpur,2023,2023-24,5,Final Estimate,99999,Total,10,Gram,Food Grains,['Pulses'],2,4002,99999,58.32,Tonnes,Production
West Bengal,Dakshin Dinajpur,2023,2023-24,5,Final Estimate,99999,Total,10,Gram,Food Grains,['Pulses'],2,4002,99999,52.0,Ha,Area
West Bengal,Dakshin Dinajpur,2022,2022-23,5,Final Estimate,99999,Total,10,Gram,Food Grains,['Pulses'],2,4002,99999,1154.0,Kg/Ha,Yield
West Bengal,Dakshin Dinajpur,2022,2022-23,5,Final Estimate,99999,Total,10,Gram,Food Grains,['Pulses'],2,4002,99999,308.0,Tonnes,Production
West Bengal,Dakshin Dinajpur,2023,2023-24,5,Final Estimate,99999,Total,10,Gram,Food Grains,['Pulses'],2,4002,99999,1122.0,Kg/Ha,Yield
West Bengal,Dakshin Dinajpur,2023,2023-24,5,Final Estimate,1,Kharif,11,Urad,Food Grains,['Pulses'],2,4003,1,915.0,Ha,Area
West Bengal,Dakshin Dinajpur,2022,2022-23,5,Final Estimate,1,Kharif,11,Urad,Food Grains,['Pulses'],2,4003,1,441.0,Tonnes,Production
West Bengal,Dakshin Dinajpur,2022,2022-23,5,Final Estimate,1,Kharif,11,Urad,Food Grains,['Pulses'],2,4003,1,489.0,Kg/Ha,Yield
West Bengal,Dakshin Dinajpur,2022,2022-23,5,Final Estimate,1,Kharif,11,Urad,Food Grains,['Pulses'],2,4003,1,901.0,Ha,Area
West Bengal,Dakshin Dinajpur,2023,2023-24,5,Final Estimate,1,Kharif,11,Urad,Food Grains,['Pulses'],2,4003,1,541.91,Tonnes,Production
West Bengal,Dakshin Dinajpur,2023,2023-24,5,Final Estimate,1,Kharif,11,Urad,Food Grains,['Pulses'],2,4003,1,592.0,Kg/Ha,Yield
West Bengal,Dakshin Dinajpur,2022,2022-23,5,Final Estimate,99999,Total,11,Urad,Food Grains,['Pulses'],2,4003,99999,489.0,Kg/Ha,Yield
West Bengal,Dakshin Dinajpur,2022,2022-23,5,Final Estimate,99999,Total,11,Urad,Food Grains,['Pulses'],2,4003,99999,901.0,Ha,Area
West Bengal,Dakshin Dinajpur,2023,2023-24,5,Final Estimate,99999,Total,11,Urad,Food Grains,['Pulses'],2,4003,99999,915.0,Ha,Area
West Bengal,Dakshin Dinajpur,2023,2023-24,5,Final Estimate,99999,Total,11,Urad,Food Grains,['Pulses'],2,4003,99999,592.0,Kg/Ha,Yield
West Bengal,Dakshin Dinajpur,2023,2023-24,5,Final Estimate,99999,Total,11,Urad,Food Grains,['Pulses'],2,4003,99999,541.91,Tonnes,Production
West Bengal,Dakshin Dinajpur,2022,2022-23,5,Final Estimate,99999,Total,11,Urad,Food Grains,['Pulses'],2,4003,99999,441.0,Tonnes,Production
West Bengal,Dakshin Dinajpur,2023,2023-24,5,Final Estimate,3,Summer,12,Moong,Food Grains,['Pulses'],2,4004,3,26.0,Ha,Area
West Bengal,Dakshin Dinajpur,2023,2023-24,5,Final Estimate,3,Summer,12,Moong,Food Grains,['Pulses'],2,4004,3,51.77,Tonnes,Production
West Bengal,Dakshin Dinajpur,2022,2022-23,5,Final Estimate,3,Summer,12,Moong,Food Grains,['Pulses'],2,4004,3,235.0,Ha,Area
West Bengal,Dakshin Dinajpur,2023,2023-24,5,Final Estimate,3,Summer,12,Moong,Food Grains,['Pulses'],2,4004,3,1991.0,Kg/Ha,Yield
West Bengal,Dakshin Dinajpur,2022,2022-23,5,Final Estimate,3,Summer,12,Moong,Food Grains,['Pulses'],2,4004,3,1655.0,Kg/Ha,Yield
West Bengal,Dakshin Dinajpur,2022,2022-23,5,Final Estimate,3,Summer,12,Moong,Food Grains,['Pulses'],2,4004,3,389.0,Tonnes,Production
West Bengal,Dakshin Dinajpur,2023,2023-24,5,Final Estimate,99999,Total,12,Moong,Food Grains,['Pulses'],2,4004,99999,26.0,Ha,Area
West Bengal,Dakshin Dinajpur,2022,2022-23,5,Final Estimate,99999,Total,12,Moong,Food Grains,['Pulses'],2,4004,99999,1655.0,Kg/Ha,Yield
West Bengal,Dakshin Dinajpur,2023,2023-24,5,Final Estimate,99999,Total,12,Moong,Food Grains,['Pulses'],2,4004,99999,1991.0,Kg/Ha,Yield
West Bengal,Dakshin Dinajpur,2022,2022-23,5,Final Estimate,99999,Total,12,Moong,Food Grains,['Pulses'],2,4004,99999,389.0,Tonnes,Production
West Bengal,Dakshin Dinajpur,2022,2022-23,5,Final Estimate,99999,Total,12,Moong,Food Grains,['Pulses'],2,4004,99999,235.0,Ha,Area
West Bengal,Dakshin Dinajpur,2023,2023-24,5,Final Estimate,99999,Total,12,Moong,Food Grains,['Pulses'],2,4004,99999,51.77,Tonnes,Production
West Bengal,Dakshin Dinajpur,2022,2022-23,5,Final Estimate,2,Rabi,13,Lentil,Food Grains,['Pulses'],2,4005,2,6288.0,Ha,Area
West Bengal,Dakshin Dinajpur,2022,2022-23,5,Final Estimate,2,Rabi,13,Lentil,Food Grains,['Pulses'],2,4005,2,844.0,Kg/Ha,Yield
West Bengal,Dakshin Dinajpur,2022,2022-23,5,Final Estimate,2,Rabi,13,Lentil,Food Grains,['Pulses'],2,4005,2,5310.0,Tonnes,Production
West Bengal,Dakshin Dinajpur,2023,2023-24,5,Final Estimate,2,Rabi,13,Lentil,Food Grains,['Pulses'],2,4005,2,3434.38,Tonnes,Production
West Bengal,Dakshin Dinajpur,2023,2023-24,5,Final Estimate,2,Rabi,13,Lentil,Food Grains,['Pulses'],2,4005,2,868.0,Kg/Ha,Yield
West Bengal,Dakshin Dinajpur,2023,2023-24,5,Final Estimate,2,Rabi,13,Lentil,Food Grains,['Pulses'],2,4005,2,3955.0,Ha,Area
West Bengal,Dakshin Dinajpur,2022,2022-23,5,Final Estimate,99999,Total,13,Lentil,Food Grains,['Pulses'],2,4005,99999,844.0,Kg/Ha,Yield
West Bengal,Dakshin Dinajpur,2022,2022-23,5,Final Estimate,99999,Total,13,Lentil,Food Grains,['Pulses'],2,4005,99999,6288.0,Ha,Area
West Bengal,Dakshin Dinajpur,2023,2023-24,5,Final Estimate,99999,Total,13,Lentil,Food Grains,['Pulses'],2,4005,99999,3955.0,Ha,Area
West Bengal,Dakshin Dinajpur,2023,2023-24,5,Final Estimate,99999,Total,13,Lentil,Food Grains,['Pulses'],2,4005,99999,3434.38,Tonnes,Production
West Bengal,Dakshin Dinajpur,2023,2023-24,5,Final Estimate,99999,Total,13,Lentil,Food Grains,['Pulses'],2,4005,99999,868.0,Kg/Ha,Yield
West Bengal,Dakshin Dinajpur,2022,2022-23,5,Final Estimate,99999,Total,13,Lentil,Food Grains,['Pulses'],2,4005,99999,5310.0,Tonnes,Production
West Bengal,Dakshin Dinajpur,2023,2023-24,5,Final Estimate,2,Rabi,14,Other Pulses,Food Grains,['Pulses'],2,4006,2,1441.87,Tonnes,Production
West Bengal,Dakshin Dinajpur,2022,2022-23,5,Final Estimate,2,Rabi,14,Other Pulses,Food Grains,['Pulses'],2,4006,2,1024.0,Kg/Ha,Yield
West Bengal,Dakshin Dinajpur,2023,2023-24,5,Final Estimate,2,Rabi,14,Other Pulses,Food Grains,['Pulses'],2,4006,2,1496.0,Ha,Area
West Bengal,Dakshin Dinajpur,2022,2022-23,5,Final Estimate,2,Rabi,14,Other Pulses,Food Grains,['Pulses'],2,4006,2,2623.0,Tonnes,Production
West Bengal,Dakshin Dinajpur,2022,2022-23,5,Final Estimate,2,Rabi,14,Other Pulses,Food Grains,['Pulses'],2,4006,2,2562.0,Ha,Area
West Bengal,Dakshin Dinajpur,2023,2023-24,5,Final Estimate,2,Rabi,14,Other Pulses,Food Grains,['Pulses'],2,4006,2,964.0,Kg/Ha,Yield
West Bengal,Dakshin Dinajpur,2023,2023-24,5,Final Estimate,99999,Total,14,Other Pulses,Food Grains,['Pulses'],2,4006,99999,1441.87,Tonnes,Production
West Bengal,Dakshin Dinajpur,2023,2023-24,5,Final Estimate,99999,Total,14,Other Pulses,Food Grains,['Pulses'],2,4006,99999,1496.0,Ha,Area
West Bengal,Dakshin Dinajpur,2023,2023-24,5,Final Estimate,99999,Total,14,Other Pulses,Food Grains,['Pulses'],2,4006,99999,964.0,Kg/Ha,Yield
West Bengal,Dakshin Dinajpur,2022,2022-23,5,Final Estimate,99999,Total,14,Other Pulses,Food Grains,['Pulses'],2,4006,99999,1024.0,Kg/Ha,Yield
West Bengal,Dakshin Dinajpur,2022,2022-23,5,Final Estimate,99999,Total,14,Other Pulses,Food Grains,['Pulses'],2,4006,99999,2562.0,Ha,Area
West Bengal,Dakshin Dinajpur,2022,2022-23,5,Final Estimate,99999,Total,14,Other Pulses,Food Grains,['Pulses'],2,4006,99999,2623.0,Tonnes,Production
West Bengal,Dakshin Dinajpur,2022,2022-23,5,Final Estimate,99999,Total,4998,Total Pulses,Food Grains,['Pulses'],2,4998,99999,10300.0,Ha,Area
West Bengal,Dakshin Dinajpur,2023,2023-24,5,Final Estimate,99999,Total,4998,Total Pulses,Food Grains,['Pulses'],2,4998,99999,6444.0,Ha,Area
West Bengal,Dakshin Dinajpur,2023,2023-24,5,Final Estimate,99999,Total,4998,Total Pulses,Food Grains,['Pulses'],2,4998,99999,5528.25,Tonnes,Production
West Bengal,Dakshin Dinajpur,2023,2023-24,5,Final Estimate,99999,Total,4998,Total Pulses,Food Grains,['Pulses'],2,4998,99999,858.0,Kg/Ha,Yield
West Bengal,Dakshin Dinajpur,2022,2022-23,5,Final Estimate,99999,Total,4998,Total Pulses,Food Grains,['Pulses'],2,4998,99999,9170.0,Tonnes,Production
West Bengal,Dakshin Dinajpur,2022,2022-23,5,Final Estimate,99999,Total,4998,Total Pulses,Food Grains,['Pulses'],2,4998,99999,890.0,Kg/Ha,Yield
West Bengal,Dakshin Dinajpur,2023,2023-24,5,Final Estimate,1,Kharif,4999,Total Food Grains,Food Grains,"['Cereals', 'Pulses']",2,4999,1,157894.35,Ha,Area
West Bengal,Dakshin Dinajpur,2023,2023-24,5,Final Estimate,1,Kharif,4999,Total Food Grains,Food Grains,"['Cereals', 'Pulses']",2,4999,1,437955.66,Tonnes,Production
West Bengal,Dakshin Dinajpur,2022,2022-23,5,Final Estimate,1,Kharif,4999,Total Food Grains,Food Grains,"['Cereals', 'Pulses']",2,4999,1,1112.0,Kg/Ha,Yield
West Bengal,Dakshin Dinajpur,2022,2022-23,5,Final Estimate,1,Kharif,4999,Total Food Grains,Food Grains,"['Cereals', 'Pulses']",2,4999,1,1476.0,Ha,Area
West Bengal,Dakshin Dinajpur,2022,2022-23,5,Final Estimate,1,Kharif,4999,Total Food Grains,Food Grains,"['Cereals', 'Pulses']",2,4999,1,1641.0,Tonnes,Production
West Bengal,Dakshin Dinajpur,2023,2023-24,5,Final Estimate,1,Kharif,4999,Total Food Grains,Food Grains,"['Cereals', 'Pulses']",2,4999,1,2774.0,Kg/Ha,Yield
West Bengal,Dakshin Dinajpur,2022,2022-23,5,Final Estimate,2,Rabi,4999,Total Food Grains,Food Grains,"['Cereals', 'Pulses']",2,4999,2,682114.0,Tonnes,Production
West Bengal,Dakshin Dinajpur,2023,2023-24,5,Final Estimate,2,Rabi,4999,Total Food Grains,Food Grains,"['Cereals', 'Pulses']",2,4999,2,197351.86,Tonnes,Production
West Bengal,Dakshin Dinajpur,2023,2023-24,5,Final Estimate,2,Rabi,4999,Total Food Grains,Food Grains,"['Cereals', 'Pulses']",2,4999,2,3256.0,Kg/Ha,Yield
West Bengal,Dakshin Dinajpur,2023,2023-24,5,Final Estimate,2,Rabi,4999,Total Food Grains,Food Grains,"['Cereals', 'Pulses']",2,4999,2,60618.0,Ha,Area
West Bengal,Dakshin Dinajpur,2022,2022-23,5,Final Estimate,2,Rabi,4999,Total Food Grains,Food Grains,"['Cereals', 'Pulses']",2,4999,2,3030.0,Kg/Ha,Yield
West Bengal,Dakshin Dinajpur,2022,2022-23,5,Final Estimate,2,Rabi,4999,Total Food Grains,Food Grains,"['Cereals', 'Pulses']",2,4999,2,225100.0,Ha,Area
West Bengal,Dakshin Dinajpur,2023,2023-24,5,Final Estimate,3,Summer,4999,Total Food Grains,Food Grains,"['Cereals', 'Pulses']",2,4999,3,231710.64,Tonnes,Production
West Bengal,Dakshin Dinajpur,2022,2022-23,5,Final Estimate,3,Summer,4999,Total Food Grains,Food Grains,"['Cereals', 'Pulses']",2,4999,3,4532.0,Kg/Ha,Yield
West Bengal,Dakshin Dinajpur,2023,2023-24,5,Final Estimate,3,Summer,4999,Total Food Grains,Food Grains,"['Cereals', 'Pulses']",2,4999,3,4110.0,Kg/Ha,Yield
West Bengal,Dakshin Dinajpur,2023,2023-24,5,Final Estimate,3,Summer,4999,Total Food Grains,Food Grains,"['Cereals', 'Pulses']",2,4999,3,56376.11,Ha,Area
West Bengal,Dakshin Dinajpur,2022,2022-23,5,Final Estimate,3,Summer,4999,Total Food Grains,Food Grains,"['Cereals', 'Pulses']",2,4999,3,52749.0,Ha,Area
West Bengal,Dakshin Dinajpur,2022,2022-23,5,Final Estimate,3,Summer,4999,Total Food Grains,Food Grains,"['Cereals', 'Pulses']",2,4999,3,239046.0,Tonnes,Production
West Bengal,Dakshin Dinajpur,2022,2022-23,5,Final Estimate,99999,Total,4999,Total Food Grains,Food Grains,"['Cereals', 'Pulses']",2,4999,99999,922801.0,Tonnes,Production
West Bengal,Dakshin Dinajpur,2023,2023-24,5,Final Estimate,99999,Total,4999,Total Food Grains,Food Grains,"['Cereals', 'Pulses']",2,4999,99999,274888.46,Ha,Area
West Bengal,Dakshin Dinajpur,2022,2022-23,5,Final Estimate,99999,Total,4999,Total Food Grains,Food Grains,"['Cereals', 'Pulses']",2,4999,99999,3304.0,Kg/Ha,Yield
West Bengal,Dakshin Dinajpur,2022,2022-23,5,Final Estimate,99999,Total,4999,Total Food Grains,Food Grains,"['Cereals', 'Pulses']",2,4999,99999,279325.0,Ha,Area
West Bengal,Dakshin Dinajpur,2023,2023-24,5,Final Estimate,99999,Total,4999,Total Food Grains,Food Grains,"['Cereals', 'Pulses']",2,4999,99999,867018.17,Tonnes,Production
West Bengal,Dakshin Dinajpur,2023,2023-24,5,Final Estimate,99999,Total,4999,Total Food Grains,Food Grains,"['Cereals', 'Pulses']",2,4999,99999,3154.0,Kg/Ha,Yield
West Bengal,Dakshin Dinajpur,2023,2023-24,5,Final Estimate,3,Summer,15,Groundnut,Oilseeds,['Oil Seeds'],3,1,3,145.35,Tonnes,Production
West Bengal,Dakshin Dinajpur,2022,2022-23,5,Final Estimate,3,Summer,15,Groundnut,Oilseeds,['Oil Seeds'],3,1,3,157.0,Tonnes,Production
West Bengal,Dakshin Dinajpur,2022,2022-23,5,Final Estimate,3,Summer,15,Groundnut,Oilseeds,['Oil Seeds'],3,1,3,1389.0,Kg/Ha,Yield
West Bengal,Dakshin Dinajpur,2023,2023-24,5,Final Estimate,3,Summer,15,Groundnut,Oilseeds,['Oil Seeds'],3,1,3,93.99,Ha,Area
West Bengal,Dakshin Dinajpur,2022,2022-23,5,Final Estimate,3,Summer,15,Groundnut,Oilseeds,['Oil Seeds'],3,1,3,113.0,Ha,Area
West Bengal,Dakshin Dinajpur,2023,2023-24,5,Final Estimate,3,Summer,15,Groundnut,Oilseeds,['Oil Seeds'],3,1,3,1546.0,Kg/Ha,Yield
West Bengal,Dakshin Dinajpur,2022,2022-23,5,Final Estimate,99999,Total,15,Groundnut,Oilseeds,['Oil Seeds'],3,1,99999,157.0,Tonnes,Production
West Bengal,Dakshin Dinajpur,2023,2023-24,5,Final Estimate,99999,Total,15,Groundnut,Oilseeds,['Oil Seeds'],3,1,99999,93.99,Ha,Area
West Bengal,Dakshin Dinajpur,2023,2023-24,5,Final Estimate,99999,Total,15,Groundnut,Oilseeds,['Oil Seeds'],3,1,99999,1546.0,Kg/Ha,Yield
West Bengal,Dakshin Dinajpur,2023,2023-24,5,Final Estimate,99999,Total,15,Groundnut,Oilseeds,['Oil Seeds'],3,1,99999,145.35,Tonnes,Production
West Bengal,Dakshin Dinajpur,2022,2022-23,5,Final Estimate,99999,Total,15,Groundnut,Oilseeds,['Oil Seeds'],3,1,99999,1389.0,Kg/Ha,Yield
West Bengal,Dakshin Dinajpur,2022,2022-23,5,Final Estimate,99999,Total,15,Groundnut,Oilseeds,['Oil Seeds'],3,1,99999,113.0,Ha,Area
West Bengal,Dakshin Dinajpur,2023,2023-24,5,Final Estimate,1,Kharif,17,Sesamum,Oilseeds,['Oil Seeds'],3,3,1,12.11,Tonnes,Production
West Bengal,Dakshin Dinajpur,2023,2023-24,5,Final Estimate,1,Kharif,17,Sesamum,Oilseeds,['Oil Seeds'],3,3,1,20.0,Ha,Area
West Bengal,Dakshin Dinajpur,2023,2023-24,5,Final Estimate,1,Kharif,17,Sesamum,Oilseeds,['Oil Seeds'],3,3,1,606.0,Kg/Ha,Yield
West Bengal,Dakshin Dinajpur,2022,2022-23,5,Final Estimate,2,Rabi,17,Sesamum,Oilseeds,['Oil Seeds'],3,3,2,629.0,Kg/Ha,Yield
West Bengal,Dakshin Dinajpur,2022,2022-23,5,Final Estimate,2,Rabi,17,Sesamum,Oilseeds,['Oil Seeds'],3,3,2,22.0,Tonnes,Production
West Bengal,Dakshin Dinajpur,2022,2022-23,5,Final Estimate,2,Rabi,17,Sesamum,Oilseeds,['Oil Seeds'],3,3,2,35.0,Ha,Area
West Bengal,Dakshin Dinajpur,2022,2022-23,5,Final Estimate,3,Summer,17,Sesamum,Oilseeds,['Oil Seeds'],3,3,3,72.0,Tonnes,Production
West Bengal,Dakshin Dinajpur,2023,2023-24,5,Final Estimate,3,Summer,17,Sesamum,Oilseeds,['Oil Seeds'],3,3,3,59.58,Tonnes,Production
West Bengal,Dakshin Dinajpur,2023,2023-24,5,Final Estimate,3,Summer,17,Sesamum,Oilseeds,['Oil Seeds'],3,3,3,62.0,Ha,Area
West Bengal,Dakshin Dinajpur,2023,2023-24,5,Final Estimate,3,Summer,17,Sesamum,Oilseeds,['Oil Seeds'],3,3,3,961.0,Kg/Ha,Yield
West Bengal,Dakshin Dinajpur,2022,2022-23,5,Final Estimate,3,Summer,17,Sesamum,Oilseeds,['Oil Seeds'],3,3,3,857.0,Kg/Ha,Yield
West Bengal,Dakshin Dinajpur,2022,2022-23,5,Final Estimate,3,Summer,17,Sesamum,Oilseeds,['Oil Seeds'],3,3,3,84.0,Ha,Area
West Bengal,Dakshin Dinajpur,2023,2023-24,5,Final Estimate,99999,Total,17,Sesamum,Oilseeds,['Oil Seeds'],3,3,99999,71.69,Tonnes,Production
West Bengal,Dakshin Dinajpur,2023,2023-24,5,Final Estimate,99999,Total,17,Sesamum,Oilseeds,['Oil Seeds'],3,3,99999,874.0,Kg/Ha,Yield
West Bengal,Dakshin Dinajpur,2022,2022-23,5,Final Estimate,99999,Total,17,Sesamum,Oilseeds,['Oil Seeds'],3,3,99999,94.0,Tonnes,Production
West Bengal,Dakshin Dinajpur,2022,2022-23,5,Final Estimate,99999,Total,17,Sesamum,Oilseeds,['Oil Seeds'],3,3,99999,790.0,Kg/Ha,Yield
West Bengal,Dakshin Dinajpur,2022,2022-23,5,Final Estimate,99999,Total,17,Sesamum,Oilseeds,['Oil Seeds'],3,3,99999,119.0,Ha,Area
West Bengal,Dakshin Dinajpur,2023,2023-24,5,Final Estimate,99999,Total,17,Sesamum,Oilseeds,['Oil Seeds'],3,3,99999,82.0,Ha,Area
West Bengal,Dakshin Dinajpur,2023,2023-24,5,Final Estimate,2,Rabi,21,Rapeseed & Mustard,Oilseeds,['Oil Seeds'],3,7,2,106840.84,Tonnes,Production
West Bengal,Dakshin Dinajpur,2022,2022-23,5,Final Estimate,2,Rabi,21,Rapeseed & Mustard,Oilseeds,['Oil Seeds'],3,7,2,107181.0,Tonnes,Production
West Bengal,Dakshin Dinajpur,2022,2022-23,5,Final Estimate,2,Rabi,21,Rapeseed & Mustard,Oilseeds,['Oil Seeds'],3,7,2,71877.0,Ha,Area
West Bengal,Dakshin Dinajpur,2022,2022-23,5,Final Estimate,2,Rabi,21,Rapeseed & Mustard,Oilseeds,['Oil Seeds'],3,7,2,1491.0,Kg/Ha,Yield
West Bengal,Dakshin Dinajpur,2023,2023-24,5,Final Estimate,2,Rabi,21,Rapeseed & Mustard,Oilseeds,['Oil Seeds'],3,7,2,1481.0,Kg/Ha,Yield
West Bengal,Dakshin Dinajpur,2023,2023-24,5,Final Estimate,2,Rabi,21,Rapeseed & Mustard,Oilseeds,['Oil Seeds'],3,7,2,72154.0,Ha,Area
West Bengal,Dakshin Dinajpur,2022,2022-23,5,Final Estimate,99999,Total,21,Rapeseed & Mustard,Oilseeds,['Oil Seeds'],3,7,99999,1491.0,Kg/Ha,Yield
West Bengal,Dakshin Dinajpur,2022,2022-23,5,Final Estimate,99999,Total,21,Rapeseed & Mustard,Oilseeds,['Oil Seeds'],3,7,99999,71877.0,Ha,Area
West Bengal,Dakshin Dinajpur,2022,2022-23,5,Final Estimate,99999,Total,21,Rapeseed & Mustard,Oilseeds,['Oil Seeds'],3,7,99999,107181.0,Tonnes,Production
West Bengal,Dakshin Dinajpur,2023,2023-24,5,Final Estimate,99999,Total,21,Rapeseed & Mustard,Oilseeds,['Oil Seeds'],3,7,99999,1481.0,Kg/Ha,Yield
West Bengal,Dakshin Dinajpur,2023,2023-24,5,Final Estimate,99999,Total,21,Rapeseed & Mustard,Oilseeds,['Oil Seeds'],3,7,99999,72154.0,Ha,Area
West Bengal,Dakshin Dinajpur,2023,2023-24,5,Final Estimate,99999,Total,21,Rapeseed & Mustard,Oilseeds,['Oil Seeds'],3,7,99999,106840.84,Tonnes,Production
West Bengal,Dakshin Dinajpur,2022,2022-23,5,Final Estimate,2,Rabi,22,Linseed,Oilseeds,['Oil Seeds'],3,8,2,56.0,Ha,Area
West Bengal,Dakshin Dinajpur,2022,2022-23,5,Final Estimate,2,Rabi,22,Linseed,Oilseeds,['Oil Seeds'],3,8,2,23.0,Tonnes,Production
West Bengal,Dakshin Dinajpur,2023,2023-24,5,Final Estimate,2,Rabi,22,Linseed,Oilseeds,['Oil Seeds'],3,8,2,7.41,Tonnes,Production
West Bengal,Dakshin Dinajpur,2023,2023-24,5,Final Estimate,2,Rabi,22,Linseed,Oilseeds,['Oil Seeds'],3,8,2,18.0,Ha,Area
West Bengal,Dakshin Dinajpur,2023,2023-24,5,Final Estimate,2,Rabi,22,Linseed,Oilseeds,['Oil Seeds'],3,8,2,412.0,Kg/Ha,Yield
West Bengal,Dakshin Dinajpur,2022,2022-23,5,Final Estimate,2,Rabi,22,Linseed,Oilseeds,['Oil Seeds'],3,8,2,411.0,Kg/Ha,Yield
West Bengal,Dakshin Dinajpur,2022,2022-23,5,Final Estimate,99999,Total,22,Linseed,Oilseeds,['Oil Seeds'],3,8,99999,56.0,Ha,Area
West Bengal,Dakshin Dinajpur,2023,2023-24,5,Final Estimate,99999,Total,22,Linseed,Oilseeds,['Oil Seeds'],3,8,99999,412.0,Kg/Ha,Yield
West Bengal,Dakshin Dinajpur,2022,2022-23,5,Final Estimate,99999,Total,22,Linseed,Oilseeds,['Oil Seeds'],3,8,99999,411.0,Kg/Ha,Yield
West Bengal,Dakshin Dinajpur,2022,2022-23,5,Final Estimate,99999,Total,22,Linseed,Oilseeds,['Oil Seeds'],3,8,99999,23.0,Tonnes,Production
West Bengal,Dakshin Dinajpur,2023,2023-24,5,Final Estimate,99999,Total,22,Linseed,Oilseeds,['Oil Seeds'],3,8,99999,7.41,Tonnes,Production
West Bengal,Dakshin Dinajpur,2023,2023-24,5,Final Estimate,99999,Total,22,Linseed,Oilseeds,['Oil Seeds'],3,8,99999,18.0,Ha,Area
West Bengal,Dakshin Dinajpur,2022,2022-23,5,Final Estimate,99999,Total,999,Total Oil Seeds,Oilseeds,['Oil Seeds'],3,999,99999,107455.0,Tonnes,Production
West Bengal,Dakshin Dinajpur,2023,2023-24,5,Final Estimate,99999,Total,999,Total Oil Seeds,Oilseeds,['Oil Seeds'],3,999,99999,1480.0,Kg/Ha,Yield
West Bengal,Dakshin Dinajpur,2022,2022-23,5,Final Estimate,99999,Total,999,Total Oil Seeds,Oilseeds,['Oil Seeds'],3,999,99999,72165.0,Ha,Area
West Bengal,Dakshin Dinajpur,2023,2023-24,5,Final Estimate,99999,Total,999,Total Oil Seeds,Oilseeds,['Oil Seeds'],3,999,99999,72347.99,Ha,Area
West Bengal,Dakshin Dinajpur,2022,2022-23,5,Final Estimate,99999,Total,999,Total Oil Seeds,Oilseeds,['Oil Seeds'],3,999,99999,1489.0,Kg/Ha,Yield
West Bengal,Dakshin Dinajpur,2023,2023-24,5,Final Estimate,99999,Total,999,Total Oil Seeds,Oilseeds,['Oil Seeds'],3,999,99999,107065.29,Tonnes,Production
West Bengal,Dakshin Dinajpur,2023,2023-24,5,Final Estimate,1,Kharif,28,Sugarcane,Commercial Crops,['Commercial Crops'],4,1001,1,76.0,Ha,Area
West Bengal,Dakshin Dinajpur,2023,2023-24,5,Final Estimate,1,Kharif,28,Sugarcane,Commercial Crops,['Commercial Crops'],4,1001,1,4430.82,Tonnes,Production
West Bengal,Dakshin Dinajpur,2023,2023-24,5,Final Estimate,1,Kharif,28,Sugarcane,Commercial Crops,['Commercial Crops'],4,1001,1,58300.0,Kg/Ha,Yield
West Bengal,Dakshin Dinajpur,2022,2022-23,5,Final Estimate,1,Kharif,28,Sugarcane,Commercial Crops,['Commercial Crops'],4,1001,1,83000.0,Kg/Ha,Yield
West Bengal,Dakshin Dinajpur,2022,2022-23,5,Final Estimate,1,Kharif,28,Sugarcane,Commercial Crops,['Commercial Crops'],4,1001,1,1494.0,Tonnes,Production
West Bengal,Dakshin Dinajpur,2022,2022-23,5,Final Estimate,1,Kharif,28,Sugarcane,Commercial Crops,['Commercial Crops'],4,1001,1,18.0,Ha,Area
West Bengal,Dakshin Dinajpur,2023,2023-24,5,Final Estimate,99999,Total,28,Sugarcane,Commercial Crops,['Commercial Crops'],4,1001,99999,58300.0,Kg/Ha,Yield
West Bengal,Dakshin Dinajpur,2023,2023-24,5,Final Estimate,99999,Total,28,Sugarcane,Commercial Crops,['Commercial Crops'],4,1001,99999,76.0,Ha,Area
West Bengal,Dakshin Dinajpur,2022,2022-23,5,Final Estimate,99999,Total,28,Sugarcane,Commercial Crops,['Commercial Crops'],4,1001,99999,18.0,Ha,Area
West Bengal,Dakshin Dinajpur,2022,2022-23,5,Final Estimate,99999,Total,28,Sugarcane,Commercial Crops,['Commercial Crops'],4,1001,99999,1494.0,Tonnes,Production
West Bengal,Dakshin Dinajpur,2022,2022-23,5,Final Estimate,99999,Total,28,Sugarcane,Commercial Crops,['Commercial Crops'],4,1001,99999,83000.0,Kg/Ha,Yield
West Bengal,Dakshin Dinajpur,2023,2023-24,5,Final Estimate,99999,Total,28,Sugarcane,Commercial Crops,['Commercial Crops'],4,1001,99999,4430.82,Tonnes,Production
West Bengal,Dakshin Dinajpur,2023,2023-24,5,Final Estimate,1,Kharif,26,Jute,Commercial Crops,['Commercial Crops'],4,1003,1,20902.0,Ha,Area
West Bengal,Dakshin Dinajpur,2023,2023-24,5,Final Estimate,1,Kharif,26,Jute,Commercial Crops,['Commercial Crops'],4,1003,1,321224.45,Tonnes,Production
West Bengal,Dakshin Dinajpur,2022,2022-23,5,Final Estimate,1,Kharif,26,Jute,Commercial Crops,['Commercial Crops'],4,1003,1,279239.0,Tonnes,Production
West Bengal,Dakshin Dinajpur,2022,2022-23,5,Final Estimate,1,Kharif,26,Jute,Commercial Crops,['Commercial Crops'],4,1003,1,18608.0,Ha,Area
West Bengal,Dakshin Dinajpur,2022,2022-23,5,Final Estimate,1,Kharif,26,Jute,Commercial Crops,['Commercial Crops'],4,1003,1,2701.0,Kg/Ha,Yield
West Bengal,Dakshin Dinajpur,2023,2023-24,5,Final Estimate,1,Kharif,26,Jute,Commercial Crops,['Commercial Crops'],4,1003,1,2766.0,Kg/Ha,Yield
West Bengal,Dakshin Dinajpur,2022,2022-23,5,Final Estimate,99999,Total,26,Jute,Commercial Crops,['Commercial Crops'],4,1003,99999,279239.0,Tonnes,Production
West Bengal,Dakshin Dinajpur,2023,2023-24,5,Final Estimate,99999,Total,26,Jute,Commercial Crops,['Commercial Crops'],4,1003,99999,2766.0,Kg/Ha,Yield
West Bengal,Dakshin Dinajpur,2023,2023-24,5,Final Estimate,99999,Total,26,Jute,Commercial Crops,['Commercial Crops'],4,1003,99999,20902.0,Ha,Area
West Bengal,Dakshin Dinajpur,2022,2022-23,5,Final Estimate,99999,Total,26,Jute,Commercial Crops,['Commercial Crops'],4,1003,99999,18608.0,Ha,Area
West Bengal,Dakshin Dinajpur,2022,2022-23,5,Final Estimate,99999,Total,26,Jute,Commercial Crops,['Commercial Crops'],4,1003,99999,2701.0,Kg/Ha,Yield
West Bengal,Dakshin Dinajpur,2023,2023-24,5,Final Estimate,99999,Total,26,Jute,Commercial Crops,['Commercial Crops'],4,1003,99999,321224.45,Tonnes,Production
West Bengal,Dakshin Dinajpur,2022,2022-23,5,Final Estimate,1,Kharif,27,Mesta,Commercial Crops,['Commercial Crops'],4,1004,1,6623.0,Ha,Area
West Bengal,Dakshin Dinajpur,2022,2022-23,5,Final Estimate,1,Kharif,27,Mesta,Commercial Crops,['Commercial Crops'],4,1004,1,86848.0,Tonnes,Production
West Bengal,Dakshin Dinajpur,2023,2023-24,5,Final Estimate,1,Kharif,27,Mesta,Commercial Crops,['Commercial Crops'],4,1004,1,2357.0,Kg/Ha,Yield
West Bengal,Dakshin Dinajpur,2023,2023-24,5,Final Estimate,1,Kharif,27,Mesta,Commercial Crops,['Commercial Crops'],4,1004,1,7327.0,Ha,Area
West Bengal,Dakshin Dinajpur,2023,2023-24,5,Final Estimate,1,Kharif,27,Mesta,Commercial Crops,['Commercial Crops'],4,1004,1,95949.07,Tonnes,Production
West Bengal,Dakshin Dinajpur,2022,2022-23,5,Final Estimate,1,Kharif,27,Mesta,Commercial Crops,['Commercial Crops'],4,1004,1,2360.0,Kg/Ha,Yield
West Bengal,Dakshin Dinajpur,2022,2022-23,5,Final Estimate,99999,Total,27,Mesta,Commercial Crops,['Commercial Crops'],4,1004,99999,86848.0,Tonnes,Production
West Bengal,Dakshin Dinajpur,2023,2023-24,5,Final Estimate,99999,Total,27,Mesta,Commercial Crops,['Commercial Crops'],4,1004,99999,95949.07,Tonnes,Production
West Bengal,Dakshin Dinajpur,2023,2023-24,5,Final Estimate,99999,Total,27,Mesta,Commercial Crops,['Commercial Crops'],4,1004,99999,7327.0,Ha,Area
West Bengal,Dakshin Dinajpur,2023,2023-24,5,Final Estimate,99999,Total,27,Mesta,Commercial Crops,['Commercial Crops'],4,1004,99999,2357.0,Kg/Ha,Yield
West Bengal,Dakshin Dinajpur,2022,2022-23,5,Final Estimate,99999,Total,27,Mesta,Commercial Crops,['Commercial Crops'],4,1004,99999,2360.0,Kg/Ha,Yield
West Bengal,Dakshin Dinajpur,2022,2022-23,5,Final Estimate,99999,Total,27,Mesta,Commercial Crops,['Commercial Crops'],4,1004,99999,6623.0,Ha,Area
West Bengal,Dakshin Dinajpur,2022,2022-23,5,Final Estimate,1,Kharif,1999,Jute & Mesta,Commercial Crops,['Commercial Crops'],4,1999,1,2612.0,Kg/Ha,Yield
West Bengal,Dakshin Dinajpur,2022,2022-23,5,Final Estimate,1,Kharif,1999,Jute & Mesta,Commercial Crops,['Commercial Crops'],4,1999,1,25231.0,Ha,Area
West Bengal,Dakshin Dinajpur,2022,2022-23,5,Final Estimate,1,Kharif,1999,Jute & Mesta,Commercial Crops,['Commercial Crops'],4,1999,1,366087.0,Tonnes,Production
West Bengal,Dakshin Dinajpur,2023,2023-24,5,Final Estimate,1,Kharif,1999,Jute & Mesta,Commercial Crops,['Commercial Crops'],4,1999,1,28229.0,Ha,Area
West Bengal,Dakshin Dinajpur,2023,2023-24,5,Final Estimate,1,Kharif,1999,Jute & Mesta,Commercial Crops,['Commercial Crops'],4,1999,1,417173.52,Tonnes,Production
West Bengal,Dakshin Dinajpur,2023,2023-24,5,Final Estimate,1,Kharif,1999,Jute & Mesta,Commercial Crops,['Commercial Crops'],4,1999,1,2660.0,Kg/Ha,Yield
West Bengal,Dakshin Dinajpur,2022,2022-23,5,Final Estimate,99999,Total,1999,Jute & Mesta,Commercial Crops,['Commercial Crops'],4,1999,99999,25231.0,Ha,Area
West Bengal,Dakshin Dinajpur,2023,2023-24,5,Final Estimate,99999,Total,1999,Jute & Mesta,Commercial Crops,['Commercial Crops'],4,1999,99999,417173.52,Tonnes,Production
West Bengal,Dakshin Dinajpur,2023,2023-24,5,Final Estimate,99999,Total,1999,Jute & Mesta,Commercial Crops,['Commercial Crops'],4,1999,99999,28229.0,Ha,Area
West Bengal,Dakshin Dinajpur,2023,2023-24,5,Final Estimate,99999,Total,1999,Jute & Mesta,Commercial Crops,['Commercial Crops'],4,1999,99999,2660.0,Kg/Ha,Yield
West Bengal,Dakshin Dinajpur,2022,2022-23,5,Final Estimate,99999,Total,1999,Jute & Mesta,Commercial Crops,['Commercial Crops'],4,1999,99999,366087.0,Tonnes,Production
West Bengal,Dakshin Dinajpur,2022,2022-23,5,Final Estimate,99999,Total,1999,Jute & Mesta,Commercial Crops,['Commercial Crops'],4,1999,99999,2612.0,Kg/Ha,Yield
West Bengal,Darjeeling,2023,2023-24,5,Final Estimate,1,Kharif,1,Rice,Food Grains,['Cereals'],1,2001,1,2471.0,Kg/Ha,Yield
West Bengal,Darjeeling,2023,2023-24,5,Final Estimate,1,Kharif,1,Rice,Food Grains,['Cereals'],1,2001,1,58805.46,Tonnes,Production
West Bengal,Darjeeling,2022,2022-23,5,Final Estimate,1,Kharif,1,Rice,Food Grains,['Cereals'],1,2001,1,2276.0,Kg/Ha,Yield
West Bengal,Darjeeling,2022,2022-23,5,Final Estimate,1,Kharif,1,Rice,Food Grains,['Cereals'],1,2001,1,3353.0,Ha,Area
West Bengal,Darjeeling,2022,2022-23,5,Final Estimate,1,Kharif,1,Rice,Food Grains,['Cereals'],1,2001,1,7630.0,Tonnes,Production
West Bengal,Darjeeling,2023,2023-24,5,Final Estimate,1,Kharif,1,Rice,Food Grains,['Cereals'],1,2001,1,23798.86,Ha,Area
West Bengal,Darjeeling,2022,2022-23,5,Final Estimate,2,Rabi,1,Rice,Food Grains,['Cereals'],1,2001,2,52943.0,Tonnes,Production
West Bengal,Darjeeling,2022,2022-23,5,Final Estimate,2,Rabi,1,Rice,Food Grains,['Cereals'],1,2001,2,21845.0,Ha,Area
West Bengal,Darjeeling,2022,2022-23,5,Final Estimate,2,Rabi,1,Rice,Food Grains,['Cereals'],1,2001,2,2424.0,Kg/Ha,Yield
West Bengal,Darjeeling,2022,2022-23,5,Final Estimate,3,Summer,1,Rice,Food Grains,['Cereals'],1,2001,3,2574.0,Kg/Ha,Yield
West Bengal,Darjeeling,2022,2022-23,5,Final Estimate,3,Summer,1,Rice,Food Grains,['Cereals'],1,2001,3,4563.0,Tonnes,Production
West Bengal,Darjeeling,2023,2023-24,5,Final Estimate,3,Summer,1,Rice,Food Grains,['Cereals'],1,2001,3,3970.22,Tonnes,Production
West Bengal,Darjeeling,2023,2023-24,5,Final Estimate,3,Summer,1,Rice,Food Grains,['Cereals'],1,2001,3,2384.0,Kg/Ha,Yield
West Bengal,Darjeeling,2023,2023-24,5,Final Estimate,3,Summer,1,Rice,Food Grains,['Cereals'],1,2001,3,1665.31,Ha,Area
West Bengal,Darjeeling,2022,2022-23,5,Final Estimate,3,Summer,1,Rice,Food Grains,['Cereals'],1,2001,3,1773.0,Ha,Area
West Bengal,Darjeeling,2022,2022-23,5,Final Estimate,99999,Total,1,Rice,Food Grains,['Cereals'],1,2001,99999,2415.0,Kg/Ha,Yield
West Bengal,Darjeeling,2023,2023-24,5,Final Estimate,99999,Total,1,Rice,Food Grains,['Cereals'],1,2001,99999,62775.68,Tonnes,Production
West Bengal,Darjeeling,2023,2023-24,5,Final Estimate,99999,Total,1,Rice,Food Grains,['Cereals'],1,2001,99999,25464.17,Ha,Area
West Bengal,Darjeeling,2023,2023-24,5,Final Estimate,99999,Total,1,Rice,Food Grains,['Cereals'],1,2001,99999,2465.0,Kg/Ha,Yield
West Bengal,Darjeeling,2022,2022-23,5,Final Estimate,99999,Total,1,Rice,Food Grains,['Cereals'],1,2001,99999,65136.0,Tonnes,Production
West Bengal,Darjeeling,2022,2022-23,5,Final Estimate,99999,Total,1,Rice,Food Grains,['Cereals'],1,2001,99999,26971.0,Ha,Area
West Bengal,Darjeeling,2022,2022-23,5,Final Estimate,2,Rabi,2,Wheat,Food Grains,['Cereals'],1,2002,2,210.0,Ha,Area
West Bengal,Darjeeling,2023,2023-24,5,Final Estimate,2,Rabi,2,Wheat,Food Grains,['Cereals'],1,2002,2,48.0,Ha,Area
West Bengal,Darjeeling,2023,2023-24,5,Final Estimate,2,Rabi,2,Wheat,Food Grains,['Cereals'],1,2002,2,151.74,Tonnes,Production
West Bengal,Darjeeling,2023,2023-24,5,Final Estimate,2,Rabi,2,Wheat,Food Grains,['Cereals'],1,2002,2,3161.0,Kg/Ha,Yield
West Bengal,Darjeeling,2022,2022-23,5,Final Estimate,2,Rabi,2,Wheat,Food Grains,['Cereals'],1,2002,2,3033.0,Kg/Ha,Yield
West Bengal,Darjeeling,2022,2022-23,5,Final Estimate,2,Rabi,2,Wheat,Food Grains,['Cereals'],1,2002,2,637.0,Tonnes,Production
West Bengal,Darjeeling,2022,2022-23,5,Final Estimate,99999,Total,2,Wheat,Food Grains,['Cereals'],1,2002,99999,3033.0,Kg/Ha,Yield
West Bengal,Darjeeling,2023,2023-24,5,Final Estimate,99999,Total,2,Wheat,Food Grains,['Cereals'],1,2002,99999,48.0,Ha,Area
West Bengal,Darjeeling,2023,2023-24,5,Final Estimate,99999,Total,2,Wheat,Food Grains,['Cereals'],1,2002,99999,151.74,Tonnes,Production
West Bengal,Darjeeling,2023,2023-24,5,Final Estimate,99999,Total,2,Wheat,Food Grains,['Cereals'],1,2002,99999,3161.0,Kg/Ha,Yield
West Bengal,Darjeeling,2022,2022-23,5,Final Estimate,99999,Total,2,Wheat,Food Grains,['Cereals'],1,2002,99999,637.0,Tonnes,Production
West Bengal,Darjeeling,2022,2022-23,5,Final Estimate,99999,Total,2,Wheat,Food Grains,['Cereals'],1,2002,99999,210.0,Ha,Area
West Bengal,Darjeeling,2022,2022-23,5,Final Estimate,1,Kharif,5,Maize,Food Grains,['Cereals'],1,3001,1,2545.0,Kg/Ha,Yield
West Bengal,Darjeeling,2023,2023-24,5,Final Estimate,1,Kharif,5,Maize,Food Grains,['Cereals'],1,3001,1,2807.0,Kg/Ha,Yield
West Bengal,Darjeeling,2023,2023-24,5,Final Estimate,1,Kharif,5,Maize,Food Grains,['Cereals'],1,3001,1,4173.17,Ha,Area
West Bengal,Darjeeling,2023,2023-24,5,Final Estimate,1,Kharif,5,Maize,Food Grains,['Cereals'],1,3001,1,11713.89,Tonnes,Production
West Bengal,Darjeeling,2022,2022-23,5,Final Estimate,1,Kharif,5,Maize,Food Grains,['Cereals'],1,3001,1,10731.0,Tonnes,Production
West Bengal,Darjeeling,2022,2022-23,5,Final Estimate,1,Kharif,5,Maize,Food Grains,['Cereals'],1,3001,1,4217.0,Ha,Area
West Bengal,Darjeeling,2023,2023-24,5,Final Estimate,2,Rabi,5,Maize,Food Grains,['Cereals'],1,3001,2,7592.44,Tonnes,Production
West Bengal,Darjeeling,2023,2023-24,5,Final Estimate,2,Rabi,5,Maize,Food Grains,['Cereals'],1,3001,2,5158.0,Kg/Ha,Yield
West Bengal,Darjeeling,2023,2023-24,5,Final Estimate,2,Rabi,5,Maize,Food Grains,['Cereals'],1,3001,2,1472.0,Ha,Area
West Bengal,Darjeeling,2023,2023-24,5,Final Estimate,3,Summer,5,Maize,Food Grains,['Cereals'],1,3001,3,6917.0,Kg/Ha,Yield
West Bengal,Darjeeling,2023,2023-24,5,Final Estimate,3,Summer,5,Maize,Food Grains,['Cereals'],1,3001,3,25659.24,Tonnes,Production
West Bengal,Darjeeling,2023,2023-24,5,Final Estimate,3,Summer,5,Maize,Food Grains,['Cereals'],1,3001,3,3709.76,Ha,Area
West Bengal,Darjeeling,2023,2023-24,5,Final Estimate,99999,Total,5,Maize,Food Grains,['Cereals'],1,3001,99999,44965.57,Tonnes,Production
West Bengal,Darjeeling,2022,2022-23,5,Final Estimate,99999,Total,5,Maize,Food Grains,['Cereals'],1,3001,99999,10731.0,Tonnes,Production
West Bengal,Darjeeling,2022,2022-23,5,Final Estimate,99999,Total,5,Maize,Food Grains,['Cereals'],1,3001,99999,4217.0,Ha,Area
West Bengal,Darjeeling,2022,2022-23,5,Final Estimate,99999,Total,5,Maize,Food Grains,['Cereals'],1,3001,99999,2545.0,Kg/Ha,Yield
West Bengal,Darjeeling,2023,2023-24,5,Final Estimate,99999,Total,5,Maize,Food Grains,['Cereals'],1,3001,99999,9354.93,Ha,Area
West Bengal,Darjeeling,2023,2023-24,5,Final Estimate,99999,Total,5,Maize,Food Grains,['Cereals'],1,3001,99999,4807.0,Kg/Ha,Yield
West Bengal,Darjeeling,2022,2022-23,5,Final Estimate,1,Kharif,6,Ragi,Food Grains,['Cereals'],1,3005,1,3012.0,Ha,Area
West Bengal,Darjeeling,2022,2022-23,5,Final Estimate,1,Kharif,6,Ragi,Food Grains,['Cereals'],1,3005,1,1050.0,Kg/Ha,Yield
West Bengal,Darjeeling,2023,2023-24,5,Final Estimate,1,Kharif,6,Ragi,Food Grains,['Cereals'],1,3005,1,3220.0,Ha,Area
West Bengal,Darjeeling,2022,2022-23,5,Final Estimate,1,Kharif,6,Ragi,Food Grains,['Cereals'],1,3005,1,3163.0,Tonnes,Production
West Bengal,Darjeeling,2023,2023-24,5,Final Estimate,1,Kharif,6,Ragi,Food Grains,['Cereals'],1,3005,1,3122.84,Tonnes,Production
West Bengal,Darjeeling,2023,2023-24,5,Final Estimate,1,Kharif,6,Ragi,Food Grains,['Cereals'],1,3005,1,970.0,Kg/Ha,Yield
West Bengal,Darjeeling,2023,2023-24,5,Final Estimate,99999,Total,6,Ragi,Food Grains,['Cereals'],1,3005,99999,970.0,Kg/Ha,Yield
West Bengal,Darjeeling,2022,2022-23,5,Final Estimate,99999,Total,6,Ragi,Food Grains,['Cereals'],1,3005,99999,1050.0,Kg/Ha,Yield
West Bengal,Darjeeling,2022,2022-23,5,Final Estimate,99999,Total,6,Ragi,Food Grains,['Cereals'],1,3005,99999,3012.0,Ha,Area
West Bengal,Darjeeling,2022,2022-23,5,Final Estimate,99999,Total,6,Ragi,Food Grains,['Cereals'],1,3005,99999,3163.0,Tonnes,Production
West Bengal,Darjeeling,2023,2023-24,5,Final Estimate,99999,Total,6,Ragi,Food Grains,['Cereals'],1,3005,99999,3220.0,Ha,Area
West Bengal,Darjeeling,2023,2023-24,5,Final Estimate,99999,Total,6,Ragi,Food Grains,['Cereals'],1,3005,99999,3122.84,Tonnes,Production
West Bengal,Darjeeling,2023,2023-24,5,Final Estimate,1,Kharif,3997,Shree Anna /Nutri Cereals,Food Grains,['Cereals'],1,3997,1,970.0,Kg/Ha,Yield
West Bengal,Darjeeling,2022,2022-23,5,Final Estimate,1,Kharif,3997,Shree Anna /Nutri Cereals,Food Grains,['Cereals'],1,3997,1,3163.0,Tonnes,Production
West Bengal,Darjeeling,2022,2022-23,5,Final Estimate,1,Kharif,3997,Shree Anna /Nutri Cereals,Food Grains,['Cereals'],1,3997,1,3012.0,Ha,Area
West Bengal,Darjeeling,2023,2023-24,5,Final Estimate,1,Kharif,3997,Shree Anna /Nutri Cereals,Food Grains,['Cereals'],1,3997,1,3220.0,Ha,Area
West Bengal,Darjeeling,2023,2023-24,5,Final Estimate,1,Kharif,3997,Shree Anna /Nutri Cereals,Food Grains,['Cereals'],1,3997,1,3122.84,Tonnes,Production
West Bengal,Darjeeling,2022,2022-23,5,Final Estimate,1,Kharif,3997,Shree Anna /Nutri Cereals,Food Grains,['Cereals'],1,3997,1,1050.0,Kg/Ha,Yield
West Bengal,Darjeeling,2023,2023-24,5,Final Estimate,99999,Total,3997,Shree Anna /Nutri Cereals,Food Grains,['Cereals'],1,3997,99999,3122.84,Tonnes,Production
West Bengal,Darjeeling,2023,2023-24,5,Final Estimate,99999,Total,3997,Shree Anna /Nutri Cereals,Food Grains,['Cereals'],1,3997,99999,3220.0,Ha,Area
West Bengal,Darjeeling,2022,2022-23,5,Final Estimate,99999,Total,3997,Shree Anna /Nutri Cereals,Food Grains,['Cereals'],1,3997,99999,3163.0,Tonnes,Production
West Bengal,Darjeeling,2022,2022-23,5,Final Estimate,99999,Total,3997,Shree Anna /Nutri Cereals,Food Grains,['Cereals'],1,3997,99999,3012.0,Ha,Area
West Bengal,Darjeeling,2022,2022-23,5,Final Estimate,99999,Total,3997,Shree Anna /Nutri Cereals,Food Grains,['Cereals'],1,3997,99999,1050.0,Kg/Ha,Yield
West Bengal,Darjeeling,2023,2023-24,5,Final Estimate,99999,Total,3997,Shree Anna /Nutri Cereals,Food Grains,['Cereals'],1,3997,99999,970.0,Kg/Ha,Yield
West Bengal,Darjeeling,2023,2023-24,5,Final Estimate,1,Kharif,3998,Nutri/Coarse Cereals,Food Grains,['Cereals'],1,3998,1,7393.17,Ha,Area
West Bengal,Darjeeling,2023,2023-24,5,Final Estimate,1,Kharif,3998,Nutri/Coarse Cereals,Food Grains,['Cereals'],1,3998,1,14836.73,Tonnes,Production
West Bengal,Darjeeling,2022,2022-23,5,Final Estimate,1,Kharif,3998,Nutri/Coarse Cereals,Food Grains,['Cereals'],1,3998,1,13894.0,Tonnes,Production
West Bengal,Darjeeling,2022,2022-23,5,Final Estimate,1,Kharif,3998,Nutri/Coarse Cereals,Food Grains,['Cereals'],1,3998,1,7229.0,Ha,Area
West Bengal,Darjeeling,2022,2022-23,5,Final Estimate,1,Kharif,3998,Nutri/Coarse Cereals,Food Grains,['Cereals'],1,3998,1,1922.0,Kg/Ha,Yield
West Bengal,Darjeeling,2023,2023-24,5,Final Estimate,1,Kharif,3998,Nutri/Coarse Cereals,Food Grains,['Cereals'],1,3998,1,2007.0,Kg/Ha,Yield
West Bengal,Darjeeling,2023,2023-24,5,Final Estimate,2,Rabi,3998,Nutri/Coarse Cereals,Food Grains,['Cereals'],1,3998,2,7592.44,Tonnes,Production
West Bengal,Darjeeling,2023,2023-24,5,Final Estimate,2,Rabi,3998,Nutri/Coarse Cereals,Food Grains,['Cereals'],1,3998,2,5158.0,Kg/Ha,Yield
West Bengal,Darjeeling,2023,2023-24,5,Final Estimate,2,Rabi,3998,Nutri/Coarse Cereals,Food Grains,['Cereals'],1,3998,2,1472.0,Ha,Area
West Bengal,Darjeeling,2023,2023-24,5,Final Estimate,3,Summer,3998,Nutri/Coarse Cereals,Food Grains,['Cereals'],1,3998,3,6917.0,Kg/Ha,Yield
West Bengal,Darjeeling,2023,2023-24,5,Final Estimate,3,Summer,3998,Nutri/Coarse Cereals,Food Grains,['Cereals'],1,3998,3,3709.76,Ha,Area
West Bengal,Darjeeling,2023,2023-24,5,Final Estimate,3,Summer,3998,Nutri/Coarse Cereals,Food Grains,['Cereals'],1,3998,3,25659.24,Tonnes,Production
West Bengal,Darjeeling,2022,2022-23,5,Final Estimate,99999,Total,3998,Nutri/Coarse Cereals,Food Grains,['Cereals'],1,3998,99999,7229.0,Ha,Area
West Bengal,Darjeeling,2023,2023-24,5,Final Estimate,99999,Total,3998,Nutri/Coarse Cereals,Food Grains,['Cereals'],1,3998,99999,3824.0,Kg/Ha,Yield
West Bengal,Darjeeling,2023,2023-24,5,Final Estimate,99999,Total,3998,Nutri/Coarse Cereals,Food Grains,['Cereals'],1,3998,99999,12574.93,Ha,Area
West Bengal,Darjeeling,2023,2023-24,5,Final Estimate,99999,Total,3998,Nutri/Coarse Cereals,Food Grains,['Cereals'],1,3998,99999,48088.42,Tonnes,Production
West Bengal,Darjeeling,2022,2022-23,5,Final Estimate,99999,Total,3998,Nutri/Coarse Cereals,Food Grains,['Cereals'],1,3998,99999,1922.0,Kg/Ha,Yield
West Bengal,Darjeeling,2022,2022-23,5,Final Estimate,99999,Total,3998,Nutri/Coarse Cereals,Food Grains,['Cereals'],1,3998,99999,13894.0,Tonnes,Production
West Bengal,Darjeeling,2022,2022-23,5,Final Estimate,1,Kharif,3999,Cereals,Food Grains,['Cereals'],1,3999,1,2034.0,Kg/Ha,Yield
West Bengal,Darjeeling,2022,2022-23,5,Final Estimate,1,Kharif,3999,Cereals,Food Grains,['Cereals'],1,3999,1,10582.0,Ha,Area
West Bengal,Darjeeling,2022,2022-23,5,Final Estimate,1,Kharif,3999,Cereals,Food Grains,['Cereals'],1,3999,1,21524.0,Tonnes,Production
West Bengal,Darjeeling,2023,2023-24,5,Final Estimate,1,Kharif,3999,Cereals,Food Grains,['Cereals'],1,3999,1,73642.19,Tonnes,Production
West Bengal,Darjeeling,2023,2023-24,5,Final Estimate,1,Kharif,3999,Cereals,Food Grains,['Cereals'],1,3999,1,31192.03,Ha,Area
West Bengal,Darjeeling,2023,2023-24,5,Final Estimate,1,Kharif,3999,Cereals,Food Grains,['Cereals'],1,3999,1,2361.0,Kg/Ha,Yield
West Bengal,Darjeeling,2023,2023-24,5,Final Estimate,2,Rabi,3999,Cereals,Food Grains,['Cereals'],1,3999,2,5095.0,Kg/Ha,Yield
West Bengal,Darjeeling,2023,2023-24,5,Final Estimate,2,Rabi,3999,Cereals,Food Grains,['Cereals'],1,3999,2,7744.18,Tonnes,Production
West Bengal,Darjeeling,2022,2022-23,5,Final Estimate,2,Rabi,3999,Cereals,Food Grains,['Cereals'],1,3999,2,2429.0,Kg/Ha,Yield
West Bengal,Darjeeling,2022,2022-23,5,Final Estimate,2,Rabi,3999,Cereals,Food Grains,['Cereals'],1,3999,2,22055.0,Ha,Area
West Bengal,Darjeeling,2022,2022-23,5,Final Estimate,2,Rabi,3999,Cereals,Food Grains,['Cereals'],1,3999,2,53580.0,Tonnes,Production
West Bengal,Darjeeling,2023,2023-24,5,Final Estimate,2,Rabi,3999,Cereals,Food Grains,['Cereals'],1,3999,2,1520.0,Ha,Area
West Bengal,Darjeeling,2023,2023-24,5,Final Estimate,3,Summer,3999,Cereals,Food Grains,['Cereals'],1,3999,3,29629.47,Tonnes,Production
West Bengal,Darjeeling,2022,2022-23,5,Final Estimate,3,Summer,3999,Cereals,Food Grains,['Cereals'],1,3999,3,1773.0,Ha,Area
West Bengal,Darjeeling,2023,2023-24,5,Final Estimate,3,Summer,3999,Cereals,Food Grains,['Cereals'],1,3999,3,5375.07,Ha,Area
West Bengal,Darjeeling,2023,2023-24,5,Final Estimate,3,Summer,3999,Cereals,Food Grains,['Cereals'],1,3999,3,5512.0,Kg/Ha,Yield
West Bengal,Darjeeling,2022,2022-23,5,Final Estimate,3,Summer,3999,Cereals,Food Grains,['Cereals'],1,3999,3,2574.0,Kg/Ha,Yield
West Bengal,Darjeeling,2022,2022-23,5,Final Estimate,3,Summer,3999,Cereals,Food Grains,['Cereals'],1,3999,3,4563.0,Tonnes,Production
West Bengal,Darjeeling,2022,2022-23,5,Final Estimate,99999,Total,3999,Cereals,Food Grains,['Cereals'],1,3999,99999,79667.0,Tonnes,Production
West Bengal,Darjeeling,2023,2023-24,5,Final Estimate,99999,Total,3999,Cereals,Food Grains,['Cereals'],1,3999,99999,2915.0,Kg/Ha,Yield
West Bengal,Darjeeling,2023,2023-24,5,Final Estimate,99999,Total,3999,Cereals,Food Grains,['Cereals'],1,3999,99999,111015.84,Tonnes,Production
West Bengal,Darjeeling,2023,2023-24,5,Final Estimate,99999,Total,3999,Cereals,Food Grains,['Cereals'],1,3999,99999,38087.1,Ha,Area
West Bengal,Darjeeling,2022,2022-23,5,Final Estimate,99999,Total,3999,Cereals,Food Grains,['Cereals'],1,3999,99999,2315.0,Kg/Ha,Yield
West Bengal,Darjeeling,2022,2022-23,5,Final Estimate,99999,Total,3999,Cereals,Food Grains,['Cereals'],1,3999,99999,34410.0,Ha,Area
West Bengal,Darjeeling,2023,2023-24,5,Final Estimate,1,Kharif,9,Tur,Food Grains,['Pulses'],2,4001,1,31.0,Ha,Area
West Bengal,Darjeeling,2023,2023-24,5,Final Estimate,1,Kharif,9,Tur,Food Grains,['Pulses'],2,4001,1,1336.0,Kg/Ha,Yield
West Bengal,Darjeeling,2023,2023-24,5,Final Estimate,1,Kharif,9,Tur,Food Grains,['Pulses'],2,4001,1,41.43,Tonnes,Production
West Bengal,Darjeeling,2022,2022-23,5,Final Estimate,2,Rabi,9,Tur,Food Grains,['Pulses'],2,4001,2,26.0,Ha,Area
West Bengal,Darjeeling,2022,2022-23,5,Final Estimate,2,Rabi,9,Tur,Food Grains,['Pulses'],2,4001,2,1577.0,Kg/Ha,Yield
West Bengal,Darjeeling,2022,2022-23,5,Final Estimate,2,Rabi,9,Tur,Food Grains,['Pulses'],2,4001,2,41.0,Tonnes,Production
West Bengal,Darjeeling,2022,2022-23,5,Final Estimate,99999,Total,9,Tur,Food Grains,['Pulses'],2,4001,99999,26.0,Ha,Area
West Bengal,Darjeeling,2023,2023-24,5,Final Estimate,99999,Total,9,Tur,Food Grains,['Pulses'],2,4001,99999,41.43,Tonnes,Production
West Bengal,Darjeeling,2023,2023-24,5,Final Estimate,99999,Total,9,Tur,Food Grains,['Pulses'],2,4001,99999,31.0,Ha,Area
West Bengal,Darjeeling,2023,2023-24,5,Final Estimate,99999,Total,9,Tur,Food Grains,['Pulses'],2,4001,99999,1336.0,Kg/Ha,Yield
West Bengal,Darjeeling,2022,2022-23,5,Final Estimate,99999,Total,9,Tur,Food Grains,['Pulses'],2,4001,99999,1577.0,Kg/Ha,Yield
West Bengal,Darjeeling,2022,2022-23,5,Final Estimate,99999,Total,9,Tur,Food Grains,['Pulses'],2,4001,99999,41.0,Tonnes,Production
West Bengal,Darjeeling,2023,2023-24,5,Final Estimate,2,Rabi,10,Gram,Food Grains,['Pulses'],2,4002,2,1226.0,Kg/Ha,Yield
West Bengal,Darjeeling,2023,2023-24,5,Final Estimate,2,Rabi,10,Gram,Food Grains,['Pulses'],2,4002,2,3.0,Ha,Area
West Bengal,Darjeeling,2023,2023-24,5,Final Estimate,2,Rabi,10,Gram,Food Grains,['Pulses'],2,4002,2,3.68,Tonnes,Production
West Bengal,Darjeeling,2023,2023-24,5,Final Estimate,99999,Total,10,Gram,Food Grains,['Pulses'],2,4002,99999,3.68,Tonnes,Production
West Bengal,Darjeeling,2023,2023-24,5,Final Estimate,99999,Total,10,Gram,Food Grains,['Pulses'],2,4002,99999,1226.0,Kg/Ha,Yield
West Bengal,Darjeeling,2023,2023-24,5,Final Estimate,99999,Total,10,Gram,Food Grains,['Pulses'],2,4002,99999,3.0,Ha,Area
West Bengal,Darjeeling,2022,2022-23,5,Final Estimate,1,Kharif,11,Urad,Food Grains,['Pulses'],2,4003,1,225.0,Tonnes,Production
West Bengal,Darjeeling,2022,2022-23,5,Final Estimate,1,Kharif,11,Urad,Food Grains,['Pulses'],2,4003,1,331.0,Ha,Area
West Bengal,Darjeeling,2022,2022-23,5,Final Estimate,1,Kharif,11,Urad,Food Grains,['Pulses'],2,4003,1,680.0,Kg/Ha,Yield
West Bengal,Darjeeling,2023,2023-24,5,Final Estimate,1,Kharif,11,Urad,Food Grains,['Pulses'],2,4003,1,966.0,Kg/Ha,Yield
West Bengal,Darjeeling,2023,2023-24,5,Final Estimate,1,Kharif,11,Urad,Food Grains,['Pulses'],2,4003,1,332.0,Ha,Area
West Bengal,Darjeeling,2023,2023-24,5,Final Estimate,1,Kharif,11,Urad,Food Grains,['Pulses'],2,4003,1,320.85,Tonnes,Production
West Bengal,Darjeeling,2023,2023-24,5,Final Estimate,99999,Total,11,Urad,Food Grains,['Pulses'],2,4003,99999,966.0,Kg/Ha,Yield
West Bengal,Darjeeling,2023,2023-24,5,Final Estimate,99999,Total,11,Urad,Food Grains,['Pulses'],2,4003,99999,332.0,Ha,Area
West Bengal,Darjeeling,2023,2023-24,5,Final Estimate,99999,Total,11,Urad,Food Grains,['Pulses'],2,4003,99999,320.85,Tonnes,Production
West Bengal,Darjeeling,2022,2022-23,5,Final Estimate,99999,Total,11,Urad,Food Grains,['Pulses'],2,4003,99999,225.0,Tonnes,Production
West Bengal,Darjeeling,2022,2022-23,5,Final Estimate,99999,Total,11,Urad,Food Grains,['Pulses'],2,4003,99999,331.0,Ha,Area
West Bengal,Darjeeling,2022,2022-23,5,Final Estimate,99999,Total,11,Urad,Food Grains,['Pulses'],2,4003,99999,680.0,Kg/Ha,Yield
West Bengal,Darjeeling,2023,2023-24,5,Final Estimate,3,Summer,12,Moong,Food Grains,['Pulses'],2,4004,3,848.0,Kg/Ha,Yield
West Bengal,Darjeeling,2022,2022-23,5,Final Estimate,3,Summer,12,Moong,Food Grains,['Pulses'],2,4004,3,1038.0,Kg/Ha,Yield
West Bengal,Darjeeling,2022,2022-23,5,Final Estimate,3,Summer,12,Moong,Food Grains,['Pulses'],2,4004,3,81.0,Tonnes,Production
West Bengal,Darjeeling,2022,2022-23,5,Final Estimate,3,Summer,12,Moong,Food Grains,['Pulses'],2,4004,3,78.0,Ha,Area
West Bengal,Darjeeling,2023,2023-24,5,Final Estimate,3,Summer,12,Moong,Food Grains,['Pulses'],2,4004,3,26.3,Tonnes,Production
West Bengal,Darjeeling,2023,2023-24,5,Final Estimate,3,Summer,12,Moong,Food Grains,['Pulses'],2,4004,3,31.0,Ha,Area
West Bengal,Darjeeling,2022,2022-23,5,Final Estimate,99999,Total,12,Moong,Food Grains,['Pulses'],2,4004,99999,78.0,Ha,Area
West Bengal,Darjeeling,2023,2023-24,5,Final Estimate,99999,Total,12,Moong,Food Grains,['Pulses'],2,4004,99999,848.0,Kg/Ha,Yield
West Bengal,Darjeeling,2023,2023-24,5,Final Estimate,99999,Total,12,Moong,Food Grains,['Pulses'],2,4004,99999,31.0,Ha,Area
West Bengal,Darjeeling,2023,2023-24,5,Final Estimate,99999,Total,12,Moong,Food Grains,['Pulses'],2,4004,99999,26.3,Tonnes,Production
West Bengal,Darjeeling,2022,2022-23,5,Final Estimate,99999,Total,12,Moong,Food Grains,['Pulses'],2,4004,99999,1038.0,Kg/Ha,Yield
West Bengal,Darjeeling,2022,2022-23,5,Final Estimate,99999,Total,12,Moong,Food Grains,['Pulses'],2,4004,99999,81.0,Tonnes,Production
West Bengal,Darjeeling,2022,2022-23,5,Final Estimate,2,Rabi,13,Lentil,Food Grains,['Pulses'],2,4005,2,744.0,Kg/Ha,Yield
West Bengal,Darjeeling,2023,2023-24,5,Final Estimate,2,Rabi,13,Lentil,Food Grains,['Pulses'],2,4005,2,189.23,Tonnes,Production
West Bengal,Darjeeling,2023,2023-24,5,Final Estimate,2,Rabi,13,Lentil,Food Grains,['Pulses'],2,4005,2,736.0,Kg/Ha,Yield
West Bengal,Darjeeling,2023,2023-24,5,Final Estimate,2,Rabi,13,Lentil,Food Grains,['Pulses'],2,4005,2,257.0,Ha,Area
West Bengal,Darjeeling,2022,2022-23,5,Final Estimate,2,Rabi,13,Lentil,Food Grains,['Pulses'],2,4005,2,64.0,Tonnes,Production
West Bengal,Darjeeling,2022,2022-23,5,Final Estimate,2,Rabi,13,Lentil,Food Grains,['Pulses'],2,4005,2,86.0,Ha,Area
West Bengal,Darjeeling,2022,2022-23,5,Final Estimate,99999,Total,13,Lentil,Food Grains,['Pulses'],2,4005,99999,64.0,Tonnes,Production
West Bengal,Darjeeling,2023,2023-24,5,Final Estimate,99999,Total,13,Lentil,Food Grains,['Pulses'],2,4005,99999,189.23,Tonnes,Production
West Bengal,Darjeeling,2023,2023-24,5,Final Estimate,99999,Total,13,Lentil,Food Grains,['Pulses'],2,4005,99999,257.0,Ha,Area
West Bengal,Darjeeling,2023,2023-24,5,Final Estimate,99999,Total,13,Lentil,Food Grains,['Pulses'],2,4005,99999,736.0,Kg/Ha,Yield
West Bengal,Darjeeling,2022,2022-23,5,Final Estimate,99999,Total,13,Lentil,Food Grains,['Pulses'],2,4005,99999,744.0,Kg/Ha,Yield
West Bengal,Darjeeling,2022,2022-23,5,Final Estimate,99999,Total,13,Lentil,Food Grains,['Pulses'],2,4005,99999,86.0,Ha,Area
West Bengal,Darjeeling,2023,2023-24,5,Final Estimate,2,Rabi,14,Other Pulses,Food Grains,['Pulses'],2,4006,2,1128.0,Kg/Ha,Yield
West Bengal,Darjeeling,2023,2023-24,5,Final Estimate,2,Rabi,14,Other Pulses,Food Grains,['Pulses'],2,4006,2,392.39,Tonnes,Production
West Bengal,Darjeeling,2023,2023-24,5,Final Estimate,2,Rabi,14,Other Pulses,Food Grains,['Pulses'],2,4006,2,348.0,Ha,Area
West Bengal,Darjeeling,2022,2022-23,5,Final Estimate,2,Rabi,14,Other Pulses,Food Grains,['Pulses'],2,4006,2,1193.0,Kg/Ha,Yield
West Bengal,Darjeeling,2022,2022-23,5,Final Estimate,2,Rabi,14,Other Pulses,Food Grains,['Pulses'],2,4006,2,284.0,Tonnes,Production
West Bengal,Darjeeling,2022,2022-23,5,Final Estimate,2,Rabi,14,Other Pulses,Food Grains,['Pulses'],2,4006,2,238.0,Ha,Area
West Bengal,Darjeeling,2023,2023-24,5,Final Estimate,99999,Total,14,Other Pulses,Food Grains,['Pulses'],2,4006,99999,348.0,Ha,Area
West Bengal,Darjeeling,2023,2023-24,5,Final Estimate,99999,Total,14,Other Pulses,Food Grains,['Pulses'],2,4006,99999,392.39,Tonnes,Production
West Bengal,Darjeeling,2023,2023-24,5,Final Estimate,99999,Total,14,Other Pulses,Food Grains,['Pulses'],2,4006,99999,1128.0,Kg/Ha,Yield
West Bengal,Darjeeling,2022,2022-23,5,Final Estimate,99999,Total,14,Other Pulses,Food Grains,['Pulses'],2,4006,99999,238.0,Ha,Area
West Bengal,Darjeeling,2022,2022-23,5,Final Estimate,99999,Total,14,Other Pulses,Food Grains,['Pulses'],2,4006,99999,284.0,Tonnes,Production
West Bengal,Darjeeling,2022,2022-23,5,Final Estimate,99999,Total,14,Other Pulses,Food Grains,['Pulses'],2,4006,99999,1193.0,Kg/Ha,Yield
West Bengal,Darjeeling,2023,2023-24,5,Final Estimate,99999,Total,4998,Total Pulses,Food Grains,['Pulses'],2,4998,99999,1002.0,Ha,Area
West Bengal,Darjeeling,2022,2022-23,5,Final Estimate,99999,Total,4998,Total Pulses,Food Grains,['Pulses'],2,4998,99999,695.0,Tonnes,Production
West Bengal,Darjeeling,2022,2022-23,5,Final Estimate,99999,Total,4998,Total Pulses,Food Grains,['Pulses'],2,4998,99999,759.0,Ha,Area
West Bengal,Darjeeling,2022,2022-23,5,Final Estimate,99999,Total,4998,Total Pulses,Food Grains,['Pulses'],2,4998,99999,916.0,Kg/Ha,Yield
West Bengal,Darjeeling,2023,2023-24,5,Final Estimate,99999,Total,4998,Total Pulses,Food Grains,['Pulses'],2,4998,99999,972.0,Kg/Ha,Yield
West Bengal,Darjeeling,2023,2023-24,5,Final Estimate,99999,Total,4998,Total Pulses,Food Grains,['Pulses'],2,4998,99999,973.88,Tonnes,Production
West Bengal,Darjeeling,2022,2022-23,5,Final Estimate,1,Kharif,4999,Total Food Grains,Food Grains,"['Cereals', 'Pulses']",2,4999,1,21749.0,Tonnes,Production
West Bengal,Darjeeling,2022,2022-23,5,Final Estimate,1,Kharif,4999,Total Food Grains,Food Grains,"['Cereals', 'Pulses']",2,4999,1,1993.0,Kg/Ha,Yield
West Bengal,Darjeeling,2022,2022-23,5,Final Estimate,1,Kharif,4999,Total Food Grains,Food Grains,"['Cereals', 'Pulses']",2,4999,1,10913.0,Ha,Area
West Bengal,Darjeeling,2023,2023-24,5,Final Estimate,1,Kharif,4999,Total Food Grains,Food Grains,"['Cereals', 'Pulses']",2,4999,1,2345.0,Kg/Ha,Yield
West Bengal,Darjeeling,2023,2023-24,5,Final Estimate,1,Kharif,4999,Total Food Grains,Food Grains,"['Cereals', 'Pulses']",2,4999,1,31555.03,Ha,Area
West Bengal,Darjeeling,2023,2023-24,5,Final Estimate,1,Kharif,4999,Total Food Grains,Food Grains,"['Cereals', 'Pulses']",2,4999,1,74004.47,Tonnes,Production
West Bengal,Darjeeling,2023,2023-24,5,Final Estimate,2,Rabi,4999,Total Food Grains,Food Grains,"['Cereals', 'Pulses']",2,4999,2,8329.48,Tonnes,Production
West Bengal,Darjeeling,2023,2023-24,5,Final Estimate,2,Rabi,4999,Total Food Grains,Food Grains,"['Cereals', 'Pulses']",2,4999,2,3914.0,Kg/Ha,Yield
West Bengal,Darjeeling,2023,2023-24,5,Final Estimate,2,Rabi,4999,Total Food Grains,Food Grains,"['Cereals', 'Pulses']",2,4999,2,2128.0,Ha,Area
West Bengal,Darjeeling,2022,2022-23,5,Final Estimate,2,Rabi,4999,Total Food Grains,Food Grains,"['Cereals', 'Pulses']",2,4999,2,2409.0,Kg/Ha,Yield
West Bengal,Darjeeling,2022,2022-23,5,Final Estimate,2,Rabi,4999,Total Food Grains,Food Grains,"['Cereals', 'Pulses']",2,4999,2,22405.0,Ha,Area
West Bengal,Darjeeling,2022,2022-23,5,Final Estimate,2,Rabi,4999,Total Food Grains,Food Grains,"['Cereals', 'Pulses']",2,4999,2,53969.0,Tonnes,Production
West Bengal,Darjeeling,2023,2023-24,5,Final Estimate,3,Summer,4999,Total Food Grains,Food Grains,"['Cereals', 'Pulses']",2,4999,3,5406.07,Ha,Area
West Bengal,Darjeeling,2023,2023-24,5,Final Estimate,3,Summer,4999,Total Food Grains,Food Grains,"['Cereals', 'Pulses']",2,4999,3,5486.0,Kg/Ha,Yield
West Bengal,Darjeeling,2023,2023-24,5,Final Estimate,3,Summer,4999,Total Food Grains,Food Grains,"['Cereals', 'Pulses']",2,4999,3,29655.77,Tonnes,Production
West Bengal,Darjeeling,2022,2022-23,5,Final Estimate,3,Summer,4999,Total Food Grains,Food Grains,"['Cereals', 'Pulses']",2,4999,3,1851.0,Ha,Area
West Bengal,Darjeeling,2022,2022-23,5,Final Estimate,3,Summer,4999,Total Food Grains,Food Grains,"['Cereals', 'Pulses']",2,4999,3,4644.0,Tonnes,Production
West Bengal,Darjeeling,2022,2022-23,5,Final Estimate,3,Summer,4999,Total Food Grains,Food Grains,"['Cereals', 'Pulses']",2,4999,3,2509.0,Kg/Ha,Yield
West Bengal,Darjeeling,2022,2022-23,5,Final Estimate,99999,Total,4999,Total Food Grains,Food Grains,"['Cereals', 'Pulses']",2,4999,99999,2285.0,Kg/Ha,Yield
West Bengal,Darjeeling,2022,2022-23,5,Final Estimate,99999,Total,4999,Total Food Grains,Food Grains,"['Cereals', 'Pulses']",2,4999,99999,35169.0,Ha,Area
West Bengal,Darjeeling,2022,2022-23,5,Final Estimate,99999,Total,4999,Total Food Grains,Food Grains,"['Cereals', 'Pulses']",2,4999,99999,80362.0,Tonnes,Production
West Bengal,Darjeeling,2023,2023-24,5,Final Estimate,99999,Total,4999,Total Food Grains,Food Grains,"['Cereals', 'Pulses']",2,4999,99999,111989.72,Tonnes,Production
West Bengal,Darjeeling,2023,2023-24,5,Final Estimate,99999,Total,4999,Total Food Grains,Food Grains,"['Cereals', 'Pulses']",2,4999,99999,39089.1,Ha,Area
West Bengal,Darjeeling,2023,2023-24,5,Final Estimate,99999,Total,4999,Total Food Grains,Food Grains,"['Cereals', 'Pulses']",2,4999,99999,2865.0,Kg/Ha,Yield
West Bengal,Darjeeling,2023,2023-24,5,Final Estimate,3,Summer,15,Groundnut,Oilseeds,['Oil Seeds'],3,1,3,50.99,Ha,Area
West Bengal,Darjeeling,2022,2022-23,5,Final Estimate,3,Summer,15,Groundnut,Oilseeds,['Oil Seeds'],3,1,3,120.0,Tonnes,Production
West Bengal,Darjeeling,2022,2022-23,5,Final Estimate,3,Summer,15,Groundnut,Oilseeds,['Oil Seeds'],3,1,3,44.0,Ha,Area
West Bengal,Darjeeling,2022,2022-23,5,Final Estimate,3,Summer,15,Groundnut,Oilseeds,['Oil Seeds'],3,1,3,2727.0,Kg/Ha,Yield
West Bengal,Darjeeling,2023,2023-24,5,Final Estimate,3,Summer,15,Groundnut,Oilseeds,['Oil Seeds'],3,1,3,113.82,Tonnes,Production
West Bengal,Darjeeling,2023,2023-24,5,Final Estimate,3,Summer,15,Groundnut,Oilseeds,['Oil Seeds'],3,1,3,2232.0,Kg/Ha,Yield
West Bengal,Darjeeling,2023,2023-24,5,Final Estimate,99999,Total,15,Groundnut,Oilseeds,['Oil Seeds'],3,1,99999,113.82,Tonnes,Production
West Bengal,Darjeeling,2022,2022-23,5,Final Estimate,99999,Total,15,Groundnut,Oilseeds,['Oil Seeds'],3,1,99999,120.0,Tonnes,Production
West Bengal,Darjeeling,2022,2022-23,5,Final Estimate,99999,Total,15,Groundnut,Oilseeds,['Oil Seeds'],3,1,99999,2727.0,Kg/Ha,Yield
West Bengal,Darjeeling,2023,2023-24,5,Final Estimate,99999,Total,15,Groundnut,Oilseeds,['Oil Seeds'],3,1,99999,2232.0,Kg/Ha,Yield
West Bengal,Darjeeling,2022,2022-23,5,Final Estimate,99999,Total,15,Groundnut,Oilseeds,['Oil Seeds'],3,1,99999,44.0,Ha,Area
West Bengal,Darjeeling,2023,2023-24,5,Final Estimate,99999,Total,15,Groundnut,Oilseeds,['Oil Seeds'],3,1,99999,50.99,Ha,Area
West Bengal,Darjeeling,2023,2023-24,5,Final Estimate,3,Summer,17,Sesamum,Oilseeds,['Oil Seeds'],3,3,3,882.0,Kg/Ha,Yield
West Bengal,Darjeeling,2023,2023-24,5,Final Estimate,3,Summer,17,Sesamum,Oilseeds,['Oil Seeds'],3,3,3,92.0,Ha,Area
West Bengal,Darjeeling,2023,2023-24,5,Final Estimate,3,Summer,17,Sesamum,Oilseeds,['Oil Seeds'],3,3,3,81.16,Tonnes,Production
West Bengal,Darjeeling,2022,2022-23,5,Final Estimate,3,Summer,17,Sesamum,Oilseeds,['Oil Seeds'],3,3,3,843.0,Kg/Ha,Yield
West Bengal,Darjeeling,2022,2022-23,5,Final Estimate,3,Summer,17,Sesamum,Oilseeds,['Oil Seeds'],3,3,3,102.0,Ha,Area
West Bengal,Darjeeling,2022,2022-23,5,Final Estimate,3,Summer,17,Sesamum,Oilseeds,['Oil Seeds'],3,3,3,86.0,Tonnes,Production
West Bengal,Darjeeling,2023,2023-24,5,Final Estimate,99999,Total,17,Sesamum,Oilseeds,['Oil Seeds'],3,3,99999,882.0,Kg/Ha,Yield
West Bengal,Darjeeling,2023,2023-24,5,Final Estimate,99999,Total,17,Sesamum,Oilseeds,['Oil Seeds'],3,3,99999,92.0,Ha,Area
West Bengal,Darjeeling,2023,2023-24,5,Final Estimate,99999,Total,17,Sesamum,Oilseeds,['Oil Seeds'],3,3,99999,81.16,Tonnes,Production
West Bengal,Darjeeling,2022,2022-23,5,Final Estimate,99999,Total,17,Sesamum,Oilseeds,['Oil Seeds'],3,3,99999,843.0,Kg/Ha,Yield
West Bengal,Darjeeling,2022,2022-23,5,Final Estimate,99999,Total,17,Sesamum,Oilseeds,['Oil Seeds'],3,3,99999,102.0,Ha,Area
West Bengal,Darjeeling,2022,2022-23,5,Final Estimate,99999,Total,17,Sesamum,Oilseeds,['Oil Seeds'],3,3,99999,86.0,Tonnes,Production
West Bengal,Darjeeling,2022,2022-23,5,Final Estimate,1,Kharif,19,Soybean,Oilseeds,['Oil Seeds'],3,5,1,215.0,Ha,Area
West Bengal,Darjeeling,2023,2023-24,5,Final Estimate,1,Kharif,19,Soybean,Oilseeds,['Oil Seeds'],3,5,1,706.0,Kg/Ha,Yield
West Bengal,Darjeeling,2023,2023-24,5,Final Estimate,1,Kharif,19,Soybean,Oilseeds,['Oil Seeds'],3,5,1,85.0,Ha,Area
West Bengal,Darjeeling,2023,2023-24,5,Final Estimate,1,Kharif,19,Soybean,Oilseeds,['Oil Seeds'],3,5,1,60.05,Tonnes,Production
West Bengal,Darjeeling,2022,2022-23,5,Final Estimate,1,Kharif,19,Soybean,Oilseeds,['Oil Seeds'],3,5,1,712.0,Kg/Ha,Yield
West Bengal,Darjeeling,2022,2022-23,5,Final Estimate,1,Kharif,19,Soybean,Oilseeds,['Oil Seeds'],3,5,1,153.0,Tonnes,Production
West Bengal,Darjeeling,2022,2022-23,5,Final Estimate,99999,Total,19,Soybean,Oilseeds,['Oil Seeds'],3,5,99999,153.0,Tonnes,Production
West Bengal,Darjeeling,2022,2022-23,5,Final Estimate,99999,Total,19,Soybean,Oilseeds,['Oil Seeds'],3,5,99999,712.0,Kg/Ha,Yield
West Bengal,Darjeeling,2023,2023-24,5,Final Estimate,99999,Total,19,Soybean,Oilseeds,['Oil Seeds'],3,5,99999,706.0,Kg/Ha,Yield
West Bengal,Darjeeling,2023,2023-24,5,Final Estimate,99999,Total,19,Soybean,Oilseeds,['Oil Seeds'],3,5,99999,85.0,Ha,Area
West Bengal,Darjeeling,2022,2022-23,5,Final Estimate,99999,Total,19,Soybean,Oilseeds,['Oil Seeds'],3,5,99999,215.0,Ha,Area
West Bengal,Darjeeling,2023,2023-24,5,Final Estimate,99999,Total,19,Soybean,Oilseeds,['Oil Seeds'],3,5,99999,60.05,Tonnes,Production
West Bengal,Darjeeling,2022,2022-23,5,Final Estimate,2,Rabi,21,Rapeseed & Mustard,Oilseeds,['Oil Seeds'],3,7,2,584.0,Kg/Ha,Yield
West Bengal,Darjeeling,2023,2023-24,5,Final Estimate,2,Rabi,21,Rapeseed & Mustard,Oilseeds,['Oil Seeds'],3,7,2,269.63,Tonnes,Production
West Bengal,Darjeeling,2023,2023-24,5,Final Estimate,2,Rabi,21,Rapeseed & Mustard,Oilseeds,['Oil Seeds'],3,7,2,469.0,Kg/Ha,Yield
West Bengal,Darjeeling,2023,2023-24,5,Final Estimate,2,Rabi,21,Rapeseed & Mustard,Oilseeds,['Oil Seeds'],3,7,2,575.0,Ha,Area
West Bengal,Darjeeling,2022,2022-23,5,Final Estimate,2,Rabi,21,Rapeseed & Mustard,Oilseeds,['Oil Seeds'],3,7,2,435.0,Ha,Area
West Bengal,Darjeeling,2022,2022-23,5,Final Estimate,2,Rabi,21,Rapeseed & Mustard,Oilseeds,['Oil Seeds'],3,7,2,254.0,Tonnes,Production
West Bengal,Darjeeling,2022,2022-23,5,Final Estimate,99999,Total,21,Rapeseed & Mustard,Oilseeds,['Oil Seeds'],3,7,99999,584.0,Kg/Ha,Yield
West Bengal,Darjeeling,2022,2022-23,5,Final Estimate,99999,Total,21,Rapeseed & Mustard,Oilseeds,['Oil Seeds'],3,7,99999,435.0,Ha,Area
West Bengal,Darjeeling,2023,2023-24,5,Final Estimate,99999,Total,21,Rapeseed & Mustard,Oilseeds,['Oil Seeds'],3,7,99999,575.0,Ha,Area
West Bengal,Darjeeling,2023,2023-24,5,Final Estimate,99999,Total,21,Rapeseed & Mustard,Oilseeds,['Oil Seeds'],3,7,99999,469.0,Kg/Ha,Yield
West Bengal,Darjeeling,2023,2023-24,5,Final Estimate,99999,Total,21,Rapeseed & Mustard,Oilseeds,['Oil Seeds'],3,7,99999,269.63,Tonnes,Production
West Bengal,Darjeeling,2022,2022-23,5,Final Estimate,99999,Total,21,Rapeseed & Mustard,Oilseeds,['Oil Seeds'],3,7,99999,254.0,Tonnes,Production
West Bengal,Darjeeling,2023,2023-24,5,Final Estimate,2,Rabi,22,Linseed,Oilseeds,['Oil Seeds'],3,8,2,75.0,Ha,Area
West Bengal,Darjeeling,2022,2022-23,5,Final Estimate,2,Rabi,22,Linseed,Oilseeds,['Oil Seeds'],3,8,2,84.0,Ha,Area
West Bengal,Darjeeling,2023,2023-24,5,Final Estimate,2,Rabi,22,Linseed,Oilseeds,['Oil Seeds'],3,8,2,496.0,Kg/Ha,Yield
West Bengal,Darjeeling,2022,2022-23,5,Final Estimate,2,Rabi,22,Linseed,Oilseeds,['Oil Seeds'],3,8,2,34.0,Tonnes,Production
West Bengal,Darjeeling,2022,2022-23,5,Final Estimate,2,Rabi,22,Linseed,Oilseeds,['Oil Seeds'],3,8,2,405.0,Kg/Ha,Yield
West Bengal,Darjeeling,2023,2023-24,5,Final Estimate,2,Rabi,22,Linseed,Oilseeds,['Oil Seeds'],3,8,2,37.19,Tonnes,Production
West Bengal,Darjeeling,2023,2023-24,5,Final Estimate,99999,Total,22,Linseed,Oilseeds,['Oil Seeds'],3,8,99999,37.19,Tonnes,Production
West Bengal,Darjeeling,2023,2023-24,5,Final Estimate,99999,Total,22,Linseed,Oilseeds,['Oil Seeds'],3,8,99999,75.0,Ha,Area
West Bengal,Darjeeling,2023,2023-24,5,Final Estimate,99999,Total,22,Linseed,Oilseeds,['Oil Seeds'],3,8,99999,496.0,Kg/Ha,Yield
West Bengal,Darjeeling,2022,2022-23,5,Final Estimate,99999,Total,22,Linseed,Oilseeds,['Oil Seeds'],3,8,99999,405.0,Kg/Ha,Yield
West Bengal,Darjeeling,2022,2022-23,5,Final Estimate,99999,Total,22,Linseed,Oilseeds,['Oil Seeds'],3,8,99999,84.0,Ha,Area
West Bengal,Darjeeling,2022,2022-23,5,Final Estimate,99999,Total,22,Linseed,Oilseeds,['Oil Seeds'],3,8,99999,34.0,Tonnes,Production
West Bengal,Darjeeling,2022,2022-23,5,Final Estimate,99999,Total,999,Total Oil Seeds,Oilseeds,['Oil Seeds'],3,999,99999,880.0,Ha,Area
West Bengal,Darjeeling,2022,2022-23,5,Final Estimate,99999,Total,999,Total Oil Seeds,Oilseeds,['Oil Seeds'],3,999,99999,647.0,Tonnes,Production
West Bengal,Darjeeling,2023,2023-24,5,Final Estimate,99999,Total,999,Total Oil Seeds,Oilseeds,['Oil Seeds'],3,999,99999,877.99,Ha,Area
West Bengal,Darjeeling,2023,2023-24,5,Final Estimate,99999,Total,999,Total Oil Seeds,Oilseeds,['Oil Seeds'],3,999,99999,640.0,Kg/Ha,Yield
West Bengal,Darjeeling,2023,2023-24,5,Final Estimate,99999,Total,999,Total Oil Seeds,Oilseeds,['Oil Seeds'],3,999,99999,561.84,Tonnes,Production
West Bengal,Darjeeling,2022,2022-23,5,Final Estimate,99999,Total,999,Total Oil Seeds,Oilseeds,['Oil Seeds'],3,999,99999,735.0,Kg/Ha,Yield
West Bengal,Darjeeling,2023,2023-24,5,Final Estimate,1,Kharif,28,Sugarcane,Commercial Crops,['Commercial Crops'],4,1001,1,69100.0,Kg/Ha,Yield
West Bengal,Darjeeling,2023,2023-24,5,Final Estimate,1,Kharif,28,Sugarcane,Commercial Crops,['Commercial Crops'],4,1001,1,1520.21,Tonnes,Production
West Bengal,Darjeeling,2023,2023-24,5,Final Estimate,1,Kharif,28,Sugarcane,Commercial Crops,['Commercial Crops'],4,1001,1,22.0,Ha,Area
West Bengal,Darjeeling,2022,2022-23,5,Final Estimate,1,Kharif,28,Sugarcane,Commercial Crops,['Commercial Crops'],4,1001,1,78000.0,Kg/Ha,Yield
West Bengal,Darjeeling,2022,2022-23,5,Final Estimate,1,Kharif,28,Sugarcane,Commercial Crops,['Commercial Crops'],4,1001,1,780.0,Tonnes,Production
West Bengal,Darjeeling,2022,2022-23,5,Final Estimate,1,Kharif,28,Sugarcane,Commercial Crops,['Commercial Crops'],4,1001,1,10.0,Ha,Area
West Bengal,Darjeeling,2023,2023-24,5,Final Estimate,99999,Total,28,Sugarcane,Commercial Crops,['Commercial Crops'],4,1001,99999,22.0,Ha,Area
West Bengal,Darjeeling,2022,2022-23,5,Final Estimate,99999,Total,28,Sugarcane,Commercial Crops,['Commercial Crops'],4,1001,99999,10.0,Ha,Area
West Bengal,Darjeeling,2022,2022-23,5,Final Estimate,99999,Total,28,Sugarcane,Commercial Crops,['Commercial Crops'],4,1001,99999,780.0,Tonnes,Production
West Bengal,Darjeeling,2022,2022-23,5,Final Estimate,99999,Total,28,Sugarcane,Commercial Crops,['Commercial Crops'],4,1001,99999,78000.0,Kg/Ha,Yield
West Bengal,Darjeeling,2023,2023-24,5,Final Estimate,99999,Total,28,Sugarcane,Commercial Crops,['Commercial Crops'],4,1001,99999,1520.21,Tonnes,Production
West Bengal,Darjeeling,2023,2023-24,5,Final Estimate,99999,Total,28,Sugarcane,Commercial Crops,['Commercial Crops'],4,1001,99999,69100.0,Kg/Ha,Yield
West Bengal,Darjeeling,2022,2022-23,5,Final Estimate,1,Kharif,26,Jute,Commercial Crops,['Commercial Crops'],4,1003,1,2162.0,Kg/Ha,Yield
West Bengal,Darjeeling,2023,2023-24,5,Final Estimate,1,Kharif,26,Jute,Commercial Crops,['Commercial Crops'],4,1003,1,2279.0,Kg/Ha,Yield
West Bengal,Darjeeling,2023,2023-24,5,Final Estimate,1,Kharif,26,Jute,Commercial Crops,['Commercial Crops'],4,1003,1,2844.0,Ha,Area
West Bengal,Darjeeling,2023,2023-24,5,Final Estimate,1,Kharif,26,Jute,Commercial Crops,['Commercial Crops'],4,1003,1,36000.64,Tonnes,Production
West Bengal,Darjeeling,2022,2022-23,5,Final Estimate,1,Kharif,26,Jute,Commercial Crops,['Commercial Crops'],4,1003,1,30539.0,Tonnes,Production
West Bengal,Darjeeling,2022,2022-23,5,Final Estimate,1,Kharif,26,Jute,Commercial Crops,['Commercial Crops'],4,1003,1,2543.0,Ha,Area
West Bengal,Darjeeling,2023,2023-24,5,Final Estimate,99999,Total,26,Jute,Commercial Crops,['Commercial Crops'],4,1003,99999,2279.0,Kg/Ha,Yield
West Bengal,Darjeeling,2023,2023-24,5,Final Estimate,99999,Total,26,Jute,Commercial Crops,['Commercial Crops'],4,1003,99999,2844.0,Ha,Area
West Bengal,Darjeeling,2022,2022-23,5,Final Estimate,99999,Total,26,Jute,Commercial Crops,['Commercial Crops'],4,1003,99999,2162.0,Kg/Ha,Yield
West Bengal,Darjeeling,2022,2022-23,5,Final Estimate,99999,Total,26,Jute,Commercial Crops,['Commercial Crops'],4,1003,99999,2543.0,Ha,Area
West Bengal,Darjeeling,2023,2023-24,5,Final Estimate,99999,Total,26,Jute,Commercial Crops,['Commercial Crops'],4,1003,99999,36000.64,Tonnes,Production
West Bengal,Darjeeling,2022,2022-23,5,Final Estimate,99999,Total,26,Jute,Commercial Crops,['Commercial Crops'],4,1003,99999,30539.0,Tonnes,Production
West Bengal,Darjeeling,2022,2022-23,5,Final Estimate,1,Kharif,27,Mesta,Commercial Crops,['Commercial Crops'],4,1004,1,326.0,Tonnes,Production
West Bengal,Darjeeling,2022,2022-23,5,Final Estimate,1,Kharif,27,Mesta,Commercial Crops,['Commercial Crops'],4,1004,1,2551.0,Kg/Ha,Yield
West Bengal,Darjeeling,2023,2023-24,5,Final Estimate,1,Kharif,27,Mesta,Commercial Crops,['Commercial Crops'],4,1004,1,343.97,Tonnes,Production
West Bengal,Darjeeling,2023,2023-24,5,Final Estimate,1,Kharif,27,Mesta,Commercial Crops,['Commercial Crops'],4,1004,1,24.0,Ha,Area
West Bengal,Darjeeling,2022,2022-23,5,Final Estimate,1,Kharif,27,Mesta,Commercial Crops,['Commercial Crops'],4,1004,1,23.0,Ha,Area
West Bengal,Darjeeling,2023,2023-24,5,Final Estimate,1,Kharif,27,Mesta,Commercial Crops,['Commercial Crops'],4,1004,1,2580.0,Kg/Ha,Yield
West Bengal,Darjeeling,2023,2023-24,5,Final Estimate,99999,Total,27,Mesta,Commercial Crops,['Commercial Crops'],4,1004,99999,2580.0,Kg/Ha,Yield
West Bengal,Darjeeling,2023,2023-24,5,Final Estimate,99999,Total,27,Mesta,Commercial Crops,['Commercial Crops'],4,1004,99999,24.0,Ha,Area
West Bengal,Darjeeling,2022,2022-23,5,Final Estimate,99999,Total,27,Mesta,Commercial Crops,['Commercial Crops'],4,1004,99999,23.0,Ha,Area
West Bengal,Darjeeling,2022,2022-23,5,Final Estimate,99999,Total,27,Mesta,Commercial Crops,['Commercial Crops'],4,1004,99999,2551.0,Kg/Ha,Yield
West Bengal,Darjeeling,2022,2022-23,5,Final Estimate,99999,Total,27,Mesta,Commercial Crops,['Commercial Crops'],4,1004,99999,326.0,Tonnes,Production
West Bengal,Darjeeling,2023,2023-24,5,Final Estimate,99999,Total,27,Mesta,Commercial Crops,['Commercial Crops'],4,1004,99999,343.97,Tonnes,Production
West Bengal,Darjeeling,2023,2023-24,5,Final Estimate,1,Kharif,1999,Jute & Mesta,Commercial Crops,['Commercial Crops'],4,1999,1,2868.0,Ha,Area
West Bengal,Darjeeling,2023,2023-24,5,Final Estimate,1,Kharif,1999,Jute & Mesta,Commercial Crops,['Commercial Crops'],4,1999,1,2281.0,Kg/Ha,Yield
West Bengal,Darjeeling,2022,2022-23,5,Final Estimate,1,Kharif,1999,Jute & Mesta,Commercial Crops,['Commercial Crops'],4,1999,1,2165.0,Kg/Ha,Yield
West Bengal,Darjeeling,2022,2022-23,5,Final Estimate,1,Kharif,1999,Jute & Mesta,Commercial Crops,['Commercial Crops'],4,1999,1,2566.0,Ha,Area
West Bengal,Darjeeling,2022,2022-23,5,Final Estimate,1,Kharif,1999,Jute & Mesta,Commercial Crops,['Commercial Crops'],4,1999,1,30865.0,Tonnes,Production
West Bengal,Darjeeling,2023,2023-24,5,Final Estimate,1,Kharif,1999,Jute & Mesta,Commercial Crops,['Commercial Crops'],4,1999,1,36344.61,Tonnes,Production
West Bengal,Darjeeling,2023,2023-24,5,Final Estimate,99999,Total,1999,Jute & Mesta,Commercial Crops,['Commercial Crops'],4,1999,99999,2281.0,Kg/Ha,Yield
West Bengal,Darjeeling,2023,2023-24,5,Final Estimate,99999,Total,1999,Jute & Mesta,Commercial Crops,['Commercial Crops'],4,1999,99999,2868.0,Ha,Area
West Bengal,Darjeeling,2023,2023-24,5,Final Estimate,99999,Total,1999,Jute & Mesta,Commercial Crops,['Commercial Crops'],4,1999,99999,36344.61,Tonnes,Production
West Bengal,Darjeeling,2022,2022-23,5,Final Estimate,99999,Total,1999,Jute & Mesta,Commercial Crops,['Commercial Crops'],4,1999,99999,30865.0,Tonnes,Production
West Bengal,Darjeeling,2022,2022-23,5,Final Estimate,99999,Total,1999,Jute & Mesta,Commercial Crops,['Commercial Crops'],4,1999,99999,2566.0,Ha,Area
West Bengal,Darjeeling,2022,2022-23,5,Final Estimate,99999,Total,1999,Jute & Mesta,Commercial Crops,['Commercial Crops'],4,1999,99999,2165.0,Kg/Ha,Yield
West Bengal,Hooghly,2023,2023-24,5,Final Estimate,1,Kharif,1,Rice,Food Grains,['Cereals'],1,2001,1,3117.0,Kg/Ha,Yield
West Bengal,Hooghly,2022,2022-23,5,Final Estimate,1,Kharif,1,Rice,Food Grains,['Cereals'],1,2001,1,14374.0,Tonnes,Production
West Bengal,Hooghly,2022,2022-23,5,Final Estimate,1,Kharif,1,Rice,Food Grains,['Cereals'],1,2001,1,4515.0,Ha,Area
West Bengal,Hooghly,2022,2022-23,5,Final Estimate,1,Kharif,1,Rice,Food Grains,['Cereals'],1,2001,1,3184.0,Kg/Ha,Yield
West Bengal,Hooghly,2023,2023-24,5,Final Estimate,1,Kharif,1,Rice,Food Grains,['Cereals'],1,2001,1,551247.65,Tonnes,Production
West Bengal,Hooghly,2023,2023-24,5,Final Estimate,1,Kharif,1,Rice,Food Grains,['Cereals'],1,2001,1,176841.74,Ha,Area
West Bengal,Hooghly,2022,2022-23,5,Final Estimate,2,Rabi,1,Rice,Food Grains,['Cereals'],1,2001,2,182964.0,Ha,Area
West Bengal,Hooghly,2022,2022-23,5,Final Estimate,2,Rabi,1,Rice,Food Grains,['Cereals'],1,2001,2,603316.0,Tonnes,Production
West Bengal,Hooghly,2022,2022-23,5,Final Estimate,2,Rabi,1,Rice,Food Grains,['Cereals'],1,2001,2,3297.0,Kg/Ha,Yield
West Bengal,Hooghly,2023,2023-24,5,Final Estimate,3,Summer,1,Rice,Food Grains,['Cereals'],1,2001,3,195713.77,Tonnes,Production
West Bengal,Hooghly,2023,2023-24,5,Final Estimate,3,Summer,1,Rice,Food Grains,['Cereals'],1,2001,3,3316.0,Kg/Ha,Yield
West Bengal,Hooghly,2023,2023-24,5,Final Estimate,3,Summer,1,Rice,Food Grains,['Cereals'],1,2001,3,59026.72,Ha,Area
West Bengal,Hooghly,2022,2022-23,5,Final Estimate,3,Summer,1,Rice,Food Grains,['Cereals'],1,2001,3,199143.0,Tonnes,Production
West Bengal,Hooghly,2022,2022-23,5,Final Estimate,3,Summer,1,Rice,Food Grains,['Cereals'],1,2001,3,3357.0,Kg/Ha,Yield
West Bengal,Hooghly,2022,2022-23,5,Final Estimate,3,Summer,1,Rice,Food Grains,['Cereals'],1,2001,3,59314.0,Ha,Area
West Bengal,Hooghly,2022,2022-23,5,Final Estimate,99999,Total,1,Rice,Food Grains,['Cereals'],1,2001,99999,3310.0,Kg/Ha,Yield
West Bengal,Hooghly,2023,2023-24,5,Final Estimate,99999,Total,1,Rice,Food Grains,['Cereals'],1,2001,99999,746961.42,Tonnes,Production
West Bengal,Hooghly,2023,2023-24,5,Final Estimate,99999,Total,1,Rice,Food Grains,['Cereals'],1,2001,99999,235868.46,Ha,Area
West Bengal,Hooghly,2023,2023-24,5,Final Estimate,99999,Total,1,Rice,Food Grains,['Cereals'],1,2001,99999,3167.0,Kg/Ha,Yield
West Bengal,Hooghly,2022,2022-23,5,Final Estimate,99999,Total,1,Rice,Food Grains,['Cereals'],1,2001,99999,816833.0,Tonnes,Production
West Bengal,Hooghly,2022,2022-23,5,Final Estimate,99999,Total,1,Rice,Food Grains,['Cereals'],1,2001,99999,246793.0,Ha,Area
West Bengal,Hooghly,2022,2022-23,5,Final Estimate,2,Rabi,2,Wheat,Food Grains,['Cereals'],1,2002,2,7.0,Ha,Area
West Bengal,Hooghly,2022,2022-23,5,Final Estimate,2,Rabi,2,Wheat,Food Grains,['Cereals'],1,2002,2,3000.0,Kg/Ha,Yield
West Bengal,Hooghly,2022,2022-23,5,Final Estimate,2,Rabi,2,Wheat,Food Grains,['Cereals'],1,2002,2,21.0,Tonnes,Production
West Bengal,Hooghly,2022,2022-23,5,Final Estimate,99999,Total,2,Wheat,Food Grains,['Cereals'],1,2002,99999,21.0,Tonnes,Production
West Bengal,Hooghly,2022,2022-23,5,Final Estimate,99999,Total,2,Wheat,Food Grains,['Cereals'],1,2002,99999,3000.0,Kg/Ha,Yield
West Bengal,Hooghly,2022,2022-23,5,Final Estimate,99999,Total,2,Wheat,Food Grains,['Cereals'],1,2002,99999,7.0,Ha,Area
West Bengal,Hooghly,2022,2022-23,5,Final Estimate,1,Kharif,5,Maize,Food Grains,['Cereals'],1,3001,1,3719.0,Kg/Ha,Yield
West Bengal,Hooghly,2023,2023-24,5,Final Estimate,1,Kharif,5,Maize,Food Grains,['Cereals'],1,3001,1,85.98,Ha,Area
West Bengal,Hooghly,2022,2022-23,5,Final Estimate,1,Kharif,5,Maize,Food Grains,['Cereals'],1,3001,1,212.0,Tonnes,Production
West Bengal,Hooghly,2023,2023-24,5,Final Estimate,1,Kharif,5,Maize,Food Grains,['Cereals'],1,3001,1,372.56,Tonnes,Production
West Bengal,Hooghly,2023,2023-24,5,Final Estimate,1,Kharif,5,Maize,Food Grains,['Cereals'],1,3001,1,4333.0,Kg/Ha,Yield
West Bengal,Hooghly,2022,2022-23,5,Final Estimate,1,Kharif,5,Maize,Food Grains,['Cereals'],1,3001,1,57.0,Ha,Area
West Bengal,Hooghly,2022,2022-23,5,Final Estimate,2,Rabi,5,Maize,Food Grains,['Cereals'],1,3001,2,694.0,Tonnes,Production
West Bengal,Hooghly,2023,2023-24,5,Final Estimate,2,Rabi,5,Maize,Food Grains,['Cereals'],1,3001,2,102.0,Ha,Area
West Bengal,Hooghly,2023,2023-24,5,Final Estimate,2,Rabi,5,Maize,Food Grains,['Cereals'],1,3001,2,741.54,Tonnes,Production
West Bengal,Hooghly,2023,2023-24,5,Final Estimate,2,Rabi,5,Maize,Food Grains,['Cereals'],1,3001,2,7270.0,Kg/Ha,Yield
West Bengal,Hooghly,2022,2022-23,5,Final Estimate,2,Rabi,5,Maize,Food Grains,['Cereals'],1,3001,2,7462.0,Kg/Ha,Yield
West Bengal,Hooghly,2022,2022-23,5,Final Estimate,2,Rabi,5,Maize,Food Grains,['Cereals'],1,3001,2,93.0,Ha,Area
West Bengal,Hooghly,2022,2022-23,5,Final Estimate,3,Summer,5,Maize,Food Grains,['Cereals'],1,3001,3,189.0,Ha,Area
West Bengal,Hooghly,2023,2023-24,5,Final Estimate,3,Summer,5,Maize,Food Grains,['Cereals'],1,3001,3,1378.41,Tonnes,Production
West Bengal,Hooghly,2023,2023-24,5,Final Estimate,3,Summer,5,Maize,Food Grains,['Cereals'],1,3001,3,195.99,Ha,Area
West Bengal,Hooghly,2022,2022-23,5,Final Estimate,3,Summer,5,Maize,Food Grains,['Cereals'],1,3001,3,1247.0,Tonnes,Production
West Bengal,Hooghly,2022,2022-23,5,Final Estimate,3,Summer,5,Maize,Food Grains,['Cereals'],1,3001,3,6598.0,Kg/Ha,Yield
West Bengal,Hooghly,2023,2023-24,5,Final Estimate,3,Summer,5,Maize,Food Grains,['Cereals'],1,3001,3,7033.0,Kg/Ha,Yield
West Bengal,Hooghly,2022,2022-23,5,Final Estimate,99999,Total,5,Maize,Food Grains,['Cereals'],1,3001,99999,6351.0,Kg/Ha,Yield
West Bengal,Hooghly,2023,2023-24,5,Final Estimate,99999,Total,5,Maize,Food Grains,['Cereals'],1,3001,99999,6491.0,Kg/Ha,Yield
West Bengal,Hooghly,2023,2023-24,5,Final Estimate,99999,Total,5,Maize,Food Grains,['Cereals'],1,3001,99999,2492.51,Tonnes,Production
West Bengal,Hooghly,2023,2023-24,5,Final Estimate,99999,Total,5,Maize,Food Grains,['Cereals'],1,3001,99999,383.98,Ha,Area
West Bengal,Hooghly,2022,2022-23,5,Final Estimate,99999,Total,5,Maize,Food Grains,['Cereals'],1,3001,99999,339.0,Ha,Area
West Bengal,Hooghly,2022,2022-23,5,Final Estimate,99999,Total,5,Maize,Food Grains,['Cereals'],1,3001,99999,2153.0,Tonnes,Production
West Bengal,Hooghly,2022,2022-23,5,Final Estimate,1,Kharif,3998,Nutri/Coarse Cereals,Food Grains,['Cereals'],1,3998,1,57.0,Ha,Area
West Bengal,Hooghly,2022,2022-23,5,Final Estimate,1,Kharif,3998,Nutri/Coarse Cereals,Food Grains,['Cereals'],1,3998,1,212.0,Tonnes,Production
West Bengal,Hooghly,2022,2022-23,5,Final Estimate,1,Kharif,3998,Nutri/Coarse Cereals,Food Grains,['Cereals'],1,3998,1,3719.0,Kg/Ha,Yield
West Bengal,Hooghly,2023,2023-24,5,Final Estimate,1,Kharif,3998,Nutri/Coarse Cereals,Food Grains,['Cereals'],1,3998,1,85.98,Ha,Area
West Bengal,Hooghly,2023,2023-24,5,Final Estimate,1,Kharif,3998,Nutri/Coarse Cereals,Food Grains,['Cereals'],1,3998,1,372.56,Tonnes,Production
West Bengal,Hooghly,2023,2023-24,5,Final Estimate,1,Kharif,3998,Nutri/Coarse Cereals,Food Grains,['Cereals'],1,3998,1,4333.0,Kg/Ha,Yield
West Bengal,Hooghly,2023,2023-24,5,Final Estimate,2,Rabi,3998,Nutri/Coarse Cereals,Food Grains,['Cereals'],1,3998,2,741.54,Tonnes,Production
West Bengal,Hooghly,2023,2023-24,5,Final Estimate,2,Rabi,3998,Nutri/Coarse Cereals,Food Grains,['Cereals'],1,3998,2,7270.0,Kg/Ha,Yield
West Bengal,Hooghly,2023,2023-24,5,Final Estimate,2,Rabi,3998,Nutri/Coarse Cereals,Food Grains,['Cereals'],1,3998,2,102.0,Ha,Area
West Bengal,Hooghly,2022,2022-23,5,Final Estimate,2,Rabi,3998,Nutri/Coarse Cereals,Food Grains,['Cereals'],1,3998,2,7462.0,Kg/Ha,Yield
West Bengal,Hooghly,2022,2022-23,5,Final Estimate,2,Rabi,3998,Nutri/Coarse Cereals,Food Grains,['Cereals'],1,3998,2,694.0,Tonnes,Production
West Bengal,Hooghly,2022,2022-23,5,Final Estimate,2,Rabi,3998,Nutri/Coarse Cereals,Food Grains,['Cereals'],1,3998,2,93.0,Ha,Area
West Bengal,Hooghly,2022,2022-23,5,Final Estimate,3,Summer,3998,Nutri/Coarse Cereals,Food Grains,['Cereals'],1,3998,3,189.0,Ha,Area
West Bengal,Hooghly,2022,2022-23,5,Final Estimate,3,Summer,3998,Nutri/Coarse Cereals,Food Grains,['Cereals'],1,3998,3,6598.0,Kg/Ha,Yield
West Bengal,Hooghly,2022,2022-23,5,Final Estimate,3,Summer,3998,Nutri/Coarse Cereals,Food Grains,['Cereals'],1,3998,3,1247.0,Tonnes,Production
West Bengal,Hooghly,2023,2023-24,5,Final Estimate,3,Summer,3998,Nutri/Coarse Cereals,Food Grains,['Cereals'],1,3998,3,195.99,Ha,Area
West Bengal,Hooghly,2023,2023-24,5,Final Estimate,3,Summer,3998,Nutri/Coarse Cereals,Food Grains,['Cereals'],1,3998,3,1378.41,Tonnes,Production
West Bengal,Hooghly,2023,2023-24,5,Final Estimate,3,Summer,3998,Nutri/Coarse Cereals,Food Grains,['Cereals'],1,3998,3,7033.0,Kg/Ha,Yield
West Bengal,Hooghly,2023,2023-24,5,Final Estimate,99999,Total,3998,Nutri/Coarse Cereals,Food Grains,['Cereals'],1,3998,99999,383.98,Ha,Area
West Bengal,Hooghly,2023,2023-24,5,Final Estimate,99999,Total,3998,Nutri/Coarse Cereals,Food Grains,['Cereals'],1,3998,99999,2492.51,Tonnes,Production
West Bengal,Hooghly,2023,2023-24,5,Final Estimate,99999,Total,3998,Nutri/Coarse Cereals,Food Grains,['Cereals'],1,3998,99999,6491.0,Kg/Ha,Yield
West Bengal,Hooghly,2022,2022-23,5,Final Estimate,99999,Total,3998,Nutri/Coarse Cereals,Food Grains,['Cereals'],1,3998,99999,339.0,Ha,Area
West Bengal,Hooghly,2022,2022-23,5,Final Estimate,99999,Total,3998,Nutri/Coarse Cereals,Food Grains,['Cereals'],1,3998,99999,2153.0,Tonnes,Production
West Bengal,Hooghly,2022,2022-23,5,Final Estimate,99999,Total,3998,Nutri/Coarse Cereals,Food Grains,['Cereals'],1,3998,99999,6351.0,Kg/Ha,Yield
West Bengal,Hooghly,2022,2022-23,5,Final Estimate,1,Kharif,3999,Cereals,Food Grains,['Cereals'],1,3999,1,3190.0,Kg/Ha,Yield
West Bengal,Hooghly,2023,2023-24,5,Final Estimate,1,Kharif,3999,Cereals,Food Grains,['Cereals'],1,3999,1,551620.21,Tonnes,Production
West Bengal,Hooghly,2023,2023-24,5,Final Estimate,1,Kharif,3999,Cereals,Food Grains,['Cereals'],1,3999,1,3118.0,Kg/Ha,Yield
West Bengal,Hooghly,2022,2022-23,5,Final Estimate,1,Kharif,3999,Cereals,Food Grains,['Cereals'],1,3999,1,4572.0,Ha,Area
West Bengal,Hooghly,2022,2022-23,5,Final Estimate,1,Kharif,3999,Cereals,Food Grains,['Cereals'],1,3999,1,14586.0,Tonnes,Production
West Bengal,Hooghly,2023,2023-24,5,Final Estimate,1,Kharif,3999,Cereals,Food Grains,['Cereals'],1,3999,1,176927.72,Ha,Area
West Bengal,Hooghly,2023,2023-24,5,Final Estimate,2,Rabi,3999,Cereals,Food Grains,['Cereals'],1,3999,2,7270.0,Kg/Ha,Yield
West Bengal,Hooghly,2022,2022-23,5,Final Estimate,2,Rabi,3999,Cereals,Food Grains,['Cereals'],1,3999,2,604031.0,Tonnes,Production
West Bengal,Hooghly,2023,2023-24,5,Final Estimate,2,Rabi,3999,Cereals,Food Grains,['Cereals'],1,3999,2,102.0,Ha,Area
West Bengal,Hooghly,2023,2023-24,5,Final Estimate,2,Rabi,3999,Cereals,Food Grains,['Cereals'],1,3999,2,741.54,Tonnes,Production
West Bengal,Hooghly,2022,2022-23,5,Final Estimate,2,Rabi,3999,Cereals,Food Grains,['Cereals'],1,3999,2,3300.0,Kg/Ha,Yield
West Bengal,Hooghly,2022,2022-23,5,Final Estimate,2,Rabi,3999,Cereals,Food Grains,['Cereals'],1,3999,2,183064.0,Ha,Area
West Bengal,Hooghly,2022,2022-23,5,Final Estimate,3,Summer,3999,Cereals,Food Grains,['Cereals'],1,3999,3,3368.0,Kg/Ha,Yield
West Bengal,Hooghly,2023,2023-24,5,Final Estimate,3,Summer,3999,Cereals,Food Grains,['Cereals'],1,3999,3,3328.0,Kg/Ha,Yield
West Bengal,Hooghly,2023,2023-24,5,Final Estimate,3,Summer,3999,Cereals,Food Grains,['Cereals'],1,3999,3,59222.71,Ha,Area
West Bengal,Hooghly,2023,2023-24,5,Final Estimate,3,Summer,3999,Cereals,Food Grains,['Cereals'],1,3999,3,197092.18,Tonnes,Production
West Bengal,Hooghly,2022,2022-23,5,Final Estimate,3,Summer,3999,Cereals,Food Grains,['Cereals'],1,3999,3,200390.0,Tonnes,Production
West Bengal,Hooghly,2022,2022-23,5,Final Estimate,3,Summer,3999,Cereals,Food Grains,['Cereals'],1,3999,3,59503.0,Ha,Area
West Bengal,Hooghly,2023,2023-24,5,Final Estimate,99999,Total,3999,Cereals,Food Grains,['Cereals'],1,3999,99999,749453.93,Tonnes,Production
West Bengal,Hooghly,2022,2022-23,5,Final Estimate,99999,Total,3999,Cereals,Food Grains,['Cereals'],1,3999,99999,3314.0,Kg/Ha,Yield
West Bengal,Hooghly,2022,2022-23,5,Final Estimate,99999,Total,3999,Cereals,Food Grains,['Cereals'],1,3999,99999,247139.0,Ha,Area
West Bengal,Hooghly,2022,2022-23,5,Final Estimate,99999,Total,3999,Cereals,Food Grains,['Cereals'],1,3999,99999,819007.0,Tonnes,Production
West Bengal,Hooghly,2023,2023-24,5,Final Estimate,99999,Total,3999,Cereals,Food Grains,['Cereals'],1,3999,99999,236252.43,Ha,Area
West Bengal,Hooghly,2023,2023-24,5,Final Estimate,99999,Total,3999,Cereals,Food Grains,['Cereals'],1,3999,99999,3172.0,Kg/Ha,Yield
West Bengal,Hooghly,2023,2023-24,5,Final Estimate,1,Kharif,9,Tur,Food Grains,['Pulses'],2,4001,1,1336.0,Kg/Ha,Yield
West Bengal,Hooghly,2023,2023-24,5,Final Estimate,1,Kharif,9,Tur,Food Grains,['Pulses'],2,4001,1,13.0,Ha,Area
West Bengal,Hooghly,2023,2023-24,5,Final Estimate,1,Kharif,9,Tur,Food Grains,['Pulses'],2,4001,1,17.37,Tonnes,Production
West Bengal,Hooghly,2022,2022-23,5,Final Estimate,2,Rabi,9,Tur,Food Grains,['Pulses'],2,4001,2,62.0,Tonnes,Production
West Bengal,Hooghly,2022,2022-23,5,Final Estimate,2,Rabi,9,Tur,Food Grains,['Pulses'],2,4001,2,39.0,Ha,Area
West Bengal,Hooghly,2022,2022-23,5,Final Estimate,2,Rabi,9,Tur,Food Grains,['Pulses'],2,4001,2,1590.0,Kg/Ha,Yield
West Bengal,Hooghly,2023,2023-24,5,Final Estimate,99999,Total,9,Tur,Food Grains,['Pulses'],2,4001,99999,1336.0,Kg/Ha,Yield
West Bengal,Hooghly,2022,2022-23,5,Final Estimate,99999,Total,9,Tur,Food Grains,['Pulses'],2,4001,99999,62.0,Tonnes,Production
West Bengal,Hooghly,2022,2022-23,5,Final Estimate,99999,Total,9,Tur,Food Grains,['Pulses'],2,4001,99999,39.0,Ha,Area
West Bengal,Hooghly,2022,2022-23,5,Final Estimate,99999,Total,9,Tur,Food Grains,['Pulses'],2,4001,99999,1590.0,Kg/Ha,Yield
West Bengal,Hooghly,2023,2023-24,5,Final Estimate,99999,Total,9,Tur,Food Grains,['Pulses'],2,4001,99999,13.0,Ha,Area
West Bengal,Hooghly,2023,2023-24,5,Final Estimate,99999,Total,9,Tur,Food Grains,['Pulses'],2,4001,99999,17.37,Tonnes,Production
West Bengal,Hooghly,2023,2023-24,5,Final Estimate,2,Rabi,10,Gram,Food Grains,['Pulses'],2,4002,2,56.0,Ha,Area
West Bengal,Hooghly,2023,2023-24,5,Final Estimate,2,Rabi,10,Gram,Food Grains,['Pulses'],2,4002,2,1399.0,Kg/Ha,Yield
West Bengal,Hooghly,2022,2022-23,5,Final Estimate,2,Rabi,10,Gram,Food Grains,['Pulses'],2,4002,2,1408.0,Kg/Ha,Yield
West Bengal,Hooghly,2022,2022-23,5,Final Estimate,2,Rabi,10,Gram,Food Grains,['Pulses'],2,4002,2,69.0,Tonnes,Production
West Bengal,Hooghly,2022,2022-23,5,Final Estimate,2,Rabi,10,Gram,Food Grains,['Pulses'],2,4002,2,49.0,Ha,Area
West Bengal,Hooghly,2023,2023-24,5,Final Estimate,2,Rabi,10,Gram,Food Grains,['Pulses'],2,4002,2,78.32,Tonnes,Production
West Bengal,Hooghly,2022,2022-23,5,Final Estimate,99999,Total,10,Gram,Food Grains,['Pulses'],2,4002,99999,49.0,Ha,Area
West Bengal,Hooghly,2023,2023-24,5,Final Estimate,99999,Total,10,Gram,Food Grains,['Pulses'],2,4002,99999,56.0,Ha,Area
West Bengal,Hooghly,2023,2023-24,5,Final Estimate,99999,Total,10,Gram,Food Grains,['Pulses'],2,4002,99999,78.32,Tonnes,Production
West Bengal,Hooghly,2023,2023-24,5,Final Estimate,99999,Total,10,Gram,Food Grains,['Pulses'],2,4002,99999,1399.0,Kg/Ha,Yield
West Bengal,Hooghly,2022,2022-23,5,Final Estimate,99999,Total,10,Gram,Food Grains,['Pulses'],2,4002,99999,1408.0,Kg/Ha,Yield
West Bengal,Hooghly,2022,2022-23,5,Final Estimate,99999,Total,10,Gram,Food Grains,['Pulses'],2,4002,99999,69.0,Tonnes,Production
West Bengal,Hooghly,2023,2023-24,5,Final Estimate,1,Kharif,11,Urad,Food Grains,['Pulses'],2,4003,1,5.0,Ha,Area
West Bengal,Hooghly,2022,2022-23,5,Final Estimate,1,Kharif,11,Urad,Food Grains,['Pulses'],2,4003,1,2.0,Tonnes,Production
West Bengal,Hooghly,2023,2023-24,5,Final Estimate,1,Kharif,11,Urad,Food Grains,['Pulses'],2,4003,1,4.39,Tonnes,Production
West Bengal,Hooghly,2023,2023-24,5,Final Estimate,1,Kharif,11,Urad,Food Grains,['Pulses'],2,4003,1,877.0,Kg/Ha,Yield
West Bengal,Hooghly,2022,2022-23,5,Final Estimate,1,Kharif,11,Urad,Food Grains,['Pulses'],2,4003,1,3.0,Ha,Area
West Bengal,Hooghly,2022,2022-23,5,Final Estimate,1,Kharif,11,Urad,Food Grains,['Pulses'],2,4003,1,667.0,Kg/Ha,Yield
West Bengal,Hooghly,2023,2023-24,5,Final Estimate,2,Rabi,11,Urad,Food Grains,['Pulses'],2,4003,2,19.88,Tonnes,Production
West Bengal,Hooghly,2023,2023-24,5,Final Estimate,2,Rabi,11,Urad,Food Grains,['Pulses'],2,4003,2,710.0,Kg/Ha,Yield
West Bengal,Hooghly,2022,2022-23,5,Final Estimate,2,Rabi,11,Urad,Food Grains,['Pulses'],2,4003,2,722.0,Kg/Ha,Yield
West Bengal,Hooghly,2022,2022-23,5,Final Estimate,2,Rabi,11,Urad,Food Grains,['Pulses'],2,4003,2,90.0,Ha,Area
West Bengal,Hooghly,2022,2022-23,5,Final Estimate,2,Rabi,11,Urad,Food Grains,['Pulses'],2,4003,2,65.0,Tonnes,Production
West Bengal,Hooghly,2023,2023-24,5,Final Estimate,2,Rabi,11,Urad,Food Grains,['Pulses'],2,4003,2,28.0,Ha,Area
West Bengal,Hooghly,2022,2022-23,5,Final Estimate,99999,Total,11,Urad,Food Grains,['Pulses'],2,4003,99999,67.0,Tonnes,Production
West Bengal,Hooghly,2023,2023-24,5,Final Estimate,99999,Total,11,Urad,Food Grains,['Pulses'],2,4003,99999,24.26,Tonnes,Production
West Bengal,Hooghly,2023,2023-24,5,Final Estimate,99999,Total,11,Urad,Food Grains,['Pulses'],2,4003,99999,33.0,Ha,Area
West Bengal,Hooghly,2023,2023-24,5,Final Estimate,99999,Total,11,Urad,Food Grains,['Pulses'],2,4003,99999,735.0,Kg/Ha,Yield
West Bengal,Hooghly,2022,2022-23,5,Final Estimate,99999,Total,11,Urad,Food Grains,['Pulses'],2,4003,99999,720.0,Kg/Ha,Yield
West Bengal,Hooghly,2022,2022-23,5,Final Estimate,99999,Total,11,Urad,Food Grains,['Pulses'],2,4003,99999,93.0,Ha,Area
West Bengal,Hooghly,2023,2023-24,5,Final Estimate,1,Kharif,12,Moong,Food Grains,['Pulses'],2,4004,1,10.0,Ha,Area
West Bengal,Hooghly,2023,2023-24,5,Final Estimate,1,Kharif,12,Moong,Food Grains,['Pulses'],2,4004,1,509.0,Kg/Ha,Yield
West Bengal,Hooghly,2023,2023-24,5,Final Estimate,1,Kharif,12,Moong,Food Grains,['Pulses'],2,4004,1,5.09,Tonnes,Production
West Bengal,Hooghly,2023,2023-24,5,Final Estimate,2,Rabi,12,Moong,Food Grains,['Pulses'],2,4004,2,646.0,Kg/Ha,Yield
West Bengal,Hooghly,2023,2023-24,5,Final Estimate,2,Rabi,12,Moong,Food Grains,['Pulses'],2,4004,2,20.0,Ha,Area
West Bengal,Hooghly,2023,2023-24,5,Final Estimate,2,Rabi,12,Moong,Food Grains,['Pulses'],2,4004,2,12.92,Tonnes,Production
West Bengal,Hooghly,2023,2023-24,5,Final Estimate,3,Summer,12,Moong,Food Grains,['Pulses'],2,4004,3,911.0,Ha,Area
West Bengal,Hooghly,2022,2022-23,5,Final Estimate,3,Summer,12,Moong,Food Grains,['Pulses'],2,4004,3,1011.0,Tonnes,Production
West Bengal,Hooghly,2022,2022-23,5,Final Estimate,3,Summer,12,Moong,Food Grains,['Pulses'],2,4004,3,1146.0,Kg/Ha,Yield
West Bengal,Hooghly,2022,2022-23,5,Final Estimate,3,Summer,12,Moong,Food Grains,['Pulses'],2,4004,3,882.0,Ha,Area
West Bengal,Hooghly,2023,2023-24,5,Final Estimate,3,Summer,12,Moong,Food Grains,['Pulses'],2,4004,3,1194.29,Tonnes,Production
West Bengal,Hooghly,2023,2023-24,5,Final Estimate,3,Summer,12,Moong,Food Grains,['Pulses'],2,4004,3,1311.0,Kg/Ha,Yield
West Bengal,Hooghly,2022,2022-23,5,Final Estimate,99999,Total,12,Moong,Food Grains,['Pulses'],2,4004,99999,1011.0,Tonnes,Production
West Bengal,Hooghly,2023,2023-24,5,Final Estimate,99999,Total,12,Moong,Food Grains,['Pulses'],2,4004,99999,941.0,Ha,Area
West Bengal,Hooghly,2023,2023-24,5,Final Estimate,99999,Total,12,Moong,Food Grains,['Pulses'],2,4004,99999,1212.3,Tonnes,Production
West Bengal,Hooghly,2023,2023-24,5,Final Estimate,99999,Total,12,Moong,Food Grains,['Pulses'],2,4004,99999,1288.0,Kg/Ha,Yield
West Bengal,Hooghly,2022,2022-23,5,Final Estimate,99999,Total,12,Moong,Food Grains,['Pulses'],2,4004,99999,1146.0,Kg/Ha,Yield
West Bengal,Hooghly,2022,2022-23,5,Final Estimate,99999,Total,12,Moong,Food Grains,['Pulses'],2,4004,99999,882.0,Ha,Area
West Bengal,Hooghly,2023,2023-24,5,Final Estimate,2,Rabi,13,Lentil,Food Grains,['Pulses'],2,4005,2,478.0,Kg/Ha,Yield
West Bengal,Hooghly,2022,2022-23,5,Final Estimate,2,Rabi,13,Lentil,Food Grains,['Pulses'],2,4005,2,1042.0,Tonnes,Production
West Bengal,Hooghly,2022,2022-23,5,Final Estimate,2,Rabi,13,Lentil,Food Grains,['Pulses'],2,4005,2,2619.0,Ha,Area
West Bengal,Hooghly,2023,2023-24,5,Final Estimate,2,Rabi,13,Lentil,Food Grains,['Pulses'],2,4005,2,1132.38,Tonnes,Production
West Bengal,Hooghly,2023,2023-24,5,Final Estimate,2,Rabi,13,Lentil,Food Grains,['Pulses'],2,4005,2,2368.0,Ha,Area
West Bengal,Hooghly,2022,2022-23,5,Final Estimate,2,Rabi,13,Lentil,Food Grains,['Pulses'],2,4005,2,398.0,Kg/Ha,Yield
West Bengal,Hooghly,2022,2022-23,5,Final Estimate,99999,Total,13,Lentil,Food Grains,['Pulses'],2,4005,99999,1042.0,Tonnes,Production
West Bengal,Hooghly,2022,2022-23,5,Final Estimate,99999,Total,13,Lentil,Food Grains,['Pulses'],2,4005,99999,398.0,Kg/Ha,Yield
West Bengal,Hooghly,2022,2022-23,5,Final Estimate,99999,Total,13,Lentil,Food Grains,['Pulses'],2,4005,99999,2619.0,Ha,Area
West Bengal,Hooghly,2023,2023-24,5,Final Estimate,99999,Total,13,Lentil,Food Grains,['Pulses'],2,4005,99999,478.0,Kg/Ha,Yield
West Bengal,Hooghly,2023,2023-24,5,Final Estimate,99999,Total,13,Lentil,Food Grains,['Pulses'],2,4005,99999,1132.38,Tonnes,Production
West Bengal,Hooghly,2023,2023-24,5,Final Estimate,99999,Total,13,Lentil,Food Grains,['Pulses'],2,4005,99999,2368.0,Ha,Area
West Bengal,Hooghly,2023,2023-24,5,Final Estimate,2,Rabi,14,Other Pulses,Food Grains,['Pulses'],2,4006,2,1142.0,Ha,Area
West Bengal,Hooghly,2023,2023-24,5,Final Estimate,2,Rabi,14,Other Pulses,Food Grains,['Pulses'],2,4006,2,1397.0,Kg/Ha,Yield
West Bengal,Hooghly,2023,2023-24,5,Final Estimate,2,Rabi,14,Other Pulses,Food Grains,['Pulses'],2,4006,2,1594.96,Tonnes,Production
West Bengal,Hooghly,2022,2022-23,5,Final Estimate,2,Rabi,14,Other Pulses,Food Grains,['Pulses'],2,4006,2,1239.0,Tonnes,Production
West Bengal,Hooghly,2022,2022-23,5,Final Estimate,2,Rabi,14,Other Pulses,Food Grains,['Pulses'],2,4006,2,1166.0,Ha,Area
West Bengal,Hooghly,2022,2022-23,5,Final Estimate,2,Rabi,14,Other Pulses,Food Grains,['Pulses'],2,4006,2,1063.0,Kg/Ha,Yield
West Bengal,Hooghly,2022,2022-23,5,Final Estimate,99999,Total,14,Other Pulses,Food Grains,['Pulses'],2,4006,99999,1063.0,Kg/Ha,Yield
West Bengal,Hooghly,2022,2022-23,5,Final Estimate,99999,Total,14,Other Pulses,Food Grains,['Pulses'],2,4006,99999,1239.0,Tonnes,Production
West Bengal,Hooghly,2022,2022-23,5,Final Estimate,99999,Total,14,Other Pulses,Food Grains,['Pulses'],2,4006,99999,1166.0,Ha,Area
West Bengal,Hooghly,2023,2023-24,5,Final Estimate,99999,Total,14,Other Pulses,Food Grains,['Pulses'],2,4006,99999,1142.0,Ha,Area
West Bengal,Hooghly,2023,2023-24,5,Final Estimate,99999,Total,14,Other Pulses,Food Grains,['Pulses'],2,4006,99999,1397.0,Kg/Ha,Yield
West Bengal,Hooghly,2023,2023-24,5,Final Estimate,99999,Total,14,Other Pulses,Food Grains,['Pulses'],2,4006,99999,1594.96,Tonnes,Production
West Bengal,Hooghly,2022,2022-23,5,Final Estimate,99999,Total,4998,Total Pulses,Food Grains,['Pulses'],2,4998,99999,4848.0,Ha,Area
West Bengal,Hooghly,2023,2023-24,5,Final Estimate,99999,Total,4998,Total Pulses,Food Grains,['Pulses'],2,4998,99999,892.0,Kg/Ha,Yield
West Bengal,Hooghly,2023,2023-24,5,Final Estimate,99999,Total,4998,Total Pulses,Food Grains,['Pulses'],2,4998,99999,4059.59,Tonnes,Production
West Bengal,Hooghly,2023,2023-24,5,Final Estimate,99999,Total,4998,Total Pulses,Food Grains,['Pulses'],2,4998,99999,4553.0,Ha,Area
West Bengal,Hooghly,2022,2022-23,5,Final Estimate,99999,Total,4998,Total Pulses,Food Grains,['Pulses'],2,4998,99999,720.0,Kg/Ha,Yield
West Bengal,Hooghly,2022,2022-23,5,Final Estimate,99999,Total,4998,Total Pulses,Food Grains,['Pulses'],2,4998,99999,3490.0,Tonnes,Production
West Bengal,Hooghly,2023,2023-24,5,Final Estimate,1,Kharif,4999,Total Food Grains,Food Grains,"['Cereals', 'Pulses']",2,4999,1,3117.0,Kg/Ha,Yield
West Bengal,Hooghly,2023,2023-24,5,Final Estimate,1,Kharif,4999,Total Food Grains,Food Grains,"['Cereals', 'Pulses']",2,4999,1,551647.06,Tonnes,Production
West Bengal,Hooghly,2022,2022-23,5,Final Estimate,1,Kharif,4999,Total Food Grains,Food Grains,"['Cereals', 'Pulses']",2,4999,1,4575.0,Ha,Area
West Bengal,Hooghly,2022,2022-23,5,Final Estimate,1,Kharif,4999,Total Food Grains,Food Grains,"['Cereals', 'Pulses']",2,4999,1,14588.0,Tonnes,Production
West Bengal,Hooghly,2023,2023-24,5,Final Estimate,1,Kharif,4999,Total Food Grains,Food Grains,"['Cereals', 'Pulses']",2,4999,1,176955.72,Ha,Area
West Bengal,Hooghly,2022,2022-23,5,Final Estimate,1,Kharif,4999,Total Food Grains,Food Grains,"['Cereals', 'Pulses']",2,4999,1,3189.0,Kg/Ha,Yield
West Bengal,Hooghly,2023,2023-24,5,Final Estimate,2,Rabi,4999,Total Food Grains,Food Grains,"['Cereals', 'Pulses']",2,4999,2,3716.0,Ha,Area
West Bengal,Hooghly,2022,2022-23,5,Final Estimate,2,Rabi,4999,Total Food Grains,Food Grains,"['Cereals', 'Pulses']",2,4999,2,3243.0,Kg/Ha,Yield
West Bengal,Hooghly,2022,2022-23,5,Final Estimate,2,Rabi,4999,Total Food Grains,Food Grains,"['Cereals', 'Pulses']",2,4999,2,187027.0,Ha,Area
West Bengal,Hooghly,2022,2022-23,5,Final Estimate,2,Rabi,4999,Total Food Grains,Food Grains,"['Cereals', 'Pulses']",2,4999,2,606508.0,Tonnes,Production
West Bengal,Hooghly,2023,2023-24,5,Final Estimate,2,Rabi,4999,Total Food Grains,Food Grains,"['Cereals', 'Pulses']",2,4999,2,963.0,Kg/Ha,Yield
West Bengal,Hooghly,2023,2023-24,5,Final Estimate,2,Rabi,4999,Total Food Grains,Food Grains,"['Cereals', 'Pulses']",2,4999,2,3579.98,Tonnes,Production
West Bengal,Hooghly,2022,2022-23,5,Final Estimate,3,Summer,4999,Total Food Grains,Food Grains,"['Cereals', 'Pulses']",2,4999,3,60385.0,Ha,Area
West Bengal,Hooghly,2022,2022-23,5,Final Estimate,3,Summer,4999,Total Food Grains,Food Grains,"['Cereals', 'Pulses']",2,4999,3,201401.0,Tonnes,Production
West Bengal,Hooghly,2023,2023-24,5,Final Estimate,3,Summer,4999,Total Food Grains,Food Grains,"['Cereals', 'Pulses']",2,4999,3,60133.71,Ha,Area
West Bengal,Hooghly,2023,2023-24,5,Final Estimate,3,Summer,4999,Total Food Grains,Food Grains,"['Cereals', 'Pulses']",2,4999,3,3297.0,Kg/Ha,Yield
West Bengal,Hooghly,2023,2023-24,5,Final Estimate,3,Summer,4999,Total Food Grains,Food Grains,"['Cereals', 'Pulses']",2,4999,3,198286.47,Tonnes,Production
West Bengal,Hooghly,2022,2022-23,5,Final Estimate,3,Summer,4999,Total Food Grains,Food Grains,"['Cereals', 'Pulses']",2,4999,3,3335.0,Kg/Ha,Yield
West Bengal,Hooghly,2023,2023-24,5,Final Estimate,99999,Total,4999,Total Food Grains,Food Grains,"['Cereals', 'Pulses']",2,4999,99999,240805.43,Ha,Area
West Bengal,Hooghly,2022,2022-23,5,Final Estimate,99999,Total,4999,Total Food Grains,Food Grains,"['Cereals', 'Pulses']",2,4999,99999,822497.0,Tonnes,Production
West Bengal,Hooghly,2022,2022-23,5,Final Estimate,99999,Total,4999,Total Food Grains,Food Grains,"['Cereals', 'Pulses']",2,4999,99999,251987.0,Ha,Area
West Bengal,Hooghly,2022,2022-23,5,Final Estimate,99999,Total,4999,Total Food Grains,Food Grains,"['Cereals', 'Pulses']",2,4999,99999,3264.0,Kg/Ha,Yield
West Bengal,Hooghly,2023,2023-24,5,Final Estimate,99999,Total,4999,Total Food Grains,Food Grains,"['Cereals', 'Pulses']",2,4999,99999,753513.52,Tonnes,Production
West Bengal,Hooghly,2023,2023-24,5,Final Estimate,99999,Total,4999,Total Food Grains,Food Grains,"['Cereals', 'Pulses']",2,4999,99999,3129.0,Kg/Ha,Yield
West Bengal,Hooghly,2023,2023-24,5,Final Estimate,1,Kharif,15,Groundnut,Oilseeds,['Oil Seeds'],3,1,1,2286.0,Kg/Ha,Yield
West Bengal,Hooghly,2023,2023-24,5,Final Estimate,1,Kharif,15,Groundnut,Oilseeds,['Oil Seeds'],3,1,1,377.11,Tonnes,Production
West Bengal,Hooghly,2023,2023-24,5,Final Estimate,1,Kharif,15,Groundnut,Oilseeds,['Oil Seeds'],3,1,1,165.0,Ha,Area
West Bengal,Hooghly,2022,2022-23,5,Final Estimate,1,Kharif,15,Groundnut,Oilseeds,['Oil Seeds'],3,1,1,2327.0,Kg/Ha,Yield
West Bengal,Hooghly,2022,2022-23,5,Final Estimate,1,Kharif,15,Groundnut,Oilseeds,['Oil Seeds'],3,1,1,349.0,Tonnes,Production
West Bengal,Hooghly,2022,2022-23,5,Final Estimate,1,Kharif,15,Groundnut,Oilseeds,['Oil Seeds'],3,1,1,150.0,Ha,Area
West Bengal,Hooghly,2023,2023-24,5,Final Estimate,2,Rabi,15,Groundnut,Oilseeds,['Oil Seeds'],3,1,2,1025.0,Kg/Ha,Yield
West Bengal,Hooghly,2022,2022-23,5,Final Estimate,2,Rabi,15,Groundnut,Oilseeds,['Oil Seeds'],3,1,2,250.0,Ha,Area
West Bengal,Hooghly,2022,2022-23,5,Final Estimate,2,Rabi,15,Groundnut,Oilseeds,['Oil Seeds'],3,1,2,272.0,Tonnes,Production
West Bengal,Hooghly,2023,2023-24,5,Final Estimate,2,Rabi,15,Groundnut,Oilseeds,['Oil Seeds'],3,1,2,291.0,Ha,Area
West Bengal,Hooghly,2022,2022-23,5,Final Estimate,2,Rabi,15,Groundnut,Oilseeds,['Oil Seeds'],3,1,2,1088.0,Kg/Ha,Yield
West Bengal,Hooghly,2023,2023-24,5,Final Estimate,2,Rabi,15,Groundnut,Oilseeds,['Oil Seeds'],3,1,2,298.3,Tonnes,Production
West Bengal,Hooghly,2022,2022-23,5,Final Estimate,3,Summer,15,Groundnut,Oilseeds,['Oil Seeds'],3,1,3,20113.0,Ha,Area
West Bengal,Hooghly,2022,2022-23,5,Final Estimate,3,Summer,15,Groundnut,Oilseeds,['Oil Seeds'],3,1,3,2999.0,Kg/Ha,Yield
West Bengal,Hooghly,2023,2023-24,5,Final Estimate,3,Summer,15,Groundnut,Oilseeds,['Oil Seeds'],3,1,3,19853.55,Ha,Area
West Bengal,Hooghly,2023,2023-24,5,Final Estimate,3,Summer,15,Groundnut,Oilseeds,['Oil Seeds'],3,1,3,3034.0,Kg/Ha,Yield
West Bengal,Hooghly,2023,2023-24,5,Final Estimate,3,Summer,15,Groundnut,Oilseeds,['Oil Seeds'],3,1,3,60230.67,Tonnes,Production
West Bengal,Hooghly,2022,2022-23,5,Final Estimate,3,Summer,15,Groundnut,Oilseeds,['Oil Seeds'],3,1,3,60309.0,Tonnes,Production
West Bengal,Hooghly,2023,2023-24,5,Final Estimate,99999,Total,15,Groundnut,Oilseeds,['Oil Seeds'],3,1,99999,2999.0,Kg/Ha,Yield
West Bengal,Hooghly,2022,2022-23,5,Final Estimate,99999,Total,15,Groundnut,Oilseeds,['Oil Seeds'],3,1,99999,20513.0,Ha,Area
West Bengal,Hooghly,2022,2022-23,5,Final Estimate,99999,Total,15,Groundnut,Oilseeds,['Oil Seeds'],3,1,99999,2970.0,Kg/Ha,Yield
West Bengal,Hooghly,2022,2022-23,5,Final Estimate,99999,Total,15,Groundnut,Oilseeds,['Oil Seeds'],3,1,99999,60930.0,Tonnes,Production
West Bengal,Hooghly,2023,2023-24,5,Final Estimate,99999,Total,15,Groundnut,Oilseeds,['Oil Seeds'],3,1,99999,20309.55,Ha,Area
West Bengal,Hooghly,2023,2023-24,5,Final Estimate,99999,Total,15,Groundnut,Oilseeds,['Oil Seeds'],3,1,99999,60906.08,Tonnes,Production
West Bengal,Hooghly,2022,2022-23,5,Final Estimate,3,Summer,17,Sesamum,Oilseeds,['Oil Seeds'],3,3,3,38106.0,Ha,Area
West Bengal,Hooghly,2023,2023-24,5,Final Estimate,3,Summer,17,Sesamum,Oilseeds,['Oil Seeds'],3,3,3,35890.79,Tonnes,Production
West Bengal,Hooghly,2023,2023-24,5,Final Estimate,3,Summer,17,Sesamum,Oilseeds,['Oil Seeds'],3,3,3,39437.0,Ha,Area
West Bengal,Hooghly,2022,2022-23,5,Final Estimate,3,Summer,17,Sesamum,Oilseeds,['Oil Seeds'],3,3,3,39715.0,Tonnes,Production
West Bengal,Hooghly,2023,2023-24,5,Final Estimate,3,Summer,17,Sesamum,Oilseeds,['Oil Seeds'],3,3,3,910.0,Kg/Ha,Yield
West Bengal,Hooghly,2022,2022-23,5,Final Estimate,3,Summer,17,Sesamum,Oilseeds,['Oil Seeds'],3,3,3,1042.0,Kg/Ha,Yield
West Bengal,Hooghly,2023,2023-24,5,Final Estimate,99999,Total,17,Sesamum,Oilseeds,['Oil Seeds'],3,3,99999,910.0,Kg/Ha,Yield
West Bengal,Hooghly,2023,2023-24,5,Final Estimate,99999,Total,17,Sesamum,Oilseeds,['Oil Seeds'],3,3,99999,35890.79,Tonnes,Production
West Bengal,Hooghly,2023,2023-24,5,Final Estimate,99999,Total,17,Sesamum,Oilseeds,['Oil Seeds'],3,3,99999,39437.0,Ha,Area
West Bengal,Hooghly,2022,2022-23,5,Final Estimate,99999,Total,17,Sesamum,Oilseeds,['Oil Seeds'],3,3,99999,39715.0,Tonnes,Production
West Bengal,Hooghly,2022,2022-23,5,Final Estimate,99999,Total,17,Sesamum,Oilseeds,['Oil Seeds'],3,3,99999,38106.0,Ha,Area
West Bengal,Hooghly,2022,2022-23,5,Final Estimate,99999,Total,17,Sesamum,Oilseeds,['Oil Seeds'],3,3,99999,1042.0,Kg/Ha,Yield
West Bengal,Hooghly,2022,2022-23,5,Final Estimate,2,Rabi,21,Rapeseed & Mustard,Oilseeds,['Oil Seeds'],3,7,2,8947.0,Tonnes,Production
West Bengal,Hooghly,2023,2023-24,5,Final Estimate,2,Rabi,21,Rapeseed & Mustard,Oilseeds,['Oil Seeds'],3,7,2,8935.0,Ha,Area
West Bengal,Hooghly,2023,2023-24,5,Final Estimate,2,Rabi,21,Rapeseed & Mustard,Oilseeds,['Oil Seeds'],3,7,2,8790.46,Tonnes,Production
West Bengal,Hooghly,2023,2023-24,5,Final Estimate,2,Rabi,21,Rapeseed & Mustard,Oilseeds,['Oil Seeds'],3,7,2,984.0,Kg/Ha,Yield
West Bengal,Hooghly,2022,2022-23,5,Final Estimate,2,Rabi,21,Rapeseed & Mustard,Oilseeds,['Oil Seeds'],3,7,2,946.0,Kg/Ha,Yield
West Bengal,Hooghly,2022,2022-23,5,Final Estimate,2,Rabi,21,Rapeseed & Mustard,Oilseeds,['Oil Seeds'],3,7,2,9458.0,Ha,Area
West Bengal,Hooghly,2023,2023-24,5,Final Estimate,99999,Total,21,Rapeseed & Mustard,Oilseeds,['Oil Seeds'],3,7,99999,8790.46,Tonnes,Production
West Bengal,Hooghly,2023,2023-24,5,Final Estimate,99999,Total,21,Rapeseed & Mustard,Oilseeds,['Oil Seeds'],3,7,99999,8935.0,Ha,Area
West Bengal,Hooghly,2022,2022-23,5,Final Estimate,99999,Total,21,Rapeseed & Mustard,Oilseeds,['Oil Seeds'],3,7,99999,9458.0,Ha,Area
West Bengal,Hooghly,2022,2022-23,5,Final Estimate,99999,Total,21,Rapeseed & Mustard,Oilseeds,['Oil Seeds'],3,7,99999,8947.0,Tonnes,Production
West Bengal,Hooghly,2022,2022-23,5,Final Estimate,99999,Total,21,Rapeseed & Mustard,Oilseeds,['Oil Seeds'],3,7,99999,946.0,Kg/Ha,Yield
West Bengal,Hooghly,2023,2023-24,5,Final Estimate,99999,Total,21,Rapeseed & Mustard,Oilseeds,['Oil Seeds'],3,7,99999,984.0,Kg/Ha,Yield
West Bengal,Hooghly,2023,2023-24,5,Final Estimate,99999,Total,999,Total Oil Seeds,Oilseeds,['Oil Seeds'],3,999,99999,68681.55,Ha,Area
West Bengal,Hooghly,2023,2023-24,5,Final Estimate,99999,Total,999,Total Oil Seeds,Oilseeds,['Oil Seeds'],3,999,99999,105587.32,Tonnes,Production
West Bengal,Hooghly,2022,2022-23,5,Final Estimate,99999,Total,999,Total Oil Seeds,Oilseeds,['Oil Seeds'],3,999,99999,1610.0,Kg/Ha,Yield
West Bengal,Hooghly,2022,2022-23,5,Final Estimate,99999,Total,999,Total Oil Seeds,Oilseeds,['Oil Seeds'],3,999,99999,68077.0,Ha,Area
West Bengal,Hooghly,2022,2022-23,5,Final Estimate,99999,Total,999,Total Oil Seeds,Oilseeds,['Oil Seeds'],3,999,99999,109592.0,Tonnes,Production
West Bengal,Hooghly,2023,2023-24,5,Final Estimate,99999,Total,999,Total Oil Seeds,Oilseeds,['Oil Seeds'],3,999,99999,1537.0,Kg/Ha,Yield
West Bengal,Hooghly,2022,2022-23,5,Final Estimate,1,Kharif,28,Sugarcane,Commercial Crops,['Commercial Crops'],4,1001,1,79005.0,Kg/Ha,Yield
West Bengal,Hooghly,2023,2023-24,5,Final Estimate,1,Kharif,28,Sugarcane,Commercial Crops,['Commercial Crops'],4,1001,1,78598.0,Kg/Ha,Yield
West Bengal,Hooghly,2022,2022-23,5,Final Estimate,1,Kharif,28,Sugarcane,Commercial Crops,['Commercial Crops'],4,1001,1,32866.0,Tonnes,Production
West Bengal,Hooghly,2022,2022-23,5,Final Estimate,1,Kharif,28,Sugarcane,Commercial Crops,['Commercial Crops'],4,1001,1,416.0,Ha,Area
West Bengal,Hooghly,2023,2023-24,5,Final Estimate,1,Kharif,28,Sugarcane,Commercial Crops,['Commercial Crops'],4,1001,1,397.0,Ha,Area
West Bengal,Hooghly,2023,2023-24,5,Final Estimate,1,Kharif,28,Sugarcane,Commercial Crops,['Commercial Crops'],4,1001,1,31203.54,Tonnes,Production
West Bengal,Hooghly,2023,2023-24,5,Final Estimate,99999,Total,28,Sugarcane,Commercial Crops,['Commercial Crops'],4,1001,99999,397.0,Ha,Area
West Bengal,Hooghly,2023,2023-24,5,Final Estimate,99999,Total,28,Sugarcane,Commercial Crops,['Commercial Crops'],4,1001,99999,78598.0,Kg/Ha,Yield
West Bengal,Hooghly,2023,2023-24,5,Final Estimate,99999,Total,28,Sugarcane,Commercial Crops,['Commercial Crops'],4,1001,99999,31203.54,Tonnes,Production
West Bengal,Hooghly,2022,2022-23,5,Final Estimate,99999,Total,28,Sugarcane,Commercial Crops,['Commercial Crops'],4,1001,99999,416.0,Ha,Area
West Bengal,Hooghly,2022,2022-23,5,Final Estimate,99999,Total,28,Sugarcane,Commercial Crops,['Commercial Crops'],4,1001,99999,32866.0,Tonnes,Production
West Bengal,Hooghly,2022,2022-23,5,Final Estimate,99999,Total,28,Sugarcane,Commercial Crops,['Commercial Crops'],4,1001,99999,79005.0,Kg/Ha,Yield
West Bengal,Hooghly,2022,2022-23,5,Final Estimate,1,Kharif,26,Jute,Commercial Crops,['Commercial Crops'],4,1003,1,3961.0,Kg/Ha,Yield
West Bengal,Hooghly,2022,2022-23,5,Final Estimate,1,Kharif,26,Jute,Commercial Crops,['Commercial Crops'],4,1003,1,11643.0,Ha,Area
West Bengal,Hooghly,2022,2022-23,5,Final Estimate,1,Kharif,26,Jute,Commercial Crops,['Commercial Crops'],4,1003,1,256229.0,Tonnes,Production
West Bengal,Hooghly,2023,2023-24,5,Final Estimate,1,Kharif,26,Jute,Commercial Crops,['Commercial Crops'],4,1003,1,3978.0,Kg/Ha,Yield
West Bengal,Hooghly,2023,2023-24,5,Final Estimate,1,Kharif,26,Jute,Commercial Crops,['Commercial Crops'],4,1003,1,12346.0,Ha,Area
West Bengal,Hooghly,2023,2023-24,5,Final Estimate,1,Kharif,26,Jute,Commercial Crops,['Commercial Crops'],4,1003,1,272813.23,Tonnes,Production
West Bengal,Hooghly,2022,2022-23,5,Final Estimate,99999,Total,26,Jute,Commercial Crops,['Commercial Crops'],4,1003,99999,11643.0,Ha,Area
West Bengal,Hooghly,2022,2022-23,5,Final Estimate,99999,Total,26,Jute,Commercial Crops,['Commercial Crops'],4,1003,99999,3961.0,Kg/Ha,Yield
West Bengal,Hooghly,2023,2023-24,5,Final Estimate,99999,Total,26,Jute,Commercial Crops,['Commercial Crops'],4,1003,99999,3978.0,Kg/Ha,Yield
West Bengal,Hooghly,2023,2023-24,5,Final Estimate,99999,Total,26,Jute,Commercial Crops,['Commercial Crops'],4,1003,99999,12346.0,Ha,Area
West Bengal,Hooghly,2023,2023-24,5,Final Estimate,99999,Total,26,Jute,Commercial Crops,['Commercial Crops'],4,1003,99999,272813.23,Tonnes,Production
West Bengal,Hooghly,2022,2022-23,5,Final Estimate,99999,Total,26,Jute,Commercial Crops,['Commercial Crops'],4,1003,99999,256229.0,Tonnes,Production
West Bengal,Hooghly,2022,2022-23,5,Final Estimate,1,Kharif,27,Mesta,Commercial Crops,['Commercial Crops'],4,1004,1,2551.0,Kg/Ha,Yield
West Bengal,Hooghly,2023,2023-24,5,Final Estimate,1,Kharif,27,Mesta,Commercial Crops,['Commercial Crops'],4,1004,1,2580.0,Kg/Ha,Yield
West Bengal,Hooghly,2023,2023-24,5,Final Estimate,1,Kharif,27,Mesta,Commercial Crops,['Commercial Crops'],4,1004,1,1031.92,Tonnes,Production
West Bengal,Hooghly,2023,2023-24,5,Final Estimate,1,Kharif,27,Mesta,Commercial Crops,['Commercial Crops'],4,1004,1,72.0,Ha,Area
West Bengal,Hooghly,2022,2022-23,5,Final Estimate,1,Kharif,27,Mesta,Commercial Crops,['Commercial Crops'],4,1004,1,53.0,Ha,Area
West Bengal,Hooghly,2022,2022-23,5,Final Estimate,1,Kharif,27,Mesta,Commercial Crops,['Commercial Crops'],4,1004,1,751.0,Tonnes,Production
West Bengal,Hooghly,2022,2022-23,5,Final Estimate,99999,Total,27,Mesta,Commercial Crops,['Commercial Crops'],4,1004,99999,53.0,Ha,Area
West Bengal,Hooghly,2022,2022-23,5,Final Estimate,99999,Total,27,Mesta,Commercial Crops,['Commercial Crops'],4,1004,99999,2551.0,Kg/Ha,Yield
West Bengal,Hooghly,2023,2023-24,5,Final Estimate,99999,Total,27,Mesta,Commercial Crops,['Commercial Crops'],4,1004,99999,72.0,Ha,Area
West Bengal,Hooghly,2023,2023-24,5,Final Estimate,99999,Total,27,Mesta,Commercial Crops,['Commercial Crops'],4,1004,99999,1031.92,Tonnes,Production
West Bengal,Hooghly,2023,2023-24,5,Final Estimate,99999,Total,27,Mesta,Commercial Crops,['Commercial Crops'],4,1004,99999,2580.0,Kg/Ha,Yield
West Bengal,Hooghly,2022,2022-23,5,Final Estimate,99999,Total,27,Mesta,Commercial Crops,['Commercial Crops'],4,1004,99999,751.0,Tonnes,Production
West Bengal,Hooghly,2022,2022-23,5,Final Estimate,1,Kharif,1999,Jute & Mesta,Commercial Crops,['Commercial Crops'],4,1999,1,11696.0,Ha,Area
West Bengal,Hooghly,2023,2023-24,5,Final Estimate,1,Kharif,1999,Jute & Mesta,Commercial Crops,['Commercial Crops'],4,1999,1,3969.0,Kg/Ha,Yield
West Bengal,Hooghly,2023,2023-24,5,Final Estimate,1,Kharif,1999,Jute & Mesta,Commercial Crops,['Commercial Crops'],4,1999,1,12418.0,Ha,Area
West Bengal,Hooghly,2023,2023-24,5,Final Estimate,1,Kharif,1999,Jute & Mesta,Commercial Crops,['Commercial Crops'],4,1999,1,273845.15,Tonnes,Production
West Bengal,Hooghly,2022,2022-23,5,Final Estimate,1,Kharif,1999,Jute & Mesta,Commercial Crops,['Commercial Crops'],4,1999,1,256980.0,Tonnes,Production
West Bengal,Hooghly,2022,2022-23,5,Final Estimate,1,Kharif,1999,Jute & Mesta,Commercial Crops,['Commercial Crops'],4,1999,1,3955.0,Kg/Ha,Yield
West Bengal,Hooghly,2022,2022-23,5,Final Estimate,99999,Total,1999,Jute & Mesta,Commercial Crops,['Commercial Crops'],4,1999,99999,3955.0,Kg/Ha,Yield
West Bengal,Hooghly,2022,2022-23,5,Final Estimate,99999,Total,1999,Jute & Mesta,Commercial Crops,['Commercial Crops'],4,1999,99999,11696.0,Ha,Area
West Bengal,Hooghly,2023,2023-24,5,Final Estimate,99999,Total,1999,Jute & Mesta,Commercial Crops,['Commercial Crops'],4,1999,99999,273845.15,Tonnes,Production
West Bengal,Hooghly,2023,2023-24,5,Final Estimate,99999,Total,1999,Jute & Mesta,Commercial Crops,['Commercial Crops'],4,1999,99999,12418.0,Ha,Area
West Bengal,Hooghly,2023,2023-24,5,Final Estimate,99999,Total,1999,Jute & Mesta,Commercial Crops,['Commercial Crops'],4,1999,99999,3969.0,Kg/Ha,Yield
West Bengal,Hooghly,2022,2022-23,5,Final Estimate,99999,Total,1999,Jute & Mesta,Commercial Crops,['Commercial Crops'],4,1999,99999,256980.0,Tonnes,Production
West Bengal,Howrah,2023,2023-24,5,Final Estimate,1,Kharif,1,Rice,Food Grains,['Cereals'],1,2001,1,143948.71,Tonnes,Production
West Bengal,Howrah,2022,2022-23,5,Final Estimate,1,Kharif,1,Rice,Food Grains,['Cereals'],1,2001,1,3228.0,Kg/Ha,Yield
West Bengal,Howrah,2022,2022-23,5,Final Estimate,1,Kharif,1,Rice,Food Grains,['Cereals'],1,2001,1,3473.0,Tonnes,Production
West Bengal,Howrah,2022,2022-23,5,Final Estimate,1,Kharif,1,Rice,Food Grains,['Cereals'],1,2001,1,1076.0,Ha,Area
West Bengal,Howrah,2023,2023-24,5,Final Estimate,1,Kharif,1,Rice,Food Grains,['Cereals'],1,2001,1,2470.0,Kg/Ha,Yield
West Bengal,Howrah,2023,2023-24,5,Final Estimate,1,Kharif,1,Rice,Food Grains,['Cereals'],1,2001,1,58280.35,Ha,Area
West Bengal,Howrah,2022,2022-23,5,Final Estimate,2,Rabi,1,Rice,Food Grains,['Cereals'],1,2001,2,59956.0,Ha,Area
West Bengal,Howrah,2022,2022-23,5,Final Estimate,2,Rabi,1,Rice,Food Grains,['Cereals'],1,2001,2,2735.0,Kg/Ha,Yield
West Bengal,Howrah,2022,2022-23,5,Final Estimate,2,Rabi,1,Rice,Food Grains,['Cereals'],1,2001,2,163992.0,Tonnes,Production
West Bengal,Howrah,2023,2023-24,5,Final Estimate,3,Summer,1,Rice,Food Grains,['Cereals'],1,2001,3,32912.42,Ha,Area
West Bengal,Howrah,2023,2023-24,5,Final Estimate,3,Summer,1,Rice,Food Grains,['Cereals'],1,2001,3,102759.69,Tonnes,Production
West Bengal,Howrah,2022,2022-23,5,Final Estimate,3,Summer,1,Rice,Food Grains,['Cereals'],1,2001,3,30822.0,Ha,Area
West Bengal,Howrah,2022,2022-23,5,Final Estimate,3,Summer,1,Rice,Food Grains,['Cereals'],1,2001,3,3026.0,Kg/Ha,Yield
West Bengal,Howrah,2022,2022-23,5,Final Estimate,3,Summer,1,Rice,Food Grains,['Cereals'],1,2001,3,93275.0,Tonnes,Production
West Bengal,Howrah,2023,2023-24,5,Final Estimate,3,Summer,1,Rice,Food Grains,['Cereals'],1,2001,3,3122.0,Kg/Ha,Yield
West Bengal,Howrah,2022,2022-23,5,Final Estimate,99999,Total,1,Rice,Food Grains,['Cereals'],1,2001,99999,260740.0,Tonnes,Production
West Bengal,Howrah,2022,2022-23,5,Final Estimate,99999,Total,1,Rice,Food Grains,['Cereals'],1,2001,99999,2839.0,Kg/Ha,Yield
West Bengal,Howrah,2022,2022-23,5,Final Estimate,99999,Total,1,Rice,Food Grains,['Cereals'],1,2001,99999,91854.0,Ha,Area
West Bengal,Howrah,2023,2023-24,5,Final Estimate,99999,Total,1,Rice,Food Grains,['Cereals'],1,2001,99999,246708.4,Tonnes,Production
West Bengal,Howrah,2023,2023-24,5,Final Estimate,99999,Total,1,Rice,Food Grains,['Cereals'],1,2001,99999,91192.77,Ha,Area
West Bengal,Howrah,2023,2023-24,5,Final Estimate,99999,Total,1,Rice,Food Grains,['Cereals'],1,2001,99999,2705.0,Kg/Ha,Yield
West Bengal,Howrah,2022,2022-23,5,Final Estimate,2,Rabi,2,Wheat,Food Grains,['Cereals'],1,2002,2,123.0,Ha,Area
West Bengal,Howrah,2022,2022-23,5,Final Estimate,2,Rabi,2,Wheat,Food Grains,['Cereals'],1,2002,2,308.0,Tonnes,Production
West Bengal,Howrah,2022,2022-23,5,Final Estimate,2,Rabi,2,Wheat,Food Grains,['Cereals'],1,2002,2,2504.0,Kg/Ha,Yield
West Bengal,Howrah,2023,2023-24,5,Final Estimate,2,Rabi,2,Wheat,Food Grains,['Cereals'],1,2002,2,42.0,Ha,Area
West Bengal,Howrah,2023,2023-24,5,Final Estimate,2,Rabi,2,Wheat,Food Grains,['Cereals'],1,2002,2,95.09,Tonnes,Production
West Bengal,Howrah,2023,2023-24,5,Final Estimate,2,Rabi,2,Wheat,Food Grains,['Cereals'],1,2002,2,2264.0,Kg/Ha,Yield
West Bengal,Howrah,2023,2023-24,5,Final Estimate,99999,Total,2,Wheat,Food Grains,['Cereals'],1,2002,99999,95.09,Tonnes,Production
West Bengal,Howrah,2023,2023-24,5,Final Estimate,99999,Total,2,Wheat,Food Grains,['Cereals'],1,2002,99999,42.0,Ha,Area
West Bengal,Howrah,2023,2023-24,5,Final Estimate,99999,Total,2,Wheat,Food Grains,['Cereals'],1,2002,99999,2264.0,Kg/Ha,Yield
West Bengal,Howrah,2022,2022-23,5,Final Estimate,99999,Total,2,Wheat,Food Grains,['Cereals'],1,2002,99999,2504.0,Kg/Ha,Yield
West Bengal,Howrah,2022,2022-23,5,Final Estimate,99999,Total,2,Wheat,Food Grains,['Cereals'],1,2002,99999,308.0,Tonnes,Production
West Bengal,Howrah,2022,2022-23,5,Final Estimate,99999,Total,2,Wheat,Food Grains,['Cereals'],1,2002,99999,123.0,Ha,Area
West Bengal,Howrah,2022,2022-23,5,Final Estimate,1,Kharif,5,Maize,Food Grains,['Cereals'],1,3001,1,6286.0,Kg/Ha,Yield
West Bengal,Howrah,2023,2023-24,5,Final Estimate,1,Kharif,5,Maize,Food Grains,['Cereals'],1,3001,1,8446.0,Kg/Ha,Yield
West Bengal,Howrah,2023,2023-24,5,Final Estimate,1,Kharif,5,Maize,Food Grains,['Cereals'],1,3001,1,312.43,Tonnes,Production
West Bengal,Howrah,2023,2023-24,5,Final Estimate,1,Kharif,5,Maize,Food Grains,['Cereals'],1,3001,1,36.99,Ha,Area
West Bengal,Howrah,2022,2022-23,5,Final Estimate,1,Kharif,5,Maize,Food Grains,['Cereals'],1,3001,1,14.0,Ha,Area
West Bengal,Howrah,2022,2022-23,5,Final Estimate,1,Kharif,5,Maize,Food Grains,['Cereals'],1,3001,1,88.0,Tonnes,Production
West Bengal,Howrah,2023,2023-24,5,Final Estimate,2,Rabi,5,Maize,Food Grains,['Cereals'],1,3001,2,8003.0,Kg/Ha,Yield
West Bengal,Howrah,2022,2022-23,5,Final Estimate,2,Rabi,5,Maize,Food Grains,['Cereals'],1,3001,2,9436.0,Kg/Ha,Yield
West Bengal,Howrah,2022,2022-23,5,Final Estimate,2,Rabi,5,Maize,Food Grains,['Cereals'],1,3001,2,368.0,Tonnes,Production
West Bengal,Howrah,2022,2022-23,5,Final Estimate,2,Rabi,5,Maize,Food Grains,['Cereals'],1,3001,2,39.0,Ha,Area
West Bengal,Howrah,2023,2023-24,5,Final Estimate,2,Rabi,5,Maize,Food Grains,['Cereals'],1,3001,2,280.11,Tonnes,Production
West Bengal,Howrah,2023,2023-24,5,Final Estimate,2,Rabi,5,Maize,Food Grains,['Cereals'],1,3001,2,35.0,Ha,Area
West Bengal,Howrah,2023,2023-24,5,Final Estimate,3,Summer,5,Maize,Food Grains,['Cereals'],1,3001,3,335.47,Tonnes,Production
West Bengal,Howrah,2022,2022-23,5,Final Estimate,3,Summer,5,Maize,Food Grains,['Cereals'],1,3001,3,448.0,Tonnes,Production
West Bengal,Howrah,2023,2023-24,5,Final Estimate,3,Summer,5,Maize,Food Grains,['Cereals'],1,3001,3,6717.0,Kg/Ha,Yield
West Bengal,Howrah,2022,2022-23,5,Final Estimate,3,Summer,5,Maize,Food Grains,['Cereals'],1,3001,3,57.0,Ha,Area
West Bengal,Howrah,2023,2023-24,5,Final Estimate,3,Summer,5,Maize,Food Grains,['Cereals'],1,3001,3,49.94,Ha,Area
West Bengal,Howrah,2022,2022-23,5,Final Estimate,3,Summer,5,Maize,Food Grains,['Cereals'],1,3001,3,7860.0,Kg/Ha,Yield
West Bengal,Howrah,2022,2022-23,5,Final Estimate,99999,Total,5,Maize,Food Grains,['Cereals'],1,3001,99999,110.0,Ha,Area
West Bengal,Howrah,2022,2022-23,5,Final Estimate,99999,Total,5,Maize,Food Grains,['Cereals'],1,3001,99999,904.0,Tonnes,Production
West Bengal,Howrah,2022,2022-23,5,Final Estimate,99999,Total,5,Maize,Food Grains,['Cereals'],1,3001,99999,8218.0,Kg/Ha,Yield
West Bengal,Howrah,2023,2023-24,5,Final Estimate,99999,Total,5,Maize,Food Grains,['Cereals'],1,3001,99999,7611.0,Kg/Ha,Yield
West Bengal,Howrah,2023,2023-24,5,Final Estimate,99999,Total,5,Maize,Food Grains,['Cereals'],1,3001,99999,928.02,Tonnes,Production
West Bengal,Howrah,2023,2023-24,5,Final Estimate,99999,Total,5,Maize,Food Grains,['Cereals'],1,3001,99999,121.93,Ha,Area
West Bengal,Howrah,2022,2022-23,5,Final Estimate,1,Kharif,3998,Nutri/Coarse Cereals,Food Grains,['Cereals'],1,3998,1,88.0,Tonnes,Production
West Bengal,Howrah,2022,2022-23,5,Final Estimate,1,Kharif,3998,Nutri/Coarse Cereals,Food Grains,['Cereals'],1,3998,1,14.0,Ha,Area
West Bengal,Howrah,2022,2022-23,5,Final Estimate,1,Kharif,3998,Nutri/Coarse Cereals,Food Grains,['Cereals'],1,3998,1,6286.0,Kg/Ha,Yield
West Bengal,Howrah,2023,2023-24,5,Final Estimate,1,Kharif,3998,Nutri/Coarse Cereals,Food Grains,['Cereals'],1,3998,1,36.99,Ha,Area
West Bengal,Howrah,2023,2023-24,5,Final Estimate,1,Kharif,3998,Nutri/Coarse Cereals,Food Grains,['Cereals'],1,3998,1,312.43,Tonnes,Production
West Bengal,Howrah,2023,2023-24,5,Final Estimate,1,Kharif,3998,Nutri/Coarse Cereals,Food Grains,['Cereals'],1,3998,1,8446.0,Kg/Ha,Yield
West Bengal,Howrah,2022,2022-23,5,Final Estimate,2,Rabi,3998,Nutri/Coarse Cereals,Food Grains,['Cereals'],1,3998,2,39.0,Ha,Area
West Bengal,Howrah,2023,2023-24,5,Final Estimate,2,Rabi,3998,Nutri/Coarse Cereals,Food Grains,['Cereals'],1,3998,2,8003.0,Kg/Ha,Yield
West Bengal,Howrah,2023,2023-24,5,Final Estimate,2,Rabi,3998,Nutri/Coarse Cereals,Food Grains,['Cereals'],1,3998,2,280.11,Tonnes,Production
West Bengal,Howrah,2023,2023-24,5,Final Estimate,2,Rabi,3998,Nutri/Coarse Cereals,Food Grains,['Cereals'],1,3998,2,35.0,Ha,Area
West Bengal,Howrah,2022,2022-23,5,Final Estimate,2,Rabi,3998,Nutri/Coarse Cereals,Food Grains,['Cereals'],1,3998,2,9436.0,Kg/Ha,Yield
West Bengal,Howrah,2022,2022-23,5,Final Estimate,2,Rabi,3998,Nutri/Coarse Cereals,Food Grains,['Cereals'],1,3998,2,368.0,Tonnes,Production
West Bengal,Howrah,2023,2023-24,5,Final Estimate,3,Summer,3998,Nutri/Coarse Cereals,Food Grains,['Cereals'],1,3998,3,6717.0,Kg/Ha,Yield
West Bengal,Howrah,2022,2022-23,5,Final Estimate,3,Summer,3998,Nutri/Coarse Cereals,Food Grains,['Cereals'],1,3998,3,448.0,Tonnes,Production
West Bengal,Howrah,2022,2022-23,5,Final Estimate,3,Summer,3998,Nutri/Coarse Cereals,Food Grains,['Cereals'],1,3998,3,7860.0,Kg/Ha,Yield
West Bengal,Howrah,2023,2023-24,5,Final Estimate,3,Summer,3998,Nutri/Coarse Cereals,Food Grains,['Cereals'],1,3998,3,49.94,Ha,Area
West Bengal,Howrah,2023,2023-24,5,Final Estimate,3,Summer,3998,Nutri/Coarse Cereals,Food Grains,['Cereals'],1,3998,3,335.47,Tonnes,Production
West Bengal,Howrah,2022,2022-23,5,Final Estimate,3,Summer,3998,Nutri/Coarse Cereals,Food Grains,['Cereals'],1,3998,3,57.0,Ha,Area
West Bengal,Howrah,2022,2022-23,5,Final Estimate,99999,Total,3998,Nutri/Coarse Cereals,Food Grains,['Cereals'],1,3998,99999,110.0,Ha,Area
West Bengal,Howrah,2022,2022-23,5,Final Estimate,99999,Total,3998,Nutri/Coarse Cereals,Food Grains,['Cereals'],1,3998,99999,904.0,Tonnes,Production
West Bengal,Howrah,2022,2022-23,5,Final Estimate,99999,Total,3998,Nutri/Coarse Cereals,Food Grains,['Cereals'],1,3998,99999,8218.0,Kg/Ha,Yield
West Bengal,Howrah,2023,2023-24,5,Final Estimate,99999,Total,3998,Nutri/Coarse Cereals,Food Grains,['Cereals'],1,3998,99999,7611.0,Kg/Ha,Yield
West Bengal,Howrah,2023,2023-24,5,Final Estimate,99999,Total,3998,Nutri/Coarse Cereals,Food Grains,['Cereals'],1,3998,99999,928.02,Tonnes,Production
West Bengal,Howrah,2023,2023-24,5,Final Estimate,99999,Total,3998,Nutri/Coarse Cereals,Food Grains,['Cereals'],1,3998,99999,121.93,Ha,Area
West Bengal,Howrah,2022,2022-23,5,Final Estimate,1,Kharif,3999,Cereals,Food Grains,['Cereals'],1,3999,1,1090.0,Ha,Area
West Bengal,Howrah,2023,2023-24,5,Final Estimate,1,Kharif,3999,Cereals,Food Grains,['Cereals'],1,3999,1,2474.0,Kg/Ha,Yield
West Bengal,Howrah,2022,2022-23,5,Final Estimate,1,Kharif,3999,Cereals,Food Grains,['Cereals'],1,3999,1,3267.0,Kg/Ha,Yield
West Bengal,Howrah,2023,2023-24,5,Final Estimate,1,Kharif,3999,Cereals,Food Grains,['Cereals'],1,3999,1,144261.14,Tonnes,Production
West Bengal,Howrah,2023,2023-24,5,Final Estimate,1,Kharif,3999,Cereals,Food Grains,['Cereals'],1,3999,1,58317.34,Ha,Area
West Bengal,Howrah,2022,2022-23,5,Final Estimate,1,Kharif,3999,Cereals,Food Grains,['Cereals'],1,3999,1,3561.0,Tonnes,Production
West Bengal,Howrah,2023,2023-24,5,Final Estimate,2,Rabi,3999,Cereals,Food Grains,['Cereals'],1,3999,2,375.21,Tonnes,Production
West Bengal,Howrah,2022,2022-23,5,Final Estimate,2,Rabi,3999,Cereals,Food Grains,['Cereals'],1,3999,2,164668.0,Tonnes,Production
West Bengal,Howrah,2023,2023-24,5,Final Estimate,2,Rabi,3999,Cereals,Food Grains,['Cereals'],1,3999,2,4873.0,Kg/Ha,Yield
West Bengal,Howrah,2022,2022-23,5,Final Estimate,2,Rabi,3999,Cereals,Food Grains,['Cereals'],1,3999,2,60118.0,Ha,Area
West Bengal,Howrah,2022,2022-23,5,Final Estimate,2,Rabi,3999,Cereals,Food Grains,['Cereals'],1,3999,2,2739.0,Kg/Ha,Yield
West Bengal,Howrah,2023,2023-24,5,Final Estimate,2,Rabi,3999,Cereals,Food Grains,['Cereals'],1,3999,2,77.0,Ha,Area
West Bengal,Howrah,2023,2023-24,5,Final Estimate,3,Summer,3999,Cereals,Food Grains,['Cereals'],1,3999,3,3128.0,Kg/Ha,Yield
West Bengal,Howrah,2022,2022-23,5,Final Estimate,3,Summer,3999,Cereals,Food Grains,['Cereals'],1,3999,3,3035.0,Kg/Ha,Yield
West Bengal,Howrah,2022,2022-23,5,Final Estimate,3,Summer,3999,Cereals,Food Grains,['Cereals'],1,3999,3,30879.0,Ha,Area
West Bengal,Howrah,2023,2023-24,5,Final Estimate,3,Summer,3999,Cereals,Food Grains,['Cereals'],1,3999,3,32962.36,Ha,Area
West Bengal,Howrah,2023,2023-24,5,Final Estimate,3,Summer,3999,Cereals,Food Grains,['Cereals'],1,3999,3,103095.16,Tonnes,Production
West Bengal,Howrah,2022,2022-23,5,Final Estimate,3,Summer,3999,Cereals,Food Grains,['Cereals'],1,3999,3,93723.0,Tonnes,Production
West Bengal,Howrah,2023,2023-24,5,Final Estimate,99999,Total,3999,Cereals,Food Grains,['Cereals'],1,3999,99999,247731.51,Tonnes,Production
West Bengal,Howrah,2022,2022-23,5,Final Estimate,99999,Total,3999,Cereals,Food Grains,['Cereals'],1,3999,99999,92087.0,Ha,Area
West Bengal,Howrah,2022,2022-23,5,Final Estimate,99999,Total,3999,Cereals,Food Grains,['Cereals'],1,3999,99999,261952.0,Tonnes,Production
West Bengal,Howrah,2023,2023-24,5,Final Estimate,99999,Total,3999,Cereals,Food Grains,['Cereals'],1,3999,99999,91356.7,Ha,Area
West Bengal,Howrah,2023,2023-24,5,Final Estimate,99999,Total,3999,Cereals,Food Grains,['Cereals'],1,3999,99999,2712.0,Kg/Ha,Yield
West Bengal,Howrah,2022,2022-23,5,Final Estimate,99999,Total,3999,Cereals,Food Grains,['Cereals'],1,3999,99999,2845.0,Kg/Ha,Yield
West Bengal,Howrah,2023,2023-24,5,Final Estimate,1,Kharif,9,Tur,Food Grains,['Pulses'],2,4001,1,14.7,Tonnes,Production
West Bengal,Howrah,2023,2023-24,5,Final Estimate,1,Kharif,9,Tur,Food Grains,['Pulses'],2,4001,1,11.0,Ha,Area
West Bengal,Howrah,2023,2023-24,5,Final Estimate,1,Kharif,9,Tur,Food Grains,['Pulses'],2,4001,1,1336.0,Kg/Ha,Yield
West Bengal,Howrah,2023,2023-24,5,Final Estimate,99999,Total,9,Tur,Food Grains,['Pulses'],2,4001,99999,14.7,Tonnes,Production
West Bengal,Howrah,2023,2023-24,5,Final Estimate,99999,Total,9,Tur,Food Grains,['Pulses'],2,4001,99999,11.0,Ha,Area
West Bengal,Howrah,2023,2023-24,5,Final Estimate,99999,Total,9,Tur,Food Grains,['Pulses'],2,4001,99999,1336.0,Kg/Ha,Yield
West Bengal,Howrah,2022,2022-23,5,Final Estimate,2,Rabi,10,Gram,Food Grains,['Pulses'],2,4002,2,9.0,Tonnes,Production
West Bengal,Howrah,2023,2023-24,5,Final Estimate,2,Rabi,10,Gram,Food Grains,['Pulses'],2,4002,2,1004.0,Kg/Ha,Yield
West Bengal,Howrah,2023,2023-24,5,Final Estimate,2,Rabi,10,Gram,Food Grains,['Pulses'],2,4002,2,27.1,Tonnes,Production
West Bengal,Howrah,2023,2023-24,5,Final Estimate,2,Rabi,10,Gram,Food Grains,['Pulses'],2,4002,2,27.0,Ha,Area
West Bengal,Howrah,2022,2022-23,5,Final Estimate,2,Rabi,10,Gram,Food Grains,['Pulses'],2,4002,2,1000.0,Kg/Ha,Yield
West Bengal,Howrah,2022,2022-23,5,Final Estimate,2,Rabi,10,Gram,Food Grains,['Pulses'],2,4002,2,9.0,Ha,Area
West Bengal,Howrah,2023,2023-24,5,Final Estimate,99999,Total,10,Gram,Food Grains,['Pulses'],2,4002,99999,27.0,Ha,Area
West Bengal,Howrah,2023,2023-24,5,Final Estimate,99999,Total,10,Gram,Food Grains,['Pulses'],2,4002,99999,27.1,Tonnes,Production
West Bengal,Howrah,2023,2023-24,5,Final Estimate,99999,Total,10,Gram,Food Grains,['Pulses'],2,4002,99999,1004.0,Kg/Ha,Yield
West Bengal,Howrah,2022,2022-23,5,Final Estimate,99999,Total,10,Gram,Food Grains,['Pulses'],2,4002,99999,1000.0,Kg/Ha,Yield
West Bengal,Howrah,2022,2022-23,5,Final Estimate,99999,Total,10,Gram,Food Grains,['Pulses'],2,4002,99999,9.0,Tonnes,Production
West Bengal,Howrah,2022,2022-23,5,Final Estimate,99999,Total,10,Gram,Food Grains,['Pulses'],2,4002,99999,9.0,Ha,Area
West Bengal,Howrah,2023,2023-24,5,Final Estimate,1,Kharif,11,Urad,Food Grains,['Pulses'],2,4003,1,9.0,Ha,Area
West Bengal,Howrah,2022,2022-23,5,Final Estimate,1,Kharif,11,Urad,Food Grains,['Pulses'],2,4003,1,6.0,Ha,Area
West Bengal,Howrah,2023,2023-24,5,Final Estimate,1,Kharif,11,Urad,Food Grains,['Pulses'],2,4003,1,710.0,Kg/Ha,Yield
West Bengal,Howrah,2022,2022-23,5,Final Estimate,1,Kharif,11,Urad,Food Grains,['Pulses'],2,4003,1,4.0,Tonnes,Production
West Bengal,Howrah,2022,2022-23,5,Final Estimate,1,Kharif,11,Urad,Food Grains,['Pulses'],2,4003,1,667.0,Kg/Ha,Yield
West Bengal,Howrah,2023,2023-24,5,Final Estimate,1,Kharif,11,Urad,Food Grains,['Pulses'],2,4003,1,6.39,Tonnes,Production
West Bengal,Howrah,2022,2022-23,5,Final Estimate,2,Rabi,11,Urad,Food Grains,['Pulses'],2,4003,2,1000.0,Kg/Ha,Yield
West Bengal,Howrah,2022,2022-23,5,Final Estimate,2,Rabi,11,Urad,Food Grains,['Pulses'],2,4003,2,1.0,Tonnes,Production
West Bengal,Howrah,2022,2022-23,5,Final Estimate,2,Rabi,11,Urad,Food Grains,['Pulses'],2,4003,2,1.0,Ha,Area
West Bengal,Howrah,2023,2023-24,5,Final Estimate,99999,Total,11,Urad,Food Grains,['Pulses'],2,4003,99999,710.0,Kg/Ha,Yield
West Bengal,Howrah,2022,2022-23,5,Final Estimate,99999,Total,11,Urad,Food Grains,['Pulses'],2,4003,99999,714.0,Kg/Ha,Yield
West Bengal,Howrah,2022,2022-23,5,Final Estimate,99999,Total,11,Urad,Food Grains,['Pulses'],2,4003,99999,5.0,Tonnes,Production
West Bengal,Howrah,2023,2023-24,5,Final Estimate,99999,Total,11,Urad,Food Grains,['Pulses'],2,4003,99999,6.39,Tonnes,Production
West Bengal,Howrah,2022,2022-23,5,Final Estimate,99999,Total,11,Urad,Food Grains,['Pulses'],2,4003,99999,7.0,Ha,Area
West Bengal,Howrah,2023,2023-24,5,Final Estimate,99999,Total,11,Urad,Food Grains,['Pulses'],2,4003,99999,9.0,Ha,Area
West Bengal,Howrah,2023,2023-24,5,Final Estimate,3,Summer,12,Moong,Food Grains,['Pulses'],2,4004,3,723.0,Kg/Ha,Yield
West Bengal,Howrah,2022,2022-23,5,Final Estimate,3,Summer,12,Moong,Food Grains,['Pulses'],2,4004,3,1405.0,Tonnes,Production
West Bengal,Howrah,2023,2023-24,5,Final Estimate,3,Summer,12,Moong,Food Grains,['Pulses'],2,4004,3,1447.0,Ha,Area
West Bengal,Howrah,2023,2023-24,5,Final Estimate,3,Summer,12,Moong,Food Grains,['Pulses'],2,4004,3,1046.6,Tonnes,Production
West Bengal,Howrah,2022,2022-23,5,Final Estimate,3,Summer,12,Moong,Food Grains,['Pulses'],2,4004,3,853.0,Kg/Ha,Yield
West Bengal,Howrah,2022,2022-23,5,Final Estimate,3,Summer,12,Moong,Food Grains,['Pulses'],2,4004,3,1647.0,Ha,Area
West Bengal,Howrah,2023,2023-24,5,Final Estimate,99999,Total,12,Moong,Food Grains,['Pulses'],2,4004,99999,723.0,Kg/Ha,Yield
West Bengal,Howrah,2022,2022-23,5,Final Estimate,99999,Total,12,Moong,Food Grains,['Pulses'],2,4004,99999,1405.0,Tonnes,Production
West Bengal,Howrah,2022,2022-23,5,Final Estimate,99999,Total,12,Moong,Food Grains,['Pulses'],2,4004,99999,853.0,Kg/Ha,Yield
West Bengal,Howrah,2023,2023-24,5,Final Estimate,99999,Total,12,Moong,Food Grains,['Pulses'],2,4004,99999,1447.0,Ha,Area
West Bengal,Howrah,2023,2023-24,5,Final Estimate,99999,Total,12,Moong,Food Grains,['Pulses'],2,4004,99999,1046.6,Tonnes,Production
West Bengal,Howrah,2022,2022-23,5,Final Estimate,99999,Total,12,Moong,Food Grains,['Pulses'],2,4004,99999,1647.0,Ha,Area
West Bengal,Howrah,2023,2023-24,5,Final Estimate,2,Rabi,13,Lentil,Food Grains,['Pulses'],2,4005,2,828.0,Kg/Ha,Yield
West Bengal,Howrah,2023,2023-24,5,Final Estimate,2,Rabi,13,Lentil,Food Grains,['Pulses'],2,4005,2,76.21,Tonnes,Production
West Bengal,Howrah,2022,2022-23,5,Final Estimate,2,Rabi,13,Lentil,Food Grains,['Pulses'],2,4005,2,824.0,Kg/Ha,Yield
West Bengal,Howrah,2022,2022-23,5,Final Estimate,2,Rabi,13,Lentil,Food Grains,['Pulses'],2,4005,2,85.0,Ha,Area
West Bengal,Howrah,2022,2022-23,5,Final Estimate,2,Rabi,13,Lentil,Food Grains,['Pulses'],2,4005,2,70.0,Tonnes,Production
West Bengal,Howrah,2023,2023-24,5,Final Estimate,2,Rabi,13,Lentil,Food Grains,['Pulses'],2,4005,2,92.0,Ha,Area
West Bengal,Howrah,2022,2022-23,5,Final Estimate,99999,Total,13,Lentil,Food Grains,['Pulses'],2,4005,99999,70.0,Tonnes,Production
West Bengal,Howrah,2022,2022-23,5,Final Estimate,99999,Total,13,Lentil,Food Grains,['Pulses'],2,4005,99999,85.0,Ha,Area
West Bengal,Howrah,2022,2022-23,5,Final Estimate,99999,Total,13,Lentil,Food Grains,['Pulses'],2,4005,99999,824.0,Kg/Ha,Yield
West Bengal,Howrah,2023,2023-24,5,Final Estimate,99999,Total,13,Lentil,Food Grains,['Pulses'],2,4005,99999,76.21,Tonnes,Production
West Bengal,Howrah,2023,2023-24,5,Final Estimate,99999,Total,13,Lentil,Food Grains,['Pulses'],2,4005,99999,92.0,Ha,Area
West Bengal,Howrah,2023,2023-24,5,Final Estimate,99999,Total,13,Lentil,Food Grains,['Pulses'],2,4005,99999,828.0,Kg/Ha,Yield
West Bengal,Howrah,2023,2023-24,5,Final Estimate,2,Rabi,14,Other Pulses,Food Grains,['Pulses'],2,4006,2,2095.12,Tonnes,Production
West Bengal,Howrah,2023,2023-24,5,Final Estimate,2,Rabi,14,Other Pulses,Food Grains,['Pulses'],2,4006,2,1069.0,Kg/Ha,Yield
West Bengal,Howrah,2022,2022-23,5,Final Estimate,2,Rabi,14,Other Pulses,Food Grains,['Pulses'],2,4006,2,1231.0,Kg/Ha,Yield
West Bengal,Howrah,2022,2022-23,5,Final Estimate,2,Rabi,14,Other Pulses,Food Grains,['Pulses'],2,4006,2,1901.0,Ha,Area
West Bengal,Howrah,2022,2022-23,5,Final Estimate,2,Rabi,14,Other Pulses,Food Grains,['Pulses'],2,4006,2,2340.0,Tonnes,Production
West Bengal,Howrah,2023,2023-24,5,Final Estimate,2,Rabi,14,Other Pulses,Food Grains,['Pulses'],2,4006,2,1960.0,Ha,Area
West Bengal,Howrah,2022,2022-23,5,Final Estimate,99999,Total,14,Other Pulses,Food Grains,['Pulses'],2,4006,99999,1231.0,Kg/Ha,Yield
West Bengal,Howrah,2023,2023-24,5,Final Estimate,99999,Total,14,Other Pulses,Food Grains,['Pulses'],2,4006,99999,2095.12,Tonnes,Production
West Bengal,Howrah,2023,2023-24,5,Final Estimate,99999,Total,14,Other Pulses,Food Grains,['Pulses'],2,4006,99999,1960.0,Ha,Area
West Bengal,Howrah,2022,2022-23,5,Final Estimate,99999,Total,14,Other Pulses,Food Grains,['Pulses'],2,4006,99999,1901.0,Ha,Area
West Bengal,Howrah,2022,2022-23,5,Final Estimate,99999,Total,14,Other Pulses,Food Grains,['Pulses'],2,4006,99999,2340.0,Tonnes,Production
West Bengal,Howrah,2023,2023-24,5,Final Estimate,99999,Total,14,Other Pulses,Food Grains,['Pulses'],2,4006,99999,1069.0,Kg/Ha,Yield
West Bengal,Howrah,2023,2023-24,5,Final Estimate,99999,Total,4998,Total Pulses,Food Grains,['Pulses'],2,4998,99999,3266.12,Tonnes,Production
West Bengal,Howrah,2022,2022-23,5,Final Estimate,99999,Total,4998,Total Pulses,Food Grains,['Pulses'],2,4998,99999,1049.0,Kg/Ha,Yield
West Bengal,Howrah,2022,2022-23,5,Final Estimate,99999,Total,4998,Total Pulses,Food Grains,['Pulses'],2,4998,99999,3649.0,Ha,Area
West Bengal,Howrah,2022,2022-23,5,Final Estimate,99999,Total,4998,Total Pulses,Food Grains,['Pulses'],2,4998,99999,3829.0,Tonnes,Production
West Bengal,Howrah,2023,2023-24,5,Final Estimate,99999,Total,4998,Total Pulses,Food Grains,['Pulses'],2,4998,99999,921.0,Kg/Ha,Yield
West Bengal,Howrah,2023,2023-24,5,Final Estimate,99999,Total,4998,Total Pulses,Food Grains,['Pulses'],2,4998,99999,3546.0,Ha,Area
West Bengal,Howrah,2023,2023-24,5,Final Estimate,1,Kharif,4999,Total Food Grains,Food Grains,"['Cereals', 'Pulses']",2,4999,1,58337.34,Ha,Area
West Bengal,Howrah,2022,2022-23,5,Final Estimate,1,Kharif,4999,Total Food Grains,Food Grains,"['Cereals', 'Pulses']",2,4999,1,1096.0,Ha,Area
West Bengal,Howrah,2022,2022-23,5,Final Estimate,1,Kharif,4999,Total Food Grains,Food Grains,"['Cereals', 'Pulses']",2,4999,1,3253.0,Kg/Ha,Yield
West Bengal,Howrah,2022,2022-23,5,Final Estimate,1,Kharif,4999,Total Food Grains,Food Grains,"['Cereals', 'Pulses']",2,4999,1,3565.0,Tonnes,Production
West Bengal,Howrah,2023,2023-24,5,Final Estimate,1,Kharif,4999,Total Food Grains,Food Grains,"['Cereals', 'Pulses']",2,4999,1,144282.24,Tonnes,Production
West Bengal,Howrah,2023,2023-24,5,Final Estimate,1,Kharif,4999,Total Food Grains,Food Grains,"['Cereals', 'Pulses']",2,4999,1,2473.0,Kg/Ha,Yield
West Bengal,Howrah,2023,2023-24,5,Final Estimate,2,Rabi,4999,Total Food Grains,Food Grains,"['Cereals', 'Pulses']",2,4999,2,2573.63,Tonnes,Production
West Bengal,Howrah,2022,2022-23,5,Final Estimate,2,Rabi,4999,Total Food Grains,Food Grains,"['Cereals', 'Pulses']",2,4999,2,2690.0,Kg/Ha,Yield
West Bengal,Howrah,2022,2022-23,5,Final Estimate,2,Rabi,4999,Total Food Grains,Food Grains,"['Cereals', 'Pulses']",2,4999,2,167088.0,Tonnes,Production
West Bengal,Howrah,2023,2023-24,5,Final Estimate,2,Rabi,4999,Total Food Grains,Food Grains,"['Cereals', 'Pulses']",2,4999,2,1194.0,Kg/Ha,Yield
West Bengal,Howrah,2023,2023-24,5,Final Estimate,2,Rabi,4999,Total Food Grains,Food Grains,"['Cereals', 'Pulses']",2,4999,2,2156.0,Ha,Area
West Bengal,Howrah,2022,2022-23,5,Final Estimate,2,Rabi,4999,Total Food Grains,Food Grains,"['Cereals', 'Pulses']",2,4999,2,62114.0,Ha,Area
West Bengal,Howrah,2022,2022-23,5,Final Estimate,3,Summer,4999,Total Food Grains,Food Grains,"['Cereals', 'Pulses']",2,4999,3,2925.0,Kg/Ha,Yield
West Bengal,Howrah,2022,2022-23,5,Final Estimate,3,Summer,4999,Total Food Grains,Food Grains,"['Cereals', 'Pulses']",2,4999,3,95128.0,Tonnes,Production
West Bengal,Howrah,2023,2023-24,5,Final Estimate,3,Summer,4999,Total Food Grains,Food Grains,"['Cereals', 'Pulses']",2,4999,3,34409.36,Ha,Area
West Bengal,Howrah,2023,2023-24,5,Final Estimate,3,Summer,4999,Total Food Grains,Food Grains,"['Cereals', 'Pulses']",2,4999,3,3027.0,Kg/Ha,Yield
West Bengal,Howrah,2023,2023-24,5,Final Estimate,3,Summer,4999,Total Food Grains,Food Grains,"['Cereals', 'Pulses']",2,4999,3,104141.77,Tonnes,Production
West Bengal,Howrah,2022,2022-23,5,Final Estimate,3,Summer,4999,Total Food Grains,Food Grains,"['Cereals', 'Pulses']",2,4999,3,32526.0,Ha,Area
West Bengal,Howrah,2023,2023-24,5,Final Estimate,99999,Total,4999,Total Food Grains,Food Grains,"['Cereals', 'Pulses']",2,4999,99999,250997.64,Tonnes,Production
West Bengal,Howrah,2023,2023-24,5,Final Estimate,99999,Total,4999,Total Food Grains,Food Grains,"['Cereals', 'Pulses']",2,4999,99999,94902.7,Ha,Area
West Bengal,Howrah,2022,2022-23,5,Final Estimate,99999,Total,4999,Total Food Grains,Food Grains,"['Cereals', 'Pulses']",2,4999,99999,95736.0,Ha,Area
West Bengal,Howrah,2023,2023-24,5,Final Estimate,99999,Total,4999,Total Food Grains,Food Grains,"['Cereals', 'Pulses']",2,4999,99999,2645.0,Kg/Ha,Yield
West Bengal,Howrah,2022,2022-23,5,Final Estimate,99999,Total,4999,Total Food Grains,Food Grains,"['Cereals', 'Pulses']",2,4999,99999,265781.0,Tonnes,Production
West Bengal,Howrah,2022,2022-23,5,Final Estimate,99999,Total,4999,Total Food Grains,Food Grains,"['Cereals', 'Pulses']",2,4999,99999,2776.0,Kg/Ha,Yield
West Bengal,Howrah,2023,2023-24,5,Final Estimate,2,Rabi,15,Groundnut,Oilseeds,['Oil Seeds'],3,1,2,8.64,Tonnes,Production
West Bengal,Howrah,2023,2023-24,5,Final Estimate,2,Rabi,15,Groundnut,Oilseeds,['Oil Seeds'],3,1,2,8.0,Ha,Area
West Bengal,Howrah,2023,2023-24,5,Final Estimate,2,Rabi,15,Groundnut,Oilseeds,['Oil Seeds'],3,1,2,1080.0,Kg/Ha,Yield
West Bengal,Howrah,2022,2022-23,5,Final Estimate,2,Rabi,15,Groundnut,Oilseeds,['Oil Seeds'],3,1,2,2.0,Ha,Area
West Bengal,Howrah,2022,2022-23,5,Final Estimate,2,Rabi,15,Groundnut,Oilseeds,['Oil Seeds'],3,1,2,4.0,Tonnes,Production
West Bengal,Howrah,2022,2022-23,5,Final Estimate,2,Rabi,15,Groundnut,Oilseeds,['Oil Seeds'],3,1,2,2000.0,Kg/Ha,Yield
West Bengal,Howrah,2022,2022-23,5,Final Estimate,3,Summer,15,Groundnut,Oilseeds,['Oil Seeds'],3,1,3,5091.0,Ha,Area
West Bengal,Howrah,2023,2023-24,5,Final Estimate,3,Summer,15,Groundnut,Oilseeds,['Oil Seeds'],3,1,3,11779.76,Tonnes,Production
West Bengal,Howrah,2023,2023-24,5,Final Estimate,3,Summer,15,Groundnut,Oilseeds,['Oil Seeds'],3,1,3,5068.37,Ha,Area
West Bengal,Howrah,2023,2023-24,5,Final Estimate,3,Summer,15,Groundnut,Oilseeds,['Oil Seeds'],3,1,3,2324.0,Kg/Ha,Yield
West Bengal,Howrah,2022,2022-23,5,Final Estimate,3,Summer,15,Groundnut,Oilseeds,['Oil Seeds'],3,1,3,3055.0,Kg/Ha,Yield
West Bengal,Howrah,2022,2022-23,5,Final Estimate,3,Summer,15,Groundnut,Oilseeds,['Oil Seeds'],3,1,3,15552.0,Tonnes,Production
West Bengal,Howrah,2023,2023-24,5,Final Estimate,99999,Total,15,Groundnut,Oilseeds,['Oil Seeds'],3,1,99999,5076.37,Ha,Area
West Bengal,Howrah,2022,2022-23,5,Final Estimate,99999,Total,15,Groundnut,Oilseeds,['Oil Seeds'],3,1,99999,5093.0,Ha,Area
West Bengal,Howrah,2022,2022-23,5,Final Estimate,99999,Total,15,Groundnut,Oilseeds,['Oil Seeds'],3,1,99999,3054.0,Kg/Ha,Yield
West Bengal,Howrah,2022,2022-23,5,Final Estimate,99999,Total,15,Groundnut,Oilseeds,['Oil Seeds'],3,1,99999,15556.0,Tonnes,Production
West Bengal,Howrah,2023,2023-24,5,Final Estimate,99999,Total,15,Groundnut,Oilseeds,['Oil Seeds'],3,1,99999,2322.0,Kg/Ha,Yield
West Bengal,Howrah,2023,2023-24,5,Final Estimate,99999,Total,15,Groundnut,Oilseeds,['Oil Seeds'],3,1,99999,11788.4,Tonnes,Production
West Bengal,Howrah,2022,2022-23,5,Final Estimate,3,Summer,17,Sesamum,Oilseeds,['Oil Seeds'],3,3,3,2901.0,Ha,Area
West Bengal,Howrah,2022,2022-23,5,Final Estimate,3,Summer,17,Sesamum,Oilseeds,['Oil Seeds'],3,3,3,3134.0,Tonnes,Production
West Bengal,Howrah,2023,2023-24,5,Final Estimate,3,Summer,17,Sesamum,Oilseeds,['Oil Seeds'],3,3,3,2547.0,Ha,Area
West Bengal,Howrah,2022,2022-23,5,Final Estimate,3,Summer,17,Sesamum,Oilseeds,['Oil Seeds'],3,3,3,1080.0,Kg/Ha,Yield
West Bengal,Howrah,2023,2023-24,5,Final Estimate,3,Summer,17,Sesamum,Oilseeds,['Oil Seeds'],3,3,3,1660.41,Tonnes,Production
West Bengal,Howrah,2023,2023-24,5,Final Estimate,3,Summer,17,Sesamum,Oilseeds,['Oil Seeds'],3,3,3,652.0,Kg/Ha,Yield
West Bengal,Howrah,2022,2022-23,5,Final Estimate,99999,Total,17,Sesamum,Oilseeds,['Oil Seeds'],3,3,99999,1080.0,Kg/Ha,Yield
West Bengal,Howrah,2022,2022-23,5,Final Estimate,99999,Total,17,Sesamum,Oilseeds,['Oil Seeds'],3,3,99999,2901.0,Ha,Area
West Bengal,Howrah,2022,2022-23,5,Final Estimate,99999,Total,17,Sesamum,Oilseeds,['Oil Seeds'],3,3,99999,3134.0,Tonnes,Production
West Bengal,Howrah,2023,2023-24,5,Final Estimate,99999,Total,17,Sesamum,Oilseeds,['Oil Seeds'],3,3,99999,652.0,Kg/Ha,Yield
West Bengal,Howrah,2023,2023-24,5,Final Estimate,99999,Total,17,Sesamum,Oilseeds,['Oil Seeds'],3,3,99999,1660.41,Tonnes,Production
West Bengal,Howrah,2023,2023-24,5,Final Estimate,99999,Total,17,Sesamum,Oilseeds,['Oil Seeds'],3,3,99999,2547.0,Ha,Area
West Bengal,Howrah,2022,2022-23,5,Final Estimate,1,Kharif,20,Sunflower,Oilseeds,['Oil Seeds'],3,6,1,5.0,Ha,Area
West Bengal,Howrah,2022,2022-23,5,Final Estimate,1,Kharif,20,Sunflower,Oilseeds,['Oil Seeds'],3,6,1,1000.0,Kg/Ha,Yield
West Bengal,Howrah,2022,2022-23,5,Final Estimate,1,Kharif,20,Sunflower,Oilseeds,['Oil Seeds'],3,6,1,5.0,Tonnes,Production
West Bengal,Howrah,2022,2022-23,5,Final Estimate,99999,Total,20,Sunflower,Oilseeds,['Oil Seeds'],3,6,99999,5.0,Tonnes,Production
West Bengal,Howrah,2022,2022-23,5,Final Estimate,99999,Total,20,Sunflower,Oilseeds,['Oil Seeds'],3,6,99999,5.0,Ha,Area
West Bengal,Howrah,2022,2022-23,5,Final Estimate,99999,Total,20,Sunflower,Oilseeds,['Oil Seeds'],3,6,99999,1000.0,Kg/Ha,Yield
West Bengal,Howrah,2023,2023-24,5,Final Estimate,2,Rabi,21,Rapeseed & Mustard,Oilseeds,['Oil Seeds'],3,7,2,1877.73,Tonnes,Production
West Bengal,Howrah,2022,2022-23,5,Final Estimate,2,Rabi,21,Rapeseed & Mustard,Oilseeds,['Oil Seeds'],3,7,2,893.0,Kg/Ha,Yield
West Bengal,Howrah,2022,2022-23,5,Final Estimate,2,Rabi,21,Rapeseed & Mustard,Oilseeds,['Oil Seeds'],3,7,2,2022.0,Tonnes,Production
West Bengal,Howrah,2022,2022-23,5,Final Estimate,2,Rabi,21,Rapeseed & Mustard,Oilseeds,['Oil Seeds'],3,7,2,2264.0,Ha,Area
West Bengal,Howrah,2023,2023-24,5,Final Estimate,2,Rabi,21,Rapeseed & Mustard,Oilseeds,['Oil Seeds'],3,7,2,856.0,Kg/Ha,Yield
West Bengal,Howrah,2023,2023-24,5,Final Estimate,2,Rabi,21,Rapeseed & Mustard,Oilseeds,['Oil Seeds'],3,7,2,2194.0,Ha,Area
West Bengal,Howrah,2022,2022-23,5,Final Estimate,99999,Total,21,Rapeseed & Mustard,Oilseeds,['Oil Seeds'],3,7,99999,893.0,Kg/Ha,Yield
West Bengal,Howrah,2022,2022-23,5,Final Estimate,99999,Total,21,Rapeseed & Mustard,Oilseeds,['Oil Seeds'],3,7,99999,2264.0,Ha,Area
West Bengal,Howrah,2023,2023-24,5,Final Estimate,99999,Total,21,Rapeseed & Mustard,Oilseeds,['Oil Seeds'],3,7,99999,2194.0,Ha,Area
West Bengal,Howrah,2023,2023-24,5,Final Estimate,99999,Total,21,Rapeseed & Mustard,Oilseeds,['Oil Seeds'],3,7,99999,1877.73,Tonnes,Production
West Bengal,Howrah,2023,2023-24,5,Final Estimate,99999,Total,21,Rapeseed & Mustard,Oilseeds,['Oil Seeds'],3,7,99999,856.0,Kg/Ha,Yield
West Bengal,Howrah,2022,2022-23,5,Final Estimate,99999,Total,21,Rapeseed & Mustard,Oilseeds,['Oil Seeds'],3,7,99999,2022.0,Tonnes,Production
West Bengal,Howrah,2023,2023-24,5,Final Estimate,2,Rabi,22,Linseed,Oilseeds,['Oil Seeds'],3,8,2,7.44,Tonnes,Production
West Bengal,Howrah,2022,2022-23,5,Final Estimate,2,Rabi,22,Linseed,Oilseeds,['Oil Seeds'],3,8,2,9.0,Tonnes,Production
West Bengal,Howrah,2022,2022-23,5,Final Estimate,2,Rabi,22,Linseed,Oilseeds,['Oil Seeds'],3,8,2,409.0,Kg/Ha,Yield
West Bengal,Howrah,2023,2023-24,5,Final Estimate,2,Rabi,22,Linseed,Oilseeds,['Oil Seeds'],3,8,2,496.0,Kg/Ha,Yield
West Bengal,Howrah,2022,2022-23,5,Final Estimate,2,Rabi,22,Linseed,Oilseeds,['Oil Seeds'],3,8,2,22.0,Ha,Area
West Bengal,Howrah,2023,2023-24,5,Final Estimate,2,Rabi,22,Linseed,Oilseeds,['Oil Seeds'],3,8,2,15.0,Ha,Area
West Bengal,Howrah,2023,2023-24,5,Final Estimate,99999,Total,22,Linseed,Oilseeds,['Oil Seeds'],3,8,99999,496.0,Kg/Ha,Yield
West Bengal,Howrah,2023,2023-24,5,Final Estimate,99999,Total,22,Linseed,Oilseeds,['Oil Seeds'],3,8,99999,15.0,Ha,Area
West Bengal,Howrah,2023,2023-24,5,Final Estimate,99999,Total,22,Linseed,Oilseeds,['Oil Seeds'],3,8,99999,7.44,Tonnes,Production
West Bengal,Howrah,2022,2022-23,5,Final Estimate,99999,Total,22,Linseed,Oilseeds,['Oil Seeds'],3,8,99999,9.0,Tonnes,Production
West Bengal,Howrah,2022,2022-23,5,Final Estimate,99999,Total,22,Linseed,Oilseeds,['Oil Seeds'],3,8,99999,22.0,Ha,Area
West Bengal,Howrah,2022,2022-23,5,Final Estimate,99999,Total,22,Linseed,Oilseeds,['Oil Seeds'],3,8,99999,409.0,Kg/Ha,Yield
West Bengal,Howrah,2022,2022-23,5,Final Estimate,99999,Total,999,Total Oil Seeds,Oilseeds,['Oil Seeds'],3,999,99999,2015.0,Kg/Ha,Yield
West Bengal,Howrah,2023,2023-24,5,Final Estimate,99999,Total,999,Total Oil Seeds,Oilseeds,['Oil Seeds'],3,999,99999,9832.37,Ha,Area
West Bengal,Howrah,2023,2023-24,5,Final Estimate,99999,Total,999,Total Oil Seeds,Oilseeds,['Oil Seeds'],3,999,99999,15333.97,Tonnes,Production
West Bengal,Howrah,2023,2023-24,5,Final Estimate,99999,Total,999,Total Oil Seeds,Oilseeds,['Oil Seeds'],3,999,99999,1560.0,Kg/Ha,Yield
West Bengal,Howrah,2022,2022-23,5,Final Estimate,99999,Total,999,Total Oil Seeds,Oilseeds,['Oil Seeds'],3,999,99999,20726.0,Tonnes,Production
West Bengal,Howrah,2022,2022-23,5,Final Estimate,99999,Total,999,Total Oil Seeds,Oilseeds,['Oil Seeds'],3,999,99999,10285.0,Ha,Area
West Bengal,Howrah,2022,2022-23,5,Final Estimate,1,Kharif,28,Sugarcane,Commercial Crops,['Commercial Crops'],4,1001,1,78047.0,Kg/Ha,Yield
West Bengal,Howrah,2023,2023-24,5,Final Estimate,1,Kharif,28,Sugarcane,Commercial Crops,['Commercial Crops'],4,1001,1,44564.0,Kg/Ha,Yield
West Bengal,Howrah,2023,2023-24,5,Final Estimate,1,Kharif,28,Sugarcane,Commercial Crops,['Commercial Crops'],4,1001,1,5214.01,Tonnes,Production
West Bengal,Howrah,2023,2023-24,5,Final Estimate,1,Kharif,28,Sugarcane,Commercial Crops,['Commercial Crops'],4,1001,1,117.0,Ha,Area
West Bengal,Howrah,2022,2022-23,5,Final Estimate,1,Kharif,28,Sugarcane,Commercial Crops,['Commercial Crops'],4,1001,1,8351.0,Tonnes,Production
West Bengal,Howrah,2022,2022-23,5,Final Estimate,1,Kharif,28,Sugarcane,Commercial Crops,['Commercial Crops'],4,1001,1,107.0,Ha,Area
West Bengal,Howrah,2022,2022-23,5,Final Estimate,99999,Total,28,Sugarcane,Commercial Crops,['Commercial Crops'],4,1001,99999,107.0,Ha,Area
West Bengal,Howrah,2023,2023-24,5,Final Estimate,99999,Total,28,Sugarcane,Commercial Crops,['Commercial Crops'],4,1001,99999,117.0,Ha,Area
West Bengal,Howrah,2023,2023-24,5,Final Estimate,99999,Total,28,Sugarcane,Commercial Crops,['Commercial Crops'],4,1001,99999,5214.01,Tonnes,Production
West Bengal,Howrah,2022,2022-23,5,Final Estimate,99999,Total,28,Sugarcane,Commercial Crops,['Commercial Crops'],4,1001,99999,78047.0,Kg/Ha,Yield
West Bengal,Howrah,2022,2022-23,5,Final Estimate,99999,Total,28,Sugarcane,Commercial Crops,['Commercial Crops'],4,1001,99999,8351.0,Tonnes,Production
West Bengal,Howrah,2023,2023-24,5,Final Estimate,99999,Total,28,Sugarcane,Commercial Crops,['Commercial Crops'],4,1001,99999,44564.0,Kg/Ha,Yield
West Bengal,Howrah,2022,2022-23,5,Final Estimate,1,Kharif,26,Jute,Commercial Crops,['Commercial Crops'],4,1003,1,3449.0,Ha,Area
West Bengal,Howrah,2023,2023-24,5,Final Estimate,1,Kharif,26,Jute,Commercial Crops,['Commercial Crops'],4,1003,1,3965.0,Kg/Ha,Yield
West Bengal,Howrah,2023,2023-24,5,Final Estimate,1,Kharif,26,Jute,Commercial Crops,['Commercial Crops'],4,1003,1,63306.48,Tonnes,Production
West Bengal,Howrah,2022,2022-23,5,Final Estimate,1,Kharif,26,Jute,Commercial Crops,['Commercial Crops'],4,1003,1,88493.0,Tonnes,Production
West Bengal,Howrah,2023,2023-24,5,Final Estimate,1,Kharif,26,Jute,Commercial Crops,['Commercial Crops'],4,1003,1,2874.0,Ha,Area
West Bengal,Howrah,2022,2022-23,5,Final Estimate,1,Kharif,26,Jute,Commercial Crops,['Commercial Crops'],4,1003,1,4618.0,Kg/Ha,Yield
West Bengal,Howrah,2022,2022-23,5,Final Estimate,99999,Total,26,Jute,Commercial Crops,['Commercial Crops'],4,1003,99999,3449.0,Ha,Area
West Bengal,Howrah,2023,2023-24,5,Final Estimate,99999,Total,26,Jute,Commercial Crops,['Commercial Crops'],4,1003,99999,3965.0,Kg/Ha,Yield
West Bengal,Howrah,2022,2022-23,5,Final Estimate,99999,Total,26,Jute,Commercial Crops,['Commercial Crops'],4,1003,99999,88493.0,Tonnes,Production
West Bengal,Howrah,2022,2022-23,5,Final Estimate,99999,Total,26,Jute,Commercial Crops,['Commercial Crops'],4,1003,99999,4618.0,Kg/Ha,Yield
West Bengal,Howrah,2023,2023-24,5,Final Estimate,99999,Total,26,Jute,Commercial Crops,['Commercial Crops'],4,1003,99999,63306.48,Tonnes,Production
West Bengal,Howrah,2023,2023-24,5,Final Estimate,99999,Total,26,Jute,Commercial Crops,['Commercial Crops'],4,1003,99999,2874.0,Ha,Area
West Bengal,Howrah,2022,2022-23,5,Final Estimate,1,Kharif,1999,Jute & Mesta,Commercial Crops,['Commercial Crops'],4,1999,1,88493.0,Tonnes,Production
West Bengal,Howrah,2022,2022-23,5,Final Estimate,1,Kharif,1999,Jute & Mesta,Commercial Crops,['Commercial Crops'],4,1999,1,3449.0,Ha,Area
West Bengal,Howrah,2022,2022-23,5,Final Estimate,1,Kharif,1999,Jute & Mesta,Commercial Crops,['Commercial Crops'],4,1999,1,4618.0,Kg/Ha,Yield
West Bengal,Howrah,2023,2023-24,5,Final Estimate,1,Kharif,1999,Jute & Mesta,Commercial Crops,['Commercial Crops'],4,1999,1,63306.48,Tonnes,Production
West Bengal,Howrah,2023,2023-24,5,Final Estimate,1,Kharif,1999,Jute & Mesta,Commercial Crops,['Commercial Crops'],4,1999,1,3965.0,Kg/Ha,Yield
West Bengal,Howrah,2023,2023-24,5,Final Estimate,1,Kharif,1999,Jute & Mesta,Commercial Crops,['Commercial Crops'],4,1999,1,2874.0,Ha,Area
West Bengal,Howrah,2023,2023-24,5,Final Estimate,99999,Total,1999,Jute & Mesta,Commercial Crops,['Commercial Crops'],4,1999,99999,63306.48,Tonnes,Production
West Bengal,Howrah,2022,2022-23,5,Final Estimate,99999,Total,1999,Jute & Mesta,Commercial Crops,['Commercial Crops'],4,1999,99999,3449.0,Ha,Area
West Bengal,Howrah,2023,2023-24,5,Final Estimate,99999,Total,1999,Jute & Mesta,Commercial Crops,['Commercial Crops'],4,1999,99999,2874.0,Ha,Area
West Bengal,Howrah,2022,2022-23,5,Final Estimate,99999,Total,1999,Jute & Mesta,Commercial Crops,['Commercial Crops'],4,1999,99999,88493.0,Tonnes,Production
West Bengal,Howrah,2022,2022-23,5,Final Estimate,99999,Total,1999,Jute & Mesta,Commercial Crops,['Commercial Crops'],4,1999,99999,4618.0,Kg/Ha,Yield
West Bengal,Howrah,2023,2023-24,5,Final Estimate,99999,Total,1999,Jute & Mesta,Commercial Crops,['Commercial Crops'],4,1999,99999,3965.0,Kg/Ha,Yield
West Bengal,Jalpaiguri,2022,2022-23,5,Final Estimate,1,Kharif,1,Rice,Food Grains,['Cereals'],1,2001,1,8995.0,Ha,Area
West Bengal,Jalpaiguri,2023,2023-24,5,Final Estimate,1,Kharif,1,Rice,Food Grains,['Cereals'],1,2001,1,2683.0,Kg/Ha,Yield
West Bengal,Jalpaiguri,2023,2023-24,5,Final Estimate,1,Kharif,1,Rice,Food Grains,['Cereals'],1,2001,1,113072.77,Ha,Area
West Bengal,Jalpaiguri,2023,2023-24,5,Final Estimate,1,Kharif,1,Rice,Food Grains,['Cereals'],1,2001,1,303376.07,Tonnes,Production
West Bengal,Jalpaiguri,2022,2022-23,5,Final Estimate,1,Kharif,1,Rice,Food Grains,['Cereals'],1,2001,1,2414.0,Kg/Ha,Yield
West Bengal,Jalpaiguri,2022,2022-23,5,Final Estimate,1,Kharif,1,Rice,Food Grains,['Cereals'],1,2001,1,21713.0,Tonnes,Production
West Bengal,Jalpaiguri,2022,2022-23,5,Final Estimate,2,Rabi,1,Rice,Food Grains,['Cereals'],1,2001,2,299231.0,Tonnes,Production
West Bengal,Jalpaiguri,2022,2022-23,5,Final Estimate,2,Rabi,1,Rice,Food Grains,['Cereals'],1,2001,2,2687.0,Kg/Ha,Yield
West Bengal,Jalpaiguri,2022,2022-23,5,Final Estimate,2,Rabi,1,Rice,Food Grains,['Cereals'],1,2001,2,111344.0,Ha,Area
West Bengal,Jalpaiguri,2023,2023-24,5,Final Estimate,3,Summer,1,Rice,Food Grains,['Cereals'],1,2001,3,17537.79,Tonnes,Production
West Bengal,Jalpaiguri,2022,2022-23,5,Final Estimate,3,Summer,1,Rice,Food Grains,['Cereals'],1,2001,3,41952.0,Tonnes,Production
West Bengal,Jalpaiguri,2023,2023-24,5,Final Estimate,3,Summer,1,Rice,Food Grains,['Cereals'],1,2001,3,5520.61,Ha,Area
West Bengal,Jalpaiguri,2022,2022-23,5,Final Estimate,3,Summer,1,Rice,Food Grains,['Cereals'],1,2001,3,14132.0,Ha,Area
West Bengal,Jalpaiguri,2023,2023-24,5,Final Estimate,3,Summer,1,Rice,Food Grains,['Cereals'],1,2001,3,3177.0,Kg/Ha,Yield
West Bengal,Jalpaiguri,2022,2022-23,5,Final Estimate,3,Summer,1,Rice,Food Grains,['Cereals'],1,2001,3,2969.0,Kg/Ha,Yield
West Bengal,Jalpaiguri,2023,2023-24,5,Final Estimate,99999,Total,1,Rice,Food Grains,['Cereals'],1,2001,99999,2706.0,Kg/Ha,Yield
West Bengal,Jalpaiguri,2023,2023-24,5,Final Estimate,99999,Total,1,Rice,Food Grains,['Cereals'],1,2001,99999,320913.86,Tonnes,Production
West Bengal,Jalpaiguri,2023,2023-24,5,Final Estimate,99999,Total,1,Rice,Food Grains,['Cereals'],1,2001,99999,118593.38,Ha,Area
West Bengal,Jalpaiguri,2022,2022-23,5,Final Estimate,99999,Total,1,Rice,Food Grains,['Cereals'],1,2001,99999,362896.0,Tonnes,Production
West Bengal,Jalpaiguri,2022,2022-23,5,Final Estimate,99999,Total,1,Rice,Food Grains,['Cereals'],1,2001,99999,134471.0,Ha,Area
West Bengal,Jalpaiguri,2022,2022-23,5,Final Estimate,99999,Total,1,Rice,Food Grains,['Cereals'],1,2001,99999,2699.0,Kg/Ha,Yield
West Bengal,Jalpaiguri,2022,2022-23,5,Final Estimate,2,Rabi,2,Wheat,Food Grains,['Cereals'],1,2002,2,3442.0,Tonnes,Production
West Bengal,Jalpaiguri,2023,2023-24,5,Final Estimate,2,Rabi,2,Wheat,Food Grains,['Cereals'],1,2002,2,809.26,Tonnes,Production
West Bengal,Jalpaiguri,2023,2023-24,5,Final Estimate,2,Rabi,2,Wheat,Food Grains,['Cereals'],1,2002,2,3161.0,Kg/Ha,Yield
West Bengal,Jalpaiguri,2022,2022-23,5,Final Estimate,2,Rabi,2,Wheat,Food Grains,['Cereals'],1,2002,2,3033.0,Kg/Ha,Yield
West Bengal,Jalpaiguri,2023,2023-24,5,Final Estimate,2,Rabi,2,Wheat,Food Grains,['Cereals'],1,2002,2,256.0,Ha,Area
West Bengal,Jalpaiguri,2022,2022-23,5,Final Estimate,2,Rabi,2,Wheat,Food Grains,['Cereals'],1,2002,2,1135.0,Ha,Area
West Bengal,Jalpaiguri,2023,2023-24,5,Final Estimate,99999,Total,2,Wheat,Food Grains,['Cereals'],1,2002,99999,3161.0,Kg/Ha,Yield
West Bengal,Jalpaiguri,2023,2023-24,5,Final Estimate,99999,Total,2,Wheat,Food Grains,['Cereals'],1,2002,99999,256.0,Ha,Area
West Bengal,Jalpaiguri,2022,2022-23,5,Final Estimate,99999,Total,2,Wheat,Food Grains,['Cereals'],1,2002,99999,3442.0,Tonnes,Production
West Bengal,Jalpaiguri,2022,2022-23,5,Final Estimate,99999,Total,2,Wheat,Food Grains,['Cereals'],1,2002,99999,3033.0,Kg/Ha,Yield
West Bengal,Jalpaiguri,2022,2022-23,5,Final Estimate,99999,Total,2,Wheat,Food Grains,['Cereals'],1,2002,99999,1135.0,Ha,Area
West Bengal,Jalpaiguri,2023,2023-24,5,Final Estimate,99999,Total,2,Wheat,Food Grains,['Cereals'],1,2002,99999,809.26,Tonnes,Production
West Bengal,Jalpaiguri,2023,2023-24,5,Final Estimate,1,Kharif,5,Maize,Food Grains,['Cereals'],1,3001,1,1444.71,Ha,Area
West Bengal,Jalpaiguri,2023,2023-24,5,Final Estimate,1,Kharif,5,Maize,Food Grains,['Cereals'],1,3001,1,3196.0,Kg/Ha,Yield
West Bengal,Jalpaiguri,2023,2023-24,5,Final Estimate,1,Kharif,5,Maize,Food Grains,['Cereals'],1,3001,1,4617.22,Tonnes,Production
West Bengal,Jalpaiguri,2022,2022-23,5,Final Estimate,1,Kharif,5,Maize,Food Grains,['Cereals'],1,3001,1,1398.0,Ha,Area
West Bengal,Jalpaiguri,2022,2022-23,5,Final Estimate,1,Kharif,5,Maize,Food Grains,['Cereals'],1,3001,1,3187.0,Kg/Ha,Yield
West Bengal,Jalpaiguri,2022,2022-23,5,Final Estimate,1,Kharif,5,Maize,Food Grains,['Cereals'],1,3001,1,4456.0,Tonnes,Production
West Bengal,Jalpaiguri,2023,2023-24,5,Final Estimate,2,Rabi,5,Maize,Food Grains,['Cereals'],1,3001,2,8659.25,Tonnes,Production
West Bengal,Jalpaiguri,2022,2022-23,5,Final Estimate,2,Rabi,5,Maize,Food Grains,['Cereals'],1,3001,2,2562.0,Ha,Area
West Bengal,Jalpaiguri,2023,2023-24,5,Final Estimate,2,Rabi,5,Maize,Food Grains,['Cereals'],1,3001,2,2801.0,Kg/Ha,Yield
West Bengal,Jalpaiguri,2022,2022-23,5,Final Estimate,2,Rabi,5,Maize,Food Grains,['Cereals'],1,3001,2,2562.0,Kg/Ha,Yield
West Bengal,Jalpaiguri,2022,2022-23,5,Final Estimate,2,Rabi,5,Maize,Food Grains,['Cereals'],1,3001,2,6564.0,Tonnes,Production
West Bengal,Jalpaiguri,2023,2023-24,5,Final Estimate,2,Rabi,5,Maize,Food Grains,['Cereals'],1,3001,2,3091.0,Ha,Area
West Bengal,Jalpaiguri,2022,2022-23,5,Final Estimate,3,Summer,5,Maize,Food Grains,['Cereals'],1,3001,3,5841.0,Kg/Ha,Yield
West Bengal,Jalpaiguri,2023,2023-24,5,Final Estimate,3,Summer,5,Maize,Food Grains,['Cereals'],1,3001,3,6756.0,Kg/Ha,Yield
West Bengal,Jalpaiguri,2023,2023-24,5,Final Estimate,3,Summer,5,Maize,Food Grains,['Cereals'],1,3001,3,11080.29,Ha,Area
West Bengal,Jalpaiguri,2023,2023-24,5,Final Estimate,3,Summer,5,Maize,Food Grains,['Cereals'],1,3001,3,74853.0,Tonnes,Production
West Bengal,Jalpaiguri,2022,2022-23,5,Final Estimate,3,Summer,5,Maize,Food Grains,['Cereals'],1,3001,3,67018.0,Tonnes,Production
West Bengal,Jalpaiguri,2022,2022-23,5,Final Estimate,3,Summer,5,Maize,Food Grains,['Cereals'],1,3001,3,11473.0,Ha,Area
West Bengal,Jalpaiguri,2023,2023-24,5,Final Estimate,99999,Total,5,Maize,Food Grains,['Cereals'],1,3001,99999,5644.0,Kg/Ha,Yield
West Bengal,Jalpaiguri,2023,2023-24,5,Final Estimate,99999,Total,5,Maize,Food Grains,['Cereals'],1,3001,99999,88129.48,Tonnes,Production
West Bengal,Jalpaiguri,2023,2023-24,5,Final Estimate,99999,Total,5,Maize,Food Grains,['Cereals'],1,3001,99999,15616.01,Ha,Area
West Bengal,Jalpaiguri,2022,2022-23,5,Final Estimate,99999,Total,5,Maize,Food Grains,['Cereals'],1,3001,99999,5057.0,Kg/Ha,Yield
West Bengal,Jalpaiguri,2022,2022-23,5,Final Estimate,99999,Total,5,Maize,Food Grains,['Cereals'],1,3001,99999,15433.0,Ha,Area
West Bengal,Jalpaiguri,2022,2022-23,5,Final Estimate,99999,Total,5,Maize,Food Grains,['Cereals'],1,3001,99999,78038.0,Tonnes,Production
West Bengal,Jalpaiguri,2022,2022-23,5,Final Estimate,2,Rabi,7,Barley,Food Grains,['Cereals'],1,3002,2,120.0,Ha,Area
West Bengal,Jalpaiguri,2022,2022-23,5,Final Estimate,2,Rabi,7,Barley,Food Grains,['Cereals'],1,3002,2,223.0,Tonnes,Production
West Bengal,Jalpaiguri,2022,2022-23,5,Final Estimate,2,Rabi,7,Barley,Food Grains,['Cereals'],1,3002,2,1858.0,Kg/Ha,Yield
West Bengal,Jalpaiguri,2022,2022-23,5,Final Estimate,99999,Total,7,Barley,Food Grains,['Cereals'],1,3002,99999,120.0,Ha,Area
West Bengal,Jalpaiguri,2022,2022-23,5,Final Estimate,99999,Total,7,Barley,Food Grains,['Cereals'],1,3002,99999,1858.0,Kg/Ha,Yield
West Bengal,Jalpaiguri,2022,2022-23,5,Final Estimate,99999,Total,7,Barley,Food Grains,['Cereals'],1,3002,99999,223.0,Tonnes,Production
West Bengal,Jalpaiguri,2023,2023-24,5,Final Estimate,1,Kharif,3998,Nutri/Coarse Cereals,Food Grains,['Cereals'],1,3998,1,1444.71,Ha,Area
West Bengal,Jalpaiguri,2022,2022-23,5,Final Estimate,1,Kharif,3998,Nutri/Coarse Cereals,Food Grains,['Cereals'],1,3998,1,3187.0,Kg/Ha,Yield
West Bengal,Jalpaiguri,2022,2022-23,5,Final Estimate,1,Kharif,3998,Nutri/Coarse Cereals,Food Grains,['Cereals'],1,3998,1,4456.0,Tonnes,Production
West Bengal,Jalpaiguri,2022,2022-23,5,Final Estimate,1,Kharif,3998,Nutri/Coarse Cereals,Food Grains,['Cereals'],1,3998,1,1398.0,Ha,Area
West Bengal,Jalpaiguri,2023,2023-24,5,Final Estimate,1,Kharif,3998,Nutri/Coarse Cereals,Food Grains,['Cereals'],1,3998,1,3196.0,Kg/Ha,Yield
West Bengal,Jalpaiguri,2023,2023-24,5,Final Estimate,1,Kharif,3998,Nutri/Coarse Cereals,Food Grains,['Cereals'],1,3998,1,4617.22,Tonnes,Production
West Bengal,Jalpaiguri,2023,2023-24,5,Final Estimate,2,Rabi,3998,Nutri/Coarse Cereals,Food Grains,['Cereals'],1,3998,2,8659.25,Tonnes,Production
West Bengal,Jalpaiguri,2023,2023-24,5,Final Estimate,2,Rabi,3998,Nutri/Coarse Cereals,Food Grains,['Cereals'],1,3998,2,3091.0,Ha,Area
West Bengal,Jalpaiguri,2023,2023-24,5,Final Estimate,2,Rabi,3998,Nutri/Coarse Cereals,Food Grains,['Cereals'],1,3998,2,2801.0,Kg/Ha,Yield
West Bengal,Jalpaiguri,2022,2022-23,5,Final Estimate,2,Rabi,3998,Nutri/Coarse Cereals,Food Grains,['Cereals'],1,3998,2,6787.0,Tonnes,Production
West Bengal,Jalpaiguri,2022,2022-23,5,Final Estimate,2,Rabi,3998,Nutri/Coarse Cereals,Food Grains,['Cereals'],1,3998,2,2682.0,Ha,Area
West Bengal,Jalpaiguri,2022,2022-23,5,Final Estimate,2,Rabi,3998,Nutri/Coarse Cereals,Food Grains,['Cereals'],1,3998,2,2531.0,Kg/Ha,Yield
West Bengal,Jalpaiguri,2023,2023-24,5,Final Estimate,3,Summer,3998,Nutri/Coarse Cereals,Food Grains,['Cereals'],1,3998,3,11080.29,Ha,Area
West Bengal,Jalpaiguri,2022,2022-23,5,Final Estimate,3,Summer,3998,Nutri/Coarse Cereals,Food Grains,['Cereals'],1,3998,3,5841.0,Kg/Ha,Yield
West Bengal,Jalpaiguri,2022,2022-23,5,Final Estimate,3,Summer,3998,Nutri/Coarse Cereals,Food Grains,['Cereals'],1,3998,3,11473.0,Ha,Area
West Bengal,Jalpaiguri,2022,2022-23,5,Final Estimate,3,Summer,3998,Nutri/Coarse Cereals,Food Grains,['Cereals'],1,3998,3,67018.0,Tonnes,Production
West Bengal,Jalpaiguri,2023,2023-24,5,Final Estimate,3,Summer,3998,Nutri/Coarse Cereals,Food Grains,['Cereals'],1,3998,3,6756.0,Kg/Ha,Yield
West Bengal,Jalpaiguri,2023,2023-24,5,Final Estimate,3,Summer,3998,Nutri/Coarse Cereals,Food Grains,['Cereals'],1,3998,3,74853.0,Tonnes,Production
West Bengal,Jalpaiguri,2023,2023-24,5,Final Estimate,99999,Total,3998,Nutri/Coarse Cereals,Food Grains,['Cereals'],1,3998,99999,5644.0,Kg/Ha,Yield
West Bengal,Jalpaiguri,2022,2022-23,5,Final Estimate,99999,Total,3998,Nutri/Coarse Cereals,Food Grains,['Cereals'],1,3998,99999,78261.0,Tonnes,Production
West Bengal,Jalpaiguri,2022,2022-23,5,Final Estimate,99999,Total,3998,Nutri/Coarse Cereals,Food Grains,['Cereals'],1,3998,99999,15553.0,Ha,Area
West Bengal,Jalpaiguri,2022,2022-23,5,Final Estimate,99999,Total,3998,Nutri/Coarse Cereals,Food Grains,['Cereals'],1,3998,99999,5032.0,Kg/Ha,Yield
West Bengal,Jalpaiguri,2023,2023-24,5,Final Estimate,99999,Total,3998,Nutri/Coarse Cereals,Food Grains,['Cereals'],1,3998,99999,88129.48,Tonnes,Production
West Bengal,Jalpaiguri,2023,2023-24,5,Final Estimate,99999,Total,3998,Nutri/Coarse Cereals,Food Grains,['Cereals'],1,3998,99999,15616.01,Ha,Area
West Bengal,Jalpaiguri,2023,2023-24,5,Final Estimate,1,Kharif,3999,Cereals,Food Grains,['Cereals'],1,3999,1,2689.0,Kg/Ha,Yield
West Bengal,Jalpaiguri,2023,2023-24,5,Final Estimate,1,Kharif,3999,Cereals,Food Grains,['Cereals'],1,3999,1,114517.48,Ha,Area
West Bengal,Jalpaiguri,2022,2022-23,5,Final Estimate,1,Kharif,3999,Cereals,Food Grains,['Cereals'],1,3999,1,10393.0,Ha,Area
West Bengal,Jalpaiguri,2022,2022-23,5,Final Estimate,1,Kharif,3999,Cereals,Food Grains,['Cereals'],1,3999,1,2518.0,Kg/Ha,Yield
West Bengal,Jalpaiguri,2022,2022-23,5,Final Estimate,1,Kharif,3999,Cereals,Food Grains,['Cereals'],1,3999,1,26169.0,Tonnes,Production
West Bengal,Jalpaiguri,2023,2023-24,5,Final Estimate,1,Kharif,3999,Cereals,Food Grains,['Cereals'],1,3999,1,307993.29,Tonnes,Production
West Bengal,Jalpaiguri,2023,2023-24,5,Final Estimate,2,Rabi,3999,Cereals,Food Grains,['Cereals'],1,3999,2,9468.51,Tonnes,Production
West Bengal,Jalpaiguri,2022,2022-23,5,Final Estimate,2,Rabi,3999,Cereals,Food Grains,['Cereals'],1,3999,2,2687.0,Kg/Ha,Yield
West Bengal,Jalpaiguri,2022,2022-23,5,Final Estimate,2,Rabi,3999,Cereals,Food Grains,['Cereals'],1,3999,2,115161.0,Ha,Area
West Bengal,Jalpaiguri,2022,2022-23,5,Final Estimate,2,Rabi,3999,Cereals,Food Grains,['Cereals'],1,3999,2,309460.0,Tonnes,Production
West Bengal,Jalpaiguri,2023,2023-24,5,Final Estimate,2,Rabi,3999,Cereals,Food Grains,['Cereals'],1,3999,2,2829.0,Kg/Ha,Yield
West Bengal,Jalpaiguri,2023,2023-24,5,Final Estimate,2,Rabi,3999,Cereals,Food Grains,['Cereals'],1,3999,2,3347.0,Ha,Area
West Bengal,Jalpaiguri,2023,2023-24,5,Final Estimate,3,Summer,3999,Cereals,Food Grains,['Cereals'],1,3999,3,92390.8,Tonnes,Production
West Bengal,Jalpaiguri,2023,2023-24,5,Final Estimate,3,Summer,3999,Cereals,Food Grains,['Cereals'],1,3999,3,16600.91,Ha,Area
West Bengal,Jalpaiguri,2023,2023-24,5,Final Estimate,3,Summer,3999,Cereals,Food Grains,['Cereals'],1,3999,3,5565.0,Kg/Ha,Yield
West Bengal,Jalpaiguri,2022,2022-23,5,Final Estimate,3,Summer,3999,Cereals,Food Grains,['Cereals'],1,3999,3,4256.0,Kg/Ha,Yield
West Bengal,Jalpaiguri,2022,2022-23,5,Final Estimate,3,Summer,3999,Cereals,Food Grains,['Cereals'],1,3999,3,25605.0,Ha,Area
West Bengal,Jalpaiguri,2022,2022-23,5,Final Estimate,3,Summer,3999,Cereals,Food Grains,['Cereals'],1,3999,3,108970.0,Tonnes,Production
West Bengal,Jalpaiguri,2023,2023-24,5,Final Estimate,99999,Total,3999,Cereals,Food Grains,['Cereals'],1,3999,99999,3048.0,Kg/Ha,Yield
West Bengal,Jalpaiguri,2023,2023-24,5,Final Estimate,99999,Total,3999,Cereals,Food Grains,['Cereals'],1,3999,99999,409852.6,Tonnes,Production
West Bengal,Jalpaiguri,2022,2022-23,5,Final Estimate,99999,Total,3999,Cereals,Food Grains,['Cereals'],1,3999,99999,151159.0,Ha,Area
West Bengal,Jalpaiguri,2022,2022-23,5,Final Estimate,99999,Total,3999,Cereals,Food Grains,['Cereals'],1,3999,99999,444599.0,Tonnes,Production
West Bengal,Jalpaiguri,2023,2023-24,5,Final Estimate,99999,Total,3999,Cereals,Food Grains,['Cereals'],1,3999,99999,134465.39,Ha,Area
West Bengal,Jalpaiguri,2022,2022-23,5,Final Estimate,99999,Total,3999,Cereals,Food Grains,['Cereals'],1,3999,99999,2941.0,Kg/Ha,Yield
West Bengal,Jalpaiguri,2023,2023-24,5,Final Estimate,1,Kharif,9,Tur,Food Grains,['Pulses'],2,4001,1,1336.0,Kg/Ha,Yield
West Bengal,Jalpaiguri,2023,2023-24,5,Final Estimate,1,Kharif,9,Tur,Food Grains,['Pulses'],2,4001,1,68.0,Ha,Area
West Bengal,Jalpaiguri,2023,2023-24,5,Final Estimate,1,Kharif,9,Tur,Food Grains,['Pulses'],2,4001,1,90.88,Tonnes,Production
West Bengal,Jalpaiguri,2022,2022-23,5,Final Estimate,2,Rabi,9,Tur,Food Grains,['Pulses'],2,4001,2,101.0,Tonnes,Production
West Bengal,Jalpaiguri,2022,2022-23,5,Final Estimate,2,Rabi,9,Tur,Food Grains,['Pulses'],2,4001,2,1578.0,Kg/Ha,Yield
West Bengal,Jalpaiguri,2022,2022-23,5,Final Estimate,2,Rabi,9,Tur,Food Grains,['Pulses'],2,4001,2,64.0,Ha,Area
West Bengal,Jalpaiguri,2023,2023-24,5,Final Estimate,99999,Total,9,Tur,Food Grains,['Pulses'],2,4001,99999,68.0,Ha,Area
West Bengal,Jalpaiguri,2022,2022-23,5,Final Estimate,99999,Total,9,Tur,Food Grains,['Pulses'],2,4001,99999,1578.0,Kg/Ha,Yield
West Bengal,Jalpaiguri,2022,2022-23,5,Final Estimate,99999,Total,9,Tur,Food Grains,['Pulses'],2,4001,99999,101.0,Tonnes,Production
West Bengal,Jalpaiguri,2022,2022-23,5,Final Estimate,99999,Total,9,Tur,Food Grains,['Pulses'],2,4001,99999,64.0,Ha,Area
West Bengal,Jalpaiguri,2023,2023-24,5,Final Estimate,99999,Total,9,Tur,Food Grains,['Pulses'],2,4001,99999,90.88,Tonnes,Production
West Bengal,Jalpaiguri,2023,2023-24,5,Final Estimate,99999,Total,9,Tur,Food Grains,['Pulses'],2,4001,99999,1336.0,Kg/Ha,Yield
West Bengal,Jalpaiguri,2022,2022-23,5,Final Estimate,2,Rabi,10,Gram,Food Grains,['Pulses'],2,4002,2,38.0,Ha,Area
West Bengal,Jalpaiguri,2023,2023-24,5,Final Estimate,2,Rabi,10,Gram,Food Grains,['Pulses'],2,4002,2,46.0,Ha,Area
West Bengal,Jalpaiguri,2023,2023-24,5,Final Estimate,2,Rabi,10,Gram,Food Grains,['Pulses'],2,4002,2,56.38,Tonnes,Production
West Bengal,Jalpaiguri,2023,2023-24,5,Final Estimate,2,Rabi,10,Gram,Food Grains,['Pulses'],2,4002,2,1226.0,Kg/Ha,Yield
West Bengal,Jalpaiguri,2022,2022-23,5,Final Estimate,2,Rabi,10,Gram,Food Grains,['Pulses'],2,4002,2,1263.0,Kg/Ha,Yield
West Bengal,Jalpaiguri,2022,2022-23,5,Final Estimate,2,Rabi,10,Gram,Food Grains,['Pulses'],2,4002,2,48.0,Tonnes,Production
West Bengal,Jalpaiguri,2022,2022-23,5,Final Estimate,99999,Total,10,Gram,Food Grains,['Pulses'],2,4002,99999,38.0,Ha,Area
West Bengal,Jalpaiguri,2022,2022-23,5,Final Estimate,99999,Total,10,Gram,Food Grains,['Pulses'],2,4002,99999,1263.0,Kg/Ha,Yield
West Bengal,Jalpaiguri,2023,2023-24,5,Final Estimate,99999,Total,10,Gram,Food Grains,['Pulses'],2,4002,99999,46.0,Ha,Area
West Bengal,Jalpaiguri,2023,2023-24,5,Final Estimate,99999,Total,10,Gram,Food Grains,['Pulses'],2,4002,99999,56.38,Tonnes,Production
West Bengal,Jalpaiguri,2023,2023-24,5,Final Estimate,99999,Total,10,Gram,Food Grains,['Pulses'],2,4002,99999,1226.0,Kg/Ha,Yield
West Bengal,Jalpaiguri,2022,2022-23,5,Final Estimate,99999,Total,10,Gram,Food Grains,['Pulses'],2,4002,99999,48.0,Tonnes,Production
West Bengal,Jalpaiguri,2022,2022-23,5,Final Estimate,1,Kharif,11,Urad,Food Grains,['Pulses'],2,4003,1,558.0,Kg/Ha,Yield
West Bengal,Jalpaiguri,2022,2022-23,5,Final Estimate,1,Kharif,11,Urad,Food Grains,['Pulses'],2,4003,1,823.0,Ha,Area
West Bengal,Jalpaiguri,2023,2023-24,5,Final Estimate,1,Kharif,11,Urad,Food Grains,['Pulses'],2,4003,1,837.0,Ha,Area
West Bengal,Jalpaiguri,2023,2023-24,5,Final Estimate,1,Kharif,11,Urad,Food Grains,['Pulses'],2,4003,1,796.0,Kg/Ha,Yield
West Bengal,Jalpaiguri,2022,2022-23,5,Final Estimate,1,Kharif,11,Urad,Food Grains,['Pulses'],2,4003,1,459.0,Tonnes,Production
West Bengal,Jalpaiguri,2023,2023-24,5,Final Estimate,1,Kharif,11,Urad,Food Grains,['Pulses'],2,4003,1,666.53,Tonnes,Production
West Bengal,Jalpaiguri,2022,2022-23,5,Final Estimate,2,Rabi,11,Urad,Food Grains,['Pulses'],2,4003,2,105.0,Ha,Area
West Bengal,Jalpaiguri,2023,2023-24,5,Final Estimate,2,Rabi,11,Urad,Food Grains,['Pulses'],2,4003,2,770.0,Kg/Ha,Yield
West Bengal,Jalpaiguri,2023,2023-24,5,Final Estimate,2,Rabi,11,Urad,Food Grains,['Pulses'],2,4003,2,65.44,Tonnes,Production
West Bengal,Jalpaiguri,2023,2023-24,5,Final Estimate,2,Rabi,11,Urad,Food Grains,['Pulses'],2,4003,2,85.0,Ha,Area
West Bengal,Jalpaiguri,2022,2022-23,5,Final Estimate,2,Rabi,11,Urad,Food Grains,['Pulses'],2,4003,2,87.0,Tonnes,Production
West Bengal,Jalpaiguri,2022,2022-23,5,Final Estimate,2,Rabi,11,Urad,Food Grains,['Pulses'],2,4003,2,829.0,Kg/Ha,Yield
West Bengal,Jalpaiguri,2023,2023-24,5,Final Estimate,99999,Total,11,Urad,Food Grains,['Pulses'],2,4003,99999,731.97,Tonnes,Production
West Bengal,Jalpaiguri,2023,2023-24,5,Final Estimate,99999,Total,11,Urad,Food Grains,['Pulses'],2,4003,99999,922.0,Ha,Area
West Bengal,Jalpaiguri,2022,2022-23,5,Final Estimate,99999,Total,11,Urad,Food Grains,['Pulses'],2,4003,99999,588.0,Kg/Ha,Yield
West Bengal,Jalpaiguri,2022,2022-23,5,Final Estimate,99999,Total,11,Urad,Food Grains,['Pulses'],2,4003,99999,546.0,Tonnes,Production
West Bengal,Jalpaiguri,2022,2022-23,5,Final Estimate,99999,Total,11,Urad,Food Grains,['Pulses'],2,4003,99999,928.0,Ha,Area
West Bengal,Jalpaiguri,2023,2023-24,5,Final Estimate,99999,Total,11,Urad,Food Grains,['Pulses'],2,4003,99999,794.0,Kg/Ha,Yield
West Bengal,Jalpaiguri,2022,2022-23,5,Final Estimate,1,Kharif,12,Moong,Food Grains,['Pulses'],2,4004,1,171.0,Tonnes,Production
West Bengal,Jalpaiguri,2023,2023-24,5,Final Estimate,1,Kharif,12,Moong,Food Grains,['Pulses'],2,4004,1,465.0,Kg/Ha,Yield
West Bengal,Jalpaiguri,2022,2022-23,5,Final Estimate,1,Kharif,12,Moong,Food Grains,['Pulses'],2,4004,1,450.0,Kg/Ha,Yield
West Bengal,Jalpaiguri,2023,2023-24,5,Final Estimate,1,Kharif,12,Moong,Food Grains,['Pulses'],2,4004,1,330.0,Ha,Area
West Bengal,Jalpaiguri,2023,2023-24,5,Final Estimate,1,Kharif,12,Moong,Food Grains,['Pulses'],2,4004,1,153.48,Tonnes,Production
West Bengal,Jalpaiguri,2022,2022-23,5,Final Estimate,1,Kharif,12,Moong,Food Grains,['Pulses'],2,4004,1,380.0,Ha,Area
West Bengal,Jalpaiguri,2022,2022-23,5,Final Estimate,2,Rabi,12,Moong,Food Grains,['Pulses'],2,4004,2,58.0,Tonnes,Production
West Bengal,Jalpaiguri,2022,2022-23,5,Final Estimate,2,Rabi,12,Moong,Food Grains,['Pulses'],2,4004,2,829.0,Kg/Ha,Yield
West Bengal,Jalpaiguri,2022,2022-23,5,Final Estimate,2,Rabi,12,Moong,Food Grains,['Pulses'],2,4004,2,70.0,Ha,Area
West Bengal,Jalpaiguri,2023,2023-24,5,Final Estimate,2,Rabi,12,Moong,Food Grains,['Pulses'],2,4004,2,780.0,Kg/Ha,Yield
West Bengal,Jalpaiguri,2023,2023-24,5,Final Estimate,2,Rabi,12,Moong,Food Grains,['Pulses'],2,4004,2,45.0,Ha,Area
West Bengal,Jalpaiguri,2023,2023-24,5,Final Estimate,2,Rabi,12,Moong,Food Grains,['Pulses'],2,4004,2,35.09,Tonnes,Production
West Bengal,Jalpaiguri,2023,2023-24,5,Final Estimate,3,Summer,12,Moong,Food Grains,['Pulses'],2,4004,3,848.0,Kg/Ha,Yield
West Bengal,Jalpaiguri,2023,2023-24,5,Final Estimate,3,Summer,12,Moong,Food Grains,['Pulses'],2,4004,3,53.0,Ha,Area
West Bengal,Jalpaiguri,2022,2022-23,5,Final Estimate,3,Summer,12,Moong,Food Grains,['Pulses'],2,4004,3,110.0,Tonnes,Production
West Bengal,Jalpaiguri,2022,2022-23,5,Final Estimate,3,Summer,12,Moong,Food Grains,['Pulses'],2,4004,3,1038.0,Kg/Ha,Yield
West Bengal,Jalpaiguri,2023,2023-24,5,Final Estimate,3,Summer,12,Moong,Food Grains,['Pulses'],2,4004,3,44.97,Tonnes,Production
West Bengal,Jalpaiguri,2022,2022-23,5,Final Estimate,3,Summer,12,Moong,Food Grains,['Pulses'],2,4004,3,106.0,Ha,Area
West Bengal,Jalpaiguri,2022,2022-23,5,Final Estimate,99999,Total,12,Moong,Food Grains,['Pulses'],2,4004,99999,339.0,Tonnes,Production
West Bengal,Jalpaiguri,2022,2022-23,5,Final Estimate,99999,Total,12,Moong,Food Grains,['Pulses'],2,4004,99999,556.0,Ha,Area
West Bengal,Jalpaiguri,2022,2022-23,5,Final Estimate,99999,Total,12,Moong,Food Grains,['Pulses'],2,4004,99999,610.0,Kg/Ha,Yield
West Bengal,Jalpaiguri,2023,2023-24,5,Final Estimate,99999,Total,12,Moong,Food Grains,['Pulses'],2,4004,99999,233.53,Tonnes,Production
West Bengal,Jalpaiguri,2023,2023-24,5,Final Estimate,99999,Total,12,Moong,Food Grains,['Pulses'],2,4004,99999,428.0,Ha,Area
West Bengal,Jalpaiguri,2023,2023-24,5,Final Estimate,99999,Total,12,Moong,Food Grains,['Pulses'],2,4004,99999,546.0,Kg/Ha,Yield
West Bengal,Jalpaiguri,2022,2022-23,5,Final Estimate,2,Rabi,13,Lentil,Food Grains,['Pulses'],2,4005,2,1561.0,Ha,Area
West Bengal,Jalpaiguri,2022,2022-23,5,Final Estimate,2,Rabi,13,Lentil,Food Grains,['Pulses'],2,4005,2,880.0,Tonnes,Production
West Bengal,Jalpaiguri,2022,2022-23,5,Final Estimate,2,Rabi,13,Lentil,Food Grains,['Pulses'],2,4005,2,564.0,Kg/Ha,Yield
West Bengal,Jalpaiguri,2023,2023-24,5,Final Estimate,2,Rabi,13,Lentil,Food Grains,['Pulses'],2,4005,2,1566.0,Ha,Area
West Bengal,Jalpaiguri,2023,2023-24,5,Final Estimate,2,Rabi,13,Lentil,Food Grains,['Pulses'],2,4005,2,1157.76,Tonnes,Production
West Bengal,Jalpaiguri,2023,2023-24,5,Final Estimate,2,Rabi,13,Lentil,Food Grains,['Pulses'],2,4005,2,739.0,Kg/Ha,Yield
West Bengal,Jalpaiguri,2023,2023-24,5,Final Estimate,99999,Total,13,Lentil,Food Grains,['Pulses'],2,4005,99999,1566.0,Ha,Area
West Bengal,Jalpaiguri,2022,2022-23,5,Final Estimate,99999,Total,13,Lentil,Food Grains,['Pulses'],2,4005,99999,1561.0,Ha,Area
West Bengal,Jalpaiguri,2022,2022-23,5,Final Estimate,99999,Total,13,Lentil,Food Grains,['Pulses'],2,4005,99999,880.0,Tonnes,Production
West Bengal,Jalpaiguri,2022,2022-23,5,Final Estimate,99999,Total,13,Lentil,Food Grains,['Pulses'],2,4005,99999,564.0,Kg/Ha,Yield
West Bengal,Jalpaiguri,2023,2023-24,5,Final Estimate,99999,Total,13,Lentil,Food Grains,['Pulses'],2,4005,99999,1157.76,Tonnes,Production
West Bengal,Jalpaiguri,2023,2023-24,5,Final Estimate,99999,Total,13,Lentil,Food Grains,['Pulses'],2,4005,99999,739.0,Kg/Ha,Yield
West Bengal,Jalpaiguri,2023,2023-24,5,Final Estimate,2,Rabi,14,Other Pulses,Food Grains,['Pulses'],2,4006,2,3337.57,Tonnes,Production
West Bengal,Jalpaiguri,2022,2022-23,5,Final Estimate,2,Rabi,14,Other Pulses,Food Grains,['Pulses'],2,4006,2,2750.0,Ha,Area
West Bengal,Jalpaiguri,2023,2023-24,5,Final Estimate,2,Rabi,14,Other Pulses,Food Grains,['Pulses'],2,4006,2,2771.0,Ha,Area
West Bengal,Jalpaiguri,2023,2023-24,5,Final Estimate,2,Rabi,14,Other Pulses,Food Grains,['Pulses'],2,4006,2,1204.0,Kg/Ha,Yield
West Bengal,Jalpaiguri,2022,2022-23,5,Final Estimate,2,Rabi,14,Other Pulses,Food Grains,['Pulses'],2,4006,2,3277.0,Tonnes,Production
West Bengal,Jalpaiguri,2022,2022-23,5,Final Estimate,2,Rabi,14,Other Pulses,Food Grains,['Pulses'],2,4006,2,1192.0,Kg/Ha,Yield
West Bengal,Jalpaiguri,2023,2023-24,5,Final Estimate,99999,Total,14,Other Pulses,Food Grains,['Pulses'],2,4006,99999,1204.0,Kg/Ha,Yield
West Bengal,Jalpaiguri,2023,2023-24,5,Final Estimate,99999,Total,14,Other Pulses,Food Grains,['Pulses'],2,4006,99999,3337.57,Tonnes,Production
West Bengal,Jalpaiguri,2022,2022-23,5,Final Estimate,99999,Total,14,Other Pulses,Food Grains,['Pulses'],2,4006,99999,2750.0,Ha,Area
West Bengal,Jalpaiguri,2022,2022-23,5,Final Estimate,99999,Total,14,Other Pulses,Food Grains,['Pulses'],2,4006,99999,1192.0,Kg/Ha,Yield
West Bengal,Jalpaiguri,2022,2022-23,5,Final Estimate,99999,Total,14,Other Pulses,Food Grains,['Pulses'],2,4006,99999,3277.0,Tonnes,Production
West Bengal,Jalpaiguri,2023,2023-24,5,Final Estimate,99999,Total,14,Other Pulses,Food Grains,['Pulses'],2,4006,99999,2771.0,Ha,Area
West Bengal,Jalpaiguri,2022,2022-23,5,Final Estimate,99999,Total,4998,Total Pulses,Food Grains,['Pulses'],2,4998,99999,5191.0,Tonnes,Production
West Bengal,Jalpaiguri,2022,2022-23,5,Final Estimate,99999,Total,4998,Total Pulses,Food Grains,['Pulses'],2,4998,99999,880.0,Kg/Ha,Yield
West Bengal,Jalpaiguri,2022,2022-23,5,Final Estimate,99999,Total,4998,Total Pulses,Food Grains,['Pulses'],2,4998,99999,5897.0,Ha,Area
West Bengal,Jalpaiguri,2023,2023-24,5,Final Estimate,99999,Total,4998,Total Pulses,Food Grains,['Pulses'],2,4998,99999,967.0,Kg/Ha,Yield
West Bengal,Jalpaiguri,2023,2023-24,5,Final Estimate,99999,Total,4998,Total Pulses,Food Grains,['Pulses'],2,4998,99999,5608.08,Tonnes,Production
West Bengal,Jalpaiguri,2023,2023-24,5,Final Estimate,99999,Total,4998,Total Pulses,Food Grains,['Pulses'],2,4998,99999,5801.0,Ha,Area
West Bengal,Jalpaiguri,2022,2022-23,5,Final Estimate,1,Kharif,4999,Total Food Grains,Food Grains,"['Cereals', 'Pulses']",2,4999,1,26799.0,Tonnes,Production
West Bengal,Jalpaiguri,2023,2023-24,5,Final Estimate,1,Kharif,4999,Total Food Grains,Food Grains,"['Cereals', 'Pulses']",2,4999,1,2669.0,Kg/Ha,Yield
West Bengal,Jalpaiguri,2023,2023-24,5,Final Estimate,1,Kharif,4999,Total Food Grains,Food Grains,"['Cereals', 'Pulses']",2,4999,1,115752.48,Ha,Area
West Bengal,Jalpaiguri,2022,2022-23,5,Final Estimate,1,Kharif,4999,Total Food Grains,Food Grains,"['Cereals', 'Pulses']",2,4999,1,2311.0,Kg/Ha,Yield
West Bengal,Jalpaiguri,2023,2023-24,5,Final Estimate,1,Kharif,4999,Total Food Grains,Food Grains,"['Cereals', 'Pulses']",2,4999,1,308904.18,Tonnes,Production
West Bengal,Jalpaiguri,2022,2022-23,5,Final Estimate,1,Kharif,4999,Total Food Grains,Food Grains,"['Cereals', 'Pulses']",2,4999,1,11596.0,Ha,Area
West Bengal,Jalpaiguri,2022,2022-23,5,Final Estimate,2,Rabi,4999,Total Food Grains,Food Grains,"['Cereals', 'Pulses']",2,4999,2,2621.0,Kg/Ha,Yield
West Bengal,Jalpaiguri,2023,2023-24,5,Final Estimate,2,Rabi,4999,Total Food Grains,Food Grains,"['Cereals', 'Pulses']",2,4999,2,14120.75,Tonnes,Production
West Bengal,Jalpaiguri,2023,2023-24,5,Final Estimate,2,Rabi,4999,Total Food Grains,Food Grains,"['Cereals', 'Pulses']",2,4999,2,7860.0,Ha,Area
West Bengal,Jalpaiguri,2023,2023-24,5,Final Estimate,2,Rabi,4999,Total Food Grains,Food Grains,"['Cereals', 'Pulses']",2,4999,2,1797.0,Kg/Ha,Yield
West Bengal,Jalpaiguri,2022,2022-23,5,Final Estimate,2,Rabi,4999,Total Food Grains,Food Grains,"['Cereals', 'Pulses']",2,4999,2,313911.0,Tonnes,Production
West Bengal,Jalpaiguri,2022,2022-23,5,Final Estimate,2,Rabi,4999,Total Food Grains,Food Grains,"['Cereals', 'Pulses']",2,4999,2,119749.0,Ha,Area
West Bengal,Jalpaiguri,2022,2022-23,5,Final Estimate,3,Summer,4999,Total Food Grains,Food Grains,"['Cereals', 'Pulses']",2,4999,3,109080.0,Tonnes,Production
West Bengal,Jalpaiguri,2022,2022-23,5,Final Estimate,3,Summer,4999,Total Food Grains,Food Grains,"['Cereals', 'Pulses']",2,4999,3,25711.0,Ha,Area
West Bengal,Jalpaiguri,2023,2023-24,5,Final Estimate,3,Summer,4999,Total Food Grains,Food Grains,"['Cereals', 'Pulses']",2,4999,3,5550.0,Kg/Ha,Yield
West Bengal,Jalpaiguri,2022,2022-23,5,Final Estimate,3,Summer,4999,Total Food Grains,Food Grains,"['Cereals', 'Pulses']",2,4999,3,4243.0,Kg/Ha,Yield
West Bengal,Jalpaiguri,2023,2023-24,5,Final Estimate,3,Summer,4999,Total Food Grains,Food Grains,"['Cereals', 'Pulses']",2,4999,3,16653.91,Ha,Area
West Bengal,Jalpaiguri,2023,2023-24,5,Final Estimate,3,Summer,4999,Total Food Grains,Food Grains,"['Cereals', 'Pulses']",2,4999,3,92435.76,Tonnes,Production
West Bengal,Jalpaiguri,2022,2022-23,5,Final Estimate,99999,Total,4999,Total Food Grains,Food Grains,"['Cereals', 'Pulses']",2,4999,99999,449790.0,Tonnes,Production
West Bengal,Jalpaiguri,2023,2023-24,5,Final Estimate,99999,Total,4999,Total Food Grains,Food Grains,"['Cereals', 'Pulses']",2,4999,99999,415460.68,Tonnes,Production
West Bengal,Jalpaiguri,2023,2023-24,5,Final Estimate,99999,Total,4999,Total Food Grains,Food Grains,"['Cereals', 'Pulses']",2,4999,99999,140266.39,Ha,Area
West Bengal,Jalpaiguri,2023,2023-24,5,Final Estimate,99999,Total,4999,Total Food Grains,Food Grains,"['Cereals', 'Pulses']",2,4999,99999,2962.0,Kg/Ha,Yield
West Bengal,Jalpaiguri,2022,2022-23,5,Final Estimate,99999,Total,4999,Total Food Grains,Food Grains,"['Cereals', 'Pulses']",2,4999,99999,2864.0,Kg/Ha,Yield
West Bengal,Jalpaiguri,2022,2022-23,5,Final Estimate,99999,Total,4999,Total Food Grains,Food Grains,"['Cereals', 'Pulses']",2,4999,99999,157056.0,Ha,Area
West Bengal,Jalpaiguri,2023,2023-24,5,Final Estimate,2,Rabi,15,Groundnut,Oilseeds,['Oil Seeds'],3,1,2,1225.0,Ha,Area
West Bengal,Jalpaiguri,2022,2022-23,5,Final Estimate,2,Rabi,15,Groundnut,Oilseeds,['Oil Seeds'],3,1,2,2005.0,Kg/Ha,Yield
West Bengal,Jalpaiguri,2022,2022-23,5,Final Estimate,2,Rabi,15,Groundnut,Oilseeds,['Oil Seeds'],3,1,2,1350.0,Ha,Area
West Bengal,Jalpaiguri,2022,2022-23,5,Final Estimate,2,Rabi,15,Groundnut,Oilseeds,['Oil Seeds'],3,1,2,2707.0,Tonnes,Production
West Bengal,Jalpaiguri,2023,2023-24,5,Final Estimate,2,Rabi,15,Groundnut,Oilseeds,['Oil Seeds'],3,1,2,2205.19,Tonnes,Production
West Bengal,Jalpaiguri,2023,2023-24,5,Final Estimate,2,Rabi,15,Groundnut,Oilseeds,['Oil Seeds'],3,1,2,1800.0,Kg/Ha,Yield
West Bengal,Jalpaiguri,2023,2023-24,5,Final Estimate,3,Summer,15,Groundnut,Oilseeds,['Oil Seeds'],3,1,3,8199.0,Tonnes,Production
West Bengal,Jalpaiguri,2022,2022-23,5,Final Estimate,3,Summer,15,Groundnut,Oilseeds,['Oil Seeds'],3,1,3,2772.0,Kg/Ha,Yield
West Bengal,Jalpaiguri,2022,2022-23,5,Final Estimate,3,Summer,15,Groundnut,Oilseeds,['Oil Seeds'],3,1,3,3496.0,Ha,Area
West Bengal,Jalpaiguri,2022,2022-23,5,Final Estimate,3,Summer,15,Groundnut,Oilseeds,['Oil Seeds'],3,1,3,9691.0,Tonnes,Production
West Bengal,Jalpaiguri,2023,2023-24,5,Final Estimate,3,Summer,15,Groundnut,Oilseeds,['Oil Seeds'],3,1,3,2334.0,Kg/Ha,Yield
West Bengal,Jalpaiguri,2023,2023-24,5,Final Estimate,3,Summer,15,Groundnut,Oilseeds,['Oil Seeds'],3,1,3,3512.57,Ha,Area
West Bengal,Jalpaiguri,2023,2023-24,5,Final Estimate,99999,Total,15,Groundnut,Oilseeds,['Oil Seeds'],3,1,99999,10404.2,Tonnes,Production
West Bengal,Jalpaiguri,2022,2022-23,5,Final Estimate,99999,Total,15,Groundnut,Oilseeds,['Oil Seeds'],3,1,99999,2558.0,Kg/Ha,Yield
West Bengal,Jalpaiguri,2023,2023-24,5,Final Estimate,99999,Total,15,Groundnut,Oilseeds,['Oil Seeds'],3,1,99999,2196.0,Kg/Ha,Yield
West Bengal,Jalpaiguri,2023,2023-24,5,Final Estimate,99999,Total,15,Groundnut,Oilseeds,['Oil Seeds'],3,1,99999,4737.57,Ha,Area
West Bengal,Jalpaiguri,2022,2022-23,5,Final Estimate,99999,Total,15,Groundnut,Oilseeds,['Oil Seeds'],3,1,99999,4846.0,Ha,Area
West Bengal,Jalpaiguri,2022,2022-23,5,Final Estimate,99999,Total,15,Groundnut,Oilseeds,['Oil Seeds'],3,1,99999,12398.0,Tonnes,Production
West Bengal,Jalpaiguri,2023,2023-24,5,Final Estimate,1,Kharif,17,Sesamum,Oilseeds,['Oil Seeds'],3,3,1,691.0,Kg/Ha,Yield
West Bengal,Jalpaiguri,2023,2023-24,5,Final Estimate,1,Kharif,17,Sesamum,Oilseeds,['Oil Seeds'],3,3,1,48.35,Tonnes,Production
West Bengal,Jalpaiguri,2023,2023-24,5,Final Estimate,1,Kharif,17,Sesamum,Oilseeds,['Oil Seeds'],3,3,1,70.0,Ha,Area
West Bengal,Jalpaiguri,2022,2022-23,5,Final Estimate,2,Rabi,17,Sesamum,Oilseeds,['Oil Seeds'],3,3,2,714.0,Kg/Ha,Yield
West Bengal,Jalpaiguri,2022,2022-23,5,Final Estimate,2,Rabi,17,Sesamum,Oilseeds,['Oil Seeds'],3,3,2,70.0,Ha,Area
West Bengal,Jalpaiguri,2022,2022-23,5,Final Estimate,2,Rabi,17,Sesamum,Oilseeds,['Oil Seeds'],3,3,2,50.0,Tonnes,Production
West Bengal,Jalpaiguri,2022,2022-23,5,Final Estimate,3,Summer,17,Sesamum,Oilseeds,['Oil Seeds'],3,3,3,653.0,Ha,Area
West Bengal,Jalpaiguri,2023,2023-24,5,Final Estimate,3,Summer,17,Sesamum,Oilseeds,['Oil Seeds'],3,3,3,876.83,Tonnes,Production
West Bengal,Jalpaiguri,2023,2023-24,5,Final Estimate,3,Summer,17,Sesamum,Oilseeds,['Oil Seeds'],3,3,3,1075.0,Kg/Ha,Yield
West Bengal,Jalpaiguri,2022,2022-23,5,Final Estimate,3,Summer,17,Sesamum,Oilseeds,['Oil Seeds'],3,3,3,651.0,Tonnes,Production
West Bengal,Jalpaiguri,2023,2023-24,5,Final Estimate,3,Summer,17,Sesamum,Oilseeds,['Oil Seeds'],3,3,3,816.0,Ha,Area
West Bengal,Jalpaiguri,2022,2022-23,5,Final Estimate,3,Summer,17,Sesamum,Oilseeds,['Oil Seeds'],3,3,3,997.0,Kg/Ha,Yield
West Bengal,Jalpaiguri,2022,2022-23,5,Final Estimate,99999,Total,17,Sesamum,Oilseeds,['Oil Seeds'],3,3,99999,723.0,Ha,Area
West Bengal,Jalpaiguri,2023,2023-24,5,Final Estimate,99999,Total,17,Sesamum,Oilseeds,['Oil Seeds'],3,3,99999,1044.0,Kg/Ha,Yield
West Bengal,Jalpaiguri,2022,2022-23,5,Final Estimate,99999,Total,17,Sesamum,Oilseeds,['Oil Seeds'],3,3,99999,970.0,Kg/Ha,Yield
West Bengal,Jalpaiguri,2022,2022-23,5,Final Estimate,99999,Total,17,Sesamum,Oilseeds,['Oil Seeds'],3,3,99999,701.0,Tonnes,Production
West Bengal,Jalpaiguri,2023,2023-24,5,Final Estimate,99999,Total,17,Sesamum,Oilseeds,['Oil Seeds'],3,3,99999,925.18,Tonnes,Production
West Bengal,Jalpaiguri,2023,2023-24,5,Final Estimate,99999,Total,17,Sesamum,Oilseeds,['Oil Seeds'],3,3,99999,886.0,Ha,Area
West Bengal,Jalpaiguri,2022,2022-23,5,Final Estimate,1,Kharif,18,Nigerseed,Oilseeds,['Oil Seeds'],3,4,1,177.0,Tonnes,Production
West Bengal,Jalpaiguri,2022,2022-23,5,Final Estimate,1,Kharif,18,Nigerseed,Oilseeds,['Oil Seeds'],3,4,1,590.0,Kg/Ha,Yield
West Bengal,Jalpaiguri,2023,2023-24,5,Final Estimate,1,Kharif,18,Nigerseed,Oilseeds,['Oil Seeds'],3,4,1,540.0,Kg/Ha,Yield
West Bengal,Jalpaiguri,2023,2023-24,5,Final Estimate,1,Kharif,18,Nigerseed,Oilseeds,['Oil Seeds'],3,4,1,250.0,Ha,Area
West Bengal,Jalpaiguri,2023,2023-24,5,Final Estimate,1,Kharif,18,Nigerseed,Oilseeds,['Oil Seeds'],3,4,1,134.93,Tonnes,Production
West Bengal,Jalpaiguri,2022,2022-23,5,Final Estimate,1,Kharif,18,Nigerseed,Oilseeds,['Oil Seeds'],3,4,1,300.0,Ha,Area
West Bengal,Jalpaiguri,2022,2022-23,5,Final Estimate,99999,Total,18,Nigerseed,Oilseeds,['Oil Seeds'],3,4,99999,590.0,Kg/Ha,Yield
West Bengal,Jalpaiguri,2022,2022-23,5,Final Estimate,99999,Total,18,Nigerseed,Oilseeds,['Oil Seeds'],3,4,99999,300.0,Ha,Area
West Bengal,Jalpaiguri,2022,2022-23,5,Final Estimate,99999,Total,18,Nigerseed,Oilseeds,['Oil Seeds'],3,4,99999,177.0,Tonnes,Production
West Bengal,Jalpaiguri,2023,2023-24,5,Final Estimate,99999,Total,18,Nigerseed,Oilseeds,['Oil Seeds'],3,4,99999,540.0,Kg/Ha,Yield
West Bengal,Jalpaiguri,2023,2023-24,5,Final Estimate,99999,Total,18,Nigerseed,Oilseeds,['Oil Seeds'],3,4,99999,250.0,Ha,Area
West Bengal,Jalpaiguri,2023,2023-24,5,Final Estimate,99999,Total,18,Nigerseed,Oilseeds,['Oil Seeds'],3,4,99999,134.93,Tonnes,Production
West Bengal,Jalpaiguri,2022,2022-23,5,Final Estimate,1,Kharif,20,Sunflower,Oilseeds,['Oil Seeds'],3,6,1,10.0,Ha,Area
West Bengal,Jalpaiguri,2022,2022-23,5,Final Estimate,1,Kharif,20,Sunflower,Oilseeds,['Oil Seeds'],3,6,1,1000.0,Kg/Ha,Yield
West Bengal,Jalpaiguri,2022,2022-23,5,Final Estimate,1,Kharif,20,Sunflower,Oilseeds,['Oil Seeds'],3,6,1,10.0,Tonnes,Production
West Bengal,Jalpaiguri,2023,2023-24,5,Final Estimate,3,Summer,20,Sunflower,Oilseeds,['Oil Seeds'],3,6,3,3.9,Tonnes,Production
West Bengal,Jalpaiguri,2023,2023-24,5,Final Estimate,3,Summer,20,Sunflower,Oilseeds,['Oil Seeds'],3,6,3,5.0,Ha,Area
West Bengal,Jalpaiguri,2023,2023-24,5,Final Estimate,3,Summer,20,Sunflower,Oilseeds,['Oil Seeds'],3,6,3,780.0,Kg/Ha,Yield
West Bengal,Jalpaiguri,2022,2022-23,5,Final Estimate,99999,Total,20,Sunflower,Oilseeds,['Oil Seeds'],3,6,99999,10.0,Tonnes,Production
West Bengal,Jalpaiguri,2023,2023-24,5,Final Estimate,99999,Total,20,Sunflower,Oilseeds,['Oil Seeds'],3,6,99999,3.9,Tonnes,Production
West Bengal,Jalpaiguri,2023,2023-24,5,Final Estimate,99999,Total,20,Sunflower,Oilseeds,['Oil Seeds'],3,6,99999,5.0,Ha,Area
West Bengal,Jalpaiguri,2023,2023-24,5,Final Estimate,99999,Total,20,Sunflower,Oilseeds,['Oil Seeds'],3,6,99999,780.0,Kg/Ha,Yield
West Bengal,Jalpaiguri,2022,2022-23,5,Final Estimate,99999,Total,20,Sunflower,Oilseeds,['Oil Seeds'],3,6,99999,1000.0,Kg/Ha,Yield
West Bengal,Jalpaiguri,2022,2022-23,5,Final Estimate,99999,Total,20,Sunflower,Oilseeds,['Oil Seeds'],3,6,99999,10.0,Ha,Area
West Bengal,Jalpaiguri,2022,2022-23,5,Final Estimate,2,Rabi,21,Rapeseed & Mustard,Oilseeds,['Oil Seeds'],3,7,2,920.0,Kg/Ha,Yield
West Bengal,Jalpaiguri,2022,2022-23,5,Final Estimate,2,Rabi,21,Rapeseed & Mustard,Oilseeds,['Oil Seeds'],3,7,2,5483.0,Tonnes,Production
West Bengal,Jalpaiguri,2022,2022-23,5,Final Estimate,2,Rabi,21,Rapeseed & Mustard,Oilseeds,['Oil Seeds'],3,7,2,5959.0,Ha,Area
West Bengal,Jalpaiguri,2023,2023-24,5,Final Estimate,2,Rabi,21,Rapeseed & Mustard,Oilseeds,['Oil Seeds'],3,7,2,6052.0,Ha,Area
West Bengal,Jalpaiguri,2023,2023-24,5,Final Estimate,2,Rabi,21,Rapeseed & Mustard,Oilseeds,['Oil Seeds'],3,7,2,1083.0,Kg/Ha,Yield
West Bengal,Jalpaiguri,2023,2023-24,5,Final Estimate,2,Rabi,21,Rapeseed & Mustard,Oilseeds,['Oil Seeds'],3,7,2,6553.14,Tonnes,Production
West Bengal,Jalpaiguri,2022,2022-23,5,Final Estimate,99999,Total,21,Rapeseed & Mustard,Oilseeds,['Oil Seeds'],3,7,99999,920.0,Kg/Ha,Yield
West Bengal,Jalpaiguri,2022,2022-23,5,Final Estimate,99999,Total,21,Rapeseed & Mustard,Oilseeds,['Oil Seeds'],3,7,99999,5959.0,Ha,Area
West Bengal,Jalpaiguri,2023,2023-24,5,Final Estimate,99999,Total,21,Rapeseed & Mustard,Oilseeds,['Oil Seeds'],3,7,99999,6052.0,Ha,Area
West Bengal,Jalpaiguri,2023,2023-24,5,Final Estimate,99999,Total,21,Rapeseed & Mustard,Oilseeds,['Oil Seeds'],3,7,99999,1083.0,Kg/Ha,Yield
West Bengal,Jalpaiguri,2023,2023-24,5,Final Estimate,99999,Total,21,Rapeseed & Mustard,Oilseeds,['Oil Seeds'],3,7,99999,6553.14,Tonnes,Production
West Bengal,Jalpaiguri,2022,2022-23,5,Final Estimate,99999,Total,21,Rapeseed & Mustard,Oilseeds,['Oil Seeds'],3,7,99999,5483.0,Tonnes,Production
West Bengal,Jalpaiguri,2022,2022-23,5,Final Estimate,2,Rabi,22,Linseed,Oilseeds,['Oil Seeds'],3,8,2,268.0,Ha,Area
West Bengal,Jalpaiguri,2022,2022-23,5,Final Estimate,2,Rabi,22,Linseed,Oilseeds,['Oil Seeds'],3,8,2,407.0,Kg/Ha,Yield
West Bengal,Jalpaiguri,2022,2022-23,5,Final Estimate,2,Rabi,22,Linseed,Oilseeds,['Oil Seeds'],3,8,2,109.0,Tonnes,Production
West Bengal,Jalpaiguri,2023,2023-24,5,Final Estimate,2,Rabi,22,Linseed,Oilseeds,['Oil Seeds'],3,8,2,118.01,Tonnes,Production
West Bengal,Jalpaiguri,2023,2023-24,5,Final Estimate,2,Rabi,22,Linseed,Oilseeds,['Oil Seeds'],3,8,2,238.0,Ha,Area
West Bengal,Jalpaiguri,2023,2023-24,5,Final Estimate,2,Rabi,22,Linseed,Oilseeds,['Oil Seeds'],3,8,2,496.0,Kg/Ha,Yield
West Bengal,Jalpaiguri,2023,2023-24,5,Final Estimate,99999,Total,22,Linseed,Oilseeds,['Oil Seeds'],3,8,99999,118.01,Tonnes,Production
West Bengal,Jalpaiguri,2023,2023-24,5,Final Estimate,99999,Total,22,Linseed,Oilseeds,['Oil Seeds'],3,8,99999,496.0,Kg/Ha,Yield
West Bengal,Jalpaiguri,2023,2023-24,5,Final Estimate,99999,Total,22,Linseed,Oilseeds,['Oil Seeds'],3,8,99999,238.0,Ha,Area
West Bengal,Jalpaiguri,2022,2022-23,5,Final Estimate,99999,Total,22,Linseed,Oilseeds,['Oil Seeds'],3,8,99999,407.0,Kg/Ha,Yield
West Bengal,Jalpaiguri,2022,2022-23,5,Final Estimate,99999,Total,22,Linseed,Oilseeds,['Oil Seeds'],3,8,99999,268.0,Ha,Area
West Bengal,Jalpaiguri,2022,2022-23,5,Final Estimate,99999,Total,22,Linseed,Oilseeds,['Oil Seeds'],3,8,99999,109.0,Tonnes,Production
West Bengal,Jalpaiguri,2023,2023-24,5,Final Estimate,99999,Total,999,Total Oil Seeds,Oilseeds,['Oil Seeds'],3,999,99999,12168.57,Ha,Area
West Bengal,Jalpaiguri,2023,2023-24,5,Final Estimate,99999,Total,999,Total Oil Seeds,Oilseeds,['Oil Seeds'],3,999,99999,1491.0,Kg/Ha,Yield
West Bengal,Jalpaiguri,2022,2022-23,5,Final Estimate,99999,Total,999,Total Oil Seeds,Oilseeds,['Oil Seeds'],3,999,99999,18878.0,Tonnes,Production
West Bengal,Jalpaiguri,2022,2022-23,5,Final Estimate,99999,Total,999,Total Oil Seeds,Oilseeds,['Oil Seeds'],3,999,99999,12106.0,Ha,Area
West Bengal,Jalpaiguri,2022,2022-23,5,Final Estimate,99999,Total,999,Total Oil Seeds,Oilseeds,['Oil Seeds'],3,999,99999,1559.0,Kg/Ha,Yield
West Bengal,Jalpaiguri,2023,2023-24,5,Final Estimate,99999,Total,999,Total Oil Seeds,Oilseeds,['Oil Seeds'],3,999,99999,18139.35,Tonnes,Production
West Bengal,Jalpaiguri,2022,2022-23,5,Final Estimate,1,Kharif,28,Sugarcane,Commercial Crops,['Commercial Crops'],4,1001,1,78049.0,Kg/Ha,Yield
West Bengal,Jalpaiguri,2022,2022-23,5,Final Estimate,1,Kharif,28,Sugarcane,Commercial Crops,['Commercial Crops'],4,1001,1,144.0,Ha,Area
West Bengal,Jalpaiguri,2022,2022-23,5,Final Estimate,1,Kharif,28,Sugarcane,Commercial Crops,['Commercial Crops'],4,1001,1,11239.0,Tonnes,Production
West Bengal,Jalpaiguri,2023,2023-24,5,Final Estimate,1,Kharif,28,Sugarcane,Commercial Crops,['Commercial Crops'],4,1001,1,69100.0,Kg/Ha,Yield
West Bengal,Jalpaiguri,2023,2023-24,5,Final Estimate,1,Kharif,28,Sugarcane,Commercial Crops,['Commercial Crops'],4,1001,1,7670.13,Tonnes,Production
West Bengal,Jalpaiguri,2023,2023-24,5,Final Estimate,1,Kharif,28,Sugarcane,Commercial Crops,['Commercial Crops'],4,1001,1,111.0,Ha,Area
West Bengal,Jalpaiguri,2023,2023-24,5,Final Estimate,99999,Total,28,Sugarcane,Commercial Crops,['Commercial Crops'],4,1001,99999,111.0,Ha,Area
West Bengal,Jalpaiguri,2022,2022-23,5,Final Estimate,99999,Total,28,Sugarcane,Commercial Crops,['Commercial Crops'],4,1001,99999,144.0,Ha,Area
West Bengal,Jalpaiguri,2022,2022-23,5,Final Estimate,99999,Total,28,Sugarcane,Commercial Crops,['Commercial Crops'],4,1001,99999,11239.0,Tonnes,Production
West Bengal,Jalpaiguri,2022,2022-23,5,Final Estimate,99999,Total,28,Sugarcane,Commercial Crops,['Commercial Crops'],4,1001,99999,78049.0,Kg/Ha,Yield
West Bengal,Jalpaiguri,2023,2023-24,5,Final Estimate,99999,Total,28,Sugarcane,Commercial Crops,['Commercial Crops'],4,1001,99999,69100.0,Kg/Ha,Yield
West Bengal,Jalpaiguri,2023,2023-24,5,Final Estimate,99999,Total,28,Sugarcane,Commercial Crops,['Commercial Crops'],4,1001,99999,7670.13,Tonnes,Production
West Bengal,Jalpaiguri,2023,2023-24,5,Final Estimate,1,Kharif,26,Jute,Commercial Crops,['Commercial Crops'],4,1003,1,381552.95,Tonnes,Production
West Bengal,Jalpaiguri,2023,2023-24,5,Final Estimate,1,Kharif,26,Jute,Commercial Crops,['Commercial Crops'],4,1003,1,2917.0,Kg/Ha,Yield
West Bengal,Jalpaiguri,2022,2022-23,5,Final Estimate,1,Kharif,26,Jute,Commercial Crops,['Commercial Crops'],4,1003,1,2235.0,Kg/Ha,Yield
West Bengal,Jalpaiguri,2022,2022-23,5,Final Estimate,1,Kharif,26,Jute,Commercial Crops,['Commercial Crops'],4,1003,1,24398.0,Ha,Area
West Bengal,Jalpaiguri,2022,2022-23,5,Final Estimate,1,Kharif,26,Jute,Commercial Crops,['Commercial Crops'],4,1003,1,302884.0,Tonnes,Production
West Bengal,Jalpaiguri,2023,2023-24,5,Final Estimate,1,Kharif,26,Jute,Commercial Crops,['Commercial Crops'],4,1003,1,23541.0,Ha,Area
West Bengal,Jalpaiguri,2022,2022-23,5,Final Estimate,99999,Total,26,Jute,Commercial Crops,['Commercial Crops'],4,1003,99999,2235.0,Kg/Ha,Yield
West Bengal,Jalpaiguri,2023,2023-24,5,Final Estimate,99999,Total,26,Jute,Commercial Crops,['Commercial Crops'],4,1003,99999,381552.95,Tonnes,Production
West Bengal,Jalpaiguri,2023,2023-24,5,Final Estimate,99999,Total,26,Jute,Commercial Crops,['Commercial Crops'],4,1003,99999,23541.0,Ha,Area
West Bengal,Jalpaiguri,2023,2023-24,5,Final Estimate,99999,Total,26,Jute,Commercial Crops,['Commercial Crops'],4,1003,99999,2917.0,Kg/Ha,Yield
West Bengal,Jalpaiguri,2022,2022-23,5,Final Estimate,99999,Total,26,Jute,Commercial Crops,['Commercial Crops'],4,1003,99999,302884.0,Tonnes,Production
West Bengal,Jalpaiguri,2022,2022-23,5,Final Estimate,99999,Total,26,Jute,Commercial Crops,['Commercial Crops'],4,1003,99999,24398.0,Ha,Area
West Bengal,Jalpaiguri,2022,2022-23,5,Final Estimate,1,Kharif,27,Mesta,Commercial Crops,['Commercial Crops'],4,1004,1,623.0,Tonnes,Production
West Bengal,Jalpaiguri,2022,2022-23,5,Final Estimate,1,Kharif,27,Mesta,Commercial Crops,['Commercial Crops'],4,1004,1,44.0,Ha,Area
West Bengal,Jalpaiguri,2023,2023-24,5,Final Estimate,1,Kharif,27,Mesta,Commercial Crops,['Commercial Crops'],4,1004,1,37.0,Ha,Area
West Bengal,Jalpaiguri,2023,2023-24,5,Final Estimate,1,Kharif,27,Mesta,Commercial Crops,['Commercial Crops'],4,1004,1,530.29,Tonnes,Production
West Bengal,Jalpaiguri,2022,2022-23,5,Final Estimate,1,Kharif,27,Mesta,Commercial Crops,['Commercial Crops'],4,1004,1,2549.0,Kg/Ha,Yield
West Bengal,Jalpaiguri,2023,2023-24,5,Final Estimate,1,Kharif,27,Mesta,Commercial Crops,['Commercial Crops'],4,1004,1,2580.0,Kg/Ha,Yield
West Bengal,Jalpaiguri,2023,2023-24,5,Final Estimate,99999,Total,27,Mesta,Commercial Crops,['Commercial Crops'],4,1004,99999,530.29,Tonnes,Production
West Bengal,Jalpaiguri,2022,2022-23,5,Final Estimate,99999,Total,27,Mesta,Commercial Crops,['Commercial Crops'],4,1004,99999,44.0,Ha,Area
West Bengal,Jalpaiguri,2022,2022-23,5,Final Estimate,99999,Total,27,Mesta,Commercial Crops,['Commercial Crops'],4,1004,99999,623.0,Tonnes,Production
West Bengal,Jalpaiguri,2022,2022-23,5,Final Estimate,99999,Total,27,Mesta,Commercial Crops,['Commercial Crops'],4,1004,99999,2549.0,Kg/Ha,Yield
West Bengal,Jalpaiguri,2023,2023-24,5,Final Estimate,99999,Total,27,Mesta,Commercial Crops,['Commercial Crops'],4,1004,99999,37.0,Ha,Area
West Bengal,Jalpaiguri,2023,2023-24,5,Final Estimate,99999,Total,27,Mesta,Commercial Crops,['Commercial Crops'],4,1004,99999,2580.0,Kg/Ha,Yield
West Bengal,Jalpaiguri,2023,2023-24,5,Final Estimate,1,Kharif,1999,Jute & Mesta,Commercial Crops,['Commercial Crops'],4,1999,1,23578.0,Ha,Area
West Bengal,Jalpaiguri,2022,2022-23,5,Final Estimate,1,Kharif,1999,Jute & Mesta,Commercial Crops,['Commercial Crops'],4,1999,1,303507.0,Tonnes,Production
West Bengal,Jalpaiguri,2022,2022-23,5,Final Estimate,1,Kharif,1999,Jute & Mesta,Commercial Crops,['Commercial Crops'],4,1999,1,24442.0,Ha,Area
West Bengal,Jalpaiguri,2022,2022-23,5,Final Estimate,1,Kharif,1999,Jute & Mesta,Commercial Crops,['Commercial Crops'],4,1999,1,2235.0,Kg/Ha,Yield
West Bengal,Jalpaiguri,2023,2023-24,5,Final Estimate,1,Kharif,1999,Jute & Mesta,Commercial Crops,['Commercial Crops'],4,1999,1,382083.24,Tonnes,Production
West Bengal,Jalpaiguri,2023,2023-24,5,Final Estimate,1,Kharif,1999,Jute & Mesta,Commercial Crops,['Commercial Crops'],4,1999,1,2917.0,Kg/Ha,Yield
West Bengal,Jalpaiguri,2023,2023-24,5,Final Estimate,99999,Total,1999,Jute & Mesta,Commercial Crops,['Commercial Crops'],4,1999,99999,23578.0,Ha,Area
West Bengal,Jalpaiguri,2022,2022-23,5,Final Estimate,99999,Total,1999,Jute & Mesta,Commercial Crops,['Commercial Crops'],4,1999,99999,303507.0,Tonnes,Production
West Bengal,Jalpaiguri,2023,2023-24,5,Final Estimate,99999,Total,1999,Jute & Mesta,Commercial Crops,['Commercial Crops'],4,1999,99999,2917.0,Kg/Ha,Yield
West Bengal,Jalpaiguri,2022,2022-23,5,Final Estimate,99999,Total,1999,Jute & Mesta,Commercial Crops,['Commercial Crops'],4,1999,99999,2235.0,Kg/Ha,Yield
West Bengal,Jalpaiguri,2023,2023-24,5,Final Estimate,99999,Total,1999,Jute & Mesta,Commercial Crops,['Commercial Crops'],4,1999,99999,382083.24,Tonnes,Production
West Bengal,Jalpaiguri,2022,2022-23,5,Final Estimate,99999,Total,1999,Jute & Mesta,Commercial Crops,['Commercial Crops'],4,1999,99999,24442.0,Ha,Area
West Bengal,Jalpaiguri,2023,2023-24,5,Final Estimate,1,Kharif,29,Tobacco,Commercial Crops,['Commercial Crops'],4,5001,1,1609.0,Kg/Ha,Yield
West Bengal,Jalpaiguri,2023,2023-24,5,Final Estimate,1,Kharif,29,Tobacco,Commercial Crops,['Commercial Crops'],4,5001,1,88.47,Tonnes,Production
West Bengal,Jalpaiguri,2023,2023-24,5,Final Estimate,1,Kharif,29,Tobacco,Commercial Crops,['Commercial Crops'],4,5001,1,55.0,Ha,Area
West Bengal,Jalpaiguri,2023,2023-24,5,Final Estimate,99999,Total,29,Tobacco,Commercial Crops,['Commercial Crops'],4,5001,99999,88.47,Tonnes,Production
West Bengal,Jalpaiguri,2023,2023-24,5,Final Estimate,99999,Total,29,Tobacco,Commercial Crops,['Commercial Crops'],4,5001,99999,1609.0,Kg/Ha,Yield
West Bengal,Jalpaiguri,2023,2023-24,5,Final Estimate,99999,Total,29,Tobacco,Commercial Crops,['Commercial Crops'],4,5001,99999,55.0,Ha,Area
West Bengal,Jhargram,2023,2023-24,5,Final Estimate,1,Kharif,1,Rice,Food Grains,['Cereals'],1,2001,1,2789.0,Kg/Ha,Yield
West Bengal,Jhargram,2023,2023-24,5,Final Estimate,1,Kharif,1,Rice,Food Grains,['Cereals'],1,2001,1,144733.22,Ha,Area
West Bengal,Jhargram,2023,2023-24,5,Final Estimate,1,Kharif,1,Rice,Food Grains,['Cereals'],1,2001,1,403669.11,Tonnes,Production
West Bengal,Jhargram,2022,2022-23,5,Final Estimate,1,Kharif,1,Rice,Food Grains,['Cereals'],1,2001,1,29331.0,Tonnes,Production
West Bengal,Jhargram,2022,2022-23,5,Final Estimate,1,Kharif,1,Rice,Food Grains,['Cereals'],1,2001,1,11778.0,Ha,Area
West Bengal,Jhargram,2022,2022-23,5,Final Estimate,1,Kharif,1,Rice,Food Grains,['Cereals'],1,2001,1,2490.0,Kg/Ha,Yield
West Bengal,Jhargram,2022,2022-23,5,Final Estimate,2,Rabi,1,Rice,Food Grains,['Cereals'],1,2001,2,389149.0,Tonnes,Production
West Bengal,Jhargram,2022,2022-23,5,Final Estimate,2,Rabi,1,Rice,Food Grains,['Cereals'],1,2001,2,2800.0,Kg/Ha,Yield
West Bengal,Jhargram,2022,2022-23,5,Final Estimate,2,Rabi,1,Rice,Food Grains,['Cereals'],1,2001,2,138991.0,Ha,Area
West Bengal,Jhargram,2022,2022-23,5,Final Estimate,3,Summer,1,Rice,Food Grains,['Cereals'],1,2001,3,3172.0,Kg/Ha,Yield
West Bengal,Jhargram,2022,2022-23,5,Final Estimate,3,Summer,1,Rice,Food Grains,['Cereals'],1,2001,3,85248.0,Tonnes,Production
West Bengal,Jhargram,2023,2023-24,5,Final Estimate,3,Summer,1,Rice,Food Grains,['Cereals'],1,2001,3,91353.75,Tonnes,Production
West Bengal,Jhargram,2023,2023-24,5,Final Estimate,3,Summer,1,Rice,Food Grains,['Cereals'],1,2001,3,29474.68,Ha,Area
West Bengal,Jhargram,2023,2023-24,5,Final Estimate,3,Summer,1,Rice,Food Grains,['Cereals'],1,2001,3,3099.0,Kg/Ha,Yield
West Bengal,Jhargram,2022,2022-23,5,Final Estimate,3,Summer,1,Rice,Food Grains,['Cereals'],1,2001,3,26876.0,Ha,Area
West Bengal,Jhargram,2022,2022-23,5,Final Estimate,99999,Total,1,Rice,Food Grains,['Cereals'],1,2001,99999,177645.0,Ha,Area
West Bengal,Jhargram,2022,2022-23,5,Final Estimate,99999,Total,1,Rice,Food Grains,['Cereals'],1,2001,99999,503728.0,Tonnes,Production
West Bengal,Jhargram,2023,2023-24,5,Final Estimate,99999,Total,1,Rice,Food Grains,['Cereals'],1,2001,99999,495022.86,Tonnes,Production
West Bengal,Jhargram,2023,2023-24,5,Final Estimate,99999,Total,1,Rice,Food Grains,['Cereals'],1,2001,99999,174207.89,Ha,Area
West Bengal,Jhargram,2023,2023-24,5,Final Estimate,99999,Total,1,Rice,Food Grains,['Cereals'],1,2001,99999,2842.0,Kg/Ha,Yield
West Bengal,Jhargram,2022,2022-23,5,Final Estimate,99999,Total,1,Rice,Food Grains,['Cereals'],1,2001,99999,2836.0,Kg/Ha,Yield
West Bengal,Jhargram,2022,2022-23,5,Final Estimate,2,Rabi,2,Wheat,Food Grains,['Cereals'],1,2002,2,1022.0,Tonnes,Production
West Bengal,Jhargram,2022,2022-23,5,Final Estimate,2,Rabi,2,Wheat,Food Grains,['Cereals'],1,2002,2,2428.0,Kg/Ha,Yield
West Bengal,Jhargram,2022,2022-23,5,Final Estimate,2,Rabi,2,Wheat,Food Grains,['Cereals'],1,2002,2,421.0,Ha,Area
West Bengal,Jhargram,2022,2022-23,5,Final Estimate,99999,Total,2,Wheat,Food Grains,['Cereals'],1,2002,99999,421.0,Ha,Area
West Bengal,Jhargram,2022,2022-23,5,Final Estimate,99999,Total,2,Wheat,Food Grains,['Cereals'],1,2002,99999,2428.0,Kg/Ha,Yield
West Bengal,Jhargram,2022,2022-23,5,Final Estimate,99999,Total,2,Wheat,Food Grains,['Cereals'],1,2002,99999,1022.0,Tonnes,Production
West Bengal,Jhargram,2022,2022-23,5,Final Estimate,1,Kharif,5,Maize,Food Grains,['Cereals'],1,3001,1,2666.0,Kg/Ha,Yield
West Bengal,Jhargram,2022,2022-23,5,Final Estimate,1,Kharif,5,Maize,Food Grains,['Cereals'],1,3001,1,1730.0,Tonnes,Production
West Bengal,Jhargram,2023,2023-24,5,Final Estimate,1,Kharif,5,Maize,Food Grains,['Cereals'],1,3001,1,3727.0,Kg/Ha,Yield
West Bengal,Jhargram,2023,2023-24,5,Final Estimate,1,Kharif,5,Maize,Food Grains,['Cereals'],1,3001,1,1418.72,Ha,Area
West Bengal,Jhargram,2023,2023-24,5,Final Estimate,1,Kharif,5,Maize,Food Grains,['Cereals'],1,3001,1,5287.47,Tonnes,Production
West Bengal,Jhargram,2022,2022-23,5,Final Estimate,1,Kharif,5,Maize,Food Grains,['Cereals'],1,3001,1,649.0,Ha,Area
West Bengal,Jhargram,2023,2023-24,5,Final Estimate,2,Rabi,5,Maize,Food Grains,['Cereals'],1,3001,2,5895.93,Tonnes,Production
West Bengal,Jhargram,2022,2022-23,5,Final Estimate,2,Rabi,5,Maize,Food Grains,['Cereals'],1,3001,2,1879.0,Kg/Ha,Yield
West Bengal,Jhargram,2022,2022-23,5,Final Estimate,2,Rabi,5,Maize,Food Grains,['Cereals'],1,3001,2,1533.0,Tonnes,Production
West Bengal,Jhargram,2022,2022-23,5,Final Estimate,2,Rabi,5,Maize,Food Grains,['Cereals'],1,3001,2,816.0,Ha,Area
West Bengal,Jhargram,2023,2023-24,5,Final Estimate,2,Rabi,5,Maize,Food Grains,['Cereals'],1,3001,2,7270.0,Kg/Ha,Yield
West Bengal,Jhargram,2023,2023-24,5,Final Estimate,2,Rabi,5,Maize,Food Grains,['Cereals'],1,3001,2,811.0,Ha,Area
West Bengal,Jhargram,2023,2023-24,5,Final Estimate,3,Summer,5,Maize,Food Grains,['Cereals'],1,3001,3,5538.0,Kg/Ha,Yield
West Bengal,Jhargram,2022,2022-23,5,Final Estimate,3,Summer,5,Maize,Food Grains,['Cereals'],1,3001,3,3631.0,Tonnes,Production
West Bengal,Jhargram,2022,2022-23,5,Final Estimate,3,Summer,5,Maize,Food Grains,['Cereals'],1,3001,3,4237.0,Kg/Ha,Yield
West Bengal,Jhargram,2022,2022-23,5,Final Estimate,3,Summer,5,Maize,Food Grains,['Cereals'],1,3001,3,857.0,Ha,Area
West Bengal,Jhargram,2023,2023-24,5,Final Estimate,3,Summer,5,Maize,Food Grains,['Cereals'],1,3001,3,756.65,Ha,Area
West Bengal,Jhargram,2023,2023-24,5,Final Estimate,3,Summer,5,Maize,Food Grains,['Cereals'],1,3001,3,4190.66,Tonnes,Production
West Bengal,Jhargram,2023,2023-24,5,Final Estimate,99999,Total,5,Maize,Food Grains,['Cereals'],1,3001,99999,5148.0,Kg/Ha,Yield
West Bengal,Jhargram,2023,2023-24,5,Final Estimate,99999,Total,5,Maize,Food Grains,['Cereals'],1,3001,99999,15374.07,Tonnes,Production
West Bengal,Jhargram,2022,2022-23,5,Final Estimate,99999,Total,5,Maize,Food Grains,['Cereals'],1,3001,99999,2322.0,Ha,Area
West Bengal,Jhargram,2022,2022-23,5,Final Estimate,99999,Total,5,Maize,Food Grains,['Cereals'],1,3001,99999,6894.0,Tonnes,Production
West Bengal,Jhargram,2022,2022-23,5,Final Estimate,99999,Total,5,Maize,Food Grains,['Cereals'],1,3001,99999,2969.0,Kg/Ha,Yield
West Bengal,Jhargram,2023,2023-24,5,Final Estimate,99999,Total,5,Maize,Food Grains,['Cereals'],1,3001,99999,2986.37,Ha,Area
West Bengal,Jhargram,2023,2023-24,5,Final Estimate,1,Kharif,6,Ragi,Food Grains,['Cereals'],1,3005,1,150.0,Ha,Area
West Bengal,Jhargram,2023,2023-24,5,Final Estimate,1,Kharif,6,Ragi,Food Grains,['Cereals'],1,3005,1,500.0,Kg/Ha,Yield
West Bengal,Jhargram,2023,2023-24,5,Final Estimate,1,Kharif,6,Ragi,Food Grains,['Cereals'],1,3005,1,74.99,Tonnes,Production
West Bengal,Jhargram,2023,2023-24,5,Final Estimate,99999,Total,6,Ragi,Food Grains,['Cereals'],1,3005,99999,500.0,Kg/Ha,Yield
West Bengal,Jhargram,2023,2023-24,5,Final Estimate,99999,Total,6,Ragi,Food Grains,['Cereals'],1,3005,99999,150.0,Ha,Area
West Bengal,Jhargram,2023,2023-24,5,Final Estimate,99999,Total,6,Ragi,Food Grains,['Cereals'],1,3005,99999,74.99,Tonnes,Production
West Bengal,Jhargram,2023,2023-24,5,Final Estimate,1,Kharif,3997,Shree Anna /Nutri Cereals,Food Grains,['Cereals'],1,3997,1,500.0,Kg/Ha,Yield
West Bengal,Jhargram,2023,2023-24,5,Final Estimate,1,Kharif,3997,Shree Anna /Nutri Cereals,Food Grains,['Cereals'],1,3997,1,74.99,Tonnes,Production
West Bengal,Jhargram,2023,2023-24,5,Final Estimate,1,Kharif,3997,Shree Anna /Nutri Cereals,Food Grains,['Cereals'],1,3997,1,150.0,Ha,Area
West Bengal,Jhargram,2023,2023-24,5,Final Estimate,99999,Total,3997,Shree Anna /Nutri Cereals,Food Grains,['Cereals'],1,3997,99999,74.99,Tonnes,Production
West Bengal,Jhargram,2023,2023-24,5,Final Estimate,99999,Total,3997,Shree Anna /Nutri Cereals,Food Grains,['Cereals'],1,3997,99999,500.0,Kg/Ha,Yield
West Bengal,Jhargram,2023,2023-24,5,Final Estimate,99999,Total,3997,Shree Anna /Nutri Cereals,Food Grains,['Cereals'],1,3997,99999,150.0,Ha,Area
West Bengal,Jhargram,2022,2022-23,5,Final Estimate,1,Kharif,3998,Nutri/Coarse Cereals,Food Grains,['Cereals'],1,3998,1,649.0,Ha,Area
West Bengal,Jhargram,2023,2023-24,5,Final Estimate,1,Kharif,3998,Nutri/Coarse Cereals,Food Grains,['Cereals'],1,3998,1,3418.0,Kg/Ha,Yield
West Bengal,Jhargram,2023,2023-24,5,Final Estimate,1,Kharif,3998,Nutri/Coarse Cereals,Food Grains,['Cereals'],1,3998,1,1568.72,Ha,Area
West Bengal,Jhargram,2022,2022-23,5,Final Estimate,1,Kharif,3998,Nutri/Coarse Cereals,Food Grains,['Cereals'],1,3998,1,2666.0,Kg/Ha,Yield
West Bengal,Jhargram,2023,2023-24,5,Final Estimate,1,Kharif,3998,Nutri/Coarse Cereals,Food Grains,['Cereals'],1,3998,1,5362.46,Tonnes,Production
West Bengal,Jhargram,2022,2022-23,5,Final Estimate,1,Kharif,3998,Nutri/Coarse Cereals,Food Grains,['Cereals'],1,3998,1,1730.0,Tonnes,Production
West Bengal,Jhargram,2023,2023-24,5,Final Estimate,2,Rabi,3998,Nutri/Coarse Cereals,Food Grains,['Cereals'],1,3998,2,7270.0,Kg/Ha,Yield
West Bengal,Jhargram,2023,2023-24,5,Final Estimate,2,Rabi,3998,Nutri/Coarse Cereals,Food Grains,['Cereals'],1,3998,2,5895.93,Tonnes,Production
West Bengal,Jhargram,2023,2023-24,5,Final Estimate,2,Rabi,3998,Nutri/Coarse Cereals,Food Grains,['Cereals'],1,3998,2,811.0,Ha,Area
West Bengal,Jhargram,2022,2022-23,5,Final Estimate,2,Rabi,3998,Nutri/Coarse Cereals,Food Grains,['Cereals'],1,3998,2,816.0,Ha,Area
West Bengal,Jhargram,2022,2022-23,5,Final Estimate,2,Rabi,3998,Nutri/Coarse Cereals,Food Grains,['Cereals'],1,3998,2,1533.0,Tonnes,Production
West Bengal,Jhargram,2022,2022-23,5,Final Estimate,2,Rabi,3998,Nutri/Coarse Cereals,Food Grains,['Cereals'],1,3998,2,1879.0,Kg/Ha,Yield
West Bengal,Jhargram,2022,2022-23,5,Final Estimate,3,Summer,3998,Nutri/Coarse Cereals,Food Grains,['Cereals'],1,3998,3,4237.0,Kg/Ha,Yield
West Bengal,Jhargram,2023,2023-24,5,Final Estimate,3,Summer,3998,Nutri/Coarse Cereals,Food Grains,['Cereals'],1,3998,3,5538.0,Kg/Ha,Yield
West Bengal,Jhargram,2022,2022-23,5,Final Estimate,3,Summer,3998,Nutri/Coarse Cereals,Food Grains,['Cereals'],1,3998,3,857.0,Ha,Area
West Bengal,Jhargram,2023,2023-24,5,Final Estimate,3,Summer,3998,Nutri/Coarse Cereals,Food Grains,['Cereals'],1,3998,3,756.65,Ha,Area
West Bengal,Jhargram,2023,2023-24,5,Final Estimate,3,Summer,3998,Nutri/Coarse Cereals,Food Grains,['Cereals'],1,3998,3,4190.66,Tonnes,Production
West Bengal,Jhargram,2022,2022-23,5,Final Estimate,3,Summer,3998,Nutri/Coarse Cereals,Food Grains,['Cereals'],1,3998,3,3631.0,Tonnes,Production
West Bengal,Jhargram,2023,2023-24,5,Final Estimate,99999,Total,3998,Nutri/Coarse Cereals,Food Grains,['Cereals'],1,3998,99999,15449.05,Tonnes,Production
West Bengal,Jhargram,2023,2023-24,5,Final Estimate,99999,Total,3998,Nutri/Coarse Cereals,Food Grains,['Cereals'],1,3998,99999,3136.37,Ha,Area
West Bengal,Jhargram,2022,2022-23,5,Final Estimate,99999,Total,3998,Nutri/Coarse Cereals,Food Grains,['Cereals'],1,3998,99999,2322.0,Ha,Area
West Bengal,Jhargram,2022,2022-23,5,Final Estimate,99999,Total,3998,Nutri/Coarse Cereals,Food Grains,['Cereals'],1,3998,99999,6894.0,Tonnes,Production
West Bengal,Jhargram,2023,2023-24,5,Final Estimate,99999,Total,3998,Nutri/Coarse Cereals,Food Grains,['Cereals'],1,3998,99999,4926.0,Kg/Ha,Yield
West Bengal,Jhargram,2022,2022-23,5,Final Estimate,99999,Total,3998,Nutri/Coarse Cereals,Food Grains,['Cereals'],1,3998,99999,2969.0,Kg/Ha,Yield
West Bengal,Jhargram,2023,2023-24,5,Final Estimate,1,Kharif,3999,Cereals,Food Grains,['Cereals'],1,3999,1,2796.0,Kg/Ha,Yield
West Bengal,Jhargram,2022,2022-23,5,Final Estimate,1,Kharif,3999,Cereals,Food Grains,['Cereals'],1,3999,1,12427.0,Ha,Area
West Bengal,Jhargram,2022,2022-23,5,Final Estimate,1,Kharif,3999,Cereals,Food Grains,['Cereals'],1,3999,1,31061.0,Tonnes,Production
West Bengal,Jhargram,2023,2023-24,5,Final Estimate,1,Kharif,3999,Cereals,Food Grains,['Cereals'],1,3999,1,409031.57,Tonnes,Production
West Bengal,Jhargram,2023,2023-24,5,Final Estimate,1,Kharif,3999,Cereals,Food Grains,['Cereals'],1,3999,1,146301.93,Ha,Area
West Bengal,Jhargram,2022,2022-23,5,Final Estimate,1,Kharif,3999,Cereals,Food Grains,['Cereals'],1,3999,1,2499.0,Kg/Ha,Yield
West Bengal,Jhargram,2023,2023-24,5,Final Estimate,2,Rabi,3999,Cereals,Food Grains,['Cereals'],1,3999,2,5895.93,Tonnes,Production
West Bengal,Jhargram,2023,2023-24,5,Final Estimate,2,Rabi,3999,Cereals,Food Grains,['Cereals'],1,3999,2,7270.0,Kg/Ha,Yield
West Bengal,Jhargram,2022,2022-23,5,Final Estimate,2,Rabi,3999,Cereals,Food Grains,['Cereals'],1,3999,2,2793.0,Kg/Ha,Yield
West Bengal,Jhargram,2022,2022-23,5,Final Estimate,2,Rabi,3999,Cereals,Food Grains,['Cereals'],1,3999,2,140228.0,Ha,Area
West Bengal,Jhargram,2022,2022-23,5,Final Estimate,2,Rabi,3999,Cereals,Food Grains,['Cereals'],1,3999,2,391704.0,Tonnes,Production
West Bengal,Jhargram,2023,2023-24,5,Final Estimate,2,Rabi,3999,Cereals,Food Grains,['Cereals'],1,3999,2,811.0,Ha,Area
West Bengal,Jhargram,2022,2022-23,5,Final Estimate,3,Summer,3999,Cereals,Food Grains,['Cereals'],1,3999,3,27733.0,Ha,Area
West Bengal,Jhargram,2022,2022-23,5,Final Estimate,3,Summer,3999,Cereals,Food Grains,['Cereals'],1,3999,3,3205.0,Kg/Ha,Yield
West Bengal,Jhargram,2023,2023-24,5,Final Estimate,3,Summer,3999,Cereals,Food Grains,['Cereals'],1,3999,3,95544.41,Tonnes,Production
West Bengal,Jhargram,2023,2023-24,5,Final Estimate,3,Summer,3999,Cereals,Food Grains,['Cereals'],1,3999,3,30231.33,Ha,Area
West Bengal,Jhargram,2023,2023-24,5,Final Estimate,3,Summer,3999,Cereals,Food Grains,['Cereals'],1,3999,3,3160.0,Kg/Ha,Yield
West Bengal,Jhargram,2022,2022-23,5,Final Estimate,3,Summer,3999,Cereals,Food Grains,['Cereals'],1,3999,3,88879.0,Tonnes,Production
West Bengal,Jhargram,2023,2023-24,5,Final Estimate,99999,Total,3999,Cereals,Food Grains,['Cereals'],1,3999,99999,2878.0,Kg/Ha,Yield
West Bengal,Jhargram,2023,2023-24,5,Final Estimate,99999,Total,3999,Cereals,Food Grains,['Cereals'],1,3999,99999,510471.91,Tonnes,Production
West Bengal,Jhargram,2022,2022-23,5,Final Estimate,99999,Total,3999,Cereals,Food Grains,['Cereals'],1,3999,99999,2836.0,Kg/Ha,Yield
West Bengal,Jhargram,2022,2022-23,5,Final Estimate,99999,Total,3999,Cereals,Food Grains,['Cereals'],1,3999,99999,180388.0,Ha,Area
West Bengal,Jhargram,2022,2022-23,5,Final Estimate,99999,Total,3999,Cereals,Food Grains,['Cereals'],1,3999,99999,511644.0,Tonnes,Production
West Bengal,Jhargram,2023,2023-24,5,Final Estimate,99999,Total,3999,Cereals,Food Grains,['Cereals'],1,3999,99999,177344.27,Ha,Area
West Bengal,Jhargram,2023,2023-24,5,Final Estimate,1,Kharif,9,Tur,Food Grains,['Pulses'],2,4001,1,1336.0,Kg/Ha,Yield
West Bengal,Jhargram,2023,2023-24,5,Final Estimate,1,Kharif,9,Tur,Food Grains,['Pulses'],2,4001,1,118.0,Ha,Area
West Bengal,Jhargram,2023,2023-24,5,Final Estimate,1,Kharif,9,Tur,Food Grains,['Pulses'],2,4001,1,157.7,Tonnes,Production
West Bengal,Jhargram,2022,2022-23,5,Final Estimate,2,Rabi,9,Tur,Food Grains,['Pulses'],2,4001,2,103.0,Ha,Area
West Bengal,Jhargram,2022,2022-23,5,Final Estimate,2,Rabi,9,Tur,Food Grains,['Pulses'],2,4001,2,1272.0,Kg/Ha,Yield
West Bengal,Jhargram,2022,2022-23,5,Final Estimate,2,Rabi,9,Tur,Food Grains,['Pulses'],2,4001,2,131.0,Tonnes,Production
West Bengal,Jhargram,2022,2022-23,5,Final Estimate,99999,Total,9,Tur,Food Grains,['Pulses'],2,4001,99999,131.0,Tonnes,Production
West Bengal,Jhargram,2022,2022-23,5,Final Estimate,99999,Total,9,Tur,Food Grains,['Pulses'],2,4001,99999,1272.0,Kg/Ha,Yield
West Bengal,Jhargram,2023,2023-24,5,Final Estimate,99999,Total,9,Tur,Food Grains,['Pulses'],2,4001,99999,118.0,Ha,Area
West Bengal,Jhargram,2023,2023-24,5,Final Estimate,99999,Total,9,Tur,Food Grains,['Pulses'],2,4001,99999,157.7,Tonnes,Production
West Bengal,Jhargram,2023,2023-24,5,Final Estimate,99999,Total,9,Tur,Food Grains,['Pulses'],2,4001,99999,1336.0,Kg/Ha,Yield
West Bengal,Jhargram,2022,2022-23,5,Final Estimate,99999,Total,9,Tur,Food Grains,['Pulses'],2,4001,99999,103.0,Ha,Area
West Bengal,Jhargram,2023,2023-24,5,Final Estimate,2,Rabi,10,Gram,Food Grains,['Pulses'],2,4002,2,313.0,Ha,Area
West Bengal,Jhargram,2023,2023-24,5,Final Estimate,2,Rabi,10,Gram,Food Grains,['Pulses'],2,4002,2,1228.0,Kg/Ha,Yield
West Bengal,Jhargram,2022,2022-23,5,Final Estimate,2,Rabi,10,Gram,Food Grains,['Pulses'],2,4002,2,1468.0,Kg/Ha,Yield
West Bengal,Jhargram,2022,2022-23,5,Final Estimate,2,Rabi,10,Gram,Food Grains,['Pulses'],2,4002,2,552.0,Tonnes,Production
West Bengal,Jhargram,2022,2022-23,5,Final Estimate,2,Rabi,10,Gram,Food Grains,['Pulses'],2,4002,2,376.0,Ha,Area
West Bengal,Jhargram,2023,2023-24,5,Final Estimate,2,Rabi,10,Gram,Food Grains,['Pulses'],2,4002,2,384.23,Tonnes,Production
West Bengal,Jhargram,2023,2023-24,5,Final Estimate,99999,Total,10,Gram,Food Grains,['Pulses'],2,4002,99999,1228.0,Kg/Ha,Yield
West Bengal,Jhargram,2023,2023-24,5,Final Estimate,99999,Total,10,Gram,Food Grains,['Pulses'],2,4002,99999,313.0,Ha,Area
West Bengal,Jhargram,2022,2022-23,5,Final Estimate,99999,Total,10,Gram,Food Grains,['Pulses'],2,4002,99999,1468.0,Kg/Ha,Yield
West Bengal,Jhargram,2022,2022-23,5,Final Estimate,99999,Total,10,Gram,Food Grains,['Pulses'],2,4002,99999,552.0,Tonnes,Production
West Bengal,Jhargram,2022,2022-23,5,Final Estimate,99999,Total,10,Gram,Food Grains,['Pulses'],2,4002,99999,376.0,Ha,Area
West Bengal,Jhargram,2023,2023-24,5,Final Estimate,99999,Total,10,Gram,Food Grains,['Pulses'],2,4002,99999,384.23,Tonnes,Production
West Bengal,Jhargram,2022,2022-23,5,Final Estimate,1,Kharif,11,Urad,Food Grains,['Pulses'],2,4003,1,479.0,Kg/Ha,Yield
West Bengal,Jhargram,2023,2023-24,5,Final Estimate,1,Kharif,11,Urad,Food Grains,['Pulses'],2,4003,1,141.74,Tonnes,Production
West Bengal,Jhargram,2023,2023-24,5,Final Estimate,1,Kharif,11,Urad,Food Grains,['Pulses'],2,4003,1,280.0,Ha,Area
West Bengal,Jhargram,2023,2023-24,5,Final Estimate,1,Kharif,11,Urad,Food Grains,['Pulses'],2,4003,1,506.0,Kg/Ha,Yield
West Bengal,Jhargram,2022,2022-23,5,Final Estimate,1,Kharif,11,Urad,Food Grains,['Pulses'],2,4003,1,140.0,Tonnes,Production
West Bengal,Jhargram,2022,2022-23,5,Final Estimate,1,Kharif,11,Urad,Food Grains,['Pulses'],2,4003,1,292.0,Ha,Area
West Bengal,Jhargram,2023,2023-24,5,Final Estimate,2,Rabi,11,Urad,Food Grains,['Pulses'],2,4003,2,730.0,Kg/Ha,Yield
West Bengal,Jhargram,2022,2022-23,5,Final Estimate,2,Rabi,11,Urad,Food Grains,['Pulses'],2,4003,2,445.0,Tonnes,Production
West Bengal,Jhargram,2022,2022-23,5,Final Estimate,2,Rabi,11,Urad,Food Grains,['Pulses'],2,4003,2,585.0,Ha,Area
West Bengal,Jhargram,2022,2022-23,5,Final Estimate,2,Rabi,11,Urad,Food Grains,['Pulses'],2,4003,2,761.0,Kg/Ha,Yield
West Bengal,Jhargram,2023,2023-24,5,Final Estimate,2,Rabi,11,Urad,Food Grains,['Pulses'],2,4003,2,431.35,Tonnes,Production
West Bengal,Jhargram,2023,2023-24,5,Final Estimate,2,Rabi,11,Urad,Food Grains,['Pulses'],2,4003,2,591.0,Ha,Area
West Bengal,Jhargram,2022,2022-23,5,Final Estimate,99999,Total,11,Urad,Food Grains,['Pulses'],2,4003,99999,667.0,Kg/Ha,Yield
West Bengal,Jhargram,2023,2023-24,5,Final Estimate,99999,Total,11,Urad,Food Grains,['Pulses'],2,4003,99999,658.0,Kg/Ha,Yield
West Bengal,Jhargram,2023,2023-24,5,Final Estimate,99999,Total,11,Urad,Food Grains,['Pulses'],2,4003,99999,573.09,Tonnes,Production
West Bengal,Jhargram,2022,2022-23,5,Final Estimate,99999,Total,11,Urad,Food Grains,['Pulses'],2,4003,99999,585.0,Tonnes,Production
West Bengal,Jhargram,2023,2023-24,5,Final Estimate,99999,Total,11,Urad,Food Grains,['Pulses'],2,4003,99999,871.0,Ha,Area
West Bengal,Jhargram,2022,2022-23,5,Final Estimate,99999,Total,11,Urad,Food Grains,['Pulses'],2,4003,99999,877.0,Ha,Area
West Bengal,Jhargram,2023,2023-24,5,Final Estimate,1,Kharif,12,Moong,Food Grains,['Pulses'],2,4004,1,5.95,Tonnes,Production
West Bengal,Jhargram,2023,2023-24,5,Final Estimate,1,Kharif,12,Moong,Food Grains,['Pulses'],2,4004,1,850.0,Kg/Ha,Yield
West Bengal,Jhargram,2023,2023-24,5,Final Estimate,1,Kharif,12,Moong,Food Grains,['Pulses'],2,4004,1,7.0,Ha,Area
West Bengal,Jhargram,2023,2023-24,5,Final Estimate,2,Rabi,12,Moong,Food Grains,['Pulses'],2,4004,2,411.11,Tonnes,Production
West Bengal,Jhargram,2022,2022-23,5,Final Estimate,2,Rabi,12,Moong,Food Grains,['Pulses'],2,4004,2,442.0,Tonnes,Production
West Bengal,Jhargram,2023,2023-24,5,Final Estimate,2,Rabi,12,Moong,Food Grains,['Pulses'],2,4004,2,514.0,Ha,Area
West Bengal,Jhargram,2023,2023-24,5,Final Estimate,2,Rabi,12,Moong,Food Grains,['Pulses'],2,4004,2,800.0,Kg/Ha,Yield
West Bengal,Jhargram,2022,2022-23,5,Final Estimate,2,Rabi,12,Moong,Food Grains,['Pulses'],2,4004,2,850.0,Kg/Ha,Yield
West Bengal,Jhargram,2022,2022-23,5,Final Estimate,2,Rabi,12,Moong,Food Grains,['Pulses'],2,4004,2,520.0,Ha,Area
West Bengal,Jhargram,2022,2022-23,5,Final Estimate,3,Summer,12,Moong,Food Grains,['Pulses'],2,4004,3,1656.0,Ha,Area
West Bengal,Jhargram,2023,2023-24,5,Final Estimate,3,Summer,12,Moong,Food Grains,['Pulses'],2,4004,3,1513.0,Ha,Area
West Bengal,Jhargram,2023,2023-24,5,Final Estimate,3,Summer,12,Moong,Food Grains,['Pulses'],2,4004,3,776.22,Tonnes,Production
West Bengal,Jhargram,2023,2023-24,5,Final Estimate,3,Summer,12,Moong,Food Grains,['Pulses'],2,4004,3,513.0,Kg/Ha,Yield
West Bengal,Jhargram,2022,2022-23,5,Final Estimate,3,Summer,12,Moong,Food Grains,['Pulses'],2,4004,3,520.0,Kg/Ha,Yield
West Bengal,Jhargram,2022,2022-23,5,Final Estimate,3,Summer,12,Moong,Food Grains,['Pulses'],2,4004,3,861.0,Tonnes,Production
West Bengal,Jhargram,2022,2022-23,5,Final Estimate,99999,Total,12,Moong,Food Grains,['Pulses'],2,4004,99999,599.0,Kg/Ha,Yield
West Bengal,Jhargram,2023,2023-24,5,Final Estimate,99999,Total,12,Moong,Food Grains,['Pulses'],2,4004,99999,2034.0,Ha,Area
West Bengal,Jhargram,2023,2023-24,5,Final Estimate,99999,Total,12,Moong,Food Grains,['Pulses'],2,4004,99999,1193.28,Tonnes,Production
West Bengal,Jhargram,2023,2023-24,5,Final Estimate,99999,Total,12,Moong,Food Grains,['Pulses'],2,4004,99999,587.0,Kg/Ha,Yield
West Bengal,Jhargram,2022,2022-23,5,Final Estimate,99999,Total,12,Moong,Food Grains,['Pulses'],2,4004,99999,1303.0,Tonnes,Production
West Bengal,Jhargram,2022,2022-23,5,Final Estimate,99999,Total,12,Moong,Food Grains,['Pulses'],2,4004,99999,2176.0,Ha,Area
West Bengal,Jhargram,2023,2023-24,5,Final Estimate,2,Rabi,13,Lentil,Food Grains,['Pulses'],2,4005,2,1497.0,Kg/Ha,Yield
West Bengal,Jhargram,2023,2023-24,5,Final Estimate,2,Rabi,13,Lentil,Food Grains,['Pulses'],2,4005,2,2221.0,Ha,Area
West Bengal,Jhargram,2023,2023-24,5,Final Estimate,2,Rabi,13,Lentil,Food Grains,['Pulses'],2,4005,2,3324.01,Tonnes,Production
West Bengal,Jhargram,2022,2022-23,5,Final Estimate,2,Rabi,13,Lentil,Food Grains,['Pulses'],2,4005,2,3959.0,Tonnes,Production
West Bengal,Jhargram,2022,2022-23,5,Final Estimate,2,Rabi,13,Lentil,Food Grains,['Pulses'],2,4005,2,2159.0,Ha,Area
West Bengal,Jhargram,2022,2022-23,5,Final Estimate,2,Rabi,13,Lentil,Food Grains,['Pulses'],2,4005,2,1834.0,Kg/Ha,Yield
West Bengal,Jhargram,2023,2023-24,5,Final Estimate,99999,Total,13,Lentil,Food Grains,['Pulses'],2,4005,99999,2221.0,Ha,Area
West Bengal,Jhargram,2023,2023-24,5,Final Estimate,99999,Total,13,Lentil,Food Grains,['Pulses'],2,4005,99999,1497.0,Kg/Ha,Yield
West Bengal,Jhargram,2022,2022-23,5,Final Estimate,99999,Total,13,Lentil,Food Grains,['Pulses'],2,4005,99999,3959.0,Tonnes,Production
West Bengal,Jhargram,2022,2022-23,5,Final Estimate,99999,Total,13,Lentil,Food Grains,['Pulses'],2,4005,99999,2159.0,Ha,Area
West Bengal,Jhargram,2022,2022-23,5,Final Estimate,99999,Total,13,Lentil,Food Grains,['Pulses'],2,4005,99999,1834.0,Kg/Ha,Yield
West Bengal,Jhargram,2023,2023-24,5,Final Estimate,99999,Total,13,Lentil,Food Grains,['Pulses'],2,4005,99999,3324.01,Tonnes,Production
West Bengal,Jhargram,2023,2023-24,5,Final Estimate,2,Rabi,14,Other Pulses,Food Grains,['Pulses'],2,4006,2,1066.0,Kg/Ha,Yield
West Bengal,Jhargram,2023,2023-24,5,Final Estimate,2,Rabi,14,Other Pulses,Food Grains,['Pulses'],2,4006,2,2068.0,Ha,Area
West Bengal,Jhargram,2023,2023-24,5,Final Estimate,2,Rabi,14,Other Pulses,Food Grains,['Pulses'],2,4006,2,2204.87,Tonnes,Production
West Bengal,Jhargram,2022,2022-23,5,Final Estimate,2,Rabi,14,Other Pulses,Food Grains,['Pulses'],2,4006,2,1324.0,Kg/Ha,Yield
West Bengal,Jhargram,2022,2022-23,5,Final Estimate,2,Rabi,14,Other Pulses,Food Grains,['Pulses'],2,4006,2,2220.0,Ha,Area
West Bengal,Jhargram,2022,2022-23,5,Final Estimate,2,Rabi,14,Other Pulses,Food Grains,['Pulses'],2,4006,2,2939.0,Tonnes,Production
West Bengal,Jhargram,2022,2022-23,5,Final Estimate,99999,Total,14,Other Pulses,Food Grains,['Pulses'],2,4006,99999,2220.0,Ha,Area
West Bengal,Jhargram,2022,2022-23,5,Final Estimate,99999,Total,14,Other Pulses,Food Grains,['Pulses'],2,4006,99999,1324.0,Kg/Ha,Yield
West Bengal,Jhargram,2023,2023-24,5,Final Estimate,99999,Total,14,Other Pulses,Food Grains,['Pulses'],2,4006,99999,2068.0,Ha,Area
West Bengal,Jhargram,2023,2023-24,5,Final Estimate,99999,Total,14,Other Pulses,Food Grains,['Pulses'],2,4006,99999,2204.87,Tonnes,Production
West Bengal,Jhargram,2023,2023-24,5,Final Estimate,99999,Total,14,Other Pulses,Food Grains,['Pulses'],2,4006,99999,1066.0,Kg/Ha,Yield
West Bengal,Jhargram,2022,2022-23,5,Final Estimate,99999,Total,14,Other Pulses,Food Grains,['Pulses'],2,4006,99999,2939.0,Tonnes,Production
West Bengal,Jhargram,2023,2023-24,5,Final Estimate,99999,Total,4998,Total Pulses,Food Grains,['Pulses'],2,4998,99999,7625.0,Ha,Area
West Bengal,Jhargram,2022,2022-23,5,Final Estimate,99999,Total,4998,Total Pulses,Food Grains,['Pulses'],2,4998,99999,7911.0,Ha,Area
West Bengal,Jhargram,2022,2022-23,5,Final Estimate,99999,Total,4998,Total Pulses,Food Grains,['Pulses'],2,4998,99999,1197.0,Kg/Ha,Yield
West Bengal,Jhargram,2023,2023-24,5,Final Estimate,99999,Total,4998,Total Pulses,Food Grains,['Pulses'],2,4998,99999,1028.0,Kg/Ha,Yield
West Bengal,Jhargram,2022,2022-23,5,Final Estimate,99999,Total,4998,Total Pulses,Food Grains,['Pulses'],2,4998,99999,9469.0,Tonnes,Production
West Bengal,Jhargram,2023,2023-24,5,Final Estimate,99999,Total,4998,Total Pulses,Food Grains,['Pulses'],2,4998,99999,7837.18,Tonnes,Production
West Bengal,Jhargram,2023,2023-24,5,Final Estimate,1,Kharif,4999,Total Food Grains,Food Grains,"['Cereals', 'Pulses']",2,4999,1,409336.95,Tonnes,Production
West Bengal,Jhargram,2022,2022-23,5,Final Estimate,1,Kharif,4999,Total Food Grains,Food Grains,"['Cereals', 'Pulses']",2,4999,1,12719.0,Ha,Area
West Bengal,Jhargram,2022,2022-23,5,Final Estimate,1,Kharif,4999,Total Food Grains,Food Grains,"['Cereals', 'Pulses']",2,4999,1,2453.0,Kg/Ha,Yield
West Bengal,Jhargram,2023,2023-24,5,Final Estimate,1,Kharif,4999,Total Food Grains,Food Grains,"['Cereals', 'Pulses']",2,4999,1,2790.0,Kg/Ha,Yield
West Bengal,Jhargram,2022,2022-23,5,Final Estimate,1,Kharif,4999,Total Food Grains,Food Grains,"['Cereals', 'Pulses']",2,4999,1,31201.0,Tonnes,Production
West Bengal,Jhargram,2023,2023-24,5,Final Estimate,1,Kharif,4999,Total Food Grains,Food Grains,"['Cereals', 'Pulses']",2,4999,1,146706.93,Ha,Area
West Bengal,Jhargram,2023,2023-24,5,Final Estimate,2,Rabi,4999,Total Food Grains,Food Grains,"['Cereals', 'Pulses']",2,4999,2,1941.0,Kg/Ha,Yield
West Bengal,Jhargram,2023,2023-24,5,Final Estimate,2,Rabi,4999,Total Food Grains,Food Grains,"['Cereals', 'Pulses']",2,4999,2,12651.51,Tonnes,Production
West Bengal,Jhargram,2022,2022-23,5,Final Estimate,2,Rabi,4999,Total Food Grains,Food Grains,"['Cereals', 'Pulses']",2,4999,2,2737.0,Kg/Ha,Yield
West Bengal,Jhargram,2022,2022-23,5,Final Estimate,2,Rabi,4999,Total Food Grains,Food Grains,"['Cereals', 'Pulses']",2,4999,2,146191.0,Ha,Area
West Bengal,Jhargram,2022,2022-23,5,Final Estimate,2,Rabi,4999,Total Food Grains,Food Grains,"['Cereals', 'Pulses']",2,4999,2,400172.0,Tonnes,Production
West Bengal,Jhargram,2023,2023-24,5,Final Estimate,2,Rabi,4999,Total Food Grains,Food Grains,"['Cereals', 'Pulses']",2,4999,2,6518.0,Ha,Area
West Bengal,Jhargram,2022,2022-23,5,Final Estimate,3,Summer,4999,Total Food Grains,Food Grains,"['Cereals', 'Pulses']",2,4999,3,29389.0,Ha,Area
West Bengal,Jhargram,2023,2023-24,5,Final Estimate,3,Summer,4999,Total Food Grains,Food Grains,"['Cereals', 'Pulses']",2,4999,3,96320.63,Tonnes,Production
West Bengal,Jhargram,2023,2023-24,5,Final Estimate,3,Summer,4999,Total Food Grains,Food Grains,"['Cereals', 'Pulses']",2,4999,3,31744.33,Ha,Area
West Bengal,Jhargram,2023,2023-24,5,Final Estimate,3,Summer,4999,Total Food Grains,Food Grains,"['Cereals', 'Pulses']",2,4999,3,3034.0,Kg/Ha,Yield
West Bengal,Jhargram,2022,2022-23,5,Final Estimate,3,Summer,4999,Total Food Grains,Food Grains,"['Cereals', 'Pulses']",2,4999,3,89740.0,Tonnes,Production
West Bengal,Jhargram,2022,2022-23,5,Final Estimate,3,Summer,4999,Total Food Grains,Food Grains,"['Cereals', 'Pulses']",2,4999,3,3054.0,Kg/Ha,Yield
West Bengal,Jhargram,2022,2022-23,5,Final Estimate,99999,Total,4999,Total Food Grains,Food Grains,"['Cereals', 'Pulses']",2,4999,99999,2767.0,Kg/Ha,Yield
West Bengal,Jhargram,2022,2022-23,5,Final Estimate,99999,Total,4999,Total Food Grains,Food Grains,"['Cereals', 'Pulses']",2,4999,99999,521113.0,Tonnes,Production
West Bengal,Jhargram,2023,2023-24,5,Final Estimate,99999,Total,4999,Total Food Grains,Food Grains,"['Cereals', 'Pulses']",2,4999,99999,2802.0,Kg/Ha,Yield
West Bengal,Jhargram,2023,2023-24,5,Final Estimate,99999,Total,4999,Total Food Grains,Food Grains,"['Cereals', 'Pulses']",2,4999,99999,184969.27,Ha,Area
West Bengal,Jhargram,2023,2023-24,5,Final Estimate,99999,Total,4999,Total Food Grains,Food Grains,"['Cereals', 'Pulses']",2,4999,99999,518309.09,Tonnes,Production
West Bengal,Jhargram,2022,2022-23,5,Final Estimate,99999,Total,4999,Total Food Grains,Food Grains,"['Cereals', 'Pulses']",2,4999,99999,188299.0,Ha,Area
West Bengal,Jhargram,2023,2023-24,5,Final Estimate,1,Kharif,15,Groundnut,Oilseeds,['Oil Seeds'],3,1,1,2100.0,Kg/Ha,Yield
West Bengal,Jhargram,2023,2023-24,5,Final Estimate,1,Kharif,15,Groundnut,Oilseeds,['Oil Seeds'],3,1,1,600.0,Ha,Area
West Bengal,Jhargram,2023,2023-24,5,Final Estimate,1,Kharif,15,Groundnut,Oilseeds,['Oil Seeds'],3,1,1,1259.73,Tonnes,Production
West Bengal,Jhargram,2023,2023-24,5,Final Estimate,2,Rabi,15,Groundnut,Oilseeds,['Oil Seeds'],3,1,2,2200.0,Kg/Ha,Yield
West Bengal,Jhargram,2023,2023-24,5,Final Estimate,2,Rabi,15,Groundnut,Oilseeds,['Oil Seeds'],3,1,2,2200.19,Tonnes,Production
West Bengal,Jhargram,2022,2022-23,5,Final Estimate,2,Rabi,15,Groundnut,Oilseeds,['Oil Seeds'],3,1,2,3072.0,Tonnes,Production
West Bengal,Jhargram,2022,2022-23,5,Final Estimate,2,Rabi,15,Groundnut,Oilseeds,['Oil Seeds'],3,1,2,2210.0,Kg/Ha,Yield
West Bengal,Jhargram,2022,2022-23,5,Final Estimate,2,Rabi,15,Groundnut,Oilseeds,['Oil Seeds'],3,1,2,1390.0,Ha,Area
West Bengal,Jhargram,2023,2023-24,5,Final Estimate,2,Rabi,15,Groundnut,Oilseeds,['Oil Seeds'],3,1,2,1000.0,Ha,Area
West Bengal,Jhargram,2023,2023-24,5,Final Estimate,3,Summer,15,Groundnut,Oilseeds,['Oil Seeds'],3,1,3,2533.69,Ha,Area
West Bengal,Jhargram,2023,2023-24,5,Final Estimate,3,Summer,15,Groundnut,Oilseeds,['Oil Seeds'],3,1,3,4187.36,Tonnes,Production
West Bengal,Jhargram,2022,2022-23,5,Final Estimate,3,Summer,15,Groundnut,Oilseeds,['Oil Seeds'],3,1,3,5138.0,Tonnes,Production
West Bengal,Jhargram,2022,2022-23,5,Final Estimate,3,Summer,15,Groundnut,Oilseeds,['Oil Seeds'],3,1,3,3115.0,Ha,Area
West Bengal,Jhargram,2022,2022-23,5,Final Estimate,3,Summer,15,Groundnut,Oilseeds,['Oil Seeds'],3,1,3,1649.0,Kg/Ha,Yield
West Bengal,Jhargram,2023,2023-24,5,Final Estimate,3,Summer,15,Groundnut,Oilseeds,['Oil Seeds'],3,1,3,1653.0,Kg/Ha,Yield
West Bengal,Jhargram,2023,2023-24,5,Final Estimate,99999,Total,15,Groundnut,Oilseeds,['Oil Seeds'],3,1,99999,7647.29,Tonnes,Production
West Bengal,Jhargram,2022,2022-23,5,Final Estimate,99999,Total,15,Groundnut,Oilseeds,['Oil Seeds'],3,1,99999,1822.0,Kg/Ha,Yield
West Bengal,Jhargram,2022,2022-23,5,Final Estimate,99999,Total,15,Groundnut,Oilseeds,['Oil Seeds'],3,1,99999,4505.0,Ha,Area
West Bengal,Jhargram,2022,2022-23,5,Final Estimate,99999,Total,15,Groundnut,Oilseeds,['Oil Seeds'],3,1,99999,8210.0,Tonnes,Production
West Bengal,Jhargram,2023,2023-24,5,Final Estimate,99999,Total,15,Groundnut,Oilseeds,['Oil Seeds'],3,1,99999,1850.0,Kg/Ha,Yield
West Bengal,Jhargram,2023,2023-24,5,Final Estimate,99999,Total,15,Groundnut,Oilseeds,['Oil Seeds'],3,1,99999,4133.69,Ha,Area
West Bengal,Jhargram,2023,2023-24,5,Final Estimate,1,Kharif,17,Sesamum,Oilseeds,['Oil Seeds'],3,3,1,811.0,Kg/Ha,Yield
West Bengal,Jhargram,2023,2023-24,5,Final Estimate,1,Kharif,17,Sesamum,Oilseeds,['Oil Seeds'],3,3,1,1.62,Tonnes,Production
West Bengal,Jhargram,2023,2023-24,5,Final Estimate,1,Kharif,17,Sesamum,Oilseeds,['Oil Seeds'],3,3,1,2.0,Ha,Area
West Bengal,Jhargram,2023,2023-24,5,Final Estimate,3,Summer,17,Sesamum,Oilseeds,['Oil Seeds'],3,3,3,7356.0,Ha,Area
West Bengal,Jhargram,2022,2022-23,5,Final Estimate,3,Summer,17,Sesamum,Oilseeds,['Oil Seeds'],3,3,3,929.0,Kg/Ha,Yield
West Bengal,Jhargram,2022,2022-23,5,Final Estimate,3,Summer,17,Sesamum,Oilseeds,['Oil Seeds'],3,3,3,6722.0,Tonnes,Production
West Bengal,Jhargram,2022,2022-23,5,Final Estimate,3,Summer,17,Sesamum,Oilseeds,['Oil Seeds'],3,3,3,7235.0,Ha,Area
West Bengal,Jhargram,2023,2023-24,5,Final Estimate,3,Summer,17,Sesamum,Oilseeds,['Oil Seeds'],3,3,3,1049.0,Kg/Ha,Yield
West Bengal,Jhargram,2023,2023-24,5,Final Estimate,3,Summer,17,Sesamum,Oilseeds,['Oil Seeds'],3,3,3,7713.75,Tonnes,Production
West Bengal,Jhargram,2022,2022-23,5,Final Estimate,99999,Total,17,Sesamum,Oilseeds,['Oil Seeds'],3,3,99999,6722.0,Tonnes,Production
West Bengal,Jhargram,2023,2023-24,5,Final Estimate,99999,Total,17,Sesamum,Oilseeds,['Oil Seeds'],3,3,99999,1049.0,Kg/Ha,Yield
West Bengal,Jhargram,2023,2023-24,5,Final Estimate,99999,Total,17,Sesamum,Oilseeds,['Oil Seeds'],3,3,99999,7715.38,Tonnes,Production
West Bengal,Jhargram,2023,2023-24,5,Final Estimate,99999,Total,17,Sesamum,Oilseeds,['Oil Seeds'],3,3,99999,7358.0,Ha,Area
West Bengal,Jhargram,2022,2022-23,5,Final Estimate,99999,Total,17,Sesamum,Oilseeds,['Oil Seeds'],3,3,99999,7235.0,Ha,Area
West Bengal,Jhargram,2022,2022-23,5,Final Estimate,99999,Total,17,Sesamum,Oilseeds,['Oil Seeds'],3,3,99999,929.0,Kg/Ha,Yield
West Bengal,Jhargram,2022,2022-23,5,Final Estimate,1,Kharif,20,Sunflower,Oilseeds,['Oil Seeds'],3,6,1,318.0,Ha,Area
West Bengal,Jhargram,2022,2022-23,5,Final Estimate,1,Kharif,20,Sunflower,Oilseeds,['Oil Seeds'],3,6,1,507.0,Tonnes,Production
West Bengal,Jhargram,2022,2022-23,5,Final Estimate,1,Kharif,20,Sunflower,Oilseeds,['Oil Seeds'],3,6,1,1594.0,Kg/Ha,Yield
West Bengal,Jhargram,2023,2023-24,5,Final Estimate,3,Summer,20,Sunflower,Oilseeds,['Oil Seeds'],3,6,3,170.0,Ha,Area
West Bengal,Jhargram,2023,2023-24,5,Final Estimate,3,Summer,20,Sunflower,Oilseeds,['Oil Seeds'],3,6,3,1549.0,Kg/Ha,Yield
West Bengal,Jhargram,2023,2023-24,5,Final Estimate,3,Summer,20,Sunflower,Oilseeds,['Oil Seeds'],3,6,3,263.37,Tonnes,Production
West Bengal,Jhargram,2023,2023-24,5,Final Estimate,99999,Total,20,Sunflower,Oilseeds,['Oil Seeds'],3,6,99999,263.37,Tonnes,Production
West Bengal,Jhargram,2022,2022-23,5,Final Estimate,99999,Total,20,Sunflower,Oilseeds,['Oil Seeds'],3,6,99999,507.0,Tonnes,Production
West Bengal,Jhargram,2023,2023-24,5,Final Estimate,99999,Total,20,Sunflower,Oilseeds,['Oil Seeds'],3,6,99999,1549.0,Kg/Ha,Yield
West Bengal,Jhargram,2022,2022-23,5,Final Estimate,99999,Total,20,Sunflower,Oilseeds,['Oil Seeds'],3,6,99999,318.0,Ha,Area
West Bengal,Jhargram,2023,2023-24,5,Final Estimate,99999,Total,20,Sunflower,Oilseeds,['Oil Seeds'],3,6,99999,170.0,Ha,Area
West Bengal,Jhargram,2022,2022-23,5,Final Estimate,99999,Total,20,Sunflower,Oilseeds,['Oil Seeds'],3,6,99999,1594.0,Kg/Ha,Yield
West Bengal,Jhargram,2022,2022-23,5,Final Estimate,2,Rabi,21,Rapeseed & Mustard,Oilseeds,['Oil Seeds'],3,7,2,5829.0,Tonnes,Production
West Bengal,Jhargram,2023,2023-24,5,Final Estimate,2,Rabi,21,Rapeseed & Mustard,Oilseeds,['Oil Seeds'],3,7,2,6561.68,Tonnes,Production
West Bengal,Jhargram,2023,2023-24,5,Final Estimate,2,Rabi,21,Rapeseed & Mustard,Oilseeds,['Oil Seeds'],3,7,2,6145.0,Ha,Area
West Bengal,Jhargram,2023,2023-24,5,Final Estimate,2,Rabi,21,Rapeseed & Mustard,Oilseeds,['Oil Seeds'],3,7,2,1068.0,Kg/Ha,Yield
West Bengal,Jhargram,2022,2022-23,5,Final Estimate,2,Rabi,21,Rapeseed & Mustard,Oilseeds,['Oil Seeds'],3,7,2,6135.0,Ha,Area
West Bengal,Jhargram,2022,2022-23,5,Final Estimate,2,Rabi,21,Rapeseed & Mustard,Oilseeds,['Oil Seeds'],3,7,2,950.0,Kg/Ha,Yield
West Bengal,Jhargram,2023,2023-24,5,Final Estimate,99999,Total,21,Rapeseed & Mustard,Oilseeds,['Oil Seeds'],3,7,99999,6145.0,Ha,Area
West Bengal,Jhargram,2022,2022-23,5,Final Estimate,99999,Total,21,Rapeseed & Mustard,Oilseeds,['Oil Seeds'],3,7,99999,6135.0,Ha,Area
West Bengal,Jhargram,2022,2022-23,5,Final Estimate,99999,Total,21,Rapeseed & Mustard,Oilseeds,['Oil Seeds'],3,7,99999,950.0,Kg/Ha,Yield
West Bengal,Jhargram,2022,2022-23,5,Final Estimate,99999,Total,21,Rapeseed & Mustard,Oilseeds,['Oil Seeds'],3,7,99999,5829.0,Tonnes,Production
West Bengal,Jhargram,2023,2023-24,5,Final Estimate,99999,Total,21,Rapeseed & Mustard,Oilseeds,['Oil Seeds'],3,7,99999,1068.0,Kg/Ha,Yield
West Bengal,Jhargram,2023,2023-24,5,Final Estimate,99999,Total,21,Rapeseed & Mustard,Oilseeds,['Oil Seeds'],3,7,99999,6561.68,Tonnes,Production
West Bengal,Jhargram,2023,2023-24,5,Final Estimate,99999,Total,999,Total Oil Seeds,Oilseeds,['Oil Seeds'],3,999,99999,1246.0,Kg/Ha,Yield
West Bengal,Jhargram,2022,2022-23,5,Final Estimate,99999,Total,999,Total Oil Seeds,Oilseeds,['Oil Seeds'],3,999,99999,1169.0,Kg/Ha,Yield
West Bengal,Jhargram,2022,2022-23,5,Final Estimate,99999,Total,999,Total Oil Seeds,Oilseeds,['Oil Seeds'],3,999,99999,18193.0,Ha,Area
West Bengal,Jhargram,2022,2022-23,5,Final Estimate,99999,Total,999,Total Oil Seeds,Oilseeds,['Oil Seeds'],3,999,99999,21268.0,Tonnes,Production
West Bengal,Jhargram,2023,2023-24,5,Final Estimate,99999,Total,999,Total Oil Seeds,Oilseeds,['Oil Seeds'],3,999,99999,17806.69,Ha,Area
West Bengal,Jhargram,2023,2023-24,5,Final Estimate,99999,Total,999,Total Oil Seeds,Oilseeds,['Oil Seeds'],3,999,99999,22187.72,Tonnes,Production
West Bengal,Jhargram,2022,2022-23,5,Final Estimate,1,Kharif,28,Sugarcane,Commercial Crops,['Commercial Crops'],4,1001,1,87095.0,Kg/Ha,Yield
West Bengal,Jhargram,2023,2023-24,5,Final Estimate,1,Kharif,28,Sugarcane,Commercial Crops,['Commercial Crops'],4,1001,1,1024.0,Ha,Area
West Bengal,Jhargram,2023,2023-24,5,Final Estimate,1,Kharif,28,Sugarcane,Commercial Crops,['Commercial Crops'],4,1001,1,83580.0,Kg/Ha,Yield
West Bengal,Jhargram,2023,2023-24,5,Final Estimate,1,Kharif,28,Sugarcane,Commercial Crops,['Commercial Crops'],4,1001,1,85586.29,Tonnes,Production
West Bengal,Jhargram,2022,2022-23,5,Final Estimate,1,Kharif,28,Sugarcane,Commercial Crops,['Commercial Crops'],4,1001,1,128639.0,Tonnes,Production
West Bengal,Jhargram,2022,2022-23,5,Final Estimate,1,Kharif,28,Sugarcane,Commercial Crops,['Commercial Crops'],4,1001,1,1477.0,Ha,Area
West Bengal,Jhargram,2023,2023-24,5,Final Estimate,99999,Total,28,Sugarcane,Commercial Crops,['Commercial Crops'],4,1001,99999,85586.29,Tonnes,Production
West Bengal,Jhargram,2023,2023-24,5,Final Estimate,99999,Total,28,Sugarcane,Commercial Crops,['Commercial Crops'],4,1001,99999,83580.0,Kg/Ha,Yield
West Bengal,Jhargram,2022,2022-23,5,Final Estimate,99999,Total,28,Sugarcane,Commercial Crops,['Commercial Crops'],4,1001,99999,87095.0,Kg/Ha,Yield
West Bengal,Jhargram,2022,2022-23,5,Final Estimate,99999,Total,28,Sugarcane,Commercial Crops,['Commercial Crops'],4,1001,99999,1477.0,Ha,Area
West Bengal,Jhargram,2023,2023-24,5,Final Estimate,99999,Total,28,Sugarcane,Commercial Crops,['Commercial Crops'],4,1001,99999,1024.0,Ha,Area
West Bengal,Jhargram,2022,2022-23,5,Final Estimate,99999,Total,28,Sugarcane,Commercial Crops,['Commercial Crops'],4,1001,99999,128639.0,Tonnes,Production
West Bengal,Jhargram,2022,2022-23,5,Final Estimate,1,Kharif,27,Mesta,Commercial Crops,['Commercial Crops'],4,1004,1,48.0,Tonnes,Production
West Bengal,Jhargram,2023,2023-24,5,Final Estimate,1,Kharif,27,Mesta,Commercial Crops,['Commercial Crops'],4,1004,1,857.0,Kg/Ha,Yield
West Bengal,Jhargram,2023,2023-24,5,Final Estimate,1,Kharif,27,Mesta,Commercial Crops,['Commercial Crops'],4,1004,1,38.11,Tonnes,Production
West Bengal,Jhargram,2023,2023-24,5,Final Estimate,1,Kharif,27,Mesta,Commercial Crops,['Commercial Crops'],4,1004,1,8.0,Ha,Area
West Bengal,Jhargram,2022,2022-23,5,Final Estimate,1,Kharif,27,Mesta,Commercial Crops,['Commercial Crops'],4,1004,1,11.0,Ha,Area
West Bengal,Jhargram,2022,2022-23,5,Final Estimate,1,Kharif,27,Mesta,Commercial Crops,['Commercial Crops'],4,1004,1,785.0,Kg/Ha,Yield
West Bengal,Jhargram,2022,2022-23,5,Final Estimate,99999,Total,27,Mesta,Commercial Crops,['Commercial Crops'],4,1004,99999,11.0,Ha,Area
West Bengal,Jhargram,2023,2023-24,5,Final Estimate,99999,Total,27,Mesta,Commercial Crops,['Commercial Crops'],4,1004,99999,8.0,Ha,Area
West Bengal,Jhargram,2023,2023-24,5,Final Estimate,99999,Total,27,Mesta,Commercial Crops,['Commercial Crops'],4,1004,99999,38.11,Tonnes,Production
West Bengal,Jhargram,2023,2023-24,5,Final Estimate,99999,Total,27,Mesta,Commercial Crops,['Commercial Crops'],4,1004,99999,857.0,Kg/Ha,Yield
West Bengal,Jhargram,2022,2022-23,5,Final Estimate,99999,Total,27,Mesta,Commercial Crops,['Commercial Crops'],4,1004,99999,785.0,Kg/Ha,Yield
West Bengal,Jhargram,2022,2022-23,5,Final Estimate,99999,Total,27,Mesta,Commercial Crops,['Commercial Crops'],4,1004,99999,48.0,Tonnes,Production
West Bengal,Jhargram,2023,2023-24,5,Final Estimate,1,Kharif,1999,Jute & Mesta,Commercial Crops,['Commercial Crops'],4,1999,1,8.0,Ha,Area
West Bengal,Jhargram,2023,2023-24,5,Final Estimate,1,Kharif,1999,Jute & Mesta,Commercial Crops,['Commercial Crops'],4,1999,1,857.0,Kg/Ha,Yield
West Bengal,Jhargram,2022,2022-23,5,Final Estimate,1,Kharif,1999,Jute & Mesta,Commercial Crops,['Commercial Crops'],4,1999,1,48.0,Tonnes,Production
West Bengal,Jhargram,2022,2022-23,5,Final Estimate,1,Kharif,1999,Jute & Mesta,Commercial Crops,['Commercial Crops'],4,1999,1,11.0,Ha,Area
West Bengal,Jhargram,2023,2023-24,5,Final Estimate,1,Kharif,1999,Jute & Mesta,Commercial Crops,['Commercial Crops'],4,1999,1,38.11,Tonnes,Production
West Bengal,Jhargram,2022,2022-23,5,Final Estimate,1,Kharif,1999,Jute & Mesta,Commercial Crops,['Commercial Crops'],4,1999,1,785.0,Kg/Ha,Yield
West Bengal,Jhargram,2023,2023-24,5,Final Estimate,99999,Total,1999,Jute & Mesta,Commercial Crops,['Commercial Crops'],4,1999,99999,857.0,Kg/Ha,Yield
West Bengal,Jhargram,2022,2022-23,5,Final Estimate,99999,Total,1999,Jute & Mesta,Commercial Crops,['Commercial Crops'],4,1999,99999,11.0,Ha,Area
West Bengal,Jhargram,2022,2022-23,5,Final Estimate,99999,Total,1999,Jute & Mesta,Commercial Crops,['Commercial Crops'],4,1999,99999,48.0,Tonnes,Production
West Bengal,Jhargram,2022,2022-23,5,Final Estimate,99999,Total,1999,Jute & Mesta,Commercial Crops,['Commercial Crops'],4,1999,99999,785.0,Kg/Ha,Yield
West Bengal,Jhargram,2023,2023-24,5,Final Estimate,99999,Total,1999,Jute & Mesta,Commercial Crops,['Commercial Crops'],4,1999,99999,8.0,Ha,Area
West Bengal,Jhargram,2023,2023-24,5,Final Estimate,99999,Total,1999,Jute & Mesta,Commercial Crops,['Commercial Crops'],4,1999,99999,38.11,Tonnes,Production
West Bengal,Jhargram,2022,2022-23,5,Final Estimate,1,Kharif,30,Sannhemp,Commercial Crops,['Commercial Crops'],4,5002,1,372.22,Tonnes,Production
West Bengal,Jhargram,2022,2022-23,5,Final Estimate,1,Kharif,30,Sannhemp,Commercial Crops,['Commercial Crops'],4,5002,1,1914.0,Kg/Ha,Yield
West Bengal,Jhargram,2022,2022-23,5,Final Estimate,1,Kharif,30,Sannhemp,Commercial Crops,['Commercial Crops'],4,5002,1,35.0,Ha,Area
West Bengal,Jhargram,2022,2022-23,5,Final Estimate,99999,Total,30,Sannhemp,Commercial Crops,['Commercial Crops'],4,5002,99999,35.0,Ha,Area
West Bengal,Jhargram,2022,2022-23,5,Final Estimate,99999,Total,30,Sannhemp,Commercial Crops,['Commercial Crops'],4,5002,99999,1914.0,Kg/Ha,Yield
West Bengal,Jhargram,2022,2022-23,5,Final Estimate,99999,Total,30,Sannhemp,Commercial Crops,['Commercial Crops'],4,5002,99999,372.22,Tonnes,Production
West Bengal,Kalimpong,2023,2023-24,5,Final Estimate,1,Kharif,1,Rice,Food Grains,['Cereals'],1,2001,1,6485.35,Tonnes,Production
West Bengal,Kalimpong,2023,2023-24,5,Final Estimate,1,Kharif,1,Rice,Food Grains,['Cereals'],1,2001,1,1727.0,Kg/Ha,Yield
West Bengal,Kalimpong,2023,2023-24,5,Final Estimate,1,Kharif,1,Rice,Food Grains,['Cereals'],1,2001,1,3756.02,Ha,Area
West Bengal,Kalimpong,2022,2022-23,5,Final Estimate,2,Rabi,1,Rice,Food Grains,['Cereals'],1,2001,2,7917.0,Tonnes,Production
West Bengal,Kalimpong,2022,2022-23,5,Final Estimate,2,Rabi,1,Rice,Food Grains,['Cereals'],1,2001,2,4754.0,Ha,Area
West Bengal,Kalimpong,2022,2022-23,5,Final Estimate,2,Rabi,1,Rice,Food Grains,['Cereals'],1,2001,2,1665.0,Kg/Ha,Yield
West Bengal,Kalimpong,2023,2023-24,5,Final Estimate,99999,Total,1,Rice,Food Grains,['Cereals'],1,2001,99999,3756.02,Ha,Area
West Bengal,Kalimpong,2022,2022-23,5,Final Estimate,99999,Total,1,Rice,Food Grains,['Cereals'],1,2001,99999,1665.0,Kg/Ha,Yield
West Bengal,Kalimpong,2022,2022-23,5,Final Estimate,99999,Total,1,Rice,Food Grains,['Cereals'],1,2001,99999,4754.0,Ha,Area
West Bengal,Kalimpong,2023,2023-24,5,Final Estimate,99999,Total,1,Rice,Food Grains,['Cereals'],1,2001,99999,6485.35,Tonnes,Production
West Bengal,Kalimpong,2023,2023-24,5,Final Estimate,99999,Total,1,Rice,Food Grains,['Cereals'],1,2001,99999,1727.0,Kg/Ha,Yield
West Bengal,Kalimpong,2022,2022-23,5,Final Estimate,99999,Total,1,Rice,Food Grains,['Cereals'],1,2001,99999,7917.0,Tonnes,Production
West Bengal,Kalimpong,2022,2022-23,5,Final Estimate,1,Kharif,5,Maize,Food Grains,['Cereals'],1,3001,1,3894.0,Kg/Ha,Yield
West Bengal,Kalimpong,2022,2022-23,5,Final Estimate,1,Kharif,5,Maize,Food Grains,['Cereals'],1,3001,1,7056.0,Ha,Area
West Bengal,Kalimpong,2023,2023-24,5,Final Estimate,1,Kharif,5,Maize,Food Grains,['Cereals'],1,3001,1,3634.0,Kg/Ha,Yield
West Bengal,Kalimpong,2023,2023-24,5,Final Estimate,1,Kharif,5,Maize,Food Grains,['Cereals'],1,3001,1,6678.67,Ha,Area
West Bengal,Kalimpong,2023,2023-24,5,Final Estimate,1,Kharif,5,Maize,Food Grains,['Cereals'],1,3001,1,24269.88,Tonnes,Production
West Bengal,Kalimpong,2022,2022-23,5,Final Estimate,1,Kharif,5,Maize,Food Grains,['Cereals'],1,3001,1,27479.0,Tonnes,Production
West Bengal,Kalimpong,2023,2023-24,5,Final Estimate,3,Summer,5,Maize,Food Grains,['Cereals'],1,3001,3,8617.17,Ha,Area
West Bengal,Kalimpong,2023,2023-24,5,Final Estimate,3,Summer,5,Maize,Food Grains,['Cereals'],1,3001,3,41176.94,Tonnes,Production
West Bengal,Kalimpong,2023,2023-24,5,Final Estimate,3,Summer,5,Maize,Food Grains,['Cereals'],1,3001,3,4778.0,Kg/Ha,Yield
West Bengal,Kalimpong,2022,2022-23,5,Final Estimate,3,Summer,5,Maize,Food Grains,['Cereals'],1,3001,3,59323.0,Tonnes,Production
West Bengal,Kalimpong,2022,2022-23,5,Final Estimate,3,Summer,5,Maize,Food Grains,['Cereals'],1,3001,3,7742.0,Kg/Ha,Yield
West Bengal,Kalimpong,2022,2022-23,5,Final Estimate,3,Summer,5,Maize,Food Grains,['Cereals'],1,3001,3,7662.0,Ha,Area
West Bengal,Kalimpong,2022,2022-23,5,Final Estimate,99999,Total,5,Maize,Food Grains,['Cereals'],1,3001,99999,14718.0,Ha,Area
West Bengal,Kalimpong,2022,2022-23,5,Final Estimate,99999,Total,5,Maize,Food Grains,['Cereals'],1,3001,99999,86802.0,Tonnes,Production
West Bengal,Kalimpong,2023,2023-24,5,Final Estimate,99999,Total,5,Maize,Food Grains,['Cereals'],1,3001,99999,65446.82,Tonnes,Production
West Bengal,Kalimpong,2023,2023-24,5,Final Estimate,99999,Total,5,Maize,Food Grains,['Cereals'],1,3001,99999,15295.84,Ha,Area
West Bengal,Kalimpong,2023,2023-24,5,Final Estimate,99999,Total,5,Maize,Food Grains,['Cereals'],1,3001,99999,4279.0,Kg/Ha,Yield
West Bengal,Kalimpong,2022,2022-23,5,Final Estimate,99999,Total,5,Maize,Food Grains,['Cereals'],1,3001,99999,5898.0,Kg/Ha,Yield
West Bengal,Kalimpong,2022,2022-23,5,Final Estimate,1,Kharif,6,Ragi,Food Grains,['Cereals'],1,3005,1,1640.0,Ha,Area
West Bengal,Kalimpong,2022,2022-23,5,Final Estimate,1,Kharif,6,Ragi,Food Grains,['Cereals'],1,3005,1,1570.0,Kg/Ha,Yield
West Bengal,Kalimpong,2022,2022-23,5,Final Estimate,1,Kharif,6,Ragi,Food Grains,['Cereals'],1,3005,1,2575.0,Tonnes,Production
West Bengal,Kalimpong,2023,2023-24,5,Final Estimate,1,Kharif,6,Ragi,Food Grains,['Cereals'],1,3005,1,1080.0,Kg/Ha,Yield
West Bengal,Kalimpong,2023,2023-24,5,Final Estimate,1,Kharif,6,Ragi,Food Grains,['Cereals'],1,3005,1,1940.0,Ha,Area
West Bengal,Kalimpong,2023,2023-24,5,Final Estimate,1,Kharif,6,Ragi,Food Grains,['Cereals'],1,3005,1,2094.83,Tonnes,Production
West Bengal,Kalimpong,2022,2022-23,5,Final Estimate,99999,Total,6,Ragi,Food Grains,['Cereals'],1,3005,99999,2575.0,Tonnes,Production
West Bengal,Kalimpong,2022,2022-23,5,Final Estimate,99999,Total,6,Ragi,Food Grains,['Cereals'],1,3005,99999,1640.0,Ha,Area
West Bengal,Kalimpong,2023,2023-24,5,Final Estimate,99999,Total,6,Ragi,Food Grains,['Cereals'],1,3005,99999,1080.0,Kg/Ha,Yield
West Bengal,Kalimpong,2022,2022-23,5,Final Estimate,99999,Total,6,Ragi,Food Grains,['Cereals'],1,3005,99999,1570.0,Kg/Ha,Yield
West Bengal,Kalimpong,2023,2023-24,5,Final Estimate,99999,Total,6,Ragi,Food Grains,['Cereals'],1,3005,99999,1940.0,Ha,Area
West Bengal,Kalimpong,2023,2023-24,5,Final Estimate,99999,Total,6,Ragi,Food Grains,['Cereals'],1,3005,99999,2094.83,Tonnes,Production
West Bengal,Kalimpong,2023,2023-24,5,Final Estimate,1,Kharif,3997,Shree Anna /Nutri Cereals,Food Grains,['Cereals'],1,3997,1,1080.0,Kg/Ha,Yield
West Bengal,Kalimpong,2022,2022-23,5,Final Estimate,1,Kharif,3997,Shree Anna /Nutri Cereals,Food Grains,['Cereals'],1,3997,1,1570.0,Kg/Ha,Yield
West Bengal,Kalimpong,2022,2022-23,5,Final Estimate,1,Kharif,3997,Shree Anna /Nutri Cereals,Food Grains,['Cereals'],1,3997,1,1640.0,Ha,Area
West Bengal,Kalimpong,2022,2022-23,5,Final Estimate,1,Kharif,3997,Shree Anna /Nutri Cereals,Food Grains,['Cereals'],1,3997,1,2575.0,Tonnes,Production
West Bengal,Kalimpong,2023,2023-24,5,Final Estimate,1,Kharif,3997,Shree Anna /Nutri Cereals,Food Grains,['Cereals'],1,3997,1,2094.83,Tonnes,Production
West Bengal,Kalimpong,2023,2023-24,5,Final Estimate,1,Kharif,3997,Shree Anna /Nutri Cereals,Food Grains,['Cereals'],1,3997,1,1940.0,Ha,Area
West Bengal,Kalimpong,2023,2023-24,5,Final Estimate,99999,Total,3997,Shree Anna /Nutri Cereals,Food Grains,['Cereals'],1,3997,99999,2094.83,Tonnes,Production
West Bengal,Kalimpong,2022,2022-23,5,Final Estimate,99999,Total,3997,Shree Anna /Nutri Cereals,Food Grains,['Cereals'],1,3997,99999,1570.0,Kg/Ha,Yield
West Bengal,Kalimpong,2022,2022-23,5,Final Estimate,99999,Total,3997,Shree Anna /Nutri Cereals,Food Grains,['Cereals'],1,3997,99999,1640.0,Ha,Area
West Bengal,Kalimpong,2022,2022-23,5,Final Estimate,99999,Total,3997,Shree Anna /Nutri Cereals,Food Grains,['Cereals'],1,3997,99999,2575.0,Tonnes,Production
West Bengal,Kalimpong,2023,2023-24,5,Final Estimate,99999,Total,3997,Shree Anna /Nutri Cereals,Food Grains,['Cereals'],1,3997,99999,1940.0,Ha,Area
West Bengal,Kalimpong,2023,2023-24,5,Final Estimate,99999,Total,3997,Shree Anna /Nutri Cereals,Food Grains,['Cereals'],1,3997,99999,1080.0,Kg/Ha,Yield
West Bengal,Kalimpong,2023,2023-24,5,Final Estimate,1,Kharif,3998,Nutri/Coarse Cereals,Food Grains,['Cereals'],1,3998,1,8618.67,Ha,Area
West Bengal,Kalimpong,2023,2023-24,5,Final Estimate,1,Kharif,3998,Nutri/Coarse Cereals,Food Grains,['Cereals'],1,3998,1,3059.0,Kg/Ha,Yield
West Bengal,Kalimpong,2022,2022-23,5,Final Estimate,1,Kharif,3998,Nutri/Coarse Cereals,Food Grains,['Cereals'],1,3998,1,3456.0,Kg/Ha,Yield
West Bengal,Kalimpong,2022,2022-23,5,Final Estimate,1,Kharif,3998,Nutri/Coarse Cereals,Food Grains,['Cereals'],1,3998,1,8696.0,Ha,Area
West Bengal,Kalimpong,2022,2022-23,5,Final Estimate,1,Kharif,3998,Nutri/Coarse Cereals,Food Grains,['Cereals'],1,3998,1,30054.0,Tonnes,Production
West Bengal,Kalimpong,2023,2023-24,5,Final Estimate,1,Kharif,3998,Nutri/Coarse Cereals,Food Grains,['Cereals'],1,3998,1,26364.71,Tonnes,Production
West Bengal,Kalimpong,2022,2022-23,5,Final Estimate,3,Summer,3998,Nutri/Coarse Cereals,Food Grains,['Cereals'],1,3998,3,7662.0,Ha,Area
West Bengal,Kalimpong,2023,2023-24,5,Final Estimate,3,Summer,3998,Nutri/Coarse Cereals,Food Grains,['Cereals'],1,3998,3,4778.0,Kg/Ha,Yield
West Bengal,Kalimpong,2023,2023-24,5,Final Estimate,3,Summer,3998,Nutri/Coarse Cereals,Food Grains,['Cereals'],1,3998,3,8617.17,Ha,Area
West Bengal,Kalimpong,2023,2023-24,5,Final Estimate,3,Summer,3998,Nutri/Coarse Cereals,Food Grains,['Cereals'],1,3998,3,41176.94,Tonnes,Production
West Bengal,Kalimpong,2022,2022-23,5,Final Estimate,3,Summer,3998,Nutri/Coarse Cereals,Food Grains,['Cereals'],1,3998,3,59323.0,Tonnes,Production
West Bengal,Kalimpong,2022,2022-23,5,Final Estimate,3,Summer,3998,Nutri/Coarse Cereals,Food Grains,['Cereals'],1,3998,3,7742.0,Kg/Ha,Yield
West Bengal,Kalimpong,2023,2023-24,5,Final Estimate,99999,Total,3998,Nutri/Coarse Cereals,Food Grains,['Cereals'],1,3998,99999,17235.84,Ha,Area
West Bengal,Kalimpong,2023,2023-24,5,Final Estimate,99999,Total,3998,Nutri/Coarse Cereals,Food Grains,['Cereals'],1,3998,99999,3919.0,Kg/Ha,Yield
West Bengal,Kalimpong,2022,2022-23,5,Final Estimate,99999,Total,3998,Nutri/Coarse Cereals,Food Grains,['Cereals'],1,3998,99999,5464.0,Kg/Ha,Yield
West Bengal,Kalimpong,2023,2023-24,5,Final Estimate,99999,Total,3998,Nutri/Coarse Cereals,Food Grains,['Cereals'],1,3998,99999,67541.64,Tonnes,Production
West Bengal,Kalimpong,2022,2022-23,5,Final Estimate,99999,Total,3998,Nutri/Coarse Cereals,Food Grains,['Cereals'],1,3998,99999,16358.0,Ha,Area
West Bengal,Kalimpong,2022,2022-23,5,Final Estimate,99999,Total,3998,Nutri/Coarse Cereals,Food Grains,['Cereals'],1,3998,99999,89377.0,Tonnes,Production
West Bengal,Kalimpong,2023,2023-24,5,Final Estimate,1,Kharif,3999,Cereals,Food Grains,['Cereals'],1,3999,1,12374.69,Ha,Area
West Bengal,Kalimpong,2023,2023-24,5,Final Estimate,1,Kharif,3999,Cereals,Food Grains,['Cereals'],1,3999,1,2655.0,Kg/Ha,Yield
West Bengal,Kalimpong,2022,2022-23,5,Final Estimate,1,Kharif,3999,Cereals,Food Grains,['Cereals'],1,3999,1,30054.0,Tonnes,Production
West Bengal,Kalimpong,2022,2022-23,5,Final Estimate,1,Kharif,3999,Cereals,Food Grains,['Cereals'],1,3999,1,8696.0,Ha,Area
West Bengal,Kalimpong,2022,2022-23,5,Final Estimate,1,Kharif,3999,Cereals,Food Grains,['Cereals'],1,3999,1,3456.0,Kg/Ha,Yield
West Bengal,Kalimpong,2023,2023-24,5,Final Estimate,1,Kharif,3999,Cereals,Food Grains,['Cereals'],1,3999,1,32850.06,Tonnes,Production
West Bengal,Kalimpong,2022,2022-23,5,Final Estimate,2,Rabi,3999,Cereals,Food Grains,['Cereals'],1,3999,2,7917.0,Tonnes,Production
West Bengal,Kalimpong,2022,2022-23,5,Final Estimate,2,Rabi,3999,Cereals,Food Grains,['Cereals'],1,3999,2,1665.0,Kg/Ha,Yield
West Bengal,Kalimpong,2022,2022-23,5,Final Estimate,2,Rabi,3999,Cereals,Food Grains,['Cereals'],1,3999,2,4754.0,Ha,Area
West Bengal,Kalimpong,2022,2022-23,5,Final Estimate,3,Summer,3999,Cereals,Food Grains,['Cereals'],1,3999,3,59323.0,Tonnes,Production
West Bengal,Kalimpong,2023,2023-24,5,Final Estimate,3,Summer,3999,Cereals,Food Grains,['Cereals'],1,3999,3,41176.94,Tonnes,Production
West Bengal,Kalimpong,2023,2023-24,5,Final Estimate,3,Summer,3999,Cereals,Food Grains,['Cereals'],1,3999,3,8617.17,Ha,Area
West Bengal,Kalimpong,2023,2023-24,5,Final Estimate,3,Summer,3999,Cereals,Food Grains,['Cereals'],1,3999,3,4778.0,Kg/Ha,Yield
West Bengal,Kalimpong,2022,2022-23,5,Final Estimate,3,Summer,3999,Cereals,Food Grains,['Cereals'],1,3999,3,7742.0,Kg/Ha,Yield
West Bengal,Kalimpong,2022,2022-23,5,Final Estimate,3,Summer,3999,Cereals,Food Grains,['Cereals'],1,3999,3,7662.0,Ha,Area
West Bengal,Kalimpong,2022,2022-23,5,Final Estimate,99999,Total,3999,Cereals,Food Grains,['Cereals'],1,3999,99999,4608.0,Kg/Ha,Yield
West Bengal,Kalimpong,2023,2023-24,5,Final Estimate,99999,Total,3999,Cereals,Food Grains,['Cereals'],1,3999,99999,74026.99,Tonnes,Production
West Bengal,Kalimpong,2023,2023-24,5,Final Estimate,99999,Total,3999,Cereals,Food Grains,['Cereals'],1,3999,99999,20991.86,Ha,Area
West Bengal,Kalimpong,2023,2023-24,5,Final Estimate,99999,Total,3999,Cereals,Food Grains,['Cereals'],1,3999,99999,3526.0,Kg/Ha,Yield
West Bengal,Kalimpong,2022,2022-23,5,Final Estimate,99999,Total,3999,Cereals,Food Grains,['Cereals'],1,3999,99999,97294.0,Tonnes,Production
West Bengal,Kalimpong,2022,2022-23,5,Final Estimate,99999,Total,3999,Cereals,Food Grains,['Cereals'],1,3999,99999,21112.0,Ha,Area
West Bengal,Kalimpong,2022,2022-23,5,Final Estimate,1,Kharif,11,Urad,Food Grains,['Pulses'],2,4003,1,7.0,Tonnes,Production
West Bengal,Kalimpong,2022,2022-23,5,Final Estimate,1,Kharif,11,Urad,Food Grains,['Pulses'],2,4003,1,636.0,Kg/Ha,Yield
West Bengal,Kalimpong,2023,2023-24,5,Final Estimate,1,Kharif,11,Urad,Food Grains,['Pulses'],2,4003,1,14.0,Ha,Area
West Bengal,Kalimpong,2023,2023-24,5,Final Estimate,1,Kharif,11,Urad,Food Grains,['Pulses'],2,4003,1,966.0,Kg/Ha,Yield
West Bengal,Kalimpong,2023,2023-24,5,Final Estimate,1,Kharif,11,Urad,Food Grains,['Pulses'],2,4003,1,13.53,Tonnes,Production
West Bengal,Kalimpong,2022,2022-23,5,Final Estimate,1,Kharif,11,Urad,Food Grains,['Pulses'],2,4003,1,11.0,Ha,Area
West Bengal,Kalimpong,2022,2022-23,5,Final Estimate,99999,Total,11,Urad,Food Grains,['Pulses'],2,4003,99999,11.0,Ha,Area
West Bengal,Kalimpong,2023,2023-24,5,Final Estimate,99999,Total,11,Urad,Food Grains,['Pulses'],2,4003,99999,13.53,Tonnes,Production
West Bengal,Kalimpong,2023,2023-24,5,Final Estimate,99999,Total,11,Urad,Food Grains,['Pulses'],2,4003,99999,14.0,Ha,Area
West Bengal,Kalimpong,2022,2022-23,5,Final Estimate,99999,Total,11,Urad,Food Grains,['Pulses'],2,4003,99999,7.0,Tonnes,Production
West Bengal,Kalimpong,2023,2023-24,5,Final Estimate,99999,Total,11,Urad,Food Grains,['Pulses'],2,4003,99999,966.0,Kg/Ha,Yield
West Bengal,Kalimpong,2022,2022-23,5,Final Estimate,99999,Total,11,Urad,Food Grains,['Pulses'],2,4003,99999,636.0,Kg/Ha,Yield
West Bengal,Kalimpong,2022,2022-23,5,Final Estimate,2,Rabi,14,Other Pulses,Food Grains,['Pulses'],2,4006,2,67.0,Tonnes,Production
West Bengal,Kalimpong,2023,2023-24,5,Final Estimate,2,Rabi,14,Other Pulses,Food Grains,['Pulses'],2,4006,2,1184.0,Kg/Ha,Yield
West Bengal,Kalimpong,2023,2023-24,5,Final Estimate,2,Rabi,14,Other Pulses,Food Grains,['Pulses'],2,4006,2,82.87,Tonnes,Production
West Bengal,Kalimpong,2023,2023-24,5,Final Estimate,2,Rabi,14,Other Pulses,Food Grains,['Pulses'],2,4006,2,70.0,Ha,Area
West Bengal,Kalimpong,2022,2022-23,5,Final Estimate,2,Rabi,14,Other Pulses,Food Grains,['Pulses'],2,4006,2,1136.0,Kg/Ha,Yield
West Bengal,Kalimpong,2022,2022-23,5,Final Estimate,2,Rabi,14,Other Pulses,Food Grains,['Pulses'],2,4006,2,59.0,Ha,Area
West Bengal,Kalimpong,2023,2023-24,5,Final Estimate,99999,Total,14,Other Pulses,Food Grains,['Pulses'],2,4006,99999,82.87,Tonnes,Production
West Bengal,Kalimpong,2023,2023-24,5,Final Estimate,99999,Total,14,Other Pulses,Food Grains,['Pulses'],2,4006,99999,1184.0,Kg/Ha,Yield
West Bengal,Kalimpong,2022,2022-23,5,Final Estimate,99999,Total,14,Other Pulses,Food Grains,['Pulses'],2,4006,99999,59.0,Ha,Area
West Bengal,Kalimpong,2022,2022-23,5,Final Estimate,99999,Total,14,Other Pulses,Food Grains,['Pulses'],2,4006,99999,67.0,Tonnes,Production
West Bengal,Kalimpong,2022,2022-23,5,Final Estimate,99999,Total,14,Other Pulses,Food Grains,['Pulses'],2,4006,99999,1136.0,Kg/Ha,Yield
West Bengal,Kalimpong,2023,2023-24,5,Final Estimate,99999,Total,14,Other Pulses,Food Grains,['Pulses'],2,4006,99999,70.0,Ha,Area
West Bengal,Kalimpong,2022,2022-23,5,Final Estimate,99999,Total,4998,Total Pulses,Food Grains,['Pulses'],2,4998,99999,74.0,Tonnes,Production
West Bengal,Kalimpong,2022,2022-23,5,Final Estimate,99999,Total,4998,Total Pulses,Food Grains,['Pulses'],2,4998,99999,70.0,Ha,Area
West Bengal,Kalimpong,2023,2023-24,5,Final Estimate,99999,Total,4998,Total Pulses,Food Grains,['Pulses'],2,4998,99999,1148.0,Kg/Ha,Yield
West Bengal,Kalimpong,2023,2023-24,5,Final Estimate,99999,Total,4998,Total Pulses,Food Grains,['Pulses'],2,4998,99999,96.4,Tonnes,Production
West Bengal,Kalimpong,2023,2023-24,5,Final Estimate,99999,Total,4998,Total Pulses,Food Grains,['Pulses'],2,4998,99999,84.0,Ha,Area
West Bengal,Kalimpong,2022,2022-23,5,Final Estimate,99999,Total,4998,Total Pulses,Food Grains,['Pulses'],2,4998,99999,1057.0,Kg/Ha,Yield
West Bengal,Kalimpong,2022,2022-23,5,Final Estimate,1,Kharif,4999,Total Food Grains,Food Grains,"['Cereals', 'Pulses']",2,4999,1,3453.0,Kg/Ha,Yield
West Bengal,Kalimpong,2023,2023-24,5,Final Estimate,1,Kharif,4999,Total Food Grains,Food Grains,"['Cereals', 'Pulses']",2,4999,1,32863.59,Tonnes,Production
West Bengal,Kalimpong,2023,2023-24,5,Final Estimate,1,Kharif,4999,Total Food Grains,Food Grains,"['Cereals', 'Pulses']",2,4999,1,12388.69,Ha,Area
West Bengal,Kalimpong,2023,2023-24,5,Final Estimate,1,Kharif,4999,Total Food Grains,Food Grains,"['Cereals', 'Pulses']",2,4999,1,2653.0,Kg/Ha,Yield
West Bengal,Kalimpong,2022,2022-23,5,Final Estimate,1,Kharif,4999,Total Food Grains,Food Grains,"['Cereals', 'Pulses']",2,4999,1,30061.0,Tonnes,Production
West Bengal,Kalimpong,2022,2022-23,5,Final Estimate,1,Kharif,4999,Total Food Grains,Food Grains,"['Cereals', 'Pulses']",2,4999,1,8707.0,Ha,Area
West Bengal,Kalimpong,2022,2022-23,5,Final Estimate,2,Rabi,4999,Total Food Grains,Food Grains,"['Cereals', 'Pulses']",2,4999,2,7984.0,Tonnes,Production
West Bengal,Kalimpong,2022,2022-23,5,Final Estimate,2,Rabi,4999,Total Food Grains,Food Grains,"['Cereals', 'Pulses']",2,4999,2,4813.0,Ha,Area
West Bengal,Kalimpong,2023,2023-24,5,Final Estimate,2,Rabi,4999,Total Food Grains,Food Grains,['Pulses'],2,4999,2,1184.0,Kg/Ha,Yield
West Bengal,Kalimpong,2023,2023-24,5,Final Estimate,2,Rabi,4999,Total Food Grains,Food Grains,['Pulses'],2,4999,2,82.87,Tonnes,Production
West Bengal,Kalimpong,2023,2023-24,5,Final Estimate,2,Rabi,4999,Total Food Grains,Food Grains,['Pulses'],2,4999,2,70.0,Ha,Area
West Bengal,Kalimpong,2022,2022-23,5,Final Estimate,2,Rabi,4999,Total Food Grains,Food Grains,"['Cereals', 'Pulses']",2,4999,2,1659.0,Kg/Ha,Yield
West Bengal,Kalimpong,2023,2023-24,5,Final Estimate,3,Summer,4999,Total Food Grains,Food Grains,['Cereals'],2,4999,3,41176.94,Tonnes,Production
West Bengal,Kalimpong,2023,2023-24,5,Final Estimate,3,Summer,4999,Total Food Grains,Food Grains,['Cereals'],2,4999,3,4778.0,Kg/Ha,Yield
West Bengal,Kalimpong,2022,2022-23,5,Final Estimate,3,Summer,4999,Total Food Grains,Food Grains,['Cereals'],2,4999,3,7742.0,Kg/Ha,Yield
West Bengal,Kalimpong,2022,2022-23,5,Final Estimate,3,Summer,4999,Total Food Grains,Food Grains,['Cereals'],2,4999,3,7662.0,Ha,Area
West Bengal,Kalimpong,2023,2023-24,5,Final Estimate,3,Summer,4999,Total Food Grains,Food Grains,['Cereals'],2,4999,3,8617.17,Ha,Area
West Bengal,Kalimpong,2022,2022-23,5,Final Estimate,3,Summer,4999,Total Food Grains,Food Grains,['Cereals'],2,4999,3,59323.0,Tonnes,Production
West Bengal,Kalimpong,2022,2022-23,5,Final Estimate,99999,Total,4999,Total Food Grains,Food Grains,"['Cereals', 'Pulses']",2,4999,99999,21182.0,Ha,Area
West Bengal,Kalimpong,2023,2023-24,5,Final Estimate,99999,Total,4999,Total Food Grains,Food Grains,"['Cereals', 'Pulses']",2,4999,99999,74123.39,Tonnes,Production
West Bengal,Kalimpong,2023,2023-24,5,Final Estimate,99999,Total,4999,Total Food Grains,Food Grains,"['Cereals', 'Pulses']",2,4999,99999,21075.86,Ha,Area
West Bengal,Kalimpong,2023,2023-24,5,Final Estimate,99999,Total,4999,Total Food Grains,Food Grains,"['Cereals', 'Pulses']",2,4999,99999,3517.0,Kg/Ha,Yield
West Bengal,Kalimpong,2022,2022-23,5,Final Estimate,99999,Total,4999,Total Food Grains,Food Grains,"['Cereals', 'Pulses']",2,4999,99999,97368.0,Tonnes,Production
West Bengal,Kalimpong,2022,2022-23,5,Final Estimate,99999,Total,4999,Total Food Grains,Food Grains,"['Cereals', 'Pulses']",2,4999,99999,4597.0,Kg/Ha,Yield
West Bengal,Kalimpong,2022,2022-23,5,Final Estimate,2,Rabi,21,Rapeseed & Mustard,Oilseeds,['Oil Seeds'],3,7,2,207.0,Ha,Area
West Bengal,Kalimpong,2023,2023-24,5,Final Estimate,2,Rabi,21,Rapeseed & Mustard,Oilseeds,['Oil Seeds'],3,7,2,213.8,Tonnes,Production
West Bengal,Kalimpong,2023,2023-24,5,Final Estimate,2,Rabi,21,Rapeseed & Mustard,Oilseeds,['Oil Seeds'],3,7,2,216.0,Ha,Area
West Bengal,Kalimpong,2023,2023-24,5,Final Estimate,2,Rabi,21,Rapeseed & Mustard,Oilseeds,['Oil Seeds'],3,7,2,990.0,Kg/Ha,Yield
West Bengal,Kalimpong,2022,2022-23,5,Final Estimate,2,Rabi,21,Rapeseed & Mustard,Oilseeds,['Oil Seeds'],3,7,2,1396.0,Kg/Ha,Yield
West Bengal,Kalimpong,2022,2022-23,5,Final Estimate,2,Rabi,21,Rapeseed & Mustard,Oilseeds,['Oil Seeds'],3,7,2,289.0,Tonnes,Production
West Bengal,Kalimpong,2023,2023-24,5,Final Estimate,99999,Total,21,Rapeseed & Mustard,Oilseeds,['Oil Seeds'],3,7,99999,990.0,Kg/Ha,Yield
West Bengal,Kalimpong,2023,2023-24,5,Final Estimate,99999,Total,21,Rapeseed & Mustard,Oilseeds,['Oil Seeds'],3,7,99999,213.8,Tonnes,Production
West Bengal,Kalimpong,2022,2022-23,5,Final Estimate,99999,Total,21,Rapeseed & Mustard,Oilseeds,['Oil Seeds'],3,7,99999,207.0,Ha,Area
West Bengal,Kalimpong,2022,2022-23,5,Final Estimate,99999,Total,21,Rapeseed & Mustard,Oilseeds,['Oil Seeds'],3,7,99999,289.0,Tonnes,Production
West Bengal,Kalimpong,2022,2022-23,5,Final Estimate,99999,Total,21,Rapeseed & Mustard,Oilseeds,['Oil Seeds'],3,7,99999,1396.0,Kg/Ha,Yield
West Bengal,Kalimpong,2023,2023-24,5,Final Estimate,99999,Total,21,Rapeseed & Mustard,Oilseeds,['Oil Seeds'],3,7,99999,216.0,Ha,Area
West Bengal,Kalimpong,2022,2022-23,5,Final Estimate,99999,Total,999,Total Oil Seeds,Oilseeds,['Oil Seeds'],3,999,99999,1396.0,Kg/Ha,Yield
West Bengal,Kalimpong,2023,2023-24,5,Final Estimate,99999,Total,999,Total Oil Seeds,Oilseeds,['Oil Seeds'],3,999,99999,990.0,Kg/Ha,Yield
West Bengal,Kalimpong,2023,2023-24,5,Final Estimate,99999,Total,999,Total Oil Seeds,Oilseeds,['Oil Seeds'],3,999,99999,216.0,Ha,Area
West Bengal,Kalimpong,2023,2023-24,5,Final Estimate,99999,Total,999,Total Oil Seeds,Oilseeds,['Oil Seeds'],3,999,99999,213.8,Tonnes,Production
West Bengal,Kalimpong,2022,2022-23,5,Final Estimate,99999,Total,999,Total Oil Seeds,Oilseeds,['Oil Seeds'],3,999,99999,289.0,Tonnes,Production
West Bengal,Kalimpong,2022,2022-23,5,Final Estimate,99999,Total,999,Total Oil Seeds,Oilseeds,['Oil Seeds'],3,999,99999,207.0,Ha,Area
West Bengal,Kalimpong,2023,2023-24,5,Final Estimate,1,Kharif,28,Sugarcane,Commercial Crops,['Commercial Crops'],4,1001,1,69100.0,Kg/Ha,Yield
West Bengal,Kalimpong,2023,2023-24,5,Final Estimate,1,Kharif,28,Sugarcane,Commercial Crops,['Commercial Crops'],4,1001,1,37.0,Ha,Area
West Bengal,Kalimpong,2023,2023-24,5,Final Estimate,1,Kharif,28,Sugarcane,Commercial Crops,['Commercial Crops'],4,1001,1,2556.71,Tonnes,Production
West Bengal,Kalimpong,2023,2023-24,5,Final Estimate,99999,Total,28,Sugarcane,Commercial Crops,['Commercial Crops'],4,1001,99999,37.0,Ha,Area
West Bengal,Kalimpong,2023,2023-24,5,Final Estimate,99999,Total,28,Sugarcane,Commercial Crops,['Commercial Crops'],4,1001,99999,69100.0,Kg/Ha,Yield
West Bengal,Kalimpong,2023,2023-24,5,Final Estimate,99999,Total,28,Sugarcane,Commercial Crops,['Commercial Crops'],4,1001,99999,2556.71,Tonnes,Production
West Bengal,Malda,2022,2022-23,5,Final Estimate,1,Kharif,1,Rice,Food Grains,['Cereals'],1,2001,1,6392.0,Tonnes,Production
West Bengal,Malda,2023,2023-24,5,Final Estimate,1,Kharif,1,Rice,Food Grains,['Cereals'],1,2001,1,403149.57,Tonnes,Production
West Bengal,Malda,2022,2022-23,5,Final Estimate,1,Kharif,1,Rice,Food Grains,['Cereals'],1,2001,1,3208.0,Ha,Area
West Bengal,Malda,2022,2022-23,5,Final Estimate,1,Kharif,1,Rice,Food Grains,['Cereals'],1,2001,1,1993.0,Kg/Ha,Yield
West Bengal,Malda,2023,2023-24,5,Final Estimate,1,Kharif,1,Rice,Food Grains,['Cereals'],1,2001,1,140809.53,Ha,Area
West Bengal,Malda,2023,2023-24,5,Final Estimate,1,Kharif,1,Rice,Food Grains,['Cereals'],1,2001,1,2863.0,Kg/Ha,Yield
West Bengal,Malda,2022,2022-23,5,Final Estimate,2,Rabi,1,Rice,Food Grains,['Cereals'],1,2001,2,375972.0,Tonnes,Production
West Bengal,Malda,2022,2022-23,5,Final Estimate,2,Rabi,1,Rice,Food Grains,['Cereals'],1,2001,2,2940.0,Kg/Ha,Yield
West Bengal,Malda,2022,2022-23,5,Final Estimate,2,Rabi,1,Rice,Food Grains,['Cereals'],1,2001,2,127865.0,Ha,Area
West Bengal,Malda,2023,2023-24,5,Final Estimate,3,Summer,1,Rice,Food Grains,['Cereals'],1,2001,3,57785.92,Ha,Area
West Bengal,Malda,2022,2022-23,5,Final Estimate,3,Summer,1,Rice,Food Grains,['Cereals'],1,2001,3,251487.0,Tonnes,Production
West Bengal,Malda,2022,2022-23,5,Final Estimate,3,Summer,1,Rice,Food Grains,['Cereals'],1,2001,3,64015.0,Ha,Area
West Bengal,Malda,2022,2022-23,5,Final Estimate,3,Summer,1,Rice,Food Grains,['Cereals'],1,2001,3,3929.0,Kg/Ha,Yield
West Bengal,Malda,2023,2023-24,5,Final Estimate,3,Summer,1,Rice,Food Grains,['Cereals'],1,2001,3,4176.0,Kg/Ha,Yield
West Bengal,Malda,2023,2023-24,5,Final Estimate,3,Summer,1,Rice,Food Grains,['Cereals'],1,2001,3,241305.52,Tonnes,Production
West Bengal,Malda,2023,2023-24,5,Final Estimate,99999,Total,1,Rice,Food Grains,['Cereals'],1,2001,99999,3245.0,Kg/Ha,Yield
West Bengal,Malda,2023,2023-24,5,Final Estimate,99999,Total,1,Rice,Food Grains,['Cereals'],1,2001,99999,198595.45,Ha,Area
West Bengal,Malda,2022,2022-23,5,Final Estimate,99999,Total,1,Rice,Food Grains,['Cereals'],1,2001,99999,195088.0,Ha,Area
West Bengal,Malda,2023,2023-24,5,Final Estimate,99999,Total,1,Rice,Food Grains,['Cereals'],1,2001,99999,644455.08,Tonnes,Production
West Bengal,Malda,2022,2022-23,5,Final Estimate,99999,Total,1,Rice,Food Grains,['Cereals'],1,2001,99999,633851.0,Tonnes,Production
West Bengal,Malda,2022,2022-23,5,Final Estimate,99999,Total,1,Rice,Food Grains,['Cereals'],1,2001,99999,3249.0,Kg/Ha,Yield
West Bengal,Malda,2023,2023-24,5,Final Estimate,2,Rabi,2,Wheat,Food Grains,['Cereals'],1,2002,2,18934.0,Ha,Area
West Bengal,Malda,2022,2022-23,5,Final Estimate,2,Rabi,2,Wheat,Food Grains,['Cereals'],1,2002,2,62474.0,Tonnes,Production
West Bengal,Malda,2022,2022-23,5,Final Estimate,2,Rabi,2,Wheat,Food Grains,['Cereals'],1,2002,2,19021.0,Ha,Area
West Bengal,Malda,2022,2022-23,5,Final Estimate,2,Rabi,2,Wheat,Food Grains,['Cereals'],1,2002,2,3284.0,Kg/Ha,Yield
West Bengal,Malda,2023,2023-24,5,Final Estimate,2,Rabi,2,Wheat,Food Grains,['Cereals'],1,2002,2,3542.0,Kg/Ha,Yield
West Bengal,Malda,2023,2023-24,5,Final Estimate,2,Rabi,2,Wheat,Food Grains,['Cereals'],1,2002,2,67068.0,Tonnes,Production
West Bengal,Malda,2023,2023-24,5,Final Estimate,99999,Total,2,Wheat,Food Grains,['Cereals'],1,2002,99999,18934.0,Ha,Area
West Bengal,Malda,2022,2022-23,5,Final Estimate,99999,Total,2,Wheat,Food Grains,['Cereals'],1,2002,99999,62474.0,Tonnes,Production
West Bengal,Malda,2022,2022-23,5,Final Estimate,99999,Total,2,Wheat,Food Grains,['Cereals'],1,2002,99999,19021.0,Ha,Area
West Bengal,Malda,2022,2022-23,5,Final Estimate,99999,Total,2,Wheat,Food Grains,['Cereals'],1,2002,99999,3284.0,Kg/Ha,Yield
West Bengal,Malda,2023,2023-24,5,Final Estimate,99999,Total,2,Wheat,Food Grains,['Cereals'],1,2002,99999,3542.0,Kg/Ha,Yield
West Bengal,Malda,2023,2023-24,5,Final Estimate,99999,Total,2,Wheat,Food Grains,['Cereals'],1,2002,99999,67068.0,Tonnes,Production
West Bengal,Malda,2022,2022-23,5,Final Estimate,1,Kharif,5,Maize,Food Grains,['Cereals'],1,3001,1,24948.0,Tonnes,Production
West Bengal,Malda,2023,2023-24,5,Final Estimate,1,Kharif,5,Maize,Food Grains,['Cereals'],1,3001,1,4508.0,Kg/Ha,Yield
West Bengal,Malda,2023,2023-24,5,Final Estimate,1,Kharif,5,Maize,Food Grains,['Cereals'],1,3001,1,5726.86,Ha,Area
West Bengal,Malda,2023,2023-24,5,Final Estimate,1,Kharif,5,Maize,Food Grains,['Cereals'],1,3001,1,25816.25,Tonnes,Production
West Bengal,Malda,2022,2022-23,5,Final Estimate,1,Kharif,5,Maize,Food Grains,['Cereals'],1,3001,1,3258.0,Kg/Ha,Yield
West Bengal,Malda,2022,2022-23,5,Final Estimate,1,Kharif,5,Maize,Food Grains,['Cereals'],1,3001,1,7657.0,Ha,Area
West Bengal,Malda,2023,2023-24,5,Final Estimate,2,Rabi,5,Maize,Food Grains,['Cereals'],1,3001,2,28539.0,Ha,Area
West Bengal,Malda,2023,2023-24,5,Final Estimate,2,Rabi,5,Maize,Food Grains,['Cereals'],1,3001,2,9587.0,Kg/Ha,Yield
West Bengal,Malda,2022,2022-23,5,Final Estimate,2,Rabi,5,Maize,Food Grains,['Cereals'],1,3001,2,7920.0,Kg/Ha,Yield
West Bengal,Malda,2022,2022-23,5,Final Estimate,2,Rabi,5,Maize,Food Grains,['Cereals'],1,3001,2,255401.0,Tonnes,Production
West Bengal,Malda,2022,2022-23,5,Final Estimate,2,Rabi,5,Maize,Food Grains,['Cereals'],1,3001,2,32247.0,Ha,Area
West Bengal,Malda,2023,2023-24,5,Final Estimate,2,Rabi,5,Maize,Food Grains,['Cereals'],1,3001,2,273604.23,Tonnes,Production
West Bengal,Malda,2023,2023-24,5,Final Estimate,3,Summer,5,Maize,Food Grains,['Cereals'],1,3001,3,10965.33,Ha,Area
West Bengal,Malda,2023,2023-24,5,Final Estimate,3,Summer,5,Maize,Food Grains,['Cereals'],1,3001,3,88953.81,Tonnes,Production
West Bengal,Malda,2022,2022-23,5,Final Estimate,3,Summer,5,Maize,Food Grains,['Cereals'],1,3001,3,95580.0,Tonnes,Production
West Bengal,Malda,2022,2022-23,5,Final Estimate,3,Summer,5,Maize,Food Grains,['Cereals'],1,3001,3,8372.0,Kg/Ha,Yield
West Bengal,Malda,2022,2022-23,5,Final Estimate,3,Summer,5,Maize,Food Grains,['Cereals'],1,3001,3,11417.0,Ha,Area
West Bengal,Malda,2023,2023-24,5,Final Estimate,3,Summer,5,Maize,Food Grains,['Cereals'],1,3001,3,8112.0,Kg/Ha,Yield
West Bengal,Malda,2023,2023-24,5,Final Estimate,99999,Total,5,Maize,Food Grains,['Cereals'],1,3001,99999,45231.2,Ha,Area
West Bengal,Malda,2022,2022-23,5,Final Estimate,99999,Total,5,Maize,Food Grains,['Cereals'],1,3001,99999,7325.0,Kg/Ha,Yield
West Bengal,Malda,2022,2022-23,5,Final Estimate,99999,Total,5,Maize,Food Grains,['Cereals'],1,3001,99999,51321.0,Ha,Area
West Bengal,Malda,2022,2022-23,5,Final Estimate,99999,Total,5,Maize,Food Grains,['Cereals'],1,3001,99999,375929.0,Tonnes,Production
West Bengal,Malda,2023,2023-24,5,Final Estimate,99999,Total,5,Maize,Food Grains,['Cereals'],1,3001,99999,8586.0,Kg/Ha,Yield
West Bengal,Malda,2023,2023-24,5,Final Estimate,99999,Total,5,Maize,Food Grains,['Cereals'],1,3001,99999,388374.28,Tonnes,Production
West Bengal,Malda,2022,2022-23,5,Final Estimate,1,Kharif,3998,Nutri/Coarse Cereals,Food Grains,['Cereals'],1,3998,1,7657.0,Ha,Area
West Bengal,Malda,2023,2023-24,5,Final Estimate,1,Kharif,3998,Nutri/Coarse Cereals,Food Grains,['Cereals'],1,3998,1,4508.0,Kg/Ha,Yield
West Bengal,Malda,2023,2023-24,5,Final Estimate,1,Kharif,3998,Nutri/Coarse Cereals,Food Grains,['Cereals'],1,3998,1,5726.86,Ha,Area
West Bengal,Malda,2023,2023-24,5,Final Estimate,1,Kharif,3998,Nutri/Coarse Cereals,Food Grains,['Cereals'],1,3998,1,25816.25,Tonnes,Production
West Bengal,Malda,2022,2022-23,5,Final Estimate,1,Kharif,3998,Nutri/Coarse Cereals,Food Grains,['Cereals'],1,3998,1,24948.0,Tonnes,Production
West Bengal,Malda,2022,2022-23,5,Final Estimate,1,Kharif,3998,Nutri/Coarse Cereals,Food Grains,['Cereals'],1,3998,1,3258.0,Kg/Ha,Yield
West Bengal,Malda,2022,2022-23,5,Final Estimate,2,Rabi,3998,Nutri/Coarse Cereals,Food Grains,['Cereals'],1,3998,2,32247.0,Ha,Area
West Bengal,Malda,2023,2023-24,5,Final Estimate,2,Rabi,3998,Nutri/Coarse Cereals,Food Grains,['Cereals'],1,3998,2,9587.0,Kg/Ha,Yield
West Bengal,Malda,2023,2023-24,5,Final Estimate,2,Rabi,3998,Nutri/Coarse Cereals,Food Grains,['Cereals'],1,3998,2,28539.0,Ha,Area
West Bengal,Malda,2023,2023-24,5,Final Estimate,2,Rabi,3998,Nutri/Coarse Cereals,Food Grains,['Cereals'],1,3998,2,273604.23,Tonnes,Production
West Bengal,Malda,2022,2022-23,5,Final Estimate,2,Rabi,3998,Nutri/Coarse Cereals,Food Grains,['Cereals'],1,3998,2,255401.0,Tonnes,Production
West Bengal,Malda,2022,2022-23,5,Final Estimate,2,Rabi,3998,Nutri/Coarse Cereals,Food Grains,['Cereals'],1,3998,2,7920.0,Kg/Ha,Yield
West Bengal,Malda,2023,2023-24,5,Final Estimate,3,Summer,3998,Nutri/Coarse Cereals,Food Grains,['Cereals'],1,3998,3,8112.0,Kg/Ha,Yield
West Bengal,Malda,2022,2022-23,5,Final Estimate,3,Summer,3998,Nutri/Coarse Cereals,Food Grains,['Cereals'],1,3998,3,8372.0,Kg/Ha,Yield
West Bengal,Malda,2022,2022-23,5,Final Estimate,3,Summer,3998,Nutri/Coarse Cereals,Food Grains,['Cereals'],1,3998,3,11417.0,Ha,Area
West Bengal,Malda,2022,2022-23,5,Final Estimate,3,Summer,3998,Nutri/Coarse Cereals,Food Grains,['Cereals'],1,3998,3,95580.0,Tonnes,Production
West Bengal,Malda,2023,2023-24,5,Final Estimate,3,Summer,3998,Nutri/Coarse Cereals,Food Grains,['Cereals'],1,3998,3,88953.81,Tonnes,Production
West Bengal,Malda,2023,2023-24,5,Final Estimate,3,Summer,3998,Nutri/Coarse Cereals,Food Grains,['Cereals'],1,3998,3,10965.33,Ha,Area
West Bengal,Malda,2022,2022-23,5,Final Estimate,99999,Total,3998,Nutri/Coarse Cereals,Food Grains,['Cereals'],1,3998,99999,375929.0,Tonnes,Production
West Bengal,Malda,2022,2022-23,5,Final Estimate,99999,Total,3998,Nutri/Coarse Cereals,Food Grains,['Cereals'],1,3998,99999,7325.0,Kg/Ha,Yield
West Bengal,Malda,2022,2022-23,5,Final Estimate,99999,Total,3998,Nutri/Coarse Cereals,Food Grains,['Cereals'],1,3998,99999,51321.0,Ha,Area
West Bengal,Malda,2023,2023-24,5,Final Estimate,99999,Total,3998,Nutri/Coarse Cereals,Food Grains,['Cereals'],1,3998,99999,8586.0,Kg/Ha,Yield
West Bengal,Malda,2023,2023-24,5,Final Estimate,99999,Total,3998,Nutri/Coarse Cereals,Food Grains,['Cereals'],1,3998,99999,45231.2,Ha,Area
West Bengal,Malda,2023,2023-24,5,Final Estimate,99999,Total,3998,Nutri/Coarse Cereals,Food Grains,['Cereals'],1,3998,99999,388374.28,Tonnes,Production
West Bengal,Malda,2022,2022-23,5,Final Estimate,1,Kharif,3999,Cereals,Food Grains,['Cereals'],1,3999,1,31340.0,Tonnes,Production
West Bengal,Malda,2022,2022-23,5,Final Estimate,1,Kharif,3999,Cereals,Food Grains,['Cereals'],1,3999,1,10865.0,Ha,Area
West Bengal,Malda,2022,2022-23,5,Final Estimate,1,Kharif,3999,Cereals,Food Grains,['Cereals'],1,3999,1,2884.0,Kg/Ha,Yield
West Bengal,Malda,2023,2023-24,5,Final Estimate,1,Kharif,3999,Cereals,Food Grains,['Cereals'],1,3999,1,2927.0,Kg/Ha,Yield
West Bengal,Malda,2023,2023-24,5,Final Estimate,1,Kharif,3999,Cereals,Food Grains,['Cereals'],1,3999,1,146536.39,Ha,Area
West Bengal,Malda,2023,2023-24,5,Final Estimate,1,Kharif,3999,Cereals,Food Grains,['Cereals'],1,3999,1,428965.82,Tonnes,Production
West Bengal,Malda,2023,2023-24,5,Final Estimate,2,Rabi,3999,Cereals,Food Grains,['Cereals'],1,3999,2,7176.0,Kg/Ha,Yield
West Bengal,Malda,2022,2022-23,5,Final Estimate,2,Rabi,3999,Cereals,Food Grains,['Cereals'],1,3999,2,693847.0,Tonnes,Production
West Bengal,Malda,2022,2022-23,5,Final Estimate,2,Rabi,3999,Cereals,Food Grains,['Cereals'],1,3999,2,3873.0,Kg/Ha,Yield
West Bengal,Malda,2022,2022-23,5,Final Estimate,2,Rabi,3999,Cereals,Food Grains,['Cereals'],1,3999,2,179133.0,Ha,Area
West Bengal,Malda,2023,2023-24,5,Final Estimate,2,Rabi,3999,Cereals,Food Grains,['Cereals'],1,3999,2,47473.0,Ha,Area
West Bengal,Malda,2023,2023-24,5,Final Estimate,2,Rabi,3999,Cereals,Food Grains,['Cereals'],1,3999,2,340672.23,Tonnes,Production
West Bengal,Malda,2023,2023-24,5,Final Estimate,3,Summer,3999,Cereals,Food Grains,['Cereals'],1,3999,3,4804.0,Kg/Ha,Yield
West Bengal,Malda,2022,2022-23,5,Final Estimate,3,Summer,3999,Cereals,Food Grains,['Cereals'],1,3999,3,75432.0,Ha,Area
West Bengal,Malda,2022,2022-23,5,Final Estimate,3,Summer,3999,Cereals,Food Grains,['Cereals'],1,3999,3,347067.0,Tonnes,Production
West Bengal,Malda,2022,2022-23,5,Final Estimate,3,Summer,3999,Cereals,Food Grains,['Cereals'],1,3999,3,4601.0,Kg/Ha,Yield
West Bengal,Malda,2023,2023-24,5,Final Estimate,3,Summer,3999,Cereals,Food Grains,['Cereals'],1,3999,3,68751.26,Ha,Area
West Bengal,Malda,2023,2023-24,5,Final Estimate,3,Summer,3999,Cereals,Food Grains,['Cereals'],1,3999,3,330259.32,Tonnes,Production
West Bengal,Malda,2022,2022-23,5,Final Estimate,99999,Total,3999,Cereals,Food Grains,['Cereals'],1,3999,99999,4040.0,Kg/Ha,Yield
West Bengal,Malda,2022,2022-23,5,Final Estimate,99999,Total,3999,Cereals,Food Grains,['Cereals'],1,3999,99999,265430.0,Ha,Area
West Bengal,Malda,2022,2022-23,5,Final Estimate,99999,Total,3999,Cereals,Food Grains,['Cereals'],1,3999,99999,1072254.0,Tonnes,Production
West Bengal,Malda,2023,2023-24,5,Final Estimate,99999,Total,3999,Cereals,Food Grains,['Cereals'],1,3999,99999,4186.0,Kg/Ha,Yield
West Bengal,Malda,2023,2023-24,5,Final Estimate,99999,Total,3999,Cereals,Food Grains,['Cereals'],1,3999,99999,262760.64,Ha,Area
West Bengal,Malda,2023,2023-24,5,Final Estimate,99999,Total,3999,Cereals,Food Grains,['Cereals'],1,3999,99999,1099897.37,Tonnes,Production
West Bengal,Malda,2023,2023-24,5,Final Estimate,1,Kharif,9,Tur,Food Grains,['Pulses'],2,4001,1,2016.0,Kg/Ha,Yield
West Bengal,Malda,2023,2023-24,5,Final Estimate,1,Kharif,9,Tur,Food Grains,['Pulses'],2,4001,1,112.89,Tonnes,Production
West Bengal,Malda,2023,2023-24,5,Final Estimate,1,Kharif,9,Tur,Food Grains,['Pulses'],2,4001,1,56.0,Ha,Area
West Bengal,Malda,2022,2022-23,5,Final Estimate,2,Rabi,9,Tur,Food Grains,['Pulses'],2,4001,2,2111.0,Kg/Ha,Yield
West Bengal,Malda,2022,2022-23,5,Final Estimate,2,Rabi,9,Tur,Food Grains,['Pulses'],2,4001,2,72.0,Ha,Area
West Bengal,Malda,2022,2022-23,5,Final Estimate,2,Rabi,9,Tur,Food Grains,['Pulses'],2,4001,2,152.0,Tonnes,Production
West Bengal,Malda,2023,2023-24,5,Final Estimate,99999,Total,9,Tur,Food Grains,['Pulses'],2,4001,99999,112.89,Tonnes,Production
West Bengal,Malda,2023,2023-24,5,Final Estimate,99999,Total,9,Tur,Food Grains,['Pulses'],2,4001,99999,2016.0,Kg/Ha,Yield
West Bengal,Malda,2022,2022-23,5,Final Estimate,99999,Total,9,Tur,Food Grains,['Pulses'],2,4001,99999,2111.0,Kg/Ha,Yield
West Bengal,Malda,2023,2023-24,5,Final Estimate,99999,Total,9,Tur,Food Grains,['Pulses'],2,4001,99999,56.0,Ha,Area
West Bengal,Malda,2022,2022-23,5,Final Estimate,99999,Total,9,Tur,Food Grains,['Pulses'],2,4001,99999,152.0,Tonnes,Production
West Bengal,Malda,2022,2022-23,5,Final Estimate,99999,Total,9,Tur,Food Grains,['Pulses'],2,4001,99999,72.0,Ha,Area
West Bengal,Malda,2023,2023-24,5,Final Estimate,2,Rabi,10,Gram,Food Grains,['Pulses'],2,4002,2,1486.0,Kg/Ha,Yield
West Bengal,Malda,2022,2022-23,5,Final Estimate,2,Rabi,10,Gram,Food Grains,['Pulses'],2,4002,2,2565.0,Tonnes,Production
West Bengal,Malda,2022,2022-23,5,Final Estimate,2,Rabi,10,Gram,Food Grains,['Pulses'],2,4002,2,1953.0,Ha,Area
West Bengal,Malda,2022,2022-23,5,Final Estimate,2,Rabi,10,Gram,Food Grains,['Pulses'],2,4002,2,1313.0,Kg/Ha,Yield
West Bengal,Malda,2023,2023-24,5,Final Estimate,2,Rabi,10,Gram,Food Grains,['Pulses'],2,4002,2,2604.3,Tonnes,Production
West Bengal,Malda,2023,2023-24,5,Final Estimate,2,Rabi,10,Gram,Food Grains,['Pulses'],2,4002,2,1752.0,Ha,Area
West Bengal,Malda,2023,2023-24,5,Final Estimate,99999,Total,10,Gram,Food Grains,['Pulses'],2,4002,99999,1486.0,Kg/Ha,Yield
West Bengal,Malda,2023,2023-24,5,Final Estimate,99999,Total,10,Gram,Food Grains,['Pulses'],2,4002,99999,1752.0,Ha,Area
West Bengal,Malda,2023,2023-24,5,Final Estimate,99999,Total,10,Gram,Food Grains,['Pulses'],2,4002,99999,2604.3,Tonnes,Production
West Bengal,Malda,2022,2022-23,5,Final Estimate,99999,Total,10,Gram,Food Grains,['Pulses'],2,4002,99999,1313.0,Kg/Ha,Yield
West Bengal,Malda,2022,2022-23,5,Final Estimate,99999,Total,10,Gram,Food Grains,['Pulses'],2,4002,99999,1953.0,Ha,Area
West Bengal,Malda,2022,2022-23,5,Final Estimate,99999,Total,10,Gram,Food Grains,['Pulses'],2,4002,99999,2565.0,Tonnes,Production
West Bengal,Malda,2023,2023-24,5,Final Estimate,1,Kharif,11,Urad,Food Grains,['Pulses'],2,4003,1,1092.0,Kg/Ha,Yield
West Bengal,Malda,2022,2022-23,5,Final Estimate,1,Kharif,11,Urad,Food Grains,['Pulses'],2,4003,1,962.0,Kg/Ha,Yield
West Bengal,Malda,2022,2022-23,5,Final Estimate,1,Kharif,11,Urad,Food Grains,['Pulses'],2,4003,1,10855.0,Tonnes,Production
West Bengal,Malda,2022,2022-23,5,Final Estimate,1,Kharif,11,Urad,Food Grains,['Pulses'],2,4003,1,11284.0,Ha,Area
West Bengal,Malda,2023,2023-24,5,Final Estimate,1,Kharif,11,Urad,Food Grains,['Pulses'],2,4003,1,12000.67,Tonnes,Production
West Bengal,Malda,2023,2023-24,5,Final Estimate,1,Kharif,11,Urad,Food Grains,['Pulses'],2,4003,1,10985.0,Ha,Area
West Bengal,Malda,2023,2023-24,5,Final Estimate,2,Rabi,11,Urad,Food Grains,['Pulses'],2,4003,2,43.79,Tonnes,Production
West Bengal,Malda,2023,2023-24,5,Final Estimate,2,Rabi,11,Urad,Food Grains,['Pulses'],2,4003,2,730.0,Kg/Ha,Yield
West Bengal,Malda,2023,2023-24,5,Final Estimate,2,Rabi,11,Urad,Food Grains,['Pulses'],2,4003,2,60.0,Ha,Area
West Bengal,Malda,2022,2022-23,5,Final Estimate,99999,Total,11,Urad,Food Grains,['Pulses'],2,4003,99999,11284.0,Ha,Area
West Bengal,Malda,2022,2022-23,5,Final Estimate,99999,Total,11,Urad,Food Grains,['Pulses'],2,4003,99999,962.0,Kg/Ha,Yield
West Bengal,Malda,2022,2022-23,5,Final Estimate,99999,Total,11,Urad,Food Grains,['Pulses'],2,4003,99999,10855.0,Tonnes,Production
West Bengal,Malda,2023,2023-24,5,Final Estimate,99999,Total,11,Urad,Food Grains,['Pulses'],2,4003,99999,12044.46,Tonnes,Production
West Bengal,Malda,2023,2023-24,5,Final Estimate,99999,Total,11,Urad,Food Grains,['Pulses'],2,4003,99999,11045.0,Ha,Area
West Bengal,Malda,2023,2023-24,5,Final Estimate,99999,Total,11,Urad,Food Grains,['Pulses'],2,4003,99999,1090.0,Kg/Ha,Yield
West Bengal,Malda,2023,2023-24,5,Final Estimate,2,Rabi,12,Moong,Food Grains,['Pulses'],2,4004,2,52.35,Tonnes,Production
West Bengal,Malda,2023,2023-24,5,Final Estimate,2,Rabi,12,Moong,Food Grains,['Pulses'],2,4004,2,748.0,Kg/Ha,Yield
West Bengal,Malda,2023,2023-24,5,Final Estimate,2,Rabi,12,Moong,Food Grains,['Pulses'],2,4004,2,70.0,Ha,Area
West Bengal,Malda,2022,2022-23,5,Final Estimate,3,Summer,12,Moong,Food Grains,['Pulses'],2,4004,3,3648.0,Tonnes,Production
West Bengal,Malda,2023,2023-24,5,Final Estimate,3,Summer,12,Moong,Food Grains,['Pulses'],2,4004,3,2198.0,Kg/Ha,Yield
West Bengal,Malda,2023,2023-24,5,Final Estimate,3,Summer,12,Moong,Food Grains,['Pulses'],2,4004,3,3341.36,Tonnes,Production
West Bengal,Malda,2023,2023-24,5,Final Estimate,3,Summer,12,Moong,Food Grains,['Pulses'],2,4004,3,1520.0,Ha,Area
West Bengal,Malda,2022,2022-23,5,Final Estimate,3,Summer,12,Moong,Food Grains,['Pulses'],2,4004,3,2203.0,Ha,Area
West Bengal,Malda,2022,2022-23,5,Final Estimate,3,Summer,12,Moong,Food Grains,['Pulses'],2,4004,3,1656.0,Kg/Ha,Yield
West Bengal,Malda,2022,2022-23,5,Final Estimate,99999,Total,12,Moong,Food Grains,['Pulses'],2,4004,99999,3648.0,Tonnes,Production
West Bengal,Malda,2023,2023-24,5,Final Estimate,99999,Total,12,Moong,Food Grains,['Pulses'],2,4004,99999,3393.71,Tonnes,Production
West Bengal,Malda,2023,2023-24,5,Final Estimate,99999,Total,12,Moong,Food Grains,['Pulses'],2,4004,99999,2134.0,Kg/Ha,Yield
West Bengal,Malda,2023,2023-24,5,Final Estimate,99999,Total,12,Moong,Food Grains,['Pulses'],2,4004,99999,1590.0,Ha,Area
West Bengal,Malda,2022,2022-23,5,Final Estimate,99999,Total,12,Moong,Food Grains,['Pulses'],2,4004,99999,1656.0,Kg/Ha,Yield
West Bengal,Malda,2022,2022-23,5,Final Estimate,99999,Total,12,Moong,Food Grains,['Pulses'],2,4004,99999,2203.0,Ha,Area
West Bengal,Malda,2023,2023-24,5,Final Estimate,2,Rabi,13,Lentil,Food Grains,['Pulses'],2,4005,2,13614.0,Ha,Area
West Bengal,Malda,2022,2022-23,5,Final Estimate,2,Rabi,13,Lentil,Food Grains,['Pulses'],2,4005,2,16094.0,Tonnes,Production
West Bengal,Malda,2022,2022-23,5,Final Estimate,2,Rabi,13,Lentil,Food Grains,['Pulses'],2,4005,2,13127.0,Ha,Area
West Bengal,Malda,2022,2022-23,5,Final Estimate,2,Rabi,13,Lentil,Food Grains,['Pulses'],2,4005,2,1226.0,Kg/Ha,Yield
West Bengal,Malda,2023,2023-24,5,Final Estimate,2,Rabi,13,Lentil,Food Grains,['Pulses'],2,4005,2,15621.8,Tonnes,Production
West Bengal,Malda,2023,2023-24,5,Final Estimate,2,Rabi,13,Lentil,Food Grains,['Pulses'],2,4005,2,1147.0,Kg/Ha,Yield
West Bengal,Malda,2022,2022-23,5,Final Estimate,99999,Total,13,Lentil,Food Grains,['Pulses'],2,4005,99999,1226.0,Kg/Ha,Yield
West Bengal,Malda,2023,2023-24,5,Final Estimate,99999,Total,13,Lentil,Food Grains,['Pulses'],2,4005,99999,15621.8,Tonnes,Production
West Bengal,Malda,2023,2023-24,5,Final Estimate,99999,Total,13,Lentil,Food Grains,['Pulses'],2,4005,99999,13614.0,Ha,Area
West Bengal,Malda,2023,2023-24,5,Final Estimate,99999,Total,13,Lentil,Food Grains,['Pulses'],2,4005,99999,1147.0,Kg/Ha,Yield
West Bengal,Malda,2022,2022-23,5,Final Estimate,99999,Total,13,Lentil,Food Grains,['Pulses'],2,4005,99999,13127.0,Ha,Area
West Bengal,Malda,2022,2022-23,5,Final Estimate,99999,Total,13,Lentil,Food Grains,['Pulses'],2,4005,99999,16094.0,Tonnes,Production
West Bengal,Malda,2022,2022-23,5,Final Estimate,2,Rabi,14,Other Pulses,Food Grains,['Pulses'],2,4006,2,5748.0,Ha,Area
West Bengal,Malda,2023,2023-24,5,Final Estimate,2,Rabi,14,Other Pulses,Food Grains,['Pulses'],2,4006,2,1056.0,Kg/Ha,Yield
West Bengal,Malda,2023,2023-24,5,Final Estimate,2,Rabi,14,Other Pulses,Food Grains,['Pulses'],2,4006,2,5661.0,Ha,Area
West Bengal,Malda,2023,2023-24,5,Final Estimate,2,Rabi,14,Other Pulses,Food Grains,['Pulses'],2,4006,2,5975.49,Tonnes,Production
West Bengal,Malda,2022,2022-23,5,Final Estimate,2,Rabi,14,Other Pulses,Food Grains,['Pulses'],2,4006,2,1151.0,Kg/Ha,Yield
West Bengal,Malda,2022,2022-23,5,Final Estimate,2,Rabi,14,Other Pulses,Food Grains,['Pulses'],2,4006,2,6618.0,Tonnes,Production
West Bengal,Malda,2022,2022-23,5,Final Estimate,99999,Total,14,Other Pulses,Food Grains,['Pulses'],2,4006,99999,5748.0,Ha,Area
West Bengal,Malda,2023,2023-24,5,Final Estimate,99999,Total,14,Other Pulses,Food Grains,['Pulses'],2,4006,99999,1056.0,Kg/Ha,Yield
West Bengal,Malda,2023,2023-24,5,Final Estimate,99999,Total,14,Other Pulses,Food Grains,['Pulses'],2,4006,99999,5661.0,Ha,Area
West Bengal,Malda,2022,2022-23,5,Final Estimate,99999,Total,14,Other Pulses,Food Grains,['Pulses'],2,4006,99999,6618.0,Tonnes,Production
West Bengal,Malda,2022,2022-23,5,Final Estimate,99999,Total,14,Other Pulses,Food Grains,['Pulses'],2,4006,99999,1151.0,Kg/Ha,Yield
West Bengal,Malda,2023,2023-24,5,Final Estimate,99999,Total,14,Other Pulses,Food Grains,['Pulses'],2,4006,99999,5975.49,Tonnes,Production
West Bengal,Malda,2022,2022-23,5,Final Estimate,99999,Total,4998,Total Pulses,Food Grains,['Pulses'],2,4998,99999,39932.0,Tonnes,Production
West Bengal,Malda,2023,2023-24,5,Final Estimate,99999,Total,4998,Total Pulses,Food Grains,['Pulses'],2,4998,99999,39752.65,Tonnes,Production
West Bengal,Malda,2023,2023-24,5,Final Estimate,99999,Total,4998,Total Pulses,Food Grains,['Pulses'],2,4998,99999,33718.0,Ha,Area
West Bengal,Malda,2023,2023-24,5,Final Estimate,99999,Total,4998,Total Pulses,Food Grains,['Pulses'],2,4998,99999,1179.0,Kg/Ha,Yield
West Bengal,Malda,2022,2022-23,5,Final Estimate,99999,Total,4998,Total Pulses,Food Grains,['Pulses'],2,4998,99999,1161.0,Kg/Ha,Yield
West Bengal,Malda,2022,2022-23,5,Final Estimate,99999,Total,4998,Total Pulses,Food Grains,['Pulses'],2,4998,99999,34387.0,Ha,Area
West Bengal,Malda,2022,2022-23,5,Final Estimate,1,Kharif,4999,Total Food Grains,Food Grains,"['Cereals', 'Pulses']",2,4999,1,42195.0,Tonnes,Production
West Bengal,Malda,2022,2022-23,5,Final Estimate,1,Kharif,4999,Total Food Grains,Food Grains,"['Cereals', 'Pulses']",2,4999,1,1905.0,Kg/Ha,Yield
West Bengal,Malda,2023,2023-24,5,Final Estimate,1,Kharif,4999,Total Food Grains,Food Grains,"['Cereals', 'Pulses']",2,4999,1,441079.37,Tonnes,Production
West Bengal,Malda,2023,2023-24,5,Final Estimate,1,Kharif,4999,Total Food Grains,Food Grains,"['Cereals', 'Pulses']",2,4999,1,157577.39,Ha,Area
West Bengal,Malda,2023,2023-24,5,Final Estimate,1,Kharif,4999,Total Food Grains,Food Grains,"['Cereals', 'Pulses']",2,4999,1,2799.0,Kg/Ha,Yield
West Bengal,Malda,2022,2022-23,5,Final Estimate,1,Kharif,4999,Total Food Grains,Food Grains,"['Cereals', 'Pulses']",2,4999,1,22149.0,Ha,Area
West Bengal,Malda,2022,2022-23,5,Final Estimate,2,Rabi,4999,Total Food Grains,Food Grains,"['Cereals', 'Pulses']",2,4999,2,3596.0,Kg/Ha,Yield
West Bengal,Malda,2023,2023-24,5,Final Estimate,2,Rabi,4999,Total Food Grains,Food Grains,"['Cereals', 'Pulses']",2,4999,2,364969.96,Tonnes,Production
West Bengal,Malda,2023,2023-24,5,Final Estimate,2,Rabi,4999,Total Food Grains,Food Grains,"['Cereals', 'Pulses']",2,4999,2,68630.0,Ha,Area
West Bengal,Malda,2022,2022-23,5,Final Estimate,2,Rabi,4999,Total Food Grains,Food Grains,"['Cereals', 'Pulses']",2,4999,2,719276.0,Tonnes,Production
West Bengal,Malda,2023,2023-24,5,Final Estimate,2,Rabi,4999,Total Food Grains,Food Grains,"['Cereals', 'Pulses']",2,4999,2,5318.0,Kg/Ha,Yield
West Bengal,Malda,2022,2022-23,5,Final Estimate,2,Rabi,4999,Total Food Grains,Food Grains,"['Cereals', 'Pulses']",2,4999,2,200033.0,Ha,Area
West Bengal,Malda,2022,2022-23,5,Final Estimate,3,Summer,4999,Total Food Grains,Food Grains,"['Cereals', 'Pulses']",2,4999,3,350715.0,Tonnes,Production
West Bengal,Malda,2023,2023-24,5,Final Estimate,3,Summer,4999,Total Food Grains,Food Grains,"['Cereals', 'Pulses']",2,4999,3,4747.0,Kg/Ha,Yield
West Bengal,Malda,2022,2022-23,5,Final Estimate,3,Summer,4999,Total Food Grains,Food Grains,"['Cereals', 'Pulses']",2,4999,3,4517.0,Kg/Ha,Yield
West Bengal,Malda,2023,2023-24,5,Final Estimate,3,Summer,4999,Total Food Grains,Food Grains,"['Cereals', 'Pulses']",2,4999,3,70271.26,Ha,Area
West Bengal,Malda,2022,2022-23,5,Final Estimate,3,Summer,4999,Total Food Grains,Food Grains,"['Cereals', 'Pulses']",2,4999,3,77635.0,Ha,Area
West Bengal,Malda,2023,2023-24,5,Final Estimate,3,Summer,4999,Total Food Grains,Food Grains,"['Cereals', 'Pulses']",2,4999,3,333600.68,Tonnes,Production
West Bengal,Malda,2022,2022-23,5,Final Estimate,99999,Total,4999,Total Food Grains,Food Grains,"['Cereals', 'Pulses']",2,4999,99999,3710.0,Kg/Ha,Yield
West Bengal,Malda,2023,2023-24,5,Final Estimate,99999,Total,4999,Total Food Grains,Food Grains,"['Cereals', 'Pulses']",2,4999,99999,3844.0,Kg/Ha,Yield
West Bengal,Malda,2023,2023-24,5,Final Estimate,99999,Total,4999,Total Food Grains,Food Grains,"['Cereals', 'Pulses']",2,4999,99999,296478.64,Ha,Area
West Bengal,Malda,2023,2023-24,5,Final Estimate,99999,Total,4999,Total Food Grains,Food Grains,"['Cereals', 'Pulses']",2,4999,99999,1139650.02,Tonnes,Production
West Bengal,Malda,2022,2022-23,5,Final Estimate,99999,Total,4999,Total Food Grains,Food Grains,"['Cereals', 'Pulses']",2,4999,99999,1112186.0,Tonnes,Production
West Bengal,Malda,2022,2022-23,5,Final Estimate,99999,Total,4999,Total Food Grains,Food Grains,"['Cereals', 'Pulses']",2,4999,99999,299817.0,Ha,Area
West Bengal,Malda,2022,2022-23,5,Final Estimate,3,Summer,15,Groundnut,Oilseeds,['Oil Seeds'],3,1,3,392.0,Ha,Area
West Bengal,Malda,2022,2022-23,5,Final Estimate,3,Summer,15,Groundnut,Oilseeds,['Oil Seeds'],3,1,3,544.0,Tonnes,Production
West Bengal,Malda,2022,2022-23,5,Final Estimate,3,Summer,15,Groundnut,Oilseeds,['Oil Seeds'],3,1,3,1388.0,Kg/Ha,Yield
West Bengal,Malda,2023,2023-24,5,Final Estimate,3,Summer,15,Groundnut,Oilseeds,['Oil Seeds'],3,1,3,1546.0,Kg/Ha,Yield
West Bengal,Malda,2023,2023-24,5,Final Estimate,3,Summer,15,Groundnut,Oilseeds,['Oil Seeds'],3,1,3,282.97,Ha,Area
West Bengal,Malda,2023,2023-24,5,Final Estimate,3,Summer,15,Groundnut,Oilseeds,['Oil Seeds'],3,1,3,437.59,Tonnes,Production
West Bengal,Malda,2023,2023-24,5,Final Estimate,99999,Total,15,Groundnut,Oilseeds,['Oil Seeds'],3,1,99999,282.97,Ha,Area
West Bengal,Malda,2022,2022-23,5,Final Estimate,99999,Total,15,Groundnut,Oilseeds,['Oil Seeds'],3,1,99999,392.0,Ha,Area
West Bengal,Malda,2023,2023-24,5,Final Estimate,99999,Total,15,Groundnut,Oilseeds,['Oil Seeds'],3,1,99999,1546.0,Kg/Ha,Yield
West Bengal,Malda,2023,2023-24,5,Final Estimate,99999,Total,15,Groundnut,Oilseeds,['Oil Seeds'],3,1,99999,437.59,Tonnes,Production
West Bengal,Malda,2022,2022-23,5,Final Estimate,99999,Total,15,Groundnut,Oilseeds,['Oil Seeds'],3,1,99999,1388.0,Kg/Ha,Yield
West Bengal,Malda,2022,2022-23,5,Final Estimate,99999,Total,15,Groundnut,Oilseeds,['Oil Seeds'],3,1,99999,544.0,Tonnes,Production
West Bengal,Malda,2023,2023-24,5,Final Estimate,3,Summer,17,Sesamum,Oilseeds,['Oil Seeds'],3,3,3,155.55,Tonnes,Production
West Bengal,Malda,2022,2022-23,5,Final Estimate,3,Summer,17,Sesamum,Oilseeds,['Oil Seeds'],3,3,3,854.0,Kg/Ha,Yield
West Bengal,Malda,2023,2023-24,5,Final Estimate,3,Summer,17,Sesamum,Oilseeds,['Oil Seeds'],3,3,3,346.0,Ha,Area
West Bengal,Malda,2023,2023-24,5,Final Estimate,3,Summer,17,Sesamum,Oilseeds,['Oil Seeds'],3,3,3,450.0,Kg/Ha,Yield
West Bengal,Malda,2022,2022-23,5,Final Estimate,3,Summer,17,Sesamum,Oilseeds,['Oil Seeds'],3,3,3,397.0,Ha,Area
West Bengal,Malda,2022,2022-23,5,Final Estimate,3,Summer,17,Sesamum,Oilseeds,['Oil Seeds'],3,3,3,339.0,Tonnes,Production
West Bengal,Malda,2022,2022-23,5,Final Estimate,99999,Total,17,Sesamum,Oilseeds,['Oil Seeds'],3,3,99999,397.0,Ha,Area
West Bengal,Malda,2023,2023-24,5,Final Estimate,99999,Total,17,Sesamum,Oilseeds,['Oil Seeds'],3,3,99999,450.0,Kg/Ha,Yield
West Bengal,Malda,2023,2023-24,5,Final Estimate,99999,Total,17,Sesamum,Oilseeds,['Oil Seeds'],3,3,99999,346.0,Ha,Area
West Bengal,Malda,2023,2023-24,5,Final Estimate,99999,Total,17,Sesamum,Oilseeds,['Oil Seeds'],3,3,99999,155.55,Tonnes,Production
West Bengal,Malda,2022,2022-23,5,Final Estimate,99999,Total,17,Sesamum,Oilseeds,['Oil Seeds'],3,3,99999,854.0,Kg/Ha,Yield
West Bengal,Malda,2022,2022-23,5,Final Estimate,99999,Total,17,Sesamum,Oilseeds,['Oil Seeds'],3,3,99999,339.0,Tonnes,Production
West Bengal,Malda,2022,2022-23,5,Final Estimate,2,Rabi,21,Rapeseed & Mustard,Oilseeds,['Oil Seeds'],3,7,2,1851.0,Kg/Ha,Yield
West Bengal,Malda,2022,2022-23,5,Final Estimate,2,Rabi,21,Rapeseed & Mustard,Oilseeds,['Oil Seeds'],3,7,2,75843.0,Tonnes,Production
West Bengal,Malda,2023,2023-24,5,Final Estimate,2,Rabi,21,Rapeseed & Mustard,Oilseeds,['Oil Seeds'],3,7,2,72649.3,Tonnes,Production
West Bengal,Malda,2023,2023-24,5,Final Estimate,2,Rabi,21,Rapeseed & Mustard,Oilseeds,['Oil Seeds'],3,7,2,45786.0,Ha,Area
West Bengal,Malda,2023,2023-24,5,Final Estimate,2,Rabi,21,Rapeseed & Mustard,Oilseeds,['Oil Seeds'],3,7,2,1587.0,Kg/Ha,Yield
West Bengal,Malda,2022,2022-23,5,Final Estimate,2,Rabi,21,Rapeseed & Mustard,Oilseeds,['Oil Seeds'],3,7,2,40978.0,Ha,Area
West Bengal,Malda,2023,2023-24,5,Final Estimate,99999,Total,21,Rapeseed & Mustard,Oilseeds,['Oil Seeds'],3,7,99999,1587.0,Kg/Ha,Yield
West Bengal,Malda,2023,2023-24,5,Final Estimate,99999,Total,21,Rapeseed & Mustard,Oilseeds,['Oil Seeds'],3,7,99999,45786.0,Ha,Area
West Bengal,Malda,2023,2023-24,5,Final Estimate,99999,Total,21,Rapeseed & Mustard,Oilseeds,['Oil Seeds'],3,7,99999,72649.3,Tonnes,Production
West Bengal,Malda,2022,2022-23,5,Final Estimate,99999,Total,21,Rapeseed & Mustard,Oilseeds,['Oil Seeds'],3,7,99999,1851.0,Kg/Ha,Yield
West Bengal,Malda,2022,2022-23,5,Final Estimate,99999,Total,21,Rapeseed & Mustard,Oilseeds,['Oil Seeds'],3,7,99999,40978.0,Ha,Area
West Bengal,Malda,2022,2022-23,5,Final Estimate,99999,Total,21,Rapeseed & Mustard,Oilseeds,['Oil Seeds'],3,7,99999,75843.0,Tonnes,Production
West Bengal,Malda,2023,2023-24,5,Final Estimate,2,Rabi,22,Linseed,Oilseeds,['Oil Seeds'],3,8,2,455.0,Kg/Ha,Yield
West Bengal,Malda,2022,2022-23,5,Final Estimate,2,Rabi,22,Linseed,Oilseeds,['Oil Seeds'],3,8,2,23.0,Ha,Area
West Bengal,Malda,2023,2023-24,5,Final Estimate,2,Rabi,22,Linseed,Oilseeds,['Oil Seeds'],3,8,2,57.31,Tonnes,Production
West Bengal,Malda,2022,2022-23,5,Final Estimate,2,Rabi,22,Linseed,Oilseeds,['Oil Seeds'],3,8,2,10.0,Tonnes,Production
West Bengal,Malda,2022,2022-23,5,Final Estimate,2,Rabi,22,Linseed,Oilseeds,['Oil Seeds'],3,8,2,435.0,Kg/Ha,Yield
West Bengal,Malda,2023,2023-24,5,Final Estimate,2,Rabi,22,Linseed,Oilseeds,['Oil Seeds'],3,8,2,126.0,Ha,Area
West Bengal,Malda,2023,2023-24,5,Final Estimate,99999,Total,22,Linseed,Oilseeds,['Oil Seeds'],3,8,99999,57.31,Tonnes,Production
West Bengal,Malda,2023,2023-24,5,Final Estimate,99999,Total,22,Linseed,Oilseeds,['Oil Seeds'],3,8,99999,455.0,Kg/Ha,Yield
West Bengal,Malda,2022,2022-23,5,Final Estimate,99999,Total,22,Linseed,Oilseeds,['Oil Seeds'],3,8,99999,435.0,Kg/Ha,Yield
West Bengal,Malda,2022,2022-23,5,Final Estimate,99999,Total,22,Linseed,Oilseeds,['Oil Seeds'],3,8,99999,10.0,Tonnes,Production
West Bengal,Malda,2023,2023-24,5,Final Estimate,99999,Total,22,Linseed,Oilseeds,['Oil Seeds'],3,8,99999,126.0,Ha,Area
West Bengal,Malda,2022,2022-23,5,Final Estimate,99999,Total,22,Linseed,Oilseeds,['Oil Seeds'],3,8,99999,23.0,Ha,Area
West Bengal,Malda,2023,2023-24,5,Final Estimate,99999,Total,999,Total Oil Seeds,Oilseeds,['Oil Seeds'],3,999,99999,73299.75,Tonnes,Production
West Bengal,Malda,2022,2022-23,5,Final Estimate,99999,Total,999,Total Oil Seeds,Oilseeds,['Oil Seeds'],3,999,99999,1836.0,Kg/Ha,Yield
West Bengal,Malda,2022,2022-23,5,Final Estimate,99999,Total,999,Total Oil Seeds,Oilseeds,['Oil Seeds'],3,999,99999,41790.0,Ha,Area
West Bengal,Malda,2022,2022-23,5,Final Estimate,99999,Total,999,Total Oil Seeds,Oilseeds,['Oil Seeds'],3,999,99999,76736.0,Tonnes,Production
West Bengal,Malda,2023,2023-24,5,Final Estimate,99999,Total,999,Total Oil Seeds,Oilseeds,['Oil Seeds'],3,999,99999,1575.0,Kg/Ha,Yield
West Bengal,Malda,2023,2023-24,5,Final Estimate,99999,Total,999,Total Oil Seeds,Oilseeds,['Oil Seeds'],3,999,99999,46540.97,Ha,Area
West Bengal,Malda,2023,2023-24,5,Final Estimate,1,Kharif,28,Sugarcane,Commercial Crops,['Commercial Crops'],4,1001,1,110712.17,Tonnes,Production
West Bengal,Malda,2023,2023-24,5,Final Estimate,1,Kharif,28,Sugarcane,Commercial Crops,['Commercial Crops'],4,1001,1,1899.0,Ha,Area
West Bengal,Malda,2023,2023-24,5,Final Estimate,1,Kharif,28,Sugarcane,Commercial Crops,['Commercial Crops'],4,1001,1,58300.0,Kg/Ha,Yield
West Bengal,Malda,2022,2022-23,5,Final Estimate,1,Kharif,28,Sugarcane,Commercial Crops,['Commercial Crops'],4,1001,1,2271.0,Ha,Area
West Bengal,Malda,2022,2022-23,5,Final Estimate,1,Kharif,28,Sugarcane,Commercial Crops,['Commercial Crops'],4,1001,1,103517.0,Kg/Ha,Yield
West Bengal,Malda,2022,2022-23,5,Final Estimate,1,Kharif,28,Sugarcane,Commercial Crops,['Commercial Crops'],4,1001,1,235088.0,Tonnes,Production
West Bengal,Malda,2022,2022-23,5,Final Estimate,99999,Total,28,Sugarcane,Commercial Crops,['Commercial Crops'],4,1001,99999,103517.0,Kg/Ha,Yield
West Bengal,Malda,2023,2023-24,5,Final Estimate,99999,Total,28,Sugarcane,Commercial Crops,['Commercial Crops'],4,1001,99999,1899.0,Ha,Area
West Bengal,Malda,2023,2023-24,5,Final Estimate,99999,Total,28,Sugarcane,Commercial Crops,['Commercial Crops'],4,1001,99999,110712.17,Tonnes,Production
West Bengal,Malda,2023,2023-24,5,Final Estimate,99999,Total,28,Sugarcane,Commercial Crops,['Commercial Crops'],4,1001,99999,58300.0,Kg/Ha,Yield
West Bengal,Malda,2022,2022-23,5,Final Estimate,99999,Total,28,Sugarcane,Commercial Crops,['Commercial Crops'],4,1001,99999,235088.0,Tonnes,Production
West Bengal,Malda,2022,2022-23,5,Final Estimate,99999,Total,28,Sugarcane,Commercial Crops,['Commercial Crops'],4,1001,99999,2271.0,Ha,Area
West Bengal,Malda,2022,2022-23,5,Final Estimate,1,Kharif,26,Jute,Commercial Crops,['Commercial Crops'],4,1003,1,27330.0,Ha,Area
West Bengal,Malda,2022,2022-23,5,Final Estimate,1,Kharif,26,Jute,Commercial Crops,['Commercial Crops'],4,1003,1,425497.0,Tonnes,Production
West Bengal,Malda,2023,2023-24,5,Final Estimate,1,Kharif,26,Jute,Commercial Crops,['Commercial Crops'],4,1003,1,3616.0,Kg/Ha,Yield
West Bengal,Malda,2023,2023-24,5,Final Estimate,1,Kharif,26,Jute,Commercial Crops,['Commercial Crops'],4,1003,1,569522.03,Tonnes,Production
West Bengal,Malda,2023,2023-24,5,Final Estimate,1,Kharif,26,Jute,Commercial Crops,['Commercial Crops'],4,1003,1,28352.0,Ha,Area
West Bengal,Malda,2022,2022-23,5,Final Estimate,1,Kharif,26,Jute,Commercial Crops,['Commercial Crops'],4,1003,1,2802.0,Kg/Ha,Yield
West Bengal,Malda,2023,2023-24,5,Final Estimate,99999,Total,26,Jute,Commercial Crops,['Commercial Crops'],4,1003,99999,569522.03,Tonnes,Production
West Bengal,Malda,2023,2023-24,5,Final Estimate,99999,Total,26,Jute,Commercial Crops,['Commercial Crops'],4,1003,99999,3616.0,Kg/Ha,Yield
West Bengal,Malda,2023,2023-24,5,Final Estimate,99999,Total,26,Jute,Commercial Crops,['Commercial Crops'],4,1003,99999,28352.0,Ha,Area
West Bengal,Malda,2022,2022-23,5,Final Estimate,99999,Total,26,Jute,Commercial Crops,['Commercial Crops'],4,1003,99999,425497.0,Tonnes,Production
West Bengal,Malda,2022,2022-23,5,Final Estimate,99999,Total,26,Jute,Commercial Crops,['Commercial Crops'],4,1003,99999,27330.0,Ha,Area
West Bengal,Malda,2022,2022-23,5,Final Estimate,99999,Total,26,Jute,Commercial Crops,['Commercial Crops'],4,1003,99999,2802.0,Kg/Ha,Yield
West Bengal,Malda,2022,2022-23,5,Final Estimate,1,Kharif,27,Mesta,Commercial Crops,['Commercial Crops'],4,1004,1,641.0,Ha,Area
West Bengal,Malda,2023,2023-24,5,Final Estimate,1,Kharif,27,Mesta,Commercial Crops,['Commercial Crops'],4,1004,1,8131.77,Tonnes,Production
West Bengal,Malda,2023,2023-24,5,Final Estimate,1,Kharif,27,Mesta,Commercial Crops,['Commercial Crops'],4,1004,1,2572.0,Kg/Ha,Yield
West Bengal,Malda,2023,2023-24,5,Final Estimate,1,Kharif,27,Mesta,Commercial Crops,['Commercial Crops'],4,1004,1,569.0,Ha,Area
West Bengal,Malda,2022,2022-23,5,Final Estimate,1,Kharif,27,Mesta,Commercial Crops,['Commercial Crops'],4,1004,1,2513.0,Kg/Ha,Yield
West Bengal,Malda,2022,2022-23,5,Final Estimate,1,Kharif,27,Mesta,Commercial Crops,['Commercial Crops'],4,1004,1,8948.0,Tonnes,Production
West Bengal,Malda,2023,2023-24,5,Final Estimate,99999,Total,27,Mesta,Commercial Crops,['Commercial Crops'],4,1004,99999,569.0,Ha,Area
West Bengal,Malda,2022,2022-23,5,Final Estimate,99999,Total,27,Mesta,Commercial Crops,['Commercial Crops'],4,1004,99999,2513.0,Kg/Ha,Yield
West Bengal,Malda,2022,2022-23,5,Final Estimate,99999,Total,27,Mesta,Commercial Crops,['Commercial Crops'],4,1004,99999,8948.0,Tonnes,Production
West Bengal,Malda,2022,2022-23,5,Final Estimate,99999,Total,27,Mesta,Commercial Crops,['Commercial Crops'],4,1004,99999,641.0,Ha,Area
West Bengal,Malda,2023,2023-24,5,Final Estimate,99999,Total,27,Mesta,Commercial Crops,['Commercial Crops'],4,1004,99999,8131.77,Tonnes,Production
West Bengal,Malda,2023,2023-24,5,Final Estimate,99999,Total,27,Mesta,Commercial Crops,['Commercial Crops'],4,1004,99999,2572.0,Kg/Ha,Yield
West Bengal,Malda,2022,2022-23,5,Final Estimate,1,Kharif,1999,Jute & Mesta,Commercial Crops,['Commercial Crops'],4,1999,1,27971.0,Ha,Area
West Bengal,Malda,2022,2022-23,5,Final Estimate,1,Kharif,1999,Jute & Mesta,Commercial Crops,['Commercial Crops'],4,1999,1,434445.0,Tonnes,Production
West Bengal,Malda,2023,2023-24,5,Final Estimate,1,Kharif,1999,Jute & Mesta,Commercial Crops,['Commercial Crops'],4,1999,1,28921.0,Ha,Area
West Bengal,Malda,2023,2023-24,5,Final Estimate,1,Kharif,1999,Jute & Mesta,Commercial Crops,['Commercial Crops'],4,1999,1,577653.79,Tonnes,Production
West Bengal,Malda,2022,2022-23,5,Final Estimate,1,Kharif,1999,Jute & Mesta,Commercial Crops,['Commercial Crops'],4,1999,1,2796.0,Kg/Ha,Yield
West Bengal,Malda,2023,2023-24,5,Final Estimate,1,Kharif,1999,Jute & Mesta,Commercial Crops,['Commercial Crops'],4,1999,1,3595.0,Kg/Ha,Yield
West Bengal,Malda,2023,2023-24,5,Final Estimate,99999,Total,1999,Jute & Mesta,Commercial Crops,['Commercial Crops'],4,1999,99999,28921.0,Ha,Area
West Bengal,Malda,2022,2022-23,5,Final Estimate,99999,Total,1999,Jute & Mesta,Commercial Crops,['Commercial Crops'],4,1999,99999,2796.0,Kg/Ha,Yield
West Bengal,Malda,2022,2022-23,5,Final Estimate,99999,Total,1999,Jute & Mesta,Commercial Crops,['Commercial Crops'],4,1999,99999,27971.0,Ha,Area
West Bengal,Malda,2022,2022-23,5,Final Estimate,99999,Total,1999,Jute & Mesta,Commercial Crops,['Commercial Crops'],4,1999,99999,434445.0,Tonnes,Production
West Bengal,Malda,2023,2023-24,5,Final Estimate,99999,Total,1999,Jute & Mesta,Commercial Crops,['Commercial Crops'],4,1999,99999,3595.0,Kg/Ha,Yield
West Bengal,Malda,2023,2023-24,5,Final Estimate,99999,Total,1999,Jute & Mesta,Commercial Crops,['Commercial Crops'],4,1999,99999,577653.79,Tonnes,Production
West Bengal,Murshidabad,2022,2022-23,5,Final Estimate,1,Kharif,1,Rice,Food Grains,['Cereals'],1,2001,1,9647.0,Ha,Area
West Bengal,Murshidabad,2022,2022-23,5,Final Estimate,1,Kharif,1,Rice,Food Grains,['Cereals'],1,2001,1,1967.0,Kg/Ha,Yield
West Bengal,Murshidabad,2023,2023-24,5,Final Estimate,1,Kharif,1,Rice,Food Grains,['Cereals'],1,2001,1,532371.16,Tonnes,Production
West Bengal,Murshidabad,2023,2023-24,5,Final Estimate,1,Kharif,1,Rice,Food Grains,['Cereals'],1,2001,1,175749.51,Ha,Area
West Bengal,Murshidabad,2023,2023-24,5,Final Estimate,1,Kharif,1,Rice,Food Grains,['Cereals'],1,2001,1,3029.0,Kg/Ha,Yield
West Bengal,Murshidabad,2022,2022-23,5,Final Estimate,1,Kharif,1,Rice,Food Grains,['Cereals'],1,2001,1,18977.0,Tonnes,Production
West Bengal,Murshidabad,2022,2022-23,5,Final Estimate,2,Rabi,1,Rice,Food Grains,['Cereals'],1,2001,2,376142.0,Tonnes,Production
West Bengal,Murshidabad,2022,2022-23,5,Final Estimate,2,Rabi,1,Rice,Food Grains,['Cereals'],1,2001,2,2976.0,Kg/Ha,Yield
West Bengal,Murshidabad,2022,2022-23,5,Final Estimate,2,Rabi,1,Rice,Food Grains,['Cereals'],1,2001,2,126376.0,Ha,Area
West Bengal,Murshidabad,2022,2022-23,5,Final Estimate,3,Summer,1,Rice,Food Grains,['Cereals'],1,2001,3,82059.0,Ha,Area
West Bengal,Murshidabad,2023,2023-24,5,Final Estimate,3,Summer,1,Rice,Food Grains,['Cereals'],1,2001,3,81693.37,Ha,Area
West Bengal,Murshidabad,2022,2022-23,5,Final Estimate,3,Summer,1,Rice,Food Grains,['Cereals'],1,2001,3,287500.0,Tonnes,Production
West Bengal,Murshidabad,2022,2022-23,5,Final Estimate,3,Summer,1,Rice,Food Grains,['Cereals'],1,2001,3,3504.0,Kg/Ha,Yield
West Bengal,Murshidabad,2023,2023-24,5,Final Estimate,3,Summer,1,Rice,Food Grains,['Cereals'],1,2001,3,3411.0,Kg/Ha,Yield
West Bengal,Murshidabad,2023,2023-24,5,Final Estimate,3,Summer,1,Rice,Food Grains,['Cereals'],1,2001,3,278649.95,Tonnes,Production
West Bengal,Murshidabad,2022,2022-23,5,Final Estimate,99999,Total,1,Rice,Food Grains,['Cereals'],1,2001,99999,682619.0,Tonnes,Production
West Bengal,Murshidabad,2023,2023-24,5,Final Estimate,99999,Total,1,Rice,Food Grains,['Cereals'],1,2001,99999,257442.88,Ha,Area
West Bengal,Murshidabad,2023,2023-24,5,Final Estimate,99999,Total,1,Rice,Food Grains,['Cereals'],1,2001,99999,3150.0,Kg/Ha,Yield
West Bengal,Murshidabad,2022,2022-23,5,Final Estimate,99999,Total,1,Rice,Food Grains,['Cereals'],1,2001,99999,3130.0,Kg/Ha,Yield
West Bengal,Murshidabad,2023,2023-24,5,Final Estimate,99999,Total,1,Rice,Food Grains,['Cereals'],1,2001,99999,811021.1,Tonnes,Production
West Bengal,Murshidabad,2022,2022-23,5,Final Estimate,99999,Total,1,Rice,Food Grains,['Cereals'],1,2001,99999,218082.0,Ha,Area
West Bengal,Murshidabad,2022,2022-23,5,Final Estimate,2,Rabi,2,Wheat,Food Grains,['Cereals'],1,2002,2,2786.0,Kg/Ha,Yield
West Bengal,Murshidabad,2022,2022-23,5,Final Estimate,2,Rabi,2,Wheat,Food Grains,['Cereals'],1,2002,2,139722.0,Tonnes,Production
West Bengal,Murshidabad,2022,2022-23,5,Final Estimate,2,Rabi,2,Wheat,Food Grains,['Cereals'],1,2002,2,50147.0,Ha,Area
West Bengal,Murshidabad,2023,2023-24,5,Final Estimate,2,Rabi,2,Wheat,Food Grains,['Cereals'],1,2002,2,170862.67,Tonnes,Production
West Bengal,Murshidabad,2023,2023-24,5,Final Estimate,2,Rabi,2,Wheat,Food Grains,['Cereals'],1,2002,2,61769.0,Ha,Area
West Bengal,Murshidabad,2023,2023-24,5,Final Estimate,2,Rabi,2,Wheat,Food Grains,['Cereals'],1,2002,2,2766.0,Kg/Ha,Yield
West Bengal,Murshidabad,2023,2023-24,5,Final Estimate,99999,Total,2,Wheat,Food Grains,['Cereals'],1,2002,99999,170862.67,Tonnes,Production
West Bengal,Murshidabad,2023,2023-24,5,Final Estimate,99999,Total,2,Wheat,Food Grains,['Cereals'],1,2002,99999,61769.0,Ha,Area
West Bengal,Murshidabad,2023,2023-24,5,Final Estimate,99999,Total,2,Wheat,Food Grains,['Cereals'],1,2002,99999,2766.0,Kg/Ha,Yield
West Bengal,Murshidabad,2022,2022-23,5,Final Estimate,99999,Total,2,Wheat,Food Grains,['Cereals'],1,2002,99999,139722.0,Tonnes,Production
West Bengal,Murshidabad,2022,2022-23,5,Final Estimate,99999,Total,2,Wheat,Food Grains,['Cereals'],1,2002,99999,50147.0,Ha,Area
West Bengal,Murshidabad,2022,2022-23,5,Final Estimate,99999,Total,2,Wheat,Food Grains,['Cereals'],1,2002,99999,2786.0,Kg/Ha,Yield
West Bengal,Murshidabad,2022,2022-23,5,Final Estimate,1,Kharif,5,Maize,Food Grains,['Cereals'],1,3001,1,4922.0,Ha,Area
West Bengal,Murshidabad,2022,2022-23,5,Final Estimate,1,Kharif,5,Maize,Food Grains,['Cereals'],1,3001,1,24885.0,Tonnes,Production
West Bengal,Murshidabad,2023,2023-24,5,Final Estimate,1,Kharif,5,Maize,Food Grains,['Cereals'],1,3001,1,5000.0,Kg/Ha,Yield
West Bengal,Murshidabad,2023,2023-24,5,Final Estimate,1,Kharif,5,Maize,Food Grains,['Cereals'],1,3001,1,6171.77,Ha,Area
West Bengal,Murshidabad,2023,2023-24,5,Final Estimate,1,Kharif,5,Maize,Food Grains,['Cereals'],1,3001,1,30858.34,Tonnes,Production
West Bengal,Murshidabad,2022,2022-23,5,Final Estimate,1,Kharif,5,Maize,Food Grains,['Cereals'],1,3001,1,5056.0,Kg/Ha,Yield
West Bengal,Murshidabad,2022,2022-23,5,Final Estimate,2,Rabi,5,Maize,Food Grains,['Cereals'],1,3001,2,8687.0,Kg/Ha,Yield
West Bengal,Murshidabad,2022,2022-23,5,Final Estimate,2,Rabi,5,Maize,Food Grains,['Cereals'],1,3001,2,237082.0,Tonnes,Production
West Bengal,Murshidabad,2023,2023-24,5,Final Estimate,2,Rabi,5,Maize,Food Grains,['Cereals'],1,3001,2,7858.0,Kg/Ha,Yield
West Bengal,Murshidabad,2023,2023-24,5,Final Estimate,2,Rabi,5,Maize,Food Grains,['Cereals'],1,3001,2,32587.0,Ha,Area
West Bengal,Murshidabad,2023,2023-24,5,Final Estimate,2,Rabi,5,Maize,Food Grains,['Cereals'],1,3001,2,256074.4,Tonnes,Production
West Bengal,Murshidabad,2022,2022-23,5,Final Estimate,2,Rabi,5,Maize,Food Grains,['Cereals'],1,3001,2,27291.0,Ha,Area
West Bengal,Murshidabad,2023,2023-24,5,Final Estimate,3,Summer,5,Maize,Food Grains,['Cereals'],1,3001,3,6471.0,Kg/Ha,Yield
West Bengal,Murshidabad,2023,2023-24,5,Final Estimate,3,Summer,5,Maize,Food Grains,['Cereals'],1,3001,3,128028.4,Tonnes,Production
West Bengal,Murshidabad,2022,2022-23,5,Final Estimate,3,Summer,5,Maize,Food Grains,['Cereals'],1,3001,3,20871.0,Ha,Area
West Bengal,Murshidabad,2022,2022-23,5,Final Estimate,3,Summer,5,Maize,Food Grains,['Cereals'],1,3001,3,5704.0,Kg/Ha,Yield
West Bengal,Murshidabad,2022,2022-23,5,Final Estimate,3,Summer,5,Maize,Food Grains,['Cereals'],1,3001,3,119049.0,Tonnes,Production
West Bengal,Murshidabad,2023,2023-24,5,Final Estimate,3,Summer,5,Maize,Food Grains,['Cereals'],1,3001,3,19784.15,Ha,Area
West Bengal,Murshidabad,2023,2023-24,5,Final Estimate,99999,Total,5,Maize,Food Grains,['Cereals'],1,3001,99999,58542.92,Ha,Area
West Bengal,Murshidabad,2022,2022-23,5,Final Estimate,99999,Total,5,Maize,Food Grains,['Cereals'],1,3001,99999,53084.0,Ha,Area
West Bengal,Murshidabad,2022,2022-23,5,Final Estimate,99999,Total,5,Maize,Food Grains,['Cereals'],1,3001,99999,7178.0,Kg/Ha,Yield
West Bengal,Murshidabad,2022,2022-23,5,Final Estimate,99999,Total,5,Maize,Food Grains,['Cereals'],1,3001,99999,381016.0,Tonnes,Production
West Bengal,Murshidabad,2023,2023-24,5,Final Estimate,99999,Total,5,Maize,Food Grains,['Cereals'],1,3001,99999,7088.0,Kg/Ha,Yield
West Bengal,Murshidabad,2023,2023-24,5,Final Estimate,99999,Total,5,Maize,Food Grains,['Cereals'],1,3001,99999,414961.14,Tonnes,Production
West Bengal,Murshidabad,2023,2023-24,5,Final Estimate,2,Rabi,7,Barley,Food Grains,['Cereals'],1,3002,2,242.5,Tonnes,Production
West Bengal,Murshidabad,2023,2023-24,5,Final Estimate,2,Rabi,7,Barley,Food Grains,['Cereals'],1,3002,2,2425.0,Kg/Ha,Yield
West Bengal,Murshidabad,2023,2023-24,5,Final Estimate,2,Rabi,7,Barley,Food Grains,['Cereals'],1,3002,2,100.0,Ha,Area
West Bengal,Murshidabad,2023,2023-24,5,Final Estimate,99999,Total,7,Barley,Food Grains,['Cereals'],1,3002,99999,2425.0,Kg/Ha,Yield
West Bengal,Murshidabad,2023,2023-24,5,Final Estimate,99999,Total,7,Barley,Food Grains,['Cereals'],1,3002,99999,242.5,Tonnes,Production
West Bengal,Murshidabad,2023,2023-24,5,Final Estimate,99999,Total,7,Barley,Food Grains,['Cereals'],1,3002,99999,100.0,Ha,Area
West Bengal,Murshidabad,2023,2023-24,5,Final Estimate,1,Kharif,3,Jowar,Food Grains,['Cereals'],1,3003,1,56.14,Tonnes,Production
West Bengal,Murshidabad,2022,2022-23,5,Final Estimate,1,Kharif,3,Jowar,Food Grains,['Cereals'],1,3003,1,62.0,Tonnes,Production
West Bengal,Murshidabad,2022,2022-23,5,Final Estimate,1,Kharif,3,Jowar,Food Grains,['Cereals'],1,3003,1,105.0,Ha,Area
West Bengal,Murshidabad,2022,2022-23,5,Final Estimate,1,Kharif,3,Jowar,Food Grains,['Cereals'],1,3003,1,590.0,Kg/Ha,Yield
West Bengal,Murshidabad,2023,2023-24,5,Final Estimate,1,Kharif,3,Jowar,Food Grains,['Cereals'],1,3003,1,660.0,Kg/Ha,Yield
West Bengal,Murshidabad,2023,2023-24,5,Final Estimate,1,Kharif,3,Jowar,Food Grains,['Cereals'],1,3003,1,85.0,Ha,Area
West Bengal,Murshidabad,2023,2023-24,5,Final Estimate,99999,Total,3,Jowar,Food Grains,['Cereals'],1,3003,99999,660.0,Kg/Ha,Yield
West Bengal,Murshidabad,2022,2022-23,5,Final Estimate,99999,Total,3,Jowar,Food Grains,['Cereals'],1,3003,99999,105.0,Ha,Area
West Bengal,Murshidabad,2022,2022-23,5,Final Estimate,99999,Total,3,Jowar,Food Grains,['Cereals'],1,3003,99999,590.0,Kg/Ha,Yield
West Bengal,Murshidabad,2022,2022-23,5,Final Estimate,99999,Total,3,Jowar,Food Grains,['Cereals'],1,3003,99999,62.0,Tonnes,Production
West Bengal,Murshidabad,2023,2023-24,5,Final Estimate,99999,Total,3,Jowar,Food Grains,['Cereals'],1,3003,99999,56.14,Tonnes,Production
West Bengal,Murshidabad,2023,2023-24,5,Final Estimate,99999,Total,3,Jowar,Food Grains,['Cereals'],1,3003,99999,85.0,Ha,Area
West Bengal,Murshidabad,2022,2022-23,5,Final Estimate,1,Kharif,3997,Shree Anna /Nutri Cereals,Food Grains,['Cereals'],1,3997,1,62.0,Tonnes,Production
West Bengal,Murshidabad,2023,2023-24,5,Final Estimate,1,Kharif,3997,Shree Anna /Nutri Cereals,Food Grains,['Cereals'],1,3997,1,56.14,Tonnes,Production
West Bengal,Murshidabad,2023,2023-24,5,Final Estimate,1,Kharif,3997,Shree Anna /Nutri Cereals,Food Grains,['Cereals'],1,3997,1,85.0,Ha,Area
West Bengal,Murshidabad,2023,2023-24,5,Final Estimate,1,Kharif,3997,Shree Anna /Nutri Cereals,Food Grains,['Cereals'],1,3997,1,660.0,Kg/Ha,Yield
West Bengal,Murshidabad,2022,2022-23,5,Final Estimate,1,Kharif,3997,Shree Anna /Nutri Cereals,Food Grains,['Cereals'],1,3997,1,590.0,Kg/Ha,Yield
West Bengal,Murshidabad,2022,2022-23,5,Final Estimate,1,Kharif,3997,Shree Anna /Nutri Cereals,Food Grains,['Cereals'],1,3997,1,105.0,Ha,Area
West Bengal,Murshidabad,2022,2022-23,5,Final Estimate,99999,Total,3997,Shree Anna /Nutri Cereals,Food Grains,['Cereals'],1,3997,99999,590.0,Kg/Ha,Yield
West Bengal,Murshidabad,2023,2023-24,5,Final Estimate,99999,Total,3997,Shree Anna /Nutri Cereals,Food Grains,['Cereals'],1,3997,99999,56.14,Tonnes,Production
West Bengal,Murshidabad,2023,2023-24,5,Final Estimate,99999,Total,3997,Shree Anna /Nutri Cereals,Food Grains,['Cereals'],1,3997,99999,85.0,Ha,Area
West Bengal,Murshidabad,2023,2023-24,5,Final Estimate,99999,Total,3997,Shree Anna /Nutri Cereals,Food Grains,['Cereals'],1,3997,99999,660.0,Kg/Ha,Yield
West Bengal,Murshidabad,2022,2022-23,5,Final Estimate,99999,Total,3997,Shree Anna /Nutri Cereals,Food Grains,['Cereals'],1,3997,99999,62.0,Tonnes,Production
West Bengal,Murshidabad,2022,2022-23,5,Final Estimate,99999,Total,3997,Shree Anna /Nutri Cereals,Food Grains,['Cereals'],1,3997,99999,105.0,Ha,Area
West Bengal,Murshidabad,2022,2022-23,5,Final Estimate,1,Kharif,3998,Nutri/Coarse Cereals,Food Grains,['Cereals'],1,3998,1,24947.0,Tonnes,Production
West Bengal,Murshidabad,2023,2023-24,5,Final Estimate,1,Kharif,3998,Nutri/Coarse Cereals,Food Grains,['Cereals'],1,3998,1,30914.48,Tonnes,Production
West Bengal,Murshidabad,2023,2023-24,5,Final Estimate,1,Kharif,3998,Nutri/Coarse Cereals,Food Grains,['Cereals'],1,3998,1,6256.77,Ha,Area
West Bengal,Murshidabad,2023,2023-24,5,Final Estimate,1,Kharif,3998,Nutri/Coarse Cereals,Food Grains,['Cereals'],1,3998,1,4941.0,Kg/Ha,Yield
West Bengal,Murshidabad,2022,2022-23,5,Final Estimate,1,Kharif,3998,Nutri/Coarse Cereals,Food Grains,['Cereals'],1,3998,1,4963.0,Kg/Ha,Yield
West Bengal,Murshidabad,2022,2022-23,5,Final Estimate,1,Kharif,3998,Nutri/Coarse Cereals,Food Grains,['Cereals'],1,3998,1,5027.0,Ha,Area
West Bengal,Murshidabad,2023,2023-24,5,Final Estimate,2,Rabi,3998,Nutri/Coarse Cereals,Food Grains,['Cereals'],1,3998,2,7842.0,Kg/Ha,Yield
West Bengal,Murshidabad,2022,2022-23,5,Final Estimate,2,Rabi,3998,Nutri/Coarse Cereals,Food Grains,['Cereals'],1,3998,2,237082.0,Tonnes,Production
West Bengal,Murshidabad,2023,2023-24,5,Final Estimate,2,Rabi,3998,Nutri/Coarse Cereals,Food Grains,['Cereals'],1,3998,2,32687.0,Ha,Area
West Bengal,Murshidabad,2023,2023-24,5,Final Estimate,2,Rabi,3998,Nutri/Coarse Cereals,Food Grains,['Cereals'],1,3998,2,256316.9,Tonnes,Production
West Bengal,Murshidabad,2022,2022-23,5,Final Estimate,2,Rabi,3998,Nutri/Coarse Cereals,Food Grains,['Cereals'],1,3998,2,8687.0,Kg/Ha,Yield
West Bengal,Murshidabad,2022,2022-23,5,Final Estimate,2,Rabi,3998,Nutri/Coarse Cereals,Food Grains,['Cereals'],1,3998,2,27291.0,Ha,Area
West Bengal,Murshidabad,2023,2023-24,5,Final Estimate,3,Summer,3998,Nutri/Coarse Cereals,Food Grains,['Cereals'],1,3998,3,19784.15,Ha,Area
West Bengal,Murshidabad,2022,2022-23,5,Final Estimate,3,Summer,3998,Nutri/Coarse Cereals,Food Grains,['Cereals'],1,3998,3,119049.0,Tonnes,Production
West Bengal,Murshidabad,2022,2022-23,5,Final Estimate,3,Summer,3998,Nutri/Coarse Cereals,Food Grains,['Cereals'],1,3998,3,20871.0,Ha,Area
West Bengal,Murshidabad,2022,2022-23,5,Final Estimate,3,Summer,3998,Nutri/Coarse Cereals,Food Grains,['Cereals'],1,3998,3,5704.0,Kg/Ha,Yield
West Bengal,Murshidabad,2023,2023-24,5,Final Estimate,3,Summer,3998,Nutri/Coarse Cereals,Food Grains,['Cereals'],1,3998,3,6471.0,Kg/Ha,Yield
West Bengal,Murshidabad,2023,2023-24,5,Final Estimate,3,Summer,3998,Nutri/Coarse Cereals,Food Grains,['Cereals'],1,3998,3,128028.4,Tonnes,Production
West Bengal,Murshidabad,2023,2023-24,5,Final Estimate,99999,Total,3998,Nutri/Coarse Cereals,Food Grains,['Cereals'],1,3998,99999,415259.77,Tonnes,Production
West Bengal,Murshidabad,2022,2022-23,5,Final Estimate,99999,Total,3998,Nutri/Coarse Cereals,Food Grains,['Cereals'],1,3998,99999,7165.0,Kg/Ha,Yield
West Bengal,Murshidabad,2022,2022-23,5,Final Estimate,99999,Total,3998,Nutri/Coarse Cereals,Food Grains,['Cereals'],1,3998,99999,53189.0,Ha,Area
West Bengal,Murshidabad,2022,2022-23,5,Final Estimate,99999,Total,3998,Nutri/Coarse Cereals,Food Grains,['Cereals'],1,3998,99999,381078.0,Tonnes,Production
West Bengal,Murshidabad,2023,2023-24,5,Final Estimate,99999,Total,3998,Nutri/Coarse Cereals,Food Grains,['Cereals'],1,3998,99999,7071.0,Kg/Ha,Yield
West Bengal,Murshidabad,2023,2023-24,5,Final Estimate,99999,Total,3998,Nutri/Coarse Cereals,Food Grains,['Cereals'],1,3998,99999,58727.92,Ha,Area
West Bengal,Murshidabad,2023,2023-24,5,Final Estimate,1,Kharif,3999,Cereals,Food Grains,['Cereals'],1,3999,1,182006.28,Ha,Area
West Bengal,Murshidabad,2022,2022-23,5,Final Estimate,1,Kharif,3999,Cereals,Food Grains,['Cereals'],1,3999,1,43924.0,Tonnes,Production
West Bengal,Murshidabad,2022,2022-23,5,Final Estimate,1,Kharif,3999,Cereals,Food Grains,['Cereals'],1,3999,1,14674.0,Ha,Area
West Bengal,Murshidabad,2022,2022-23,5,Final Estimate,1,Kharif,3999,Cereals,Food Grains,['Cereals'],1,3999,1,2993.0,Kg/Ha,Yield
West Bengal,Murshidabad,2023,2023-24,5,Final Estimate,1,Kharif,3999,Cereals,Food Grains,['Cereals'],1,3999,1,3095.0,Kg/Ha,Yield
West Bengal,Murshidabad,2023,2023-24,5,Final Estimate,1,Kharif,3999,Cereals,Food Grains,['Cereals'],1,3999,1,563285.63,Tonnes,Production
West Bengal,Murshidabad,2022,2022-23,5,Final Estimate,2,Rabi,3999,Cereals,Food Grains,['Cereals'],1,3999,2,752946.0,Tonnes,Production
West Bengal,Murshidabad,2022,2022-23,5,Final Estimate,2,Rabi,3999,Cereals,Food Grains,['Cereals'],1,3999,2,3694.0,Kg/Ha,Yield
West Bengal,Murshidabad,2022,2022-23,5,Final Estimate,2,Rabi,3999,Cereals,Food Grains,['Cereals'],1,3999,2,203814.0,Ha,Area
West Bengal,Murshidabad,2023,2023-24,5,Final Estimate,2,Rabi,3999,Cereals,Food Grains,['Cereals'],1,3999,2,427179.57,Tonnes,Production
West Bengal,Murshidabad,2023,2023-24,5,Final Estimate,2,Rabi,3999,Cereals,Food Grains,['Cereals'],1,3999,2,94456.0,Ha,Area
West Bengal,Murshidabad,2023,2023-24,5,Final Estimate,2,Rabi,3999,Cereals,Food Grains,['Cereals'],1,3999,2,4523.0,Kg/Ha,Yield
West Bengal,Murshidabad,2022,2022-23,5,Final Estimate,3,Summer,3999,Cereals,Food Grains,['Cereals'],1,3999,3,102930.0,Ha,Area
West Bengal,Murshidabad,2022,2022-23,5,Final Estimate,3,Summer,3999,Cereals,Food Grains,['Cereals'],1,3999,3,406549.0,Tonnes,Production
West Bengal,Murshidabad,2023,2023-24,5,Final Estimate,3,Summer,3999,Cereals,Food Grains,['Cereals'],1,3999,3,4008.0,Kg/Ha,Yield
West Bengal,Murshidabad,2023,2023-24,5,Final Estimate,3,Summer,3999,Cereals,Food Grains,['Cereals'],1,3999,3,101477.52,Ha,Area
West Bengal,Murshidabad,2023,2023-24,5,Final Estimate,3,Summer,3999,Cereals,Food Grains,['Cereals'],1,3999,3,406678.34,Tonnes,Production
West Bengal,Murshidabad,2022,2022-23,5,Final Estimate,3,Summer,3999,Cereals,Food Grains,['Cereals'],1,3999,3,3950.0,Kg/Ha,Yield
West Bengal,Murshidabad,2023,2023-24,5,Final Estimate,99999,Total,3999,Cereals,Food Grains,['Cereals'],1,3999,99999,1397143.54,Tonnes,Production
West Bengal,Murshidabad,2022,2022-23,5,Final Estimate,99999,Total,3999,Cereals,Food Grains,['Cereals'],1,3999,99999,321418.0,Ha,Area
West Bengal,Murshidabad,2022,2022-23,5,Final Estimate,99999,Total,3999,Cereals,Food Grains,['Cereals'],1,3999,99999,1203419.0,Tonnes,Production
West Bengal,Murshidabad,2022,2022-23,5,Final Estimate,99999,Total,3999,Cereals,Food Grains,['Cereals'],1,3999,99999,3744.0,Kg/Ha,Yield
West Bengal,Murshidabad,2023,2023-24,5,Final Estimate,99999,Total,3999,Cereals,Food Grains,['Cereals'],1,3999,99999,3697.0,Kg/Ha,Yield
West Bengal,Murshidabad,2023,2023-24,5,Final Estimate,99999,Total,3999,Cereals,Food Grains,['Cereals'],1,3999,99999,377939.8,Ha,Area
West Bengal,Murshidabad,2023,2023-24,5,Final Estimate,1,Kharif,9,Tur,Food Grains,['Pulses'],2,4001,1,185.0,Ha,Area
West Bengal,Murshidabad,2023,2023-24,5,Final Estimate,1,Kharif,9,Tur,Food Grains,['Pulses'],2,4001,1,1881.0,Kg/Ha,Yield
West Bengal,Murshidabad,2023,2023-24,5,Final Estimate,1,Kharif,9,Tur,Food Grains,['Pulses'],2,4001,1,348.06,Tonnes,Production
West Bengal,Murshidabad,2022,2022-23,5,Final Estimate,2,Rabi,9,Tur,Food Grains,['Pulses'],2,4001,2,261.0,Ha,Area
West Bengal,Murshidabad,2022,2022-23,5,Final Estimate,2,Rabi,9,Tur,Food Grains,['Pulses'],2,4001,2,2069.0,Kg/Ha,Yield
West Bengal,Murshidabad,2022,2022-23,5,Final Estimate,2,Rabi,9,Tur,Food Grains,['Pulses'],2,4001,2,540.0,Tonnes,Production
West Bengal,Murshidabad,2022,2022-23,5,Final Estimate,99999,Total,9,Tur,Food Grains,['Pulses'],2,4001,99999,540.0,Tonnes,Production
West Bengal,Murshidabad,2022,2022-23,5,Final Estimate,99999,Total,9,Tur,Food Grains,['Pulses'],2,4001,99999,261.0,Ha,Area
West Bengal,Murshidabad,2022,2022-23,5,Final Estimate,99999,Total,9,Tur,Food Grains,['Pulses'],2,4001,99999,2069.0,Kg/Ha,Yield
West Bengal,Murshidabad,2023,2023-24,5,Final Estimate,99999,Total,9,Tur,Food Grains,['Pulses'],2,4001,99999,1881.0,Kg/Ha,Yield
West Bengal,Murshidabad,2023,2023-24,5,Final Estimate,99999,Total,9,Tur,Food Grains,['Pulses'],2,4001,99999,348.06,Tonnes,Production
West Bengal,Murshidabad,2023,2023-24,5,Final Estimate,99999,Total,9,Tur,Food Grains,['Pulses'],2,4001,99999,185.0,Ha,Area
West Bengal,Murshidabad,2022,2022-23,5,Final Estimate,2,Rabi,10,Gram,Food Grains,['Pulses'],2,4002,2,11709.0,Ha,Area
West Bengal,Murshidabad,2023,2023-24,5,Final Estimate,2,Rabi,10,Gram,Food Grains,['Pulses'],2,4002,2,14832.17,Tonnes,Production
West Bengal,Murshidabad,2023,2023-24,5,Final Estimate,2,Rabi,10,Gram,Food Grains,['Pulses'],2,4002,2,13355.0,Ha,Area
West Bengal,Murshidabad,2022,2022-23,5,Final Estimate,2,Rabi,10,Gram,Food Grains,['Pulses'],2,4002,2,1156.0,Kg/Ha,Yield
West Bengal,Murshidabad,2022,2022-23,5,Final Estimate,2,Rabi,10,Gram,Food Grains,['Pulses'],2,4002,2,13537.0,Tonnes,Production
West Bengal,Murshidabad,2023,2023-24,5,Final Estimate,2,Rabi,10,Gram,Food Grains,['Pulses'],2,4002,2,1111.0,Kg/Ha,Yield
West Bengal,Murshidabad,2022,2022-23,5,Final Estimate,99999,Total,10,Gram,Food Grains,['Pulses'],2,4002,99999,1156.0,Kg/Ha,Yield
West Bengal,Murshidabad,2023,2023-24,5,Final Estimate,99999,Total,10,Gram,Food Grains,['Pulses'],2,4002,99999,13355.0,Ha,Area
West Bengal,Murshidabad,2023,2023-24,5,Final Estimate,99999,Total,10,Gram,Food Grains,['Pulses'],2,4002,99999,1111.0,Kg/Ha,Yield
West Bengal,Murshidabad,2022,2022-23,5,Final Estimate,99999,Total,10,Gram,Food Grains,['Pulses'],2,4002,99999,11709.0,Ha,Area
West Bengal,Murshidabad,2022,2022-23,5,Final Estimate,99999,Total,10,Gram,Food Grains,['Pulses'],2,4002,99999,13537.0,Tonnes,Production
West Bengal,Murshidabad,2023,2023-24,5,Final Estimate,99999,Total,10,Gram,Food Grains,['Pulses'],2,4002,99999,14832.17,Tonnes,Production
West Bengal,Murshidabad,2022,2022-23,5,Final Estimate,1,Kharif,11,Urad,Food Grains,['Pulses'],2,4003,1,637.0,Kg/Ha,Yield
West Bengal,Murshidabad,2022,2022-23,5,Final Estimate,1,Kharif,11,Urad,Food Grains,['Pulses'],2,4003,1,11240.0,Tonnes,Production
West Bengal,Murshidabad,2022,2022-23,5,Final Estimate,1,Kharif,11,Urad,Food Grains,['Pulses'],2,4003,1,17657.0,Ha,Area
West Bengal,Murshidabad,2023,2023-24,5,Final Estimate,1,Kharif,11,Urad,Food Grains,['Pulses'],2,4003,1,17465.0,Ha,Area
West Bengal,Murshidabad,2023,2023-24,5,Final Estimate,1,Kharif,11,Urad,Food Grains,['Pulses'],2,4003,1,10099.02,Tonnes,Production
West Bengal,Murshidabad,2023,2023-24,5,Final Estimate,1,Kharif,11,Urad,Food Grains,['Pulses'],2,4003,1,578.0,Kg/Ha,Yield
West Bengal,Murshidabad,2022,2022-23,5,Final Estimate,2,Rabi,11,Urad,Food Grains,['Pulses'],2,4003,2,2275.0,Tonnes,Production
West Bengal,Murshidabad,2022,2022-23,5,Final Estimate,2,Rabi,11,Urad,Food Grains,['Pulses'],2,4003,2,1002.0,Kg/Ha,Yield
West Bengal,Murshidabad,2022,2022-23,5,Final Estimate,2,Rabi,11,Urad,Food Grains,['Pulses'],2,4003,2,2270.0,Ha,Area
West Bengal,Murshidabad,2023,2023-24,5,Final Estimate,99999,Total,11,Urad,Food Grains,['Pulses'],2,4003,99999,10099.02,Tonnes,Production
West Bengal,Murshidabad,2023,2023-24,5,Final Estimate,99999,Total,11,Urad,Food Grains,['Pulses'],2,4003,99999,578.0,Kg/Ha,Yield
West Bengal,Murshidabad,2022,2022-23,5,Final Estimate,99999,Total,11,Urad,Food Grains,['Pulses'],2,4003,99999,19927.0,Ha,Area
West Bengal,Murshidabad,2022,2022-23,5,Final Estimate,99999,Total,11,Urad,Food Grains,['Pulses'],2,4003,99999,13515.0,Tonnes,Production
West Bengal,Murshidabad,2022,2022-23,5,Final Estimate,99999,Total,11,Urad,Food Grains,['Pulses'],2,4003,99999,678.0,Kg/Ha,Yield
West Bengal,Murshidabad,2023,2023-24,5,Final Estimate,99999,Total,11,Urad,Food Grains,['Pulses'],2,4003,99999,17465.0,Ha,Area
West Bengal,Murshidabad,2022,2022-23,5,Final Estimate,1,Kharif,12,Moong,Food Grains,['Pulses'],2,4004,1,950.0,Kg/Ha,Yield
West Bengal,Murshidabad,2023,2023-24,5,Final Estimate,1,Kharif,12,Moong,Food Grains,['Pulses'],2,4004,1,1081.0,Kg/Ha,Yield
West Bengal,Murshidabad,2023,2023-24,5,Final Estimate,1,Kharif,12,Moong,Food Grains,['Pulses'],2,4004,1,470.31,Tonnes,Production
West Bengal,Murshidabad,2023,2023-24,5,Final Estimate,1,Kharif,12,Moong,Food Grains,['Pulses'],2,4004,1,435.0,Ha,Area
West Bengal,Murshidabad,2022,2022-23,5,Final Estimate,1,Kharif,12,Moong,Food Grains,['Pulses'],2,4004,1,456.0,Tonnes,Production
West Bengal,Murshidabad,2022,2022-23,5,Final Estimate,1,Kharif,12,Moong,Food Grains,['Pulses'],2,4004,1,480.0,Ha,Area
West Bengal,Murshidabad,2023,2023-24,5,Final Estimate,3,Summer,12,Moong,Food Grains,['Pulses'],2,4004,3,2026.0,Kg/Ha,Yield
West Bengal,Murshidabad,2022,2022-23,5,Final Estimate,3,Summer,12,Moong,Food Grains,['Pulses'],2,4004,3,3203.0,Tonnes,Production
West Bengal,Murshidabad,2023,2023-24,5,Final Estimate,3,Summer,12,Moong,Food Grains,['Pulses'],2,4004,3,1503.0,Ha,Area
West Bengal,Murshidabad,2022,2022-23,5,Final Estimate,3,Summer,12,Moong,Food Grains,['Pulses'],2,4004,3,2260.0,Ha,Area
West Bengal,Murshidabad,2022,2022-23,5,Final Estimate,3,Summer,12,Moong,Food Grains,['Pulses'],2,4004,3,1417.0,Kg/Ha,Yield
West Bengal,Murshidabad,2023,2023-24,5,Final Estimate,3,Summer,12,Moong,Food Grains,['Pulses'],2,4004,3,3044.85,Tonnes,Production
West Bengal,Murshidabad,2022,2022-23,5,Final Estimate,99999,Total,12,Moong,Food Grains,['Pulses'],2,4004,99999,2740.0,Ha,Area
West Bengal,Murshidabad,2023,2023-24,5,Final Estimate,99999,Total,12,Moong,Food Grains,['Pulses'],2,4004,99999,1814.0,Kg/Ha,Yield
West Bengal,Murshidabad,2023,2023-24,5,Final Estimate,99999,Total,12,Moong,Food Grains,['Pulses'],2,4004,99999,1938.0,Ha,Area
West Bengal,Murshidabad,2023,2023-24,5,Final Estimate,99999,Total,12,Moong,Food Grains,['Pulses'],2,4004,99999,3515.16,Tonnes,Production
West Bengal,Murshidabad,2022,2022-23,5,Final Estimate,99999,Total,12,Moong,Food Grains,['Pulses'],2,4004,99999,1335.0,Kg/Ha,Yield
West Bengal,Murshidabad,2022,2022-23,5,Final Estimate,99999,Total,12,Moong,Food Grains,['Pulses'],2,4004,99999,3659.0,Tonnes,Production
West Bengal,Murshidabad,2022,2022-23,5,Final Estimate,2,Rabi,13,Lentil,Food Grains,['Pulses'],2,4005,2,824.0,Kg/Ha,Yield
West Bengal,Murshidabad,2023,2023-24,5,Final Estimate,2,Rabi,13,Lentil,Food Grains,['Pulses'],2,4005,2,30701.1,Tonnes,Production
West Bengal,Murshidabad,2022,2022-23,5,Final Estimate,2,Rabi,13,Lentil,Food Grains,['Pulses'],2,4005,2,33410.0,Ha,Area
West Bengal,Murshidabad,2022,2022-23,5,Final Estimate,2,Rabi,13,Lentil,Food Grains,['Pulses'],2,4005,2,27544.0,Tonnes,Production
West Bengal,Murshidabad,2023,2023-24,5,Final Estimate,2,Rabi,13,Lentil,Food Grains,['Pulses'],2,4005,2,880.0,Kg/Ha,Yield
West Bengal,Murshidabad,2023,2023-24,5,Final Estimate,2,Rabi,13,Lentil,Food Grains,['Pulses'],2,4005,2,34873.0,Ha,Area
West Bengal,Murshidabad,2023,2023-24,5,Final Estimate,99999,Total,13,Lentil,Food Grains,['Pulses'],2,4005,99999,34873.0,Ha,Area
West Bengal,Murshidabad,2023,2023-24,5,Final Estimate,99999,Total,13,Lentil,Food Grains,['Pulses'],2,4005,99999,30701.1,Tonnes,Production
West Bengal,Murshidabad,2023,2023-24,5,Final Estimate,99999,Total,13,Lentil,Food Grains,['Pulses'],2,4005,99999,880.0,Kg/Ha,Yield
West Bengal,Murshidabad,2022,2022-23,5,Final Estimate,99999,Total,13,Lentil,Food Grains,['Pulses'],2,4005,99999,33410.0,Ha,Area
West Bengal,Murshidabad,2022,2022-23,5,Final Estimate,99999,Total,13,Lentil,Food Grains,['Pulses'],2,4005,99999,27544.0,Tonnes,Production
West Bengal,Murshidabad,2022,2022-23,5,Final Estimate,99999,Total,13,Lentil,Food Grains,['Pulses'],2,4005,99999,824.0,Kg/Ha,Yield
West Bengal,Murshidabad,2022,2022-23,5,Final Estimate,2,Rabi,14,Other Pulses,Food Grains,['Pulses'],2,4006,2,1004.0,Kg/Ha,Yield
West Bengal,Murshidabad,2022,2022-23,5,Final Estimate,2,Rabi,14,Other Pulses,Food Grains,['Pulses'],2,4006,2,14411.0,Tonnes,Production
West Bengal,Murshidabad,2022,2022-23,5,Final Estimate,2,Rabi,14,Other Pulses,Food Grains,['Pulses'],2,4006,2,14347.0,Ha,Area
West Bengal,Murshidabad,2023,2023-24,5,Final Estimate,2,Rabi,14,Other Pulses,Food Grains,['Pulses'],2,4006,2,15169.9,Tonnes,Production
West Bengal,Murshidabad,2023,2023-24,5,Final Estimate,2,Rabi,14,Other Pulses,Food Grains,['Pulses'],2,4006,2,16036.0,Ha,Area
West Bengal,Murshidabad,2023,2023-24,5,Final Estimate,2,Rabi,14,Other Pulses,Food Grains,['Pulses'],2,4006,2,946.0,Kg/Ha,Yield
West Bengal,Murshidabad,2023,2023-24,5,Final Estimate,99999,Total,14,Other Pulses,Food Grains,['Pulses'],2,4006,99999,15169.9,Tonnes,Production
West Bengal,Murshidabad,2022,2022-23,5,Final Estimate,99999,Total,14,Other Pulses,Food Grains,['Pulses'],2,4006,99999,14411.0,Tonnes,Production
West Bengal,Murshidabad,2022,2022-23,5,Final Estimate,99999,Total,14,Other Pulses,Food Grains,['Pulses'],2,4006,99999,14347.0,Ha,Area
West Bengal,Murshidabad,2022,2022-23,5,Final Estimate,99999,Total,14,Other Pulses,Food Grains,['Pulses'],2,4006,99999,1004.0,Kg/Ha,Yield
West Bengal,Murshidabad,2023,2023-24,5,Final Estimate,99999,Total,14,Other Pulses,Food Grains,['Pulses'],2,4006,99999,16036.0,Ha,Area
West Bengal,Murshidabad,2023,2023-24,5,Final Estimate,99999,Total,14,Other Pulses,Food Grains,['Pulses'],2,4006,99999,946.0,Kg/Ha,Yield
West Bengal,Murshidabad,2023,2023-24,5,Final Estimate,99999,Total,4998,Total Pulses,Food Grains,['Pulses'],2,4998,99999,890.0,Kg/Ha,Yield
West Bengal,Murshidabad,2023,2023-24,5,Final Estimate,99999,Total,4998,Total Pulses,Food Grains,['Pulses'],2,4998,99999,83852.0,Ha,Area
West Bengal,Murshidabad,2022,2022-23,5,Final Estimate,99999,Total,4998,Total Pulses,Food Grains,['Pulses'],2,4998,99999,888.0,Kg/Ha,Yield
West Bengal,Murshidabad,2022,2022-23,5,Final Estimate,99999,Total,4998,Total Pulses,Food Grains,['Pulses'],2,4998,99999,73206.0,Tonnes,Production
West Bengal,Murshidabad,2022,2022-23,5,Final Estimate,99999,Total,4998,Total Pulses,Food Grains,['Pulses'],2,4998,99999,82394.0,Ha,Area
West Bengal,Murshidabad,2023,2023-24,5,Final Estimate,99999,Total,4998,Total Pulses,Food Grains,['Pulses'],2,4998,99999,74665.41,Tonnes,Production
West Bengal,Murshidabad,2022,2022-23,5,Final Estimate,1,Kharif,4999,Total Food Grains,Food Grains,"['Cereals', 'Pulses']",2,4999,1,1695.0,Kg/Ha,Yield
West Bengal,Murshidabad,2022,2022-23,5,Final Estimate,1,Kharif,4999,Total Food Grains,Food Grains,"['Cereals', 'Pulses']",2,4999,1,55620.0,Tonnes,Production
West Bengal,Murshidabad,2023,2023-24,5,Final Estimate,1,Kharif,4999,Total Food Grains,Food Grains,"['Cereals', 'Pulses']",2,4999,1,574203.02,Tonnes,Production
West Bengal,Murshidabad,2023,2023-24,5,Final Estimate,1,Kharif,4999,Total Food Grains,Food Grains,"['Cereals', 'Pulses']",2,4999,1,200091.28,Ha,Area
West Bengal,Murshidabad,2023,2023-24,5,Final Estimate,1,Kharif,4999,Total Food Grains,Food Grains,"['Cereals', 'Pulses']",2,4999,1,2870.0,Kg/Ha,Yield
West Bengal,Murshidabad,2022,2022-23,5,Final Estimate,1,Kharif,4999,Total Food Grains,Food Grains,"['Cereals', 'Pulses']",2,4999,1,32811.0,Ha,Area
West Bengal,Murshidabad,2023,2023-24,5,Final Estimate,2,Rabi,4999,Total Food Grains,Food Grains,"['Cereals', 'Pulses']",2,4999,2,487882.74,Tonnes,Production
West Bengal,Murshidabad,2022,2022-23,5,Final Estimate,2,Rabi,4999,Total Food Grains,Food Grains,"['Cereals', 'Pulses']",2,4999,2,811253.0,Tonnes,Production
West Bengal,Murshidabad,2023,2023-24,5,Final Estimate,2,Rabi,4999,Total Food Grains,Food Grains,"['Cereals', 'Pulses']",2,4999,2,3074.0,Kg/Ha,Yield
West Bengal,Murshidabad,2022,2022-23,5,Final Estimate,2,Rabi,4999,Total Food Grains,Food Grains,"['Cereals', 'Pulses']",2,4999,2,265811.0,Ha,Area
West Bengal,Murshidabad,2022,2022-23,5,Final Estimate,2,Rabi,4999,Total Food Grains,Food Grains,"['Cereals', 'Pulses']",2,4999,2,3052.0,Kg/Ha,Yield
West Bengal,Murshidabad,2023,2023-24,5,Final Estimate,2,Rabi,4999,Total Food Grains,Food Grains,"['Cereals', 'Pulses']",2,4999,2,158720.0,Ha,Area
West Bengal,Murshidabad,2022,2022-23,5,Final Estimate,3,Summer,4999,Total Food Grains,Food Grains,"['Cereals', 'Pulses']",2,4999,3,3895.0,Kg/Ha,Yield
West Bengal,Murshidabad,2022,2022-23,5,Final Estimate,3,Summer,4999,Total Food Grains,Food Grains,"['Cereals', 'Pulses']",2,4999,3,409752.0,Tonnes,Production
West Bengal,Murshidabad,2023,2023-24,5,Final Estimate,3,Summer,4999,Total Food Grains,Food Grains,"['Cereals', 'Pulses']",2,4999,3,409723.2,Tonnes,Production
West Bengal,Murshidabad,2023,2023-24,5,Final Estimate,3,Summer,4999,Total Food Grains,Food Grains,"['Cereals', 'Pulses']",2,4999,3,3979.0,Kg/Ha,Yield
West Bengal,Murshidabad,2023,2023-24,5,Final Estimate,3,Summer,4999,Total Food Grains,Food Grains,"['Cereals', 'Pulses']",2,4999,3,102980.52,Ha,Area
West Bengal,Murshidabad,2022,2022-23,5,Final Estimate,3,Summer,4999,Total Food Grains,Food Grains,"['Cereals', 'Pulses']",2,4999,3,105190.0,Ha,Area
West Bengal,Murshidabad,2022,2022-23,5,Final Estimate,99999,Total,4999,Total Food Grains,Food Grains,"['Cereals', 'Pulses']",2,4999,99999,3161.0,Kg/Ha,Yield
West Bengal,Murshidabad,2023,2023-24,5,Final Estimate,99999,Total,4999,Total Food Grains,Food Grains,"['Cereals', 'Pulses']",2,4999,99999,461791.8,Ha,Area
West Bengal,Murshidabad,2023,2023-24,5,Final Estimate,99999,Total,4999,Total Food Grains,Food Grains,"['Cereals', 'Pulses']",2,4999,99999,3187.0,Kg/Ha,Yield
West Bengal,Murshidabad,2022,2022-23,5,Final Estimate,99999,Total,4999,Total Food Grains,Food Grains,"['Cereals', 'Pulses']",2,4999,99999,403812.0,Ha,Area
West Bengal,Murshidabad,2022,2022-23,5,Final Estimate,99999,Total,4999,Total Food Grains,Food Grains,"['Cereals', 'Pulses']",2,4999,99999,1276625.0,Tonnes,Production
West Bengal,Murshidabad,2023,2023-24,5,Final Estimate,99999,Total,4999,Total Food Grains,Food Grains,"['Cereals', 'Pulses']",2,4999,99999,1471808.95,Tonnes,Production
West Bengal,Murshidabad,2022,2022-23,5,Final Estimate,2,Rabi,15,Groundnut,Oilseeds,['Oil Seeds'],3,1,2,50.0,Ha,Area
West Bengal,Murshidabad,2022,2022-23,5,Final Estimate,2,Rabi,15,Groundnut,Oilseeds,['Oil Seeds'],3,1,2,980.0,Kg/Ha,Yield
West Bengal,Murshidabad,2022,2022-23,5,Final Estimate,2,Rabi,15,Groundnut,Oilseeds,['Oil Seeds'],3,1,2,49.0,Tonnes,Production
West Bengal,Murshidabad,2022,2022-23,5,Final Estimate,3,Summer,15,Groundnut,Oilseeds,['Oil Seeds'],3,1,3,486.0,Ha,Area
West Bengal,Murshidabad,2022,2022-23,5,Final Estimate,3,Summer,15,Groundnut,Oilseeds,['Oil Seeds'],3,1,3,675.0,Tonnes,Production
West Bengal,Murshidabad,2022,2022-23,5,Final Estimate,3,Summer,15,Groundnut,Oilseeds,['Oil Seeds'],3,1,3,1389.0,Kg/Ha,Yield
West Bengal,Murshidabad,2023,2023-24,5,Final Estimate,3,Summer,15,Groundnut,Oilseeds,['Oil Seeds'],3,1,3,496.76,Tonnes,Production
West Bengal,Murshidabad,2023,2023-24,5,Final Estimate,3,Summer,15,Groundnut,Oilseeds,['Oil Seeds'],3,1,3,509.94,Ha,Area
West Bengal,Murshidabad,2023,2023-24,5,Final Estimate,3,Summer,15,Groundnut,Oilseeds,['Oil Seeds'],3,1,3,974.0,Kg/Ha,Yield
West Bengal,Murshidabad,2022,2022-23,5,Final Estimate,99999,Total,15,Groundnut,Oilseeds,['Oil Seeds'],3,1,99999,1351.0,Kg/Ha,Yield
West Bengal,Murshidabad,2023,2023-24,5,Final Estimate,99999,Total,15,Groundnut,Oilseeds,['Oil Seeds'],3,1,99999,974.0,Kg/Ha,Yield
West Bengal,Murshidabad,2023,2023-24,5,Final Estimate,99999,Total,15,Groundnut,Oilseeds,['Oil Seeds'],3,1,99999,509.94,Ha,Area
West Bengal,Murshidabad,2023,2023-24,5,Final Estimate,99999,Total,15,Groundnut,Oilseeds,['Oil Seeds'],3,1,99999,496.76,Tonnes,Production
West Bengal,Murshidabad,2022,2022-23,5,Final Estimate,99999,Total,15,Groundnut,Oilseeds,['Oil Seeds'],3,1,99999,536.0,Ha,Area
West Bengal,Murshidabad,2022,2022-23,5,Final Estimate,99999,Total,15,Groundnut,Oilseeds,['Oil Seeds'],3,1,99999,724.0,Tonnes,Production
West Bengal,Murshidabad,2023,2023-24,5,Final Estimate,1,Kharif,17,Sesamum,Oilseeds,['Oil Seeds'],3,3,1,21.53,Tonnes,Production
West Bengal,Murshidabad,2023,2023-24,5,Final Estimate,1,Kharif,17,Sesamum,Oilseeds,['Oil Seeds'],3,3,1,513.0,Kg/Ha,Yield
West Bengal,Murshidabad,2023,2023-24,5,Final Estimate,1,Kharif,17,Sesamum,Oilseeds,['Oil Seeds'],3,3,1,42.0,Ha,Area
West Bengal,Murshidabad,2022,2022-23,5,Final Estimate,1,Kharif,17,Sesamum,Oilseeds,['Oil Seeds'],3,3,1,50.0,Tonnes,Production
West Bengal,Murshidabad,2022,2022-23,5,Final Estimate,1,Kharif,17,Sesamum,Oilseeds,['Oil Seeds'],3,3,1,85.0,Ha,Area
West Bengal,Murshidabad,2022,2022-23,5,Final Estimate,1,Kharif,17,Sesamum,Oilseeds,['Oil Seeds'],3,3,1,588.0,Kg/Ha,Yield
West Bengal,Murshidabad,2022,2022-23,5,Final Estimate,3,Summer,17,Sesamum,Oilseeds,['Oil Seeds'],3,3,3,24601.0,Ha,Area
West Bengal,Murshidabad,2023,2023-24,5,Final Estimate,3,Summer,17,Sesamum,Oilseeds,['Oil Seeds'],3,3,3,972.0,Kg/Ha,Yield
West Bengal,Murshidabad,2023,2023-24,5,Final Estimate,3,Summer,17,Sesamum,Oilseeds,['Oil Seeds'],3,3,3,35200.55,Tonnes,Production
West Bengal,Murshidabad,2023,2023-24,5,Final Estimate,3,Summer,17,Sesamum,Oilseeds,['Oil Seeds'],3,3,3,36219.0,Ha,Area
West Bengal,Murshidabad,2022,2022-23,5,Final Estimate,3,Summer,17,Sesamum,Oilseeds,['Oil Seeds'],3,3,3,892.0,Kg/Ha,Yield
West Bengal,Murshidabad,2022,2022-23,5,Final Estimate,3,Summer,17,Sesamum,Oilseeds,['Oil Seeds'],3,3,3,21942.0,Tonnes,Production
West Bengal,Murshidabad,2022,2022-23,5,Final Estimate,99999,Total,17,Sesamum,Oilseeds,['Oil Seeds'],3,3,99999,24686.0,Ha,Area
West Bengal,Murshidabad,2023,2023-24,5,Final Estimate,99999,Total,17,Sesamum,Oilseeds,['Oil Seeds'],3,3,99999,36261.0,Ha,Area
West Bengal,Murshidabad,2023,2023-24,5,Final Estimate,99999,Total,17,Sesamum,Oilseeds,['Oil Seeds'],3,3,99999,35222.07,Tonnes,Production
West Bengal,Murshidabad,2023,2023-24,5,Final Estimate,99999,Total,17,Sesamum,Oilseeds,['Oil Seeds'],3,3,99999,971.0,Kg/Ha,Yield
West Bengal,Murshidabad,2022,2022-23,5,Final Estimate,99999,Total,17,Sesamum,Oilseeds,['Oil Seeds'],3,3,99999,891.0,Kg/Ha,Yield
West Bengal,Murshidabad,2022,2022-23,5,Final Estimate,99999,Total,17,Sesamum,Oilseeds,['Oil Seeds'],3,3,99999,21992.0,Tonnes,Production
West Bengal,Murshidabad,2023,2023-24,5,Final Estimate,2,Rabi,21,Rapeseed & Mustard,Oilseeds,['Oil Seeds'],3,7,2,1329.0,Kg/Ha,Yield
West Bengal,Murshidabad,2022,2022-23,5,Final Estimate,2,Rabi,21,Rapeseed & Mustard,Oilseeds,['Oil Seeds'],3,7,2,1186.0,Kg/Ha,Yield
West Bengal,Murshidabad,2023,2023-24,5,Final Estimate,2,Rabi,21,Rapeseed & Mustard,Oilseeds,['Oil Seeds'],3,7,2,128824.0,Ha,Area
West Bengal,Murshidabad,2023,2023-24,5,Final Estimate,2,Rabi,21,Rapeseed & Mustard,Oilseeds,['Oil Seeds'],3,7,2,171176.28,Tonnes,Production
West Bengal,Murshidabad,2022,2022-23,5,Final Estimate,2,Rabi,21,Rapeseed & Mustard,Oilseeds,['Oil Seeds'],3,7,2,166871.0,Tonnes,Production
West Bengal,Murshidabad,2022,2022-23,5,Final Estimate,2,Rabi,21,Rapeseed & Mustard,Oilseeds,['Oil Seeds'],3,7,2,140735.0,Ha,Area
West Bengal,Murshidabad,2022,2022-23,5,Final Estimate,99999,Total,21,Rapeseed & Mustard,Oilseeds,['Oil Seeds'],3,7,99999,140735.0,Ha,Area
West Bengal,Murshidabad,2022,2022-23,5,Final Estimate,99999,Total,21,Rapeseed & Mustard,Oilseeds,['Oil Seeds'],3,7,99999,166871.0,Tonnes,Production
West Bengal,Murshidabad,2023,2023-24,5,Final Estimate,99999,Total,21,Rapeseed & Mustard,Oilseeds,['Oil Seeds'],3,7,99999,171176.28,Tonnes,Production
West Bengal,Murshidabad,2023,2023-24,5,Final Estimate,99999,Total,21,Rapeseed & Mustard,Oilseeds,['Oil Seeds'],3,7,99999,128824.0,Ha,Area
West Bengal,Murshidabad,2023,2023-24,5,Final Estimate,99999,Total,21,Rapeseed & Mustard,Oilseeds,['Oil Seeds'],3,7,99999,1329.0,Kg/Ha,Yield
West Bengal,Murshidabad,2022,2022-23,5,Final Estimate,99999,Total,21,Rapeseed & Mustard,Oilseeds,['Oil Seeds'],3,7,99999,1186.0,Kg/Ha,Yield
West Bengal,Murshidabad,2023,2023-24,5,Final Estimate,2,Rabi,22,Linseed,Oilseeds,['Oil Seeds'],3,8,2,368.0,Kg/Ha,Yield
West Bengal,Murshidabad,2023,2023-24,5,Final Estimate,2,Rabi,22,Linseed,Oilseeds,['Oil Seeds'],3,8,2,421.0,Ha,Area
West Bengal,Murshidabad,2022,2022-23,5,Final Estimate,2,Rabi,22,Linseed,Oilseeds,['Oil Seeds'],3,8,2,487.0,Ha,Area
West Bengal,Murshidabad,2022,2022-23,5,Final Estimate,2,Rabi,22,Linseed,Oilseeds,['Oil Seeds'],3,8,2,298.0,Kg/Ha,Yield
West Bengal,Murshidabad,2022,2022-23,5,Final Estimate,2,Rabi,22,Linseed,Oilseeds,['Oil Seeds'],3,8,2,145.0,Tonnes,Production
West Bengal,Murshidabad,2023,2023-24,5,Final Estimate,2,Rabi,22,Linseed,Oilseeds,['Oil Seeds'],3,8,2,154.87,Tonnes,Production
West Bengal,Murshidabad,2022,2022-23,5,Final Estimate,99999,Total,22,Linseed,Oilseeds,['Oil Seeds'],3,8,99999,145.0,Tonnes,Production
West Bengal,Murshidabad,2022,2022-23,5,Final Estimate,99999,Total,22,Linseed,Oilseeds,['Oil Seeds'],3,8,99999,487.0,Ha,Area
West Bengal,Murshidabad,2023,2023-24,5,Final Estimate,99999,Total,22,Linseed,Oilseeds,['Oil Seeds'],3,8,99999,421.0,Ha,Area
West Bengal,Murshidabad,2023,2023-24,5,Final Estimate,99999,Total,22,Linseed,Oilseeds,['Oil Seeds'],3,8,99999,368.0,Kg/Ha,Yield
West Bengal,Murshidabad,2023,2023-24,5,Final Estimate,99999,Total,22,Linseed,Oilseeds,['Oil Seeds'],3,8,99999,154.87,Tonnes,Production
West Bengal,Murshidabad,2022,2022-23,5,Final Estimate,99999,Total,22,Linseed,Oilseeds,['Oil Seeds'],3,8,99999,298.0,Kg/Ha,Yield
West Bengal,Murshidabad,2023,2023-24,5,Final Estimate,99999,Total,999,Total Oil Seeds,Oilseeds,['Oil Seeds'],3,999,99999,1247.0,Kg/Ha,Yield
West Bengal,Murshidabad,2022,2022-23,5,Final Estimate,99999,Total,999,Total Oil Seeds,Oilseeds,['Oil Seeds'],3,999,99999,1140.0,Kg/Ha,Yield
West Bengal,Murshidabad,2022,2022-23,5,Final Estimate,99999,Total,999,Total Oil Seeds,Oilseeds,['Oil Seeds'],3,999,99999,166444.0,Ha,Area
West Bengal,Murshidabad,2022,2022-23,5,Final Estimate,99999,Total,999,Total Oil Seeds,Oilseeds,['Oil Seeds'],3,999,99999,189732.0,Tonnes,Production
West Bengal,Murshidabad,2023,2023-24,5,Final Estimate,99999,Total,999,Total Oil Seeds,Oilseeds,['Oil Seeds'],3,999,99999,166015.94,Ha,Area
West Bengal,Murshidabad,2023,2023-24,5,Final Estimate,99999,Total,999,Total Oil Seeds,Oilseeds,['Oil Seeds'],3,999,99999,207049.99,Tonnes,Production
West Bengal,Murshidabad,2023,2023-24,5,Final Estimate,1,Kharif,28,Sugarcane,Commercial Crops,['Commercial Crops'],4,1001,1,58300.0,Kg/Ha,Yield
West Bengal,Murshidabad,2023,2023-24,5,Final Estimate,1,Kharif,28,Sugarcane,Commercial Crops,['Commercial Crops'],4,1001,1,199386.85,Tonnes,Production
West Bengal,Murshidabad,2022,2022-23,5,Final Estimate,1,Kharif,28,Sugarcane,Commercial Crops,['Commercial Crops'],4,1001,1,69182.0,Kg/Ha,Yield
West Bengal,Murshidabad,2022,2022-23,5,Final Estimate,1,Kharif,28,Sugarcane,Commercial Crops,['Commercial Crops'],4,1001,1,233283.0,Tonnes,Production
West Bengal,Murshidabad,2022,2022-23,5,Final Estimate,1,Kharif,28,Sugarcane,Commercial Crops,['Commercial Crops'],4,1001,1,3372.0,Ha,Area
West Bengal,Murshidabad,2023,2023-24,5,Final Estimate,1,Kharif,28,Sugarcane,Commercial Crops,['Commercial Crops'],4,1001,1,3420.0,Ha,Area
West Bengal,Murshidabad,2022,2022-23,5,Final Estimate,99999,Total,28,Sugarcane,Commercial Crops,['Commercial Crops'],4,1001,99999,233283.0,Tonnes,Production
West Bengal,Murshidabad,2023,2023-24,5,Final Estimate,99999,Total,28,Sugarcane,Commercial Crops,['Commercial Crops'],4,1001,99999,199386.85,Tonnes,Production
West Bengal,Murshidabad,2023,2023-24,5,Final Estimate,99999,Total,28,Sugarcane,Commercial Crops,['Commercial Crops'],4,1001,99999,58300.0,Kg/Ha,Yield
West Bengal,Murshidabad,2023,2023-24,5,Final Estimate,99999,Total,28,Sugarcane,Commercial Crops,['Commercial Crops'],4,1001,99999,3420.0,Ha,Area
West Bengal,Murshidabad,2022,2022-23,5,Final Estimate,99999,Total,28,Sugarcane,Commercial Crops,['Commercial Crops'],4,1001,99999,69182.0,Kg/Ha,Yield
West Bengal,Murshidabad,2022,2022-23,5,Final Estimate,99999,Total,28,Sugarcane,Commercial Crops,['Commercial Crops'],4,1001,99999,3372.0,Ha,Area
West Bengal,Murshidabad,2022,2022-23,5,Final Estimate,1,Kharif,26,Jute,Commercial Crops,['Commercial Crops'],4,1003,1,1978655.0,Tonnes,Production
West Bengal,Murshidabad,2023,2023-24,5,Final Estimate,1,Kharif,26,Jute,Commercial Crops,['Commercial Crops'],4,1003,1,1879142.26,Tonnes,Production
West Bengal,Murshidabad,2023,2023-24,5,Final Estimate,1,Kharif,26,Jute,Commercial Crops,['Commercial Crops'],4,1003,1,132164.0,Ha,Area
West Bengal,Murshidabad,2023,2023-24,5,Final Estimate,1,Kharif,26,Jute,Commercial Crops,['Commercial Crops'],4,1003,1,2559.0,Kg/Ha,Yield
West Bengal,Murshidabad,2022,2022-23,5,Final Estimate,1,Kharif,26,Jute,Commercial Crops,['Commercial Crops'],4,1003,1,2505.0,Kg/Ha,Yield
West Bengal,Murshidabad,2022,2022-23,5,Final Estimate,1,Kharif,26,Jute,Commercial Crops,['Commercial Crops'],4,1003,1,142164.0,Ha,Area
West Bengal,Murshidabad,2023,2023-24,5,Final Estimate,99999,Total,26,Jute,Commercial Crops,['Commercial Crops'],4,1003,99999,1879142.26,Tonnes,Production
West Bengal,Murshidabad,2023,2023-24,5,Final Estimate,99999,Total,26,Jute,Commercial Crops,['Commercial Crops'],4,1003,99999,2559.0,Kg/Ha,Yield
West Bengal,Murshidabad,2022,2022-23,5,Final Estimate,99999,Total,26,Jute,Commercial Crops,['Commercial Crops'],4,1003,99999,2505.0,Kg/Ha,Yield
West Bengal,Murshidabad,2022,2022-23,5,Final Estimate,99999,Total,26,Jute,Commercial Crops,['Commercial Crops'],4,1003,99999,142164.0,Ha,Area
West Bengal,Murshidabad,2022,2022-23,5,Final Estimate,99999,Total,26,Jute,Commercial Crops,['Commercial Crops'],4,1003,99999,1978655.0,Tonnes,Production
West Bengal,Murshidabad,2023,2023-24,5,Final Estimate,99999,Total,26,Jute,Commercial Crops,['Commercial Crops'],4,1003,99999,132164.0,Ha,Area
West Bengal,Murshidabad,2023,2023-24,5,Final Estimate,1,Kharif,27,Mesta,Commercial Crops,['Commercial Crops'],4,1004,1,2572.0,Kg/Ha,Yield
West Bengal,Murshidabad,2022,2022-23,5,Final Estimate,1,Kharif,27,Mesta,Commercial Crops,['Commercial Crops'],4,1004,1,22978.0,Tonnes,Production
West Bengal,Murshidabad,2022,2022-23,5,Final Estimate,1,Kharif,27,Mesta,Commercial Crops,['Commercial Crops'],4,1004,1,1646.0,Ha,Area
West Bengal,Murshidabad,2022,2022-23,5,Final Estimate,1,Kharif,27,Mesta,Commercial Crops,['Commercial Crops'],4,1004,1,2513.0,Kg/Ha,Yield
West Bengal,Murshidabad,2023,2023-24,5,Final Estimate,1,Kharif,27,Mesta,Commercial Crops,['Commercial Crops'],4,1004,1,1176.0,Ha,Area
West Bengal,Murshidabad,2023,2023-24,5,Final Estimate,1,Kharif,27,Mesta,Commercial Crops,['Commercial Crops'],4,1004,1,16806.6,Tonnes,Production
West Bengal,Murshidabad,2023,2023-24,5,Final Estimate,99999,Total,27,Mesta,Commercial Crops,['Commercial Crops'],4,1004,99999,2572.0,Kg/Ha,Yield
West Bengal,Murshidabad,2023,2023-24,5,Final Estimate,99999,Total,27,Mesta,Commercial Crops,['Commercial Crops'],4,1004,99999,16806.6,Tonnes,Production
West Bengal,Murshidabad,2022,2022-23,5,Final Estimate,99999,Total,27,Mesta,Commercial Crops,['Commercial Crops'],4,1004,99999,22978.0,Tonnes,Production
West Bengal,Murshidabad,2022,2022-23,5,Final Estimate,99999,Total,27,Mesta,Commercial Crops,['Commercial Crops'],4,1004,99999,2513.0,Kg/Ha,Yield
West Bengal,Murshidabad,2022,2022-23,5,Final Estimate,99999,Total,27,Mesta,Commercial Crops,['Commercial Crops'],4,1004,99999,1646.0,Ha,Area
West Bengal,Murshidabad,2023,2023-24,5,Final Estimate,99999,Total,27,Mesta,Commercial Crops,['Commercial Crops'],4,1004,99999,1176.0,Ha,Area
West Bengal,Murshidabad,2023,2023-24,5,Final Estimate,1,Kharif,1999,Jute & Mesta,Commercial Crops,['Commercial Crops'],4,1999,1,133340.0,Ha,Area
West Bengal,Murshidabad,2023,2023-24,5,Final Estimate,1,Kharif,1999,Jute & Mesta,Commercial Crops,['Commercial Crops'],4,1999,1,2559.0,Kg/Ha,Yield
West Bengal,Murshidabad,2023,2023-24,5,Final Estimate,1,Kharif,1999,Jute & Mesta,Commercial Crops,['Commercial Crops'],4,1999,1,1895948.86,Tonnes,Production
West Bengal,Murshidabad,2022,2022-23,5,Final Estimate,1,Kharif,1999,Jute & Mesta,Commercial Crops,['Commercial Crops'],4,1999,1,143810.0,Ha,Area
West Bengal,Murshidabad,2022,2022-23,5,Final Estimate,1,Kharif,1999,Jute & Mesta,Commercial Crops,['Commercial Crops'],4,1999,1,2001633.0,Tonnes,Production
West Bengal,Murshidabad,2022,2022-23,5,Final Estimate,1,Kharif,1999,Jute & Mesta,Commercial Crops,['Commercial Crops'],4,1999,1,2505.0,Kg/Ha,Yield
West Bengal,Murshidabad,2022,2022-23,5,Final Estimate,99999,Total,1999,Jute & Mesta,Commercial Crops,['Commercial Crops'],4,1999,99999,143810.0,Ha,Area
West Bengal,Murshidabad,2023,2023-24,5,Final Estimate,99999,Total,1999,Jute & Mesta,Commercial Crops,['Commercial Crops'],4,1999,99999,1895948.86,Tonnes,Production
West Bengal,Murshidabad,2023,2023-24,5,Final Estimate,99999,Total,1999,Jute & Mesta,Commercial Crops,['Commercial Crops'],4,1999,99999,133340.0,Ha,Area
West Bengal,Murshidabad,2023,2023-24,5,Final Estimate,99999,Total,1999,Jute & Mesta,Commercial Crops,['Commercial Crops'],4,1999,99999,2559.0,Kg/Ha,Yield
West Bengal,Murshidabad,2022,2022-23,5,Final Estimate,99999,Total,1999,Jute & Mesta,Commercial Crops,['Commercial Crops'],4,1999,99999,2001633.0,Tonnes,Production
West Bengal,Murshidabad,2022,2022-23,5,Final Estimate,99999,Total,1999,Jute & Mesta,Commercial Crops,['Commercial Crops'],4,1999,99999,2505.0,Kg/Ha,Yield
West Bengal,Nadia,2023,2023-24,5,Final Estimate,1,Kharif,1,Rice,Food Grains,['Cereals'],1,2001,1,3153.0,Kg/Ha,Yield
West Bengal,Nadia,2022,2022-23,5,Final Estimate,1,Kharif,1,Rice,Food Grains,['Cereals'],1,2001,1,100861.0,Tonnes,Production
West Bengal,Nadia,2023,2023-24,5,Final Estimate,1,Kharif,1,Rice,Food Grains,['Cereals'],1,2001,1,109097.92,Ha,Area
West Bengal,Nadia,2023,2023-24,5,Final Estimate,1,Kharif,1,Rice,Food Grains,['Cereals'],1,2001,1,344006.95,Tonnes,Production
West Bengal,Nadia,2022,2022-23,5,Final Estimate,1,Kharif,1,Rice,Food Grains,['Cereals'],1,2001,1,2769.0,Kg/Ha,Yield
West Bengal,Nadia,2022,2022-23,5,Final Estimate,1,Kharif,1,Rice,Food Grains,['Cereals'],1,2001,1,36421.0,Ha,Area
West Bengal,Nadia,2022,2022-23,5,Final Estimate,2,Rabi,1,Rice,Food Grains,['Cereals'],1,2001,2,3120.0,Kg/Ha,Yield
West Bengal,Nadia,2022,2022-23,5,Final Estimate,2,Rabi,1,Rice,Food Grains,['Cereals'],1,2001,2,272486.0,Tonnes,Production
West Bengal,Nadia,2022,2022-23,5,Final Estimate,2,Rabi,1,Rice,Food Grains,['Cereals'],1,2001,2,87328.0,Ha,Area
West Bengal,Nadia,2023,2023-24,5,Final Estimate,3,Summer,1,Rice,Food Grains,['Cereals'],1,2001,3,3430.0,Kg/Ha,Yield
West Bengal,Nadia,2022,2022-23,5,Final Estimate,3,Summer,1,Rice,Food Grains,['Cereals'],1,2001,3,260866.0,Tonnes,Production
West Bengal,Nadia,2022,2022-23,5,Final Estimate,3,Summer,1,Rice,Food Grains,['Cereals'],1,2001,3,3608.0,Kg/Ha,Yield
West Bengal,Nadia,2022,2022-23,5,Final Estimate,3,Summer,1,Rice,Food Grains,['Cereals'],1,2001,3,72296.0,Ha,Area
West Bengal,Nadia,2023,2023-24,5,Final Estimate,3,Summer,1,Rice,Food Grains,['Cereals'],1,2001,3,233962.73,Tonnes,Production
West Bengal,Nadia,2023,2023-24,5,Final Estimate,3,Summer,1,Rice,Food Grains,['Cereals'],1,2001,3,68215.18,Ha,Area
West Bengal,Nadia,2023,2023-24,5,Final Estimate,99999,Total,1,Rice,Food Grains,['Cereals'],1,2001,99999,3260.0,Kg/Ha,Yield
West Bengal,Nadia,2022,2022-23,5,Final Estimate,99999,Total,1,Rice,Food Grains,['Cereals'],1,2001,99999,3235.0,Kg/Ha,Yield
West Bengal,Nadia,2022,2022-23,5,Final Estimate,99999,Total,1,Rice,Food Grains,['Cereals'],1,2001,99999,196045.0,Ha,Area
West Bengal,Nadia,2022,2022-23,5,Final Estimate,99999,Total,1,Rice,Food Grains,['Cereals'],1,2001,99999,634213.0,Tonnes,Production
West Bengal,Nadia,2023,2023-24,5,Final Estimate,99999,Total,1,Rice,Food Grains,['Cereals'],1,2001,99999,577969.68,Tonnes,Production
West Bengal,Nadia,2023,2023-24,5,Final Estimate,99999,Total,1,Rice,Food Grains,['Cereals'],1,2001,99999,177313.1,Ha,Area
West Bengal,Nadia,2022,2022-23,5,Final Estimate,2,Rabi,2,Wheat,Food Grains,['Cereals'],1,2002,2,9643.0,Ha,Area
West Bengal,Nadia,2023,2023-24,5,Final Estimate,2,Rabi,2,Wheat,Food Grains,['Cereals'],1,2002,2,3247.0,Kg/Ha,Yield
West Bengal,Nadia,2023,2023-24,5,Final Estimate,2,Rabi,2,Wheat,Food Grains,['Cereals'],1,2002,2,11545.0,Ha,Area
West Bengal,Nadia,2023,2023-24,5,Final Estimate,2,Rabi,2,Wheat,Food Grains,['Cereals'],1,2002,2,37488.72,Tonnes,Production
West Bengal,Nadia,2022,2022-23,5,Final Estimate,2,Rabi,2,Wheat,Food Grains,['Cereals'],1,2002,2,30939.0,Tonnes,Production
West Bengal,Nadia,2022,2022-23,5,Final Estimate,2,Rabi,2,Wheat,Food Grains,['Cereals'],1,2002,2,3208.0,Kg/Ha,Yield
West Bengal,Nadia,2023,2023-24,5,Final Estimate,99999,Total,2,Wheat,Food Grains,['Cereals'],1,2002,99999,37488.72,Tonnes,Production
West Bengal,Nadia,2023,2023-24,5,Final Estimate,99999,Total,2,Wheat,Food Grains,['Cereals'],1,2002,99999,3247.0,Kg/Ha,Yield
West Bengal,Nadia,2023,2023-24,5,Final Estimate,99999,Total,2,Wheat,Food Grains,['Cereals'],1,2002,99999,11545.0,Ha,Area
West Bengal,Nadia,2022,2022-23,5,Final Estimate,99999,Total,2,Wheat,Food Grains,['Cereals'],1,2002,99999,30939.0,Tonnes,Production
West Bengal,Nadia,2022,2022-23,5,Final Estimate,99999,Total,2,Wheat,Food Grains,['Cereals'],1,2002,99999,9643.0,Ha,Area
West Bengal,Nadia,2022,2022-23,5,Final Estimate,99999,Total,2,Wheat,Food Grains,['Cereals'],1,2002,99999,3208.0,Kg/Ha,Yield
West Bengal,Nadia,2023,2023-24,5,Final Estimate,1,Kharif,5,Maize,Food Grains,['Cereals'],1,3001,1,9872.0,Kg/Ha,Yield
West Bengal,Nadia,2022,2022-23,5,Final Estimate,1,Kharif,5,Maize,Food Grains,['Cereals'],1,3001,1,14051.0,Tonnes,Production
West Bengal,Nadia,2022,2022-23,5,Final Estimate,1,Kharif,5,Maize,Food Grains,['Cereals'],1,3001,1,6043.0,Kg/Ha,Yield
West Bengal,Nadia,2022,2022-23,5,Final Estimate,1,Kharif,5,Maize,Food Grains,['Cereals'],1,3001,1,2325.0,Ha,Area
West Bengal,Nadia,2023,2023-24,5,Final Estimate,1,Kharif,5,Maize,Food Grains,['Cereals'],1,3001,1,2435.52,Ha,Area
West Bengal,Nadia,2023,2023-24,5,Final Estimate,1,Kharif,5,Maize,Food Grains,['Cereals'],1,3001,1,24043.0,Tonnes,Production
West Bengal,Nadia,2022,2022-23,5,Final Estimate,2,Rabi,5,Maize,Food Grains,['Cereals'],1,3001,2,8865.0,Kg/Ha,Yield
West Bengal,Nadia,2023,2023-24,5,Final Estimate,2,Rabi,5,Maize,Food Grains,['Cereals'],1,3001,2,67002.87,Tonnes,Production
West Bengal,Nadia,2023,2023-24,5,Final Estimate,2,Rabi,5,Maize,Food Grains,['Cereals'],1,3001,2,9329.0,Ha,Area
West Bengal,Nadia,2023,2023-24,5,Final Estimate,2,Rabi,5,Maize,Food Grains,['Cereals'],1,3001,2,7182.0,Kg/Ha,Yield
West Bengal,Nadia,2022,2022-23,5,Final Estimate,2,Rabi,5,Maize,Food Grains,['Cereals'],1,3001,2,70094.0,Tonnes,Production
West Bengal,Nadia,2022,2022-23,5,Final Estimate,2,Rabi,5,Maize,Food Grains,['Cereals'],1,3001,2,7907.0,Ha,Area
West Bengal,Nadia,2022,2022-23,5,Final Estimate,3,Summer,5,Maize,Food Grains,['Cereals'],1,3001,3,7605.0,Kg/Ha,Yield
West Bengal,Nadia,2022,2022-23,5,Final Estimate,3,Summer,5,Maize,Food Grains,['Cereals'],1,3001,3,62851.0,Tonnes,Production
West Bengal,Nadia,2022,2022-23,5,Final Estimate,3,Summer,5,Maize,Food Grains,['Cereals'],1,3001,3,8264.0,Ha,Area
West Bengal,Nadia,2023,2023-24,5,Final Estimate,3,Summer,5,Maize,Food Grains,['Cereals'],1,3001,3,50833.26,Tonnes,Production
West Bengal,Nadia,2023,2023-24,5,Final Estimate,3,Summer,5,Maize,Food Grains,['Cereals'],1,3001,3,8412.69,Ha,Area
West Bengal,Nadia,2023,2023-24,5,Final Estimate,3,Summer,5,Maize,Food Grains,['Cereals'],1,3001,3,6042.0,Kg/Ha,Yield
West Bengal,Nadia,2023,2023-24,5,Final Estimate,99999,Total,5,Maize,Food Grains,['Cereals'],1,3001,99999,20177.21,Ha,Area
West Bengal,Nadia,2022,2022-23,5,Final Estimate,99999,Total,5,Maize,Food Grains,['Cereals'],1,3001,99999,18496.0,Ha,Area
West Bengal,Nadia,2022,2022-23,5,Final Estimate,99999,Total,5,Maize,Food Grains,['Cereals'],1,3001,99999,7947.0,Kg/Ha,Yield
West Bengal,Nadia,2023,2023-24,5,Final Estimate,99999,Total,5,Maize,Food Grains,['Cereals'],1,3001,99999,7032.0,Kg/Ha,Yield
West Bengal,Nadia,2023,2023-24,5,Final Estimate,99999,Total,5,Maize,Food Grains,['Cereals'],1,3001,99999,141879.14,Tonnes,Production
West Bengal,Nadia,2022,2022-23,5,Final Estimate,99999,Total,5,Maize,Food Grains,['Cereals'],1,3001,99999,146996.0,Tonnes,Production
West Bengal,Nadia,2023,2023-24,5,Final Estimate,1,Kharif,3998,Nutri/Coarse Cereals,Food Grains,['Cereals'],1,3998,1,24043.0,Tonnes,Production
West Bengal,Nadia,2023,2023-24,5,Final Estimate,1,Kharif,3998,Nutri/Coarse Cereals,Food Grains,['Cereals'],1,3998,1,2435.52,Ha,Area
West Bengal,Nadia,2023,2023-24,5,Final Estimate,1,Kharif,3998,Nutri/Coarse Cereals,Food Grains,['Cereals'],1,3998,1,9872.0,Kg/Ha,Yield
West Bengal,Nadia,2022,2022-23,5,Final Estimate,1,Kharif,3998,Nutri/Coarse Cereals,Food Grains,['Cereals'],1,3998,1,14051.0,Tonnes,Production
West Bengal,Nadia,2022,2022-23,5,Final Estimate,1,Kharif,3998,Nutri/Coarse Cereals,Food Grains,['Cereals'],1,3998,1,6043.0,Kg/Ha,Yield
West Bengal,Nadia,2022,2022-23,5,Final Estimate,1,Kharif,3998,Nutri/Coarse Cereals,Food Grains,['Cereals'],1,3998,1,2325.0,Ha,Area
West Bengal,Nadia,2022,2022-23,5,Final Estimate,2,Rabi,3998,Nutri/Coarse Cereals,Food Grains,['Cereals'],1,3998,2,70094.0,Tonnes,Production
West Bengal,Nadia,2022,2022-23,5,Final Estimate,2,Rabi,3998,Nutri/Coarse Cereals,Food Grains,['Cereals'],1,3998,2,8865.0,Kg/Ha,Yield
West Bengal,Nadia,2022,2022-23,5,Final Estimate,2,Rabi,3998,Nutri/Coarse Cereals,Food Grains,['Cereals'],1,3998,2,7907.0,Ha,Area
West Bengal,Nadia,2023,2023-24,5,Final Estimate,2,Rabi,3998,Nutri/Coarse Cereals,Food Grains,['Cereals'],1,3998,2,9329.0,Ha,Area
West Bengal,Nadia,2023,2023-24,5,Final Estimate,2,Rabi,3998,Nutri/Coarse Cereals,Food Grains,['Cereals'],1,3998,2,67002.87,Tonnes,Production
West Bengal,Nadia,2023,2023-24,5,Final Estimate,2,Rabi,3998,Nutri/Coarse Cereals,Food Grains,['Cereals'],1,3998,2,7182.0,Kg/Ha,Yield
West Bengal,Nadia,2023,2023-24,5,Final Estimate,3,Summer,3998,Nutri/Coarse Cereals,Food Grains,['Cereals'],1,3998,3,8412.69,Ha,Area
West Bengal,Nadia,2023,2023-24,5,Final Estimate,3,Summer,3998,Nutri/Coarse Cereals,Food Grains,['Cereals'],1,3998,3,50833.26,Tonnes,Production
West Bengal,Nadia,2022,2022-23,5,Final Estimate,3,Summer,3998,Nutri/Coarse Cereals,Food Grains,['Cereals'],1,3998,3,7605.0,Kg/Ha,Yield
West Bengal,Nadia,2022,2022-23,5,Final Estimate,3,Summer,3998,Nutri/Coarse Cereals,Food Grains,['Cereals'],1,3998,3,62851.0,Tonnes,Production
West Bengal,Nadia,2023,2023-24,5,Final Estimate,3,Summer,3998,Nutri/Coarse Cereals,Food Grains,['Cereals'],1,3998,3,6042.0,Kg/Ha,Yield
West Bengal,Nadia,2022,2022-23,5,Final Estimate,3,Summer,3998,Nutri/Coarse Cereals,Food Grains,['Cereals'],1,3998,3,8264.0,Ha,Area
West Bengal,Nadia,2022,2022-23,5,Final Estimate,99999,Total,3998,Nutri/Coarse Cereals,Food Grains,['Cereals'],1,3998,99999,18496.0,Ha,Area
West Bengal,Nadia,2023,2023-24,5,Final Estimate,99999,Total,3998,Nutri/Coarse Cereals,Food Grains,['Cereals'],1,3998,99999,7032.0,Kg/Ha,Yield
West Bengal,Nadia,2023,2023-24,5,Final Estimate,99999,Total,3998,Nutri/Coarse Cereals,Food Grains,['Cereals'],1,3998,99999,20177.21,Ha,Area
West Bengal,Nadia,2023,2023-24,5,Final Estimate,99999,Total,3998,Nutri/Coarse Cereals,Food Grains,['Cereals'],1,3998,99999,141879.14,Tonnes,Production
West Bengal,Nadia,2022,2022-23,5,Final Estimate,99999,Total,3998,Nutri/Coarse Cereals,Food Grains,['Cereals'],1,3998,99999,146996.0,Tonnes,Production
West Bengal,Nadia,2022,2022-23,5,Final Estimate,99999,Total,3998,Nutri/Coarse Cereals,Food Grains,['Cereals'],1,3998,99999,7947.0,Kg/Ha,Yield
West Bengal,Nadia,2022,2022-23,5,Final Estimate,1,Kharif,3999,Cereals,Food Grains,['Cereals'],1,3999,1,38746.0,Ha,Area
West Bengal,Nadia,2023,2023-24,5,Final Estimate,1,Kharif,3999,Cereals,Food Grains,['Cereals'],1,3999,1,368049.95,Tonnes,Production
West Bengal,Nadia,2023,2023-24,5,Final Estimate,1,Kharif,3999,Cereals,Food Grains,['Cereals'],1,3999,1,111533.44,Ha,Area
West Bengal,Nadia,2023,2023-24,5,Final Estimate,1,Kharif,3999,Cereals,Food Grains,['Cereals'],1,3999,1,3300.0,Kg/Ha,Yield
West Bengal,Nadia,2022,2022-23,5,Final Estimate,1,Kharif,3999,Cereals,Food Grains,['Cereals'],1,3999,1,114912.0,Tonnes,Production
West Bengal,Nadia,2022,2022-23,5,Final Estimate,1,Kharif,3999,Cereals,Food Grains,['Cereals'],1,3999,1,2966.0,Kg/Ha,Yield
West Bengal,Nadia,2022,2022-23,5,Final Estimate,2,Rabi,3999,Cereals,Food Grains,['Cereals'],1,3999,2,373519.0,Tonnes,Production
West Bengal,Nadia,2023,2023-24,5,Final Estimate,2,Rabi,3999,Cereals,Food Grains,['Cereals'],1,3999,2,104491.6,Tonnes,Production
West Bengal,Nadia,2023,2023-24,5,Final Estimate,2,Rabi,3999,Cereals,Food Grains,['Cereals'],1,3999,2,20874.0,Ha,Area
West Bengal,Nadia,2023,2023-24,5,Final Estimate,2,Rabi,3999,Cereals,Food Grains,['Cereals'],1,3999,2,5006.0,Kg/Ha,Yield
West Bengal,Nadia,2022,2022-23,5,Final Estimate,2,Rabi,3999,Cereals,Food Grains,['Cereals'],1,3999,2,3561.0,Kg/Ha,Yield
West Bengal,Nadia,2022,2022-23,5,Final Estimate,2,Rabi,3999,Cereals,Food Grains,['Cereals'],1,3999,2,104878.0,Ha,Area
West Bengal,Nadia,2023,2023-24,5,Final Estimate,3,Summer,3999,Cereals,Food Grains,['Cereals'],1,3999,3,284795.99,Tonnes,Production
West Bengal,Nadia,2022,2022-23,5,Final Estimate,3,Summer,3999,Cereals,Food Grains,['Cereals'],1,3999,3,323717.0,Tonnes,Production
West Bengal,Nadia,2022,2022-23,5,Final Estimate,3,Summer,3999,Cereals,Food Grains,['Cereals'],1,3999,3,80560.0,Ha,Area
West Bengal,Nadia,2022,2022-23,5,Final Estimate,3,Summer,3999,Cereals,Food Grains,['Cereals'],1,3999,3,4018.0,Kg/Ha,Yield
West Bengal,Nadia,2023,2023-24,5,Final Estimate,3,Summer,3999,Cereals,Food Grains,['Cereals'],1,3999,3,3717.0,Kg/Ha,Yield
West Bengal,Nadia,2023,2023-24,5,Final Estimate,3,Summer,3999,Cereals,Food Grains,['Cereals'],1,3999,3,76627.87,Ha,Area
West Bengal,Nadia,2022,2022-23,5,Final Estimate,99999,Total,3999,Cereals,Food Grains,['Cereals'],1,3999,99999,3623.0,Kg/Ha,Yield
West Bengal,Nadia,2023,2023-24,5,Final Estimate,99999,Total,3999,Cereals,Food Grains,['Cereals'],1,3999,99999,209035.31,Ha,Area
West Bengal,Nadia,2023,2023-24,5,Final Estimate,99999,Total,3999,Cereals,Food Grains,['Cereals'],1,3999,99999,757337.54,Tonnes,Production
West Bengal,Nadia,2022,2022-23,5,Final Estimate,99999,Total,3999,Cereals,Food Grains,['Cereals'],1,3999,99999,224184.0,Ha,Area
West Bengal,Nadia,2022,2022-23,5,Final Estimate,99999,Total,3999,Cereals,Food Grains,['Cereals'],1,3999,99999,812148.0,Tonnes,Production
West Bengal,Nadia,2023,2023-24,5,Final Estimate,99999,Total,3999,Cereals,Food Grains,['Cereals'],1,3999,99999,3623.0,Kg/Ha,Yield
West Bengal,Nadia,2023,2023-24,5,Final Estimate,1,Kharif,9,Tur,Food Grains,['Pulses'],2,4001,1,40.0,Ha,Area
West Bengal,Nadia,2023,2023-24,5,Final Estimate,1,Kharif,9,Tur,Food Grains,['Pulses'],2,4001,1,53.46,Tonnes,Production
West Bengal,Nadia,2023,2023-24,5,Final Estimate,1,Kharif,9,Tur,Food Grains,['Pulses'],2,4001,1,1336.0,Kg/Ha,Yield
West Bengal,Nadia,2022,2022-23,5,Final Estimate,2,Rabi,9,Tur,Food Grains,['Pulses'],2,4001,2,57.0,Tonnes,Production
West Bengal,Nadia,2022,2022-23,5,Final Estimate,2,Rabi,9,Tur,Food Grains,['Pulses'],2,4001,2,1583.0,Kg/Ha,Yield
West Bengal,Nadia,2022,2022-23,5,Final Estimate,2,Rabi,9,Tur,Food Grains,['Pulses'],2,4001,2,36.0,Ha,Area
West Bengal,Nadia,2023,2023-24,5,Final Estimate,99999,Total,9,Tur,Food Grains,['Pulses'],2,4001,99999,1336.0,Kg/Ha,Yield
West Bengal,Nadia,2022,2022-23,5,Final Estimate,99999,Total,9,Tur,Food Grains,['Pulses'],2,4001,99999,36.0,Ha,Area
West Bengal,Nadia,2023,2023-24,5,Final Estimate,99999,Total,9,Tur,Food Grains,['Pulses'],2,4001,99999,40.0,Ha,Area
West Bengal,Nadia,2023,2023-24,5,Final Estimate,99999,Total,9,Tur,Food Grains,['Pulses'],2,4001,99999,53.46,Tonnes,Production
West Bengal,Nadia,2022,2022-23,5,Final Estimate,99999,Total,9,Tur,Food Grains,['Pulses'],2,4001,99999,1583.0,Kg/Ha,Yield
West Bengal,Nadia,2022,2022-23,5,Final Estimate,99999,Total,9,Tur,Food Grains,['Pulses'],2,4001,99999,57.0,Tonnes,Production
West Bengal,Nadia,2022,2022-23,5,Final Estimate,2,Rabi,10,Gram,Food Grains,['Pulses'],2,4002,2,963.0,Kg/Ha,Yield
West Bengal,Nadia,2023,2023-24,5,Final Estimate,2,Rabi,10,Gram,Food Grains,['Pulses'],2,4002,2,941.0,Kg/Ha,Yield
West Bengal,Nadia,2023,2023-24,5,Final Estimate,2,Rabi,10,Gram,Food Grains,['Pulses'],2,4002,2,3207.68,Tonnes,Production
West Bengal,Nadia,2022,2022-23,5,Final Estimate,2,Rabi,10,Gram,Food Grains,['Pulses'],2,4002,2,5471.0,Tonnes,Production
West Bengal,Nadia,2022,2022-23,5,Final Estimate,2,Rabi,10,Gram,Food Grains,['Pulses'],2,4002,2,5680.0,Ha,Area
West Bengal,Nadia,2023,2023-24,5,Final Estimate,2,Rabi,10,Gram,Food Grains,['Pulses'],2,4002,2,3410.0,Ha,Area
West Bengal,Nadia,2023,2023-24,5,Final Estimate,99999,Total,10,Gram,Food Grains,['Pulses'],2,4002,99999,941.0,Kg/Ha,Yield
West Bengal,Nadia,2023,2023-24,5,Final Estimate,99999,Total,10,Gram,Food Grains,['Pulses'],2,4002,99999,3410.0,Ha,Area
West Bengal,Nadia,2022,2022-23,5,Final Estimate,99999,Total,10,Gram,Food Grains,['Pulses'],2,4002,99999,5680.0,Ha,Area
West Bengal,Nadia,2023,2023-24,5,Final Estimate,99999,Total,10,Gram,Food Grains,['Pulses'],2,4002,99999,3207.68,Tonnes,Production
West Bengal,Nadia,2022,2022-23,5,Final Estimate,99999,Total,10,Gram,Food Grains,['Pulses'],2,4002,99999,5471.0,Tonnes,Production
West Bengal,Nadia,2022,2022-23,5,Final Estimate,99999,Total,10,Gram,Food Grains,['Pulses'],2,4002,99999,963.0,Kg/Ha,Yield
West Bengal,Nadia,2022,2022-23,5,Final Estimate,1,Kharif,11,Urad,Food Grains,['Pulses'],2,4003,1,14729.0,Ha,Area
West Bengal,Nadia,2023,2023-24,5,Final Estimate,1,Kharif,11,Urad,Food Grains,['Pulses'],2,4003,1,769.0,Kg/Ha,Yield
West Bengal,Nadia,2023,2023-24,5,Final Estimate,1,Kharif,11,Urad,Food Grains,['Pulses'],2,4003,1,10950.55,Tonnes,Production
West Bengal,Nadia,2023,2023-24,5,Final Estimate,1,Kharif,11,Urad,Food Grains,['Pulses'],2,4003,1,14234.0,Ha,Area
West Bengal,Nadia,2022,2022-23,5,Final Estimate,1,Kharif,11,Urad,Food Grains,['Pulses'],2,4003,1,778.0,Kg/Ha,Yield
West Bengal,Nadia,2022,2022-23,5,Final Estimate,1,Kharif,11,Urad,Food Grains,['Pulses'],2,4003,1,11463.0,Tonnes,Production
West Bengal,Nadia,2022,2022-23,5,Final Estimate,99999,Total,11,Urad,Food Grains,['Pulses'],2,4003,99999,778.0,Kg/Ha,Yield
West Bengal,Nadia,2023,2023-24,5,Final Estimate,99999,Total,11,Urad,Food Grains,['Pulses'],2,4003,99999,769.0,Kg/Ha,Yield
West Bengal,Nadia,2023,2023-24,5,Final Estimate,99999,Total,11,Urad,Food Grains,['Pulses'],2,4003,99999,14234.0,Ha,Area
West Bengal,Nadia,2023,2023-24,5,Final Estimate,99999,Total,11,Urad,Food Grains,['Pulses'],2,4003,99999,10950.55,Tonnes,Production
West Bengal,Nadia,2022,2022-23,5,Final Estimate,99999,Total,11,Urad,Food Grains,['Pulses'],2,4003,99999,11463.0,Tonnes,Production
West Bengal,Nadia,2022,2022-23,5,Final Estimate,99999,Total,11,Urad,Food Grains,['Pulses'],2,4003,99999,14729.0,Ha,Area
West Bengal,Nadia,2023,2023-24,5,Final Estimate,3,Summer,12,Moong,Food Grains,['Pulses'],2,4004,3,724.8,Tonnes,Production
West Bengal,Nadia,2022,2022-23,5,Final Estimate,3,Summer,12,Moong,Food Grains,['Pulses'],2,4004,3,5213.0,Tonnes,Production
West Bengal,Nadia,2022,2022-23,5,Final Estimate,3,Summer,12,Moong,Food Grains,['Pulses'],2,4004,3,2963.0,Ha,Area
West Bengal,Nadia,2022,2022-23,5,Final Estimate,3,Summer,12,Moong,Food Grains,['Pulses'],2,4004,3,1759.0,Kg/Ha,Yield
West Bengal,Nadia,2023,2023-24,5,Final Estimate,3,Summer,12,Moong,Food Grains,['Pulses'],2,4004,3,1005.0,Ha,Area
West Bengal,Nadia,2023,2023-24,5,Final Estimate,3,Summer,12,Moong,Food Grains,['Pulses'],2,4004,3,721.0,Kg/Ha,Yield
West Bengal,Nadia,2023,2023-24,5,Final Estimate,99999,Total,12,Moong,Food Grains,['Pulses'],2,4004,99999,724.8,Tonnes,Production
West Bengal,Nadia,2022,2022-23,5,Final Estimate,99999,Total,12,Moong,Food Grains,['Pulses'],2,4004,99999,5213.0,Tonnes,Production
West Bengal,Nadia,2022,2022-23,5,Final Estimate,99999,Total,12,Moong,Food Grains,['Pulses'],2,4004,99999,2963.0,Ha,Area
West Bengal,Nadia,2022,2022-23,5,Final Estimate,99999,Total,12,Moong,Food Grains,['Pulses'],2,4004,99999,1759.0,Kg/Ha,Yield
West Bengal,Nadia,2023,2023-24,5,Final Estimate,99999,Total,12,Moong,Food Grains,['Pulses'],2,4004,99999,721.0,Kg/Ha,Yield
West Bengal,Nadia,2023,2023-24,5,Final Estimate,99999,Total,12,Moong,Food Grains,['Pulses'],2,4004,99999,1005.0,Ha,Area
West Bengal,Nadia,2022,2022-23,5,Final Estimate,2,Rabi,13,Lentil,Food Grains,['Pulses'],2,4005,2,38743.0,Tonnes,Production
West Bengal,Nadia,2022,2022-23,5,Final Estimate,2,Rabi,13,Lentil,Food Grains,['Pulses'],2,4005,2,32729.0,Ha,Area
West Bengal,Nadia,2022,2022-23,5,Final Estimate,2,Rabi,13,Lentil,Food Grains,['Pulses'],2,4005,2,1184.0,Kg/Ha,Yield
West Bengal,Nadia,2023,2023-24,5,Final Estimate,2,Rabi,13,Lentil,Food Grains,['Pulses'],2,4005,2,947.0,Kg/Ha,Yield
West Bengal,Nadia,2023,2023-24,5,Final Estimate,2,Rabi,13,Lentil,Food Grains,['Pulses'],2,4005,2,31385.37,Tonnes,Production
West Bengal,Nadia,2023,2023-24,5,Final Estimate,2,Rabi,13,Lentil,Food Grains,['Pulses'],2,4005,2,33128.0,Ha,Area
West Bengal,Nadia,2023,2023-24,5,Final Estimate,99999,Total,13,Lentil,Food Grains,['Pulses'],2,4005,99999,947.0,Kg/Ha,Yield
West Bengal,Nadia,2022,2022-23,5,Final Estimate,99999,Total,13,Lentil,Food Grains,['Pulses'],2,4005,99999,32729.0,Ha,Area
West Bengal,Nadia,2022,2022-23,5,Final Estimate,99999,Total,13,Lentil,Food Grains,['Pulses'],2,4005,99999,38743.0,Tonnes,Production
West Bengal,Nadia,2023,2023-24,5,Final Estimate,99999,Total,13,Lentil,Food Grains,['Pulses'],2,4005,99999,33128.0,Ha,Area
West Bengal,Nadia,2023,2023-24,5,Final Estimate,99999,Total,13,Lentil,Food Grains,['Pulses'],2,4005,99999,31385.37,Tonnes,Production
West Bengal,Nadia,2022,2022-23,5,Final Estimate,99999,Total,13,Lentil,Food Grains,['Pulses'],2,4005,99999,1184.0,Kg/Ha,Yield
West Bengal,Nadia,2022,2022-23,5,Final Estimate,2,Rabi,14,Other Pulses,Food Grains,['Pulses'],2,4006,2,875.0,Kg/Ha,Yield
West Bengal,Nadia,2023,2023-24,5,Final Estimate,2,Rabi,14,Other Pulses,Food Grains,['Pulses'],2,4006,2,906.0,Kg/Ha,Yield
West Bengal,Nadia,2023,2023-24,5,Final Estimate,2,Rabi,14,Other Pulses,Food Grains,['Pulses'],2,4006,2,4615.98,Tonnes,Production
West Bengal,Nadia,2022,2022-23,5,Final Estimate,2,Rabi,14,Other Pulses,Food Grains,['Pulses'],2,4006,2,5380.0,Ha,Area
West Bengal,Nadia,2023,2023-24,5,Final Estimate,2,Rabi,14,Other Pulses,Food Grains,['Pulses'],2,4006,2,5094.0,Ha,Area
West Bengal,Nadia,2022,2022-23,5,Final Estimate,2,Rabi,14,Other Pulses,Food Grains,['Pulses'],2,4006,2,4709.0,Tonnes,Production
West Bengal,Nadia,2023,2023-24,5,Final Estimate,99999,Total,14,Other Pulses,Food Grains,['Pulses'],2,4006,99999,5094.0,Ha,Area
West Bengal,Nadia,2023,2023-24,5,Final Estimate,99999,Total,14,Other Pulses,Food Grains,['Pulses'],2,4006,99999,4615.98,Tonnes,Production
West Bengal,Nadia,2023,2023-24,5,Final Estimate,99999,Total,14,Other Pulses,Food Grains,['Pulses'],2,4006,99999,906.0,Kg/Ha,Yield
West Bengal,Nadia,2022,2022-23,5,Final Estimate,99999,Total,14,Other Pulses,Food Grains,['Pulses'],2,4006,99999,875.0,Kg/Ha,Yield
West Bengal,Nadia,2022,2022-23,5,Final Estimate,99999,Total,14,Other Pulses,Food Grains,['Pulses'],2,4006,99999,4709.0,Tonnes,Production
West Bengal,Nadia,2022,2022-23,5,Final Estimate,99999,Total,14,Other Pulses,Food Grains,['Pulses'],2,4006,99999,5380.0,Ha,Area
West Bengal,Nadia,2022,2022-23,5,Final Estimate,99999,Total,4998,Total Pulses,Food Grains,['Pulses'],2,4998,99999,61517.0,Ha,Area
West Bengal,Nadia,2022,2022-23,5,Final Estimate,99999,Total,4998,Total Pulses,Food Grains,['Pulses'],2,4998,99999,1067.0,Kg/Ha,Yield
West Bengal,Nadia,2023,2023-24,5,Final Estimate,99999,Total,4998,Total Pulses,Food Grains,['Pulses'],2,4998,99999,56911.0,Ha,Area
West Bengal,Nadia,2023,2023-24,5,Final Estimate,99999,Total,4998,Total Pulses,Food Grains,['Pulses'],2,4998,99999,50937.82,Tonnes,Production
West Bengal,Nadia,2023,2023-24,5,Final Estimate,99999,Total,4998,Total Pulses,Food Grains,['Pulses'],2,4998,99999,895.0,Kg/Ha,Yield
West Bengal,Nadia,2022,2022-23,5,Final Estimate,99999,Total,4998,Total Pulses,Food Grains,['Pulses'],2,4998,99999,65656.0,Tonnes,Production
West Bengal,Nadia,2023,2023-24,5,Final Estimate,1,Kharif,4999,Total Food Grains,Food Grains,"['Cereals', 'Pulses']",2,4999,1,379053.96,Tonnes,Production
West Bengal,Nadia,2023,2023-24,5,Final Estimate,1,Kharif,4999,Total Food Grains,Food Grains,"['Cereals', 'Pulses']",2,4999,1,125807.44,Ha,Area
West Bengal,Nadia,2023,2023-24,5,Final Estimate,1,Kharif,4999,Total Food Grains,Food Grains,"['Cereals', 'Pulses']",2,4999,1,3013.0,Kg/Ha,Yield
West Bengal,Nadia,2022,2022-23,5,Final Estimate,1,Kharif,4999,Total Food Grains,Food Grains,"['Cereals', 'Pulses']",2,4999,1,53475.0,Ha,Area
West Bengal,Nadia,2022,2022-23,5,Final Estimate,1,Kharif,4999,Total Food Grains,Food Grains,"['Cereals', 'Pulses']",2,4999,1,126375.0,Tonnes,Production
West Bengal,Nadia,2022,2022-23,5,Final Estimate,1,Kharif,4999,Total Food Grains,Food Grains,"['Cereals', 'Pulses']",2,4999,1,2363.0,Kg/Ha,Yield
West Bengal,Nadia,2023,2023-24,5,Final Estimate,2,Rabi,4999,Total Food Grains,Food Grains,"['Cereals', 'Pulses']",2,4999,2,62506.0,Ha,Area
West Bengal,Nadia,2022,2022-23,5,Final Estimate,2,Rabi,4999,Total Food Grains,Food Grains,"['Cereals', 'Pulses']",2,4999,2,2841.0,Kg/Ha,Yield
West Bengal,Nadia,2022,2022-23,5,Final Estimate,2,Rabi,4999,Total Food Grains,Food Grains,"['Cereals', 'Pulses']",2,4999,2,148703.0,Ha,Area
West Bengal,Nadia,2023,2023-24,5,Final Estimate,2,Rabi,4999,Total Food Grains,Food Grains,"['Cereals', 'Pulses']",2,4999,2,2299.0,Kg/Ha,Yield
West Bengal,Nadia,2022,2022-23,5,Final Estimate,2,Rabi,4999,Total Food Grains,Food Grains,"['Cereals', 'Pulses']",2,4999,2,422499.0,Tonnes,Production
West Bengal,Nadia,2023,2023-24,5,Final Estimate,2,Rabi,4999,Total Food Grains,Food Grains,"['Cereals', 'Pulses']",2,4999,2,143700.62,Tonnes,Production
West Bengal,Nadia,2022,2022-23,5,Final Estimate,3,Summer,4999,Total Food Grains,Food Grains,"['Cereals', 'Pulses']",2,4999,3,3938.0,Kg/Ha,Yield
West Bengal,Nadia,2023,2023-24,5,Final Estimate,3,Summer,4999,Total Food Grains,Food Grains,"['Cereals', 'Pulses']",2,4999,3,285520.79,Tonnes,Production
West Bengal,Nadia,2023,2023-24,5,Final Estimate,3,Summer,4999,Total Food Grains,Food Grains,"['Cereals', 'Pulses']",2,4999,3,77632.87,Ha,Area
West Bengal,Nadia,2023,2023-24,5,Final Estimate,3,Summer,4999,Total Food Grains,Food Grains,"['Cereals', 'Pulses']",2,4999,3,3678.0,Kg/Ha,Yield
West Bengal,Nadia,2022,2022-23,5,Final Estimate,3,Summer,4999,Total Food Grains,Food Grains,"['Cereals', 'Pulses']",2,4999,3,328930.0,Tonnes,Production
West Bengal,Nadia,2022,2022-23,5,Final Estimate,3,Summer,4999,Total Food Grains,Food Grains,"['Cereals', 'Pulses']",2,4999,3,83523.0,Ha,Area
West Bengal,Nadia,2023,2023-24,5,Final Estimate,99999,Total,4999,Total Food Grains,Food Grains,"['Cereals', 'Pulses']",2,4999,99999,3039.0,Kg/Ha,Yield
West Bengal,Nadia,2022,2022-23,5,Final Estimate,99999,Total,4999,Total Food Grains,Food Grains,"['Cereals', 'Pulses']",2,4999,99999,285701.0,Ha,Area
West Bengal,Nadia,2022,2022-23,5,Final Estimate,99999,Total,4999,Total Food Grains,Food Grains,"['Cereals', 'Pulses']",2,4999,99999,3072.0,Kg/Ha,Yield
West Bengal,Nadia,2023,2023-24,5,Final Estimate,99999,Total,4999,Total Food Grains,Food Grains,"['Cereals', 'Pulses']",2,4999,99999,808275.37,Tonnes,Production
West Bengal,Nadia,2022,2022-23,5,Final Estimate,99999,Total,4999,Total Food Grains,Food Grains,"['Cereals', 'Pulses']",2,4999,99999,877804.0,Tonnes,Production
West Bengal,Nadia,2023,2023-24,5,Final Estimate,99999,Total,4999,Total Food Grains,Food Grains,"['Cereals', 'Pulses']",2,4999,99999,265946.31,Ha,Area
West Bengal,Nadia,2023,2023-24,5,Final Estimate,2,Rabi,15,Groundnut,Oilseeds,['Oil Seeds'],3,1,2,1663.89,Tonnes,Production
West Bengal,Nadia,2022,2022-23,5,Final Estimate,2,Rabi,15,Groundnut,Oilseeds,['Oil Seeds'],3,1,2,2368.0,Kg/Ha,Yield
West Bengal,Nadia,2022,2022-23,5,Final Estimate,2,Rabi,15,Groundnut,Oilseeds,['Oil Seeds'],3,1,2,1684.0,Tonnes,Production
West Bengal,Nadia,2022,2022-23,5,Final Estimate,2,Rabi,15,Groundnut,Oilseeds,['Oil Seeds'],3,1,2,711.0,Ha,Area
West Bengal,Nadia,2023,2023-24,5,Final Estimate,2,Rabi,15,Groundnut,Oilseeds,['Oil Seeds'],3,1,2,711.0,Ha,Area
West Bengal,Nadia,2023,2023-24,5,Final Estimate,2,Rabi,15,Groundnut,Oilseeds,['Oil Seeds'],3,1,2,2340.0,Kg/Ha,Yield
West Bengal,Nadia,2022,2022-23,5,Final Estimate,3,Summer,15,Groundnut,Oilseeds,['Oil Seeds'],3,1,3,2224.0,Ha,Area
West Bengal,Nadia,2023,2023-24,5,Final Estimate,3,Summer,15,Groundnut,Oilseeds,['Oil Seeds'],3,1,3,4309.21,Tonnes,Production
West Bengal,Nadia,2023,2023-24,5,Final Estimate,3,Summer,15,Groundnut,Oilseeds,['Oil Seeds'],3,1,3,2384.71,Ha,Area
West Bengal,Nadia,2023,2023-24,5,Final Estimate,3,Summer,15,Groundnut,Oilseeds,['Oil Seeds'],3,1,3,1807.0,Kg/Ha,Yield
West Bengal,Nadia,2022,2022-23,5,Final Estimate,3,Summer,15,Groundnut,Oilseeds,['Oil Seeds'],3,1,3,1530.0,Kg/Ha,Yield
West Bengal,Nadia,2022,2022-23,5,Final Estimate,3,Summer,15,Groundnut,Oilseeds,['Oil Seeds'],3,1,3,3403.0,Tonnes,Production
West Bengal,Nadia,2022,2022-23,5,Final Estimate,99999,Total,15,Groundnut,Oilseeds,['Oil Seeds'],3,1,99999,1733.0,Kg/Ha,Yield
West Bengal,Nadia,2023,2023-24,5,Final Estimate,99999,Total,15,Groundnut,Oilseeds,['Oil Seeds'],3,1,99999,1929.0,Kg/Ha,Yield
West Bengal,Nadia,2022,2022-23,5,Final Estimate,99999,Total,15,Groundnut,Oilseeds,['Oil Seeds'],3,1,99999,5087.0,Tonnes,Production
West Bengal,Nadia,2023,2023-24,5,Final Estimate,99999,Total,15,Groundnut,Oilseeds,['Oil Seeds'],3,1,99999,5973.1,Tonnes,Production
West Bengal,Nadia,2023,2023-24,5,Final Estimate,99999,Total,15,Groundnut,Oilseeds,['Oil Seeds'],3,1,99999,3095.71,Ha,Area
West Bengal,Nadia,2022,2022-23,5,Final Estimate,99999,Total,15,Groundnut,Oilseeds,['Oil Seeds'],3,1,99999,2935.0,Ha,Area
West Bengal,Nadia,2022,2022-23,5,Final Estimate,3,Summer,17,Sesamum,Oilseeds,['Oil Seeds'],3,3,3,1010.0,Kg/Ha,Yield
West Bengal,Nadia,2023,2023-24,5,Final Estimate,3,Summer,17,Sesamum,Oilseeds,['Oil Seeds'],3,3,3,973.0,Kg/Ha,Yield
West Bengal,Nadia,2022,2022-23,5,Final Estimate,3,Summer,17,Sesamum,Oilseeds,['Oil Seeds'],3,3,3,31644.0,Ha,Area
West Bengal,Nadia,2022,2022-23,5,Final Estimate,3,Summer,17,Sesamum,Oilseeds,['Oil Seeds'],3,3,3,31969.0,Tonnes,Production
West Bengal,Nadia,2023,2023-24,5,Final Estimate,3,Summer,17,Sesamum,Oilseeds,['Oil Seeds'],3,3,3,31276.07,Tonnes,Production
West Bengal,Nadia,2023,2023-24,5,Final Estimate,3,Summer,17,Sesamum,Oilseeds,['Oil Seeds'],3,3,3,32148.0,Ha,Area
West Bengal,Nadia,2023,2023-24,5,Final Estimate,99999,Total,17,Sesamum,Oilseeds,['Oil Seeds'],3,3,99999,32148.0,Ha,Area
West Bengal,Nadia,2022,2022-23,5,Final Estimate,99999,Total,17,Sesamum,Oilseeds,['Oil Seeds'],3,3,99999,1010.0,Kg/Ha,Yield
West Bengal,Nadia,2022,2022-23,5,Final Estimate,99999,Total,17,Sesamum,Oilseeds,['Oil Seeds'],3,3,99999,31644.0,Ha,Area
West Bengal,Nadia,2022,2022-23,5,Final Estimate,99999,Total,17,Sesamum,Oilseeds,['Oil Seeds'],3,3,99999,31969.0,Tonnes,Production
West Bengal,Nadia,2023,2023-24,5,Final Estimate,99999,Total,17,Sesamum,Oilseeds,['Oil Seeds'],3,3,99999,973.0,Kg/Ha,Yield
West Bengal,Nadia,2023,2023-24,5,Final Estimate,99999,Total,17,Sesamum,Oilseeds,['Oil Seeds'],3,3,99999,31276.07,Tonnes,Production
West Bengal,Nadia,2022,2022-23,5,Final Estimate,1,Kharif,20,Sunflower,Oilseeds,['Oil Seeds'],3,6,1,30.0,Ha,Area
West Bengal,Nadia,2022,2022-23,5,Final Estimate,1,Kharif,20,Sunflower,Oilseeds,['Oil Seeds'],3,6,1,1800.0,Kg/Ha,Yield
West Bengal,Nadia,2022,2022-23,5,Final Estimate,1,Kharif,20,Sunflower,Oilseeds,['Oil Seeds'],3,6,1,54.0,Tonnes,Production
West Bengal,Nadia,2023,2023-24,5,Final Estimate,3,Summer,20,Sunflower,Oilseeds,['Oil Seeds'],3,6,3,62.09,Tonnes,Production
West Bengal,Nadia,2023,2023-24,5,Final Estimate,3,Summer,20,Sunflower,Oilseeds,['Oil Seeds'],3,6,3,1774.0,Kg/Ha,Yield
West Bengal,Nadia,2023,2023-24,5,Final Estimate,3,Summer,20,Sunflower,Oilseeds,['Oil Seeds'],3,6,3,35.0,Ha,Area
West Bengal,Nadia,2022,2022-23,5,Final Estimate,99999,Total,20,Sunflower,Oilseeds,['Oil Seeds'],3,6,99999,30.0,Ha,Area
West Bengal,Nadia,2023,2023-24,5,Final Estimate,99999,Total,20,Sunflower,Oilseeds,['Oil Seeds'],3,6,99999,1774.0,Kg/Ha,Yield
West Bengal,Nadia,2022,2022-23,5,Final Estimate,99999,Total,20,Sunflower,Oilseeds,['Oil Seeds'],3,6,99999,1800.0,Kg/Ha,Yield
West Bengal,Nadia,2022,2022-23,5,Final Estimate,99999,Total,20,Sunflower,Oilseeds,['Oil Seeds'],3,6,99999,54.0,Tonnes,Production
West Bengal,Nadia,2023,2023-24,5,Final Estimate,99999,Total,20,Sunflower,Oilseeds,['Oil Seeds'],3,6,99999,62.09,Tonnes,Production
West Bengal,Nadia,2023,2023-24,5,Final Estimate,99999,Total,20,Sunflower,Oilseeds,['Oil Seeds'],3,6,99999,35.0,Ha,Area
West Bengal,Nadia,2023,2023-24,5,Final Estimate,2,Rabi,21,Rapeseed & Mustard,Oilseeds,['Oil Seeds'],3,7,2,1055.0,Kg/Ha,Yield
West Bengal,Nadia,2023,2023-24,5,Final Estimate,2,Rabi,21,Rapeseed & Mustard,Oilseeds,['Oil Seeds'],3,7,2,91742.11,Tonnes,Production
West Bengal,Nadia,2022,2022-23,5,Final Estimate,2,Rabi,21,Rapeseed & Mustard,Oilseeds,['Oil Seeds'],3,7,2,1236.0,Kg/Ha,Yield
West Bengal,Nadia,2022,2022-23,5,Final Estimate,2,Rabi,21,Rapeseed & Mustard,Oilseeds,['Oil Seeds'],3,7,2,107239.0,Tonnes,Production
West Bengal,Nadia,2023,2023-24,5,Final Estimate,2,Rabi,21,Rapeseed & Mustard,Oilseeds,['Oil Seeds'],3,7,2,86975.0,Ha,Area
West Bengal,Nadia,2022,2022-23,5,Final Estimate,2,Rabi,21,Rapeseed & Mustard,Oilseeds,['Oil Seeds'],3,7,2,86776.0,Ha,Area
West Bengal,Nadia,2022,2022-23,5,Final Estimate,99999,Total,21,Rapeseed & Mustard,Oilseeds,['Oil Seeds'],3,7,99999,107239.0,Tonnes,Production
West Bengal,Nadia,2023,2023-24,5,Final Estimate,99999,Total,21,Rapeseed & Mustard,Oilseeds,['Oil Seeds'],3,7,99999,91742.11,Tonnes,Production
West Bengal,Nadia,2023,2023-24,5,Final Estimate,99999,Total,21,Rapeseed & Mustard,Oilseeds,['Oil Seeds'],3,7,99999,86975.0,Ha,Area
West Bengal,Nadia,2023,2023-24,5,Final Estimate,99999,Total,21,Rapeseed & Mustard,Oilseeds,['Oil Seeds'],3,7,99999,1055.0,Kg/Ha,Yield
West Bengal,Nadia,2022,2022-23,5,Final Estimate,99999,Total,21,Rapeseed & Mustard,Oilseeds,['Oil Seeds'],3,7,99999,86776.0,Ha,Area
West Bengal,Nadia,2022,2022-23,5,Final Estimate,99999,Total,21,Rapeseed & Mustard,Oilseeds,['Oil Seeds'],3,7,99999,1236.0,Kg/Ha,Yield
West Bengal,Nadia,2022,2022-23,5,Final Estimate,2,Rabi,22,Linseed,Oilseeds,['Oil Seeds'],3,8,2,37.0,Tonnes,Production
West Bengal,Nadia,2022,2022-23,5,Final Estimate,2,Rabi,22,Linseed,Oilseeds,['Oil Seeds'],3,8,2,91.0,Ha,Area
West Bengal,Nadia,2023,2023-24,5,Final Estimate,2,Rabi,22,Linseed,Oilseeds,['Oil Seeds'],3,8,2,29.25,Tonnes,Production
West Bengal,Nadia,2023,2023-24,5,Final Estimate,2,Rabi,22,Linseed,Oilseeds,['Oil Seeds'],3,8,2,59.0,Ha,Area
West Bengal,Nadia,2023,2023-24,5,Final Estimate,2,Rabi,22,Linseed,Oilseeds,['Oil Seeds'],3,8,2,496.0,Kg/Ha,Yield
West Bengal,Nadia,2022,2022-23,5,Final Estimate,2,Rabi,22,Linseed,Oilseeds,['Oil Seeds'],3,8,2,407.0,Kg/Ha,Yield
West Bengal,Nadia,2023,2023-24,5,Final Estimate,99999,Total,22,Linseed,Oilseeds,['Oil Seeds'],3,8,99999,59.0,Ha,Area
West Bengal,Nadia,2022,2022-23,5,Final Estimate,99999,Total,22,Linseed,Oilseeds,['Oil Seeds'],3,8,99999,407.0,Kg/Ha,Yield
West Bengal,Nadia,2022,2022-23,5,Final Estimate,99999,Total,22,Linseed,Oilseeds,['Oil Seeds'],3,8,99999,91.0,Ha,Area
West Bengal,Nadia,2022,2022-23,5,Final Estimate,99999,Total,22,Linseed,Oilseeds,['Oil Seeds'],3,8,99999,37.0,Tonnes,Production
West Bengal,Nadia,2023,2023-24,5,Final Estimate,99999,Total,22,Linseed,Oilseeds,['Oil Seeds'],3,8,99999,496.0,Kg/Ha,Yield
West Bengal,Nadia,2023,2023-24,5,Final Estimate,99999,Total,22,Linseed,Oilseeds,['Oil Seeds'],3,8,99999,29.25,Tonnes,Production
West Bengal,Nadia,2022,2022-23,5,Final Estimate,99999,Total,999,Total Oil Seeds,Oilseeds,['Oil Seeds'],3,999,99999,121476.0,Ha,Area
West Bengal,Nadia,2023,2023-24,5,Final Estimate,99999,Total,999,Total Oil Seeds,Oilseeds,['Oil Seeds'],3,999,99999,1055.0,Kg/Ha,Yield
West Bengal,Nadia,2023,2023-24,5,Final Estimate,99999,Total,999,Total Oil Seeds,Oilseeds,['Oil Seeds'],3,999,99999,122312.71,Ha,Area
West Bengal,Nadia,2023,2023-24,5,Final Estimate,99999,Total,999,Total Oil Seeds,Oilseeds,['Oil Seeds'],3,999,99999,129082.62,Tonnes,Production
West Bengal,Nadia,2022,2022-23,5,Final Estimate,99999,Total,999,Total Oil Seeds,Oilseeds,['Oil Seeds'],3,999,99999,1189.0,Kg/Ha,Yield
West Bengal,Nadia,2022,2022-23,5,Final Estimate,99999,Total,999,Total Oil Seeds,Oilseeds,['Oil Seeds'],3,999,99999,144386.0,Tonnes,Production
West Bengal,Nadia,2022,2022-23,5,Final Estimate,1,Kharif,28,Sugarcane,Commercial Crops,['Commercial Crops'],4,1001,1,2025.0,Ha,Area
West Bengal,Nadia,2022,2022-23,5,Final Estimate,1,Kharif,28,Sugarcane,Commercial Crops,['Commercial Crops'],4,1001,1,78047.0,Kg/Ha,Yield
West Bengal,Nadia,2022,2022-23,5,Final Estimate,1,Kharif,28,Sugarcane,Commercial Crops,['Commercial Crops'],4,1001,1,158045.0,Tonnes,Production
West Bengal,Nadia,2023,2023-24,5,Final Estimate,1,Kharif,28,Sugarcane,Commercial Crops,['Commercial Crops'],4,1001,1,1923.0,Ha,Area
West Bengal,Nadia,2023,2023-24,5,Final Estimate,1,Kharif,28,Sugarcane,Commercial Crops,['Commercial Crops'],4,1001,1,44564.0,Kg/Ha,Yield
West Bengal,Nadia,2023,2023-24,5,Final Estimate,1,Kharif,28,Sugarcane,Commercial Crops,['Commercial Crops'],4,1001,1,85696.94,Tonnes,Production
West Bengal,Nadia,2022,2022-23,5,Final Estimate,99999,Total,28,Sugarcane,Commercial Crops,['Commercial Crops'],4,1001,99999,2025.0,Ha,Area
West Bengal,Nadia,2023,2023-24,5,Final Estimate,99999,Total,28,Sugarcane,Commercial Crops,['Commercial Crops'],4,1001,99999,44564.0,Kg/Ha,Yield
West Bengal,Nadia,2022,2022-23,5,Final Estimate,99999,Total,28,Sugarcane,Commercial Crops,['Commercial Crops'],4,1001,99999,158045.0,Tonnes,Production
West Bengal,Nadia,2022,2022-23,5,Final Estimate,99999,Total,28,Sugarcane,Commercial Crops,['Commercial Crops'],4,1001,99999,78047.0,Kg/Ha,Yield
West Bengal,Nadia,2023,2023-24,5,Final Estimate,99999,Total,28,Sugarcane,Commercial Crops,['Commercial Crops'],4,1001,99999,1923.0,Ha,Area
West Bengal,Nadia,2023,2023-24,5,Final Estimate,99999,Total,28,Sugarcane,Commercial Crops,['Commercial Crops'],4,1001,99999,85696.94,Tonnes,Production
West Bengal,Nadia,2023,2023-24,5,Final Estimate,1,Kharif,26,Jute,Commercial Crops,['Commercial Crops'],4,1003,1,96320.0,Ha,Area
West Bengal,Nadia,2022,2022-23,5,Final Estimate,1,Kharif,26,Jute,Commercial Crops,['Commercial Crops'],4,1003,1,1425077.0,Tonnes,Production
West Bengal,Nadia,2022,2022-23,5,Final Estimate,1,Kharif,26,Jute,Commercial Crops,['Commercial Crops'],4,1003,1,95565.0,Ha,Area
West Bengal,Nadia,2022,2022-23,5,Final Estimate,1,Kharif,26,Jute,Commercial Crops,['Commercial Crops'],4,1003,1,2684.0,Kg/Ha,Yield
West Bengal,Nadia,2023,2023-24,5,Final Estimate,1,Kharif,26,Jute,Commercial Crops,['Commercial Crops'],4,1003,1,2620.0,Kg/Ha,Yield
West Bengal,Nadia,2023,2023-24,5,Final Estimate,1,Kharif,26,Jute,Commercial Crops,['Commercial Crops'],4,1003,1,1402247.7,Tonnes,Production
West Bengal,Nadia,2023,2023-24,5,Final Estimate,99999,Total,26,Jute,Commercial Crops,['Commercial Crops'],4,1003,99999,2620.0,Kg/Ha,Yield
West Bengal,Nadia,2023,2023-24,5,Final Estimate,99999,Total,26,Jute,Commercial Crops,['Commercial Crops'],4,1003,99999,1402247.7,Tonnes,Production
West Bengal,Nadia,2023,2023-24,5,Final Estimate,99999,Total,26,Jute,Commercial Crops,['Commercial Crops'],4,1003,99999,96320.0,Ha,Area
West Bengal,Nadia,2022,2022-23,5,Final Estimate,99999,Total,26,Jute,Commercial Crops,['Commercial Crops'],4,1003,99999,2684.0,Kg/Ha,Yield
West Bengal,Nadia,2022,2022-23,5,Final Estimate,99999,Total,26,Jute,Commercial Crops,['Commercial Crops'],4,1003,99999,1425077.0,Tonnes,Production
West Bengal,Nadia,2022,2022-23,5,Final Estimate,99999,Total,26,Jute,Commercial Crops,['Commercial Crops'],4,1003,99999,95565.0,Ha,Area
West Bengal,Nadia,2022,2022-23,5,Final Estimate,1,Kharif,27,Mesta,Commercial Crops,['Commercial Crops'],4,1004,1,328.0,Ha,Area
West Bengal,Nadia,2023,2023-24,5,Final Estimate,1,Kharif,27,Mesta,Commercial Crops,['Commercial Crops'],4,1004,1,256.0,Ha,Area
West Bengal,Nadia,2023,2023-24,5,Final Estimate,1,Kharif,27,Mesta,Commercial Crops,['Commercial Crops'],4,1004,1,2819.0,Kg/Ha,Yield
West Bengal,Nadia,2023,2023-24,5,Final Estimate,1,Kharif,27,Mesta,Commercial Crops,['Commercial Crops'],4,1004,1,4009.26,Tonnes,Production
West Bengal,Nadia,2022,2022-23,5,Final Estimate,1,Kharif,27,Mesta,Commercial Crops,['Commercial Crops'],4,1004,1,5891.0,Tonnes,Production
West Bengal,Nadia,2022,2022-23,5,Final Estimate,1,Kharif,27,Mesta,Commercial Crops,['Commercial Crops'],4,1004,1,3233.0,Kg/Ha,Yield
West Bengal,Nadia,2022,2022-23,5,Final Estimate,99999,Total,27,Mesta,Commercial Crops,['Commercial Crops'],4,1004,99999,3233.0,Kg/Ha,Yield
West Bengal,Nadia,2023,2023-24,5,Final Estimate,99999,Total,27,Mesta,Commercial Crops,['Commercial Crops'],4,1004,99999,4009.26,Tonnes,Production
West Bengal,Nadia,2023,2023-24,5,Final Estimate,99999,Total,27,Mesta,Commercial Crops,['Commercial Crops'],4,1004,99999,2819.0,Kg/Ha,Yield
West Bengal,Nadia,2023,2023-24,5,Final Estimate,99999,Total,27,Mesta,Commercial Crops,['Commercial Crops'],4,1004,99999,256.0,Ha,Area
West Bengal,Nadia,2022,2022-23,5,Final Estimate,99999,Total,27,Mesta,Commercial Crops,['Commercial Crops'],4,1004,99999,328.0,Ha,Area
West Bengal,Nadia,2022,2022-23,5,Final Estimate,99999,Total,27,Mesta,Commercial Crops,['Commercial Crops'],4,1004,99999,5891.0,Tonnes,Production
West Bengal,Nadia,2023,2023-24,5,Final Estimate,1,Kharif,1999,Jute & Mesta,Commercial Crops,['Commercial Crops'],4,1999,1,96576.0,Ha,Area
West Bengal,Nadia,2022,2022-23,5,Final Estimate,1,Kharif,1999,Jute & Mesta,Commercial Crops,['Commercial Crops'],4,1999,1,2686.0,Kg/Ha,Yield
West Bengal,Nadia,2022,2022-23,5,Final Estimate,1,Kharif,1999,Jute & Mesta,Commercial Crops,['Commercial Crops'],4,1999,1,95893.0,Ha,Area
West Bengal,Nadia,2022,2022-23,5,Final Estimate,1,Kharif,1999,Jute & Mesta,Commercial Crops,['Commercial Crops'],4,1999,1,1430968.0,Tonnes,Production
West Bengal,Nadia,2023,2023-24,5,Final Estimate,1,Kharif,1999,Jute & Mesta,Commercial Crops,['Commercial Crops'],4,1999,1,2621.0,Kg/Ha,Yield
West Bengal,Nadia,2023,2023-24,5,Final Estimate,1,Kharif,1999,Jute & Mesta,Commercial Crops,['Commercial Crops'],4,1999,1,1406256.96,Tonnes,Production
West Bengal,Nadia,2023,2023-24,5,Final Estimate,99999,Total,1999,Jute & Mesta,Commercial Crops,['Commercial Crops'],4,1999,99999,1406256.96,Tonnes,Production
West Bengal,Nadia,2022,2022-23,5,Final Estimate,99999,Total,1999,Jute & Mesta,Commercial Crops,['Commercial Crops'],4,1999,99999,2686.0,Kg/Ha,Yield
West Bengal,Nadia,2022,2022-23,5,Final Estimate,99999,Total,1999,Jute & Mesta,Commercial Crops,['Commercial Crops'],4,1999,99999,95893.0,Ha,Area
West Bengal,Nadia,2022,2022-23,5,Final Estimate,99999,Total,1999,Jute & Mesta,Commercial Crops,['Commercial Crops'],4,1999,99999,1430968.0,Tonnes,Production
West Bengal,Nadia,2023,2023-24,5,Final Estimate,99999,Total,1999,Jute & Mesta,Commercial Crops,['Commercial Crops'],4,1999,99999,2621.0,Kg/Ha,Yield
West Bengal,Nadia,2023,2023-24,5,Final Estimate,99999,Total,1999,Jute & Mesta,Commercial Crops,['Commercial Crops'],4,1999,99999,96576.0,Ha,Area
West Bengal,North 24 Parganas,2023,2023-24,5,Final Estimate,1,Kharif,1,Rice,Food Grains,['Cereals'],1,2001,1,152802.26,Ha,Area
West Bengal,North 24 Parganas,2022,2022-23,5,Final Estimate,1,Kharif,1,Rice,Food Grains,['Cereals'],1,2001,1,54229.0,Tonnes,Production
West Bengal,North 24 Parganas,2022,2022-23,5,Final Estimate,1,Kharif,1,Rice,Food Grains,['Cereals'],1,2001,1,17567.0,Ha,Area
West Bengal,North 24 Parganas,2022,2022-23,5,Final Estimate,1,Kharif,1,Rice,Food Grains,['Cereals'],1,2001,1,3087.0,Kg/Ha,Yield
West Bengal,North 24 Parganas,2023,2023-24,5,Final Estimate,1,Kharif,1,Rice,Food Grains,['Cereals'],1,2001,1,482273.82,Tonnes,Production
West Bengal,North 24 Parganas,2023,2023-24,5,Final Estimate,1,Kharif,1,Rice,Food Grains,['Cereals'],1,2001,1,3156.0,Kg/Ha,Yield
West Bengal,North 24 Parganas,2022,2022-23,5,Final Estimate,2,Rabi,1,Rice,Food Grains,['Cereals'],1,2001,2,142559.0,Ha,Area
West Bengal,North 24 Parganas,2022,2022-23,5,Final Estimate,2,Rabi,1,Rice,Food Grains,['Cereals'],1,2001,2,444293.0,Tonnes,Production
West Bengal,North 24 Parganas,2022,2022-23,5,Final Estimate,2,Rabi,1,Rice,Food Grains,['Cereals'],1,2001,2,3117.0,Kg/Ha,Yield
West Bengal,North 24 Parganas,2023,2023-24,5,Final Estimate,3,Summer,1,Rice,Food Grains,['Cereals'],1,2001,3,61803.89,Ha,Area
West Bengal,North 24 Parganas,2022,2022-23,5,Final Estimate,3,Summer,1,Rice,Food Grains,['Cereals'],1,2001,3,3613.0,Kg/Ha,Yield
West Bengal,North 24 Parganas,2022,2022-23,5,Final Estimate,3,Summer,1,Rice,Food Grains,['Cereals'],1,2001,3,62255.0,Ha,Area
West Bengal,North 24 Parganas,2022,2022-23,5,Final Estimate,3,Summer,1,Rice,Food Grains,['Cereals'],1,2001,3,224946.0,Tonnes,Production
West Bengal,North 24 Parganas,2023,2023-24,5,Final Estimate,3,Summer,1,Rice,Food Grains,['Cereals'],1,2001,3,225279.27,Tonnes,Production
West Bengal,North 24 Parganas,2023,2023-24,5,Final Estimate,3,Summer,1,Rice,Food Grains,['Cereals'],1,2001,3,3645.0,Kg/Ha,Yield
West Bengal,North 24 Parganas,2023,2023-24,5,Final Estimate,99999,Total,1,Rice,Food Grains,['Cereals'],1,2001,99999,214606.15,Ha,Area
West Bengal,North 24 Parganas,2022,2022-23,5,Final Estimate,99999,Total,1,Rice,Food Grains,['Cereals'],1,2001,99999,222381.0,Ha,Area
West Bengal,North 24 Parganas,2022,2022-23,5,Final Estimate,99999,Total,1,Rice,Food Grains,['Cereals'],1,2001,99999,723468.0,Tonnes,Production
West Bengal,North 24 Parganas,2023,2023-24,5,Final Estimate,99999,Total,1,Rice,Food Grains,['Cereals'],1,2001,99999,3297.0,Kg/Ha,Yield
West Bengal,North 24 Parganas,2022,2022-23,5,Final Estimate,99999,Total,1,Rice,Food Grains,['Cereals'],1,2001,99999,3253.0,Kg/Ha,Yield
West Bengal,North 24 Parganas,2023,2023-24,5,Final Estimate,99999,Total,1,Rice,Food Grains,['Cereals'],1,2001,99999,707553.09,Tonnes,Production
West Bengal,North 24 Parganas,2023,2023-24,5,Final Estimate,2,Rabi,2,Wheat,Food Grains,['Cereals'],1,2002,2,187.99,Tonnes,Production
West Bengal,North 24 Parganas,2023,2023-24,5,Final Estimate,2,Rabi,2,Wheat,Food Grains,['Cereals'],1,2002,2,3241.0,Kg/Ha,Yield
West Bengal,North 24 Parganas,2023,2023-24,5,Final Estimate,2,Rabi,2,Wheat,Food Grains,['Cereals'],1,2002,2,58.0,Ha,Area
West Bengal,North 24 Parganas,2022,2022-23,5,Final Estimate,2,Rabi,2,Wheat,Food Grains,['Cereals'],1,2002,2,341.0,Ha,Area
West Bengal,North 24 Parganas,2022,2022-23,5,Final Estimate,2,Rabi,2,Wheat,Food Grains,['Cereals'],1,2002,2,1122.0,Tonnes,Production
West Bengal,North 24 Parganas,2022,2022-23,5,Final Estimate,2,Rabi,2,Wheat,Food Grains,['Cereals'],1,2002,2,3290.0,Kg/Ha,Yield
West Bengal,North 24 Parganas,2022,2022-23,5,Final Estimate,99999,Total,2,Wheat,Food Grains,['Cereals'],1,2002,99999,1122.0,Tonnes,Production
West Bengal,North 24 Parganas,2023,2023-24,5,Final Estimate,99999,Total,2,Wheat,Food Grains,['Cereals'],1,2002,99999,187.99,Tonnes,Production
West Bengal,North 24 Parganas,2023,2023-24,5,Final Estimate,99999,Total,2,Wheat,Food Grains,['Cereals'],1,2002,99999,3241.0,Kg/Ha,Yield
West Bengal,North 24 Parganas,2022,2022-23,5,Final Estimate,99999,Total,2,Wheat,Food Grains,['Cereals'],1,2002,99999,3290.0,Kg/Ha,Yield
West Bengal,North 24 Parganas,2022,2022-23,5,Final Estimate,99999,Total,2,Wheat,Food Grains,['Cereals'],1,2002,99999,341.0,Ha,Area
West Bengal,North 24 Parganas,2023,2023-24,5,Final Estimate,99999,Total,2,Wheat,Food Grains,['Cereals'],1,2002,99999,58.0,Ha,Area
West Bengal,North 24 Parganas,2022,2022-23,5,Final Estimate,1,Kharif,5,Maize,Food Grains,['Cereals'],1,3001,1,263.0,Ha,Area
West Bengal,North 24 Parganas,2023,2023-24,5,Final Estimate,1,Kharif,5,Maize,Food Grains,['Cereals'],1,3001,1,178.96,Ha,Area
West Bengal,North 24 Parganas,2023,2023-24,5,Final Estimate,1,Kharif,5,Maize,Food Grains,['Cereals'],1,3001,1,1507.57,Tonnes,Production
West Bengal,North 24 Parganas,2023,2023-24,5,Final Estimate,1,Kharif,5,Maize,Food Grains,['Cereals'],1,3001,1,8424.0,Kg/Ha,Yield
West Bengal,North 24 Parganas,2022,2022-23,5,Final Estimate,1,Kharif,5,Maize,Food Grains,['Cereals'],1,3001,1,1659.0,Tonnes,Production
West Bengal,North 24 Parganas,2022,2022-23,5,Final Estimate,1,Kharif,5,Maize,Food Grains,['Cereals'],1,3001,1,6308.0,Kg/Ha,Yield
West Bengal,North 24 Parganas,2022,2022-23,5,Final Estimate,2,Rabi,5,Maize,Food Grains,['Cereals'],1,3001,2,346.0,Tonnes,Production
West Bengal,North 24 Parganas,2023,2023-24,5,Final Estimate,2,Rabi,5,Maize,Food Grains,['Cereals'],1,3001,2,54.0,Ha,Area
West Bengal,North 24 Parganas,2023,2023-24,5,Final Estimate,2,Rabi,5,Maize,Food Grains,['Cereals'],1,3001,2,171.87,Tonnes,Production
West Bengal,North 24 Parganas,2023,2023-24,5,Final Estimate,2,Rabi,5,Maize,Food Grains,['Cereals'],1,3001,2,3183.0,Kg/Ha,Yield
West Bengal,North 24 Parganas,2022,2022-23,5,Final Estimate,2,Rabi,5,Maize,Food Grains,['Cereals'],1,3001,2,3426.0,Kg/Ha,Yield
West Bengal,North 24 Parganas,2022,2022-23,5,Final Estimate,2,Rabi,5,Maize,Food Grains,['Cereals'],1,3001,2,101.0,Ha,Area
West Bengal,North 24 Parganas,2022,2022-23,5,Final Estimate,3,Summer,5,Maize,Food Grains,['Cereals'],1,3001,3,202.0,Ha,Area
West Bengal,North 24 Parganas,2022,2022-23,5,Final Estimate,3,Summer,5,Maize,Food Grains,['Cereals'],1,3001,3,1586.0,Tonnes,Production
West Bengal,North 24 Parganas,2023,2023-24,5,Final Estimate,3,Summer,5,Maize,Food Grains,['Cereals'],1,3001,3,220.49,Ha,Area
West Bengal,North 24 Parganas,2022,2022-23,5,Final Estimate,3,Summer,5,Maize,Food Grains,['Cereals'],1,3001,3,7851.0,Kg/Ha,Yield
West Bengal,North 24 Parganas,2023,2023-24,5,Final Estimate,3,Summer,5,Maize,Food Grains,['Cereals'],1,3001,3,1481.15,Tonnes,Production
West Bengal,North 24 Parganas,2023,2023-24,5,Final Estimate,3,Summer,5,Maize,Food Grains,['Cereals'],1,3001,3,6717.0,Kg/Ha,Yield
West Bengal,North 24 Parganas,2023,2023-24,5,Final Estimate,99999,Total,5,Maize,Food Grains,['Cereals'],1,3001,99999,3160.59,Tonnes,Production
West Bengal,North 24 Parganas,2023,2023-24,5,Final Estimate,99999,Total,5,Maize,Food Grains,['Cereals'],1,3001,99999,6970.0,Kg/Ha,Yield
West Bengal,North 24 Parganas,2023,2023-24,5,Final Estimate,99999,Total,5,Maize,Food Grains,['Cereals'],1,3001,99999,453.46,Ha,Area
West Bengal,North 24 Parganas,2022,2022-23,5,Final Estimate,99999,Total,5,Maize,Food Grains,['Cereals'],1,3001,99999,566.0,Ha,Area
West Bengal,North 24 Parganas,2022,2022-23,5,Final Estimate,99999,Total,5,Maize,Food Grains,['Cereals'],1,3001,99999,3591.0,Tonnes,Production
West Bengal,North 24 Parganas,2022,2022-23,5,Final Estimate,99999,Total,5,Maize,Food Grains,['Cereals'],1,3001,99999,6345.0,Kg/Ha,Yield
West Bengal,North 24 Parganas,2023,2023-24,5,Final Estimate,1,Kharif,3998,Nutri/Coarse Cereals,Food Grains,['Cereals'],1,3998,1,8424.0,Kg/Ha,Yield
West Bengal,North 24 Parganas,2023,2023-24,5,Final Estimate,1,Kharif,3998,Nutri/Coarse Cereals,Food Grains,['Cereals'],1,3998,1,1507.57,Tonnes,Production
West Bengal,North 24 Parganas,2022,2022-23,5,Final Estimate,1,Kharif,3998,Nutri/Coarse Cereals,Food Grains,['Cereals'],1,3998,1,1659.0,Tonnes,Production
West Bengal,North 24 Parganas,2022,2022-23,5,Final Estimate,1,Kharif,3998,Nutri/Coarse Cereals,Food Grains,['Cereals'],1,3998,1,6308.0,Kg/Ha,Yield
West Bengal,North 24 Parganas,2023,2023-24,5,Final Estimate,1,Kharif,3998,Nutri/Coarse Cereals,Food Grains,['Cereals'],1,3998,1,178.96,Ha,Area
West Bengal,North 24 Parganas,2022,2022-23,5,Final Estimate,1,Kharif,3998,Nutri/Coarse Cereals,Food Grains,['Cereals'],1,3998,1,263.0,Ha,Area
West Bengal,North 24 Parganas,2023,2023-24,5,Final Estimate,2,Rabi,3998,Nutri/Coarse Cereals,Food Grains,['Cereals'],1,3998,2,54.0,Ha,Area
West Bengal,North 24 Parganas,2023,2023-24,5,Final Estimate,2,Rabi,3998,Nutri/Coarse Cereals,Food Grains,['Cereals'],1,3998,2,3183.0,Kg/Ha,Yield
West Bengal,North 24 Parganas,2022,2022-23,5,Final Estimate,2,Rabi,3998,Nutri/Coarse Cereals,Food Grains,['Cereals'],1,3998,2,346.0,Tonnes,Production
West Bengal,North 24 Parganas,2022,2022-23,5,Final Estimate,2,Rabi,3998,Nutri/Coarse Cereals,Food Grains,['Cereals'],1,3998,2,3426.0,Kg/Ha,Yield
West Bengal,North 24 Parganas,2022,2022-23,5,Final Estimate,2,Rabi,3998,Nutri/Coarse Cereals,Food Grains,['Cereals'],1,3998,2,101.0,Ha,Area
West Bengal,North 24 Parganas,2023,2023-24,5,Final Estimate,2,Rabi,3998,Nutri/Coarse Cereals,Food Grains,['Cereals'],1,3998,2,171.87,Tonnes,Production
West Bengal,North 24 Parganas,2022,2022-23,5,Final Estimate,3,Summer,3998,Nutri/Coarse Cereals,Food Grains,['Cereals'],1,3998,3,1586.0,Tonnes,Production
West Bengal,North 24 Parganas,2022,2022-23,5,Final Estimate,3,Summer,3998,Nutri/Coarse Cereals,Food Grains,['Cereals'],1,3998,3,202.0,Ha,Area
West Bengal,North 24 Parganas,2023,2023-24,5,Final Estimate,3,Summer,3998,Nutri/Coarse Cereals,Food Grains,['Cereals'],1,3998,3,6717.0,Kg/Ha,Yield
West Bengal,North 24 Parganas,2023,2023-24,5,Final Estimate,3,Summer,3998,Nutri/Coarse Cereals,Food Grains,['Cereals'],1,3998,3,1481.15,Tonnes,Production
West Bengal,North 24 Parganas,2022,2022-23,5,Final Estimate,3,Summer,3998,Nutri/Coarse Cereals,Food Grains,['Cereals'],1,3998,3,7851.0,Kg/Ha,Yield
West Bengal,North 24 Parganas,2023,2023-24,5,Final Estimate,3,Summer,3998,Nutri/Coarse Cereals,Food Grains,['Cereals'],1,3998,3,220.49,Ha,Area
West Bengal,North 24 Parganas,2023,2023-24,5,Final Estimate,99999,Total,3998,Nutri/Coarse Cereals,Food Grains,['Cereals'],1,3998,99999,453.46,Ha,Area
West Bengal,North 24 Parganas,2023,2023-24,5,Final Estimate,99999,Total,3998,Nutri/Coarse Cereals,Food Grains,['Cereals'],1,3998,99999,6970.0,Kg/Ha,Yield
West Bengal,North 24 Parganas,2022,2022-23,5,Final Estimate,99999,Total,3998,Nutri/Coarse Cereals,Food Grains,['Cereals'],1,3998,99999,566.0,Ha,Area
West Bengal,North 24 Parganas,2022,2022-23,5,Final Estimate,99999,Total,3998,Nutri/Coarse Cereals,Food Grains,['Cereals'],1,3998,99999,3591.0,Tonnes,Production
West Bengal,North 24 Parganas,2022,2022-23,5,Final Estimate,99999,Total,3998,Nutri/Coarse Cereals,Food Grains,['Cereals'],1,3998,99999,6345.0,Kg/Ha,Yield
West Bengal,North 24 Parganas,2023,2023-24,5,Final Estimate,99999,Total,3998,Nutri/Coarse Cereals,Food Grains,['Cereals'],1,3998,99999,3160.59,Tonnes,Production
West Bengal,North 24 Parganas,2022,2022-23,5,Final Estimate,1,Kharif,3999,Cereals,Food Grains,['Cereals'],1,3999,1,17830.0,Ha,Area
West Bengal,North 24 Parganas,2022,2022-23,5,Final Estimate,1,Kharif,3999,Cereals,Food Grains,['Cereals'],1,3999,1,3134.0,Kg/Ha,Yield
West Bengal,North 24 Parganas,2022,2022-23,5,Final Estimate,1,Kharif,3999,Cereals,Food Grains,['Cereals'],1,3999,1,55888.0,Tonnes,Production
West Bengal,North 24 Parganas,2023,2023-24,5,Final Estimate,1,Kharif,3999,Cereals,Food Grains,['Cereals'],1,3999,1,3162.0,Kg/Ha,Yield
West Bengal,North 24 Parganas,2023,2023-24,5,Final Estimate,1,Kharif,3999,Cereals,Food Grains,['Cereals'],1,3999,1,152981.23,Ha,Area
West Bengal,North 24 Parganas,2023,2023-24,5,Final Estimate,1,Kharif,3999,Cereals,Food Grains,['Cereals'],1,3999,1,483781.39,Tonnes,Production
West Bengal,North 24 Parganas,2023,2023-24,5,Final Estimate,2,Rabi,3999,Cereals,Food Grains,['Cereals'],1,3999,2,3213.0,Kg/Ha,Yield
West Bengal,North 24 Parganas,2023,2023-24,5,Final Estimate,2,Rabi,3999,Cereals,Food Grains,['Cereals'],1,3999,2,359.86,Tonnes,Production
West Bengal,North 24 Parganas,2023,2023-24,5,Final Estimate,2,Rabi,3999,Cereals,Food Grains,['Cereals'],1,3999,2,112.0,Ha,Area
West Bengal,North 24 Parganas,2022,2022-23,5,Final Estimate,2,Rabi,3999,Cereals,Food Grains,['Cereals'],1,3999,2,445761.0,Tonnes,Production
West Bengal,North 24 Parganas,2022,2022-23,5,Final Estimate,2,Rabi,3999,Cereals,Food Grains,['Cereals'],1,3999,2,143001.0,Ha,Area
West Bengal,North 24 Parganas,2022,2022-23,5,Final Estimate,2,Rabi,3999,Cereals,Food Grains,['Cereals'],1,3999,2,3117.0,Kg/Ha,Yield
West Bengal,North 24 Parganas,2022,2022-23,5,Final Estimate,3,Summer,3999,Cereals,Food Grains,['Cereals'],1,3999,3,226532.0,Tonnes,Production
West Bengal,North 24 Parganas,2022,2022-23,5,Final Estimate,3,Summer,3999,Cereals,Food Grains,['Cereals'],1,3999,3,62457.0,Ha,Area
West Bengal,North 24 Parganas,2022,2022-23,5,Final Estimate,3,Summer,3999,Cereals,Food Grains,['Cereals'],1,3999,3,3627.0,Kg/Ha,Yield
West Bengal,North 24 Parganas,2023,2023-24,5,Final Estimate,3,Summer,3999,Cereals,Food Grains,['Cereals'],1,3999,3,226760.42,Tonnes,Production
West Bengal,North 24 Parganas,2023,2023-24,5,Final Estimate,3,Summer,3999,Cereals,Food Grains,['Cereals'],1,3999,3,62024.38,Ha,Area
West Bengal,North 24 Parganas,2023,2023-24,5,Final Estimate,3,Summer,3999,Cereals,Food Grains,['Cereals'],1,3999,3,3656.0,Kg/Ha,Yield
West Bengal,North 24 Parganas,2023,2023-24,5,Final Estimate,99999,Total,3999,Cereals,Food Grains,['Cereals'],1,3999,99999,215117.61,Ha,Area
West Bengal,North 24 Parganas,2022,2022-23,5,Final Estimate,99999,Total,3999,Cereals,Food Grains,['Cereals'],1,3999,99999,728181.0,Tonnes,Production
West Bengal,North 24 Parganas,2022,2022-23,5,Final Estimate,99999,Total,3999,Cereals,Food Grains,['Cereals'],1,3999,99999,223288.0,Ha,Area
West Bengal,North 24 Parganas,2022,2022-23,5,Final Estimate,99999,Total,3999,Cereals,Food Grains,['Cereals'],1,3999,99999,3261.0,Kg/Ha,Yield
West Bengal,North 24 Parganas,2023,2023-24,5,Final Estimate,99999,Total,3999,Cereals,Food Grains,['Cereals'],1,3999,99999,710901.67,Tonnes,Production
West Bengal,North 24 Parganas,2023,2023-24,5,Final Estimate,99999,Total,3999,Cereals,Food Grains,['Cereals'],1,3999,99999,3305.0,Kg/Ha,Yield
West Bengal,North 24 Parganas,2023,2023-24,5,Final Estimate,1,Kharif,9,Tur,Food Grains,['Pulses'],2,4001,1,1336.0,Kg/Ha,Yield
West Bengal,North 24 Parganas,2023,2023-24,5,Final Estimate,1,Kharif,9,Tur,Food Grains,['Pulses'],2,4001,1,104.24,Tonnes,Production
West Bengal,North 24 Parganas,2023,2023-24,5,Final Estimate,1,Kharif,9,Tur,Food Grains,['Pulses'],2,4001,1,78.0,Ha,Area
West Bengal,North 24 Parganas,2022,2022-23,5,Final Estimate,2,Rabi,9,Tur,Food Grains,['Pulses'],2,4001,2,58.0,Ha,Area
West Bengal,North 24 Parganas,2022,2022-23,5,Final Estimate,2,Rabi,9,Tur,Food Grains,['Pulses'],2,4001,2,1569.0,Kg/Ha,Yield
West Bengal,North 24 Parganas,2022,2022-23,5,Final Estimate,2,Rabi,9,Tur,Food Grains,['Pulses'],2,4001,2,91.0,Tonnes,Production
West Bengal,North 24 Parganas,2022,2022-23,5,Final Estimate,99999,Total,9,Tur,Food Grains,['Pulses'],2,4001,99999,1569.0,Kg/Ha,Yield
West Bengal,North 24 Parganas,2023,2023-24,5,Final Estimate,99999,Total,9,Tur,Food Grains,['Pulses'],2,4001,99999,78.0,Ha,Area
West Bengal,North 24 Parganas,2023,2023-24,5,Final Estimate,99999,Total,9,Tur,Food Grains,['Pulses'],2,4001,99999,104.24,Tonnes,Production
West Bengal,North 24 Parganas,2023,2023-24,5,Final Estimate,99999,Total,9,Tur,Food Grains,['Pulses'],2,4001,99999,1336.0,Kg/Ha,Yield
West Bengal,North 24 Parganas,2022,2022-23,5,Final Estimate,99999,Total,9,Tur,Food Grains,['Pulses'],2,4001,99999,58.0,Ha,Area
West Bengal,North 24 Parganas,2022,2022-23,5,Final Estimate,99999,Total,9,Tur,Food Grains,['Pulses'],2,4001,99999,91.0,Tonnes,Production
West Bengal,North 24 Parganas,2022,2022-23,5,Final Estimate,2,Rabi,10,Gram,Food Grains,['Pulses'],2,4002,2,211.0,Ha,Area
West Bengal,North 24 Parganas,2023,2023-24,5,Final Estimate,2,Rabi,10,Gram,Food Grains,['Pulses'],2,4002,2,1004.0,Kg/Ha,Yield
West Bengal,North 24 Parganas,2023,2023-24,5,Final Estimate,2,Rabi,10,Gram,Food Grains,['Pulses'],2,4002,2,295.07,Tonnes,Production
West Bengal,North 24 Parganas,2023,2023-24,5,Final Estimate,2,Rabi,10,Gram,Food Grains,['Pulses'],2,4002,2,294.0,Ha,Area
West Bengal,North 24 Parganas,2022,2022-23,5,Final Estimate,2,Rabi,10,Gram,Food Grains,['Pulses'],2,4002,2,219.0,Tonnes,Production
West Bengal,North 24 Parganas,2022,2022-23,5,Final Estimate,2,Rabi,10,Gram,Food Grains,['Pulses'],2,4002,2,1038.0,Kg/Ha,Yield
West Bengal,North 24 Parganas,2023,2023-24,5,Final Estimate,99999,Total,10,Gram,Food Grains,['Pulses'],2,4002,99999,295.07,Tonnes,Production
West Bengal,North 24 Parganas,2022,2022-23,5,Final Estimate,99999,Total,10,Gram,Food Grains,['Pulses'],2,4002,99999,211.0,Ha,Area
West Bengal,North 24 Parganas,2022,2022-23,5,Final Estimate,99999,Total,10,Gram,Food Grains,['Pulses'],2,4002,99999,1038.0,Kg/Ha,Yield
West Bengal,North 24 Parganas,2022,2022-23,5,Final Estimate,99999,Total,10,Gram,Food Grains,['Pulses'],2,4002,99999,219.0,Tonnes,Production
West Bengal,North 24 Parganas,2023,2023-24,5,Final Estimate,99999,Total,10,Gram,Food Grains,['Pulses'],2,4002,99999,294.0,Ha,Area
West Bengal,North 24 Parganas,2023,2023-24,5,Final Estimate,99999,Total,10,Gram,Food Grains,['Pulses'],2,4002,99999,1004.0,Kg/Ha,Yield
West Bengal,North 24 Parganas,2022,2022-23,5,Final Estimate,1,Kharif,11,Urad,Food Grains,['Pulses'],2,4003,1,702.0,Kg/Ha,Yield
West Bengal,North 24 Parganas,2022,2022-23,5,Final Estimate,1,Kharif,11,Urad,Food Grains,['Pulses'],2,4003,1,4472.0,Ha,Area
West Bengal,North 24 Parganas,2022,2022-23,5,Final Estimate,1,Kharif,11,Urad,Food Grains,['Pulses'],2,4003,1,3141.0,Tonnes,Production
West Bengal,North 24 Parganas,2023,2023-24,5,Final Estimate,1,Kharif,11,Urad,Food Grains,['Pulses'],2,4003,1,710.0,Kg/Ha,Yield
West Bengal,North 24 Parganas,2023,2023-24,5,Final Estimate,1,Kharif,11,Urad,Food Grains,['Pulses'],2,4003,1,4263.0,Ha,Area
West Bengal,North 24 Parganas,2023,2023-24,5,Final Estimate,1,Kharif,11,Urad,Food Grains,['Pulses'],2,4003,1,3028.0,Tonnes,Production
West Bengal,North 24 Parganas,2023,2023-24,5,Final Estimate,2,Rabi,11,Urad,Food Grains,['Pulses'],2,4003,2,84.0,Ha,Area
West Bengal,North 24 Parganas,2023,2023-24,5,Final Estimate,2,Rabi,11,Urad,Food Grains,['Pulses'],2,4003,2,86.08,Tonnes,Production
West Bengal,North 24 Parganas,2023,2023-24,5,Final Estimate,2,Rabi,11,Urad,Food Grains,['Pulses'],2,4003,2,1025.0,Kg/Ha,Yield
West Bengal,North 24 Parganas,2022,2022-23,5,Final Estimate,2,Rabi,11,Urad,Food Grains,['Pulses'],2,4003,2,1012.0,Kg/Ha,Yield
West Bengal,North 24 Parganas,2022,2022-23,5,Final Estimate,2,Rabi,11,Urad,Food Grains,['Pulses'],2,4003,2,83.0,Tonnes,Production
West Bengal,North 24 Parganas,2022,2022-23,5,Final Estimate,2,Rabi,11,Urad,Food Grains,['Pulses'],2,4003,2,82.0,Ha,Area
West Bengal,North 24 Parganas,2022,2022-23,5,Final Estimate,99999,Total,11,Urad,Food Grains,['Pulses'],2,4003,99999,3224.0,Tonnes,Production
West Bengal,North 24 Parganas,2023,2023-24,5,Final Estimate,99999,Total,11,Urad,Food Grains,['Pulses'],2,4003,99999,4347.0,Ha,Area
West Bengal,North 24 Parganas,2023,2023-24,5,Final Estimate,99999,Total,11,Urad,Food Grains,['Pulses'],2,4003,99999,3114.09,Tonnes,Production
West Bengal,North 24 Parganas,2023,2023-24,5,Final Estimate,99999,Total,11,Urad,Food Grains,['Pulses'],2,4003,99999,716.0,Kg/Ha,Yield
West Bengal,North 24 Parganas,2022,2022-23,5,Final Estimate,99999,Total,11,Urad,Food Grains,['Pulses'],2,4003,99999,4554.0,Ha,Area
West Bengal,North 24 Parganas,2022,2022-23,5,Final Estimate,99999,Total,11,Urad,Food Grains,['Pulses'],2,4003,99999,708.0,Kg/Ha,Yield
West Bengal,North 24 Parganas,2023,2023-24,5,Final Estimate,2,Rabi,12,Moong,Food Grains,['Pulses'],2,4004,2,99.0,Kg/Ha,Yield
West Bengal,North 24 Parganas,2022,2022-23,5,Final Estimate,2,Rabi,12,Moong,Food Grains,['Pulses'],2,4004,2,989.0,Kg/Ha,Yield
West Bengal,North 24 Parganas,2022,2022-23,5,Final Estimate,2,Rabi,12,Moong,Food Grains,['Pulses'],2,4004,2,90.0,Ha,Area
West Bengal,North 24 Parganas,2022,2022-23,5,Final Estimate,2,Rabi,12,Moong,Food Grains,['Pulses'],2,4004,2,89.0,Tonnes,Production
West Bengal,North 24 Parganas,2023,2023-24,5,Final Estimate,2,Rabi,12,Moong,Food Grains,['Pulses'],2,4004,2,8.71,Tonnes,Production
West Bengal,North 24 Parganas,2023,2023-24,5,Final Estimate,2,Rabi,12,Moong,Food Grains,['Pulses'],2,4004,2,88.0,Ha,Area
West Bengal,North 24 Parganas,2022,2022-23,5,Final Estimate,3,Summer,12,Moong,Food Grains,['Pulses'],2,4004,3,743.0,Kg/Ha,Yield
West Bengal,North 24 Parganas,2023,2023-24,5,Final Estimate,3,Summer,12,Moong,Food Grains,['Pulses'],2,4004,3,921.68,Tonnes,Production
West Bengal,North 24 Parganas,2023,2023-24,5,Final Estimate,3,Summer,12,Moong,Food Grains,['Pulses'],2,4004,3,721.0,Kg/Ha,Yield
West Bengal,North 24 Parganas,2023,2023-24,5,Final Estimate,3,Summer,12,Moong,Food Grains,['Pulses'],2,4004,3,1278.0,Ha,Area
West Bengal,North 24 Parganas,2022,2022-23,5,Final Estimate,3,Summer,12,Moong,Food Grains,['Pulses'],2,4004,3,1125.0,Ha,Area
West Bengal,North 24 Parganas,2022,2022-23,5,Final Estimate,3,Summer,12,Moong,Food Grains,['Pulses'],2,4004,3,836.0,Tonnes,Production
West Bengal,North 24 Parganas,2023,2023-24,5,Final Estimate,99999,Total,12,Moong,Food Grains,['Pulses'],2,4004,99999,930.39,Tonnes,Production
West Bengal,North 24 Parganas,2022,2022-23,5,Final Estimate,99999,Total,12,Moong,Food Grains,['Pulses'],2,4004,99999,1215.0,Ha,Area
West Bengal,North 24 Parganas,2022,2022-23,5,Final Estimate,99999,Total,12,Moong,Food Grains,['Pulses'],2,4004,99999,925.0,Tonnes,Production
West Bengal,North 24 Parganas,2022,2022-23,5,Final Estimate,99999,Total,12,Moong,Food Grains,['Pulses'],2,4004,99999,761.0,Kg/Ha,Yield
West Bengal,North 24 Parganas,2023,2023-24,5,Final Estimate,99999,Total,12,Moong,Food Grains,['Pulses'],2,4004,99999,681.0,Kg/Ha,Yield
West Bengal,North 24 Parganas,2023,2023-24,5,Final Estimate,99999,Total,12,Moong,Food Grains,['Pulses'],2,4004,99999,1366.0,Ha,Area
West Bengal,North 24 Parganas,2022,2022-23,5,Final Estimate,2,Rabi,13,Lentil,Food Grains,['Pulses'],2,4005,2,855.0,Kg/Ha,Yield
West Bengal,North 24 Parganas,2023,2023-24,5,Final Estimate,2,Rabi,13,Lentil,Food Grains,['Pulses'],2,4005,2,8250.55,Tonnes,Production
West Bengal,North 24 Parganas,2023,2023-24,5,Final Estimate,2,Rabi,13,Lentil,Food Grains,['Pulses'],2,4005,2,9612.0,Ha,Area
West Bengal,North 24 Parganas,2023,2023-24,5,Final Estimate,2,Rabi,13,Lentil,Food Grains,['Pulses'],2,4005,2,858.0,Kg/Ha,Yield
West Bengal,North 24 Parganas,2022,2022-23,5,Final Estimate,2,Rabi,13,Lentil,Food Grains,['Pulses'],2,4005,2,10873.0,Ha,Area
West Bengal,North 24 Parganas,2022,2022-23,5,Final Estimate,2,Rabi,13,Lentil,Food Grains,['Pulses'],2,4005,2,9295.0,Tonnes,Production
West Bengal,North 24 Parganas,2022,2022-23,5,Final Estimate,99999,Total,13,Lentil,Food Grains,['Pulses'],2,4005,99999,855.0,Kg/Ha,Yield
West Bengal,North 24 Parganas,2023,2023-24,5,Final Estimate,99999,Total,13,Lentil,Food Grains,['Pulses'],2,4005,99999,858.0,Kg/Ha,Yield
West Bengal,North 24 Parganas,2023,2023-24,5,Final Estimate,99999,Total,13,Lentil,Food Grains,['Pulses'],2,4005,99999,8250.55,Tonnes,Production
West Bengal,North 24 Parganas,2022,2022-23,5,Final Estimate,99999,Total,13,Lentil,Food Grains,['Pulses'],2,4005,99999,10873.0,Ha,Area
West Bengal,North 24 Parganas,2023,2023-24,5,Final Estimate,99999,Total,13,Lentil,Food Grains,['Pulses'],2,4005,99999,9612.0,Ha,Area
West Bengal,North 24 Parganas,2022,2022-23,5,Final Estimate,99999,Total,13,Lentil,Food Grains,['Pulses'],2,4005,99999,9295.0,Tonnes,Production
West Bengal,North 24 Parganas,2023,2023-24,5,Final Estimate,2,Rabi,14,Other Pulses,Food Grains,['Pulses'],2,4006,2,1463.0,Kg/Ha,Yield
West Bengal,North 24 Parganas,2022,2022-23,5,Final Estimate,2,Rabi,14,Other Pulses,Food Grains,['Pulses'],2,4006,2,4870.0,Tonnes,Production
West Bengal,North 24 Parganas,2022,2022-23,5,Final Estimate,2,Rabi,14,Other Pulses,Food Grains,['Pulses'],2,4006,2,3581.0,Ha,Area
West Bengal,North 24 Parganas,2022,2022-23,5,Final Estimate,2,Rabi,14,Other Pulses,Food Grains,['Pulses'],2,4006,2,1360.0,Kg/Ha,Yield
West Bengal,North 24 Parganas,2023,2023-24,5,Final Estimate,2,Rabi,14,Other Pulses,Food Grains,['Pulses'],2,4006,2,5375.17,Tonnes,Production
West Bengal,North 24 Parganas,2023,2023-24,5,Final Estimate,2,Rabi,14,Other Pulses,Food Grains,['Pulses'],2,4006,2,3675.0,Ha,Area
West Bengal,North 24 Parganas,2023,2023-24,5,Final Estimate,99999,Total,14,Other Pulses,Food Grains,['Pulses'],2,4006,99999,3675.0,Ha,Area
West Bengal,North 24 Parganas,2022,2022-23,5,Final Estimate,99999,Total,14,Other Pulses,Food Grains,['Pulses'],2,4006,99999,4870.0,Tonnes,Production
West Bengal,North 24 Parganas,2022,2022-23,5,Final Estimate,99999,Total,14,Other Pulses,Food Grains,['Pulses'],2,4006,99999,3581.0,Ha,Area
West Bengal,North 24 Parganas,2022,2022-23,5,Final Estimate,99999,Total,14,Other Pulses,Food Grains,['Pulses'],2,4006,99999,1360.0,Kg/Ha,Yield
West Bengal,North 24 Parganas,2023,2023-24,5,Final Estimate,99999,Total,14,Other Pulses,Food Grains,['Pulses'],2,4006,99999,5375.17,Tonnes,Production
West Bengal,North 24 Parganas,2023,2023-24,5,Final Estimate,99999,Total,14,Other Pulses,Food Grains,['Pulses'],2,4006,99999,1463.0,Kg/Ha,Yield
West Bengal,North 24 Parganas,2023,2023-24,5,Final Estimate,99999,Total,4998,Total Pulses,Food Grains,['Pulses'],2,4998,99999,18069.51,Tonnes,Production
West Bengal,North 24 Parganas,2022,2022-23,5,Final Estimate,99999,Total,4998,Total Pulses,Food Grains,['Pulses'],2,4998,99999,909.0,Kg/Ha,Yield
West Bengal,North 24 Parganas,2022,2022-23,5,Final Estimate,99999,Total,4998,Total Pulses,Food Grains,['Pulses'],2,4998,99999,18624.0,Tonnes,Production
West Bengal,North 24 Parganas,2022,2022-23,5,Final Estimate,99999,Total,4998,Total Pulses,Food Grains,['Pulses'],2,4998,99999,20492.0,Ha,Area
West Bengal,North 24 Parganas,2023,2023-24,5,Final Estimate,99999,Total,4998,Total Pulses,Food Grains,['Pulses'],2,4998,99999,933.0,Kg/Ha,Yield
West Bengal,North 24 Parganas,2023,2023-24,5,Final Estimate,99999,Total,4998,Total Pulses,Food Grains,['Pulses'],2,4998,99999,19372.0,Ha,Area
West Bengal,North 24 Parganas,2022,2022-23,5,Final Estimate,1,Kharif,4999,Total Food Grains,Food Grains,"['Cereals', 'Pulses']",2,4999,1,2647.0,Kg/Ha,Yield
West Bengal,North 24 Parganas,2023,2023-24,5,Final Estimate,1,Kharif,4999,Total Food Grains,Food Grains,"['Cereals', 'Pulses']",2,4999,1,486913.63,Tonnes,Production
West Bengal,North 24 Parganas,2023,2023-24,5,Final Estimate,1,Kharif,4999,Total Food Grains,Food Grains,"['Cereals', 'Pulses']",2,4999,1,157322.23,Ha,Area
West Bengal,North 24 Parganas,2023,2023-24,5,Final Estimate,1,Kharif,4999,Total Food Grains,Food Grains,"['Cereals', 'Pulses']",2,4999,1,3095.0,Kg/Ha,Yield
West Bengal,North 24 Parganas,2022,2022-23,5,Final Estimate,1,Kharif,4999,Total Food Grains,Food Grains,"['Cereals', 'Pulses']",2,4999,1,59029.0,Tonnes,Production
West Bengal,North 24 Parganas,2022,2022-23,5,Final Estimate,1,Kharif,4999,Total Food Grains,Food Grains,"['Cereals', 'Pulses']",2,4999,1,22302.0,Ha,Area
West Bengal,North 24 Parganas,2023,2023-24,5,Final Estimate,2,Rabi,4999,Total Food Grains,Food Grains,"['Cereals', 'Pulses']",2,4999,2,14375.45,Tonnes,Production
West Bengal,North 24 Parganas,2022,2022-23,5,Final Estimate,2,Rabi,4999,Total Food Grains,Food Grains,"['Cereals', 'Pulses']",2,4999,2,2916.0,Kg/Ha,Yield
West Bengal,North 24 Parganas,2022,2022-23,5,Final Estimate,2,Rabi,4999,Total Food Grains,Food Grains,"['Cereals', 'Pulses']",2,4999,2,157896.0,Ha,Area
West Bengal,North 24 Parganas,2022,2022-23,5,Final Estimate,2,Rabi,4999,Total Food Grains,Food Grains,"['Cereals', 'Pulses']",2,4999,2,460408.0,Tonnes,Production
West Bengal,North 24 Parganas,2023,2023-24,5,Final Estimate,2,Rabi,4999,Total Food Grains,Food Grains,"['Cereals', 'Pulses']",2,4999,2,1037.0,Kg/Ha,Yield
West Bengal,North 24 Parganas,2023,2023-24,5,Final Estimate,2,Rabi,4999,Total Food Grains,Food Grains,"['Cereals', 'Pulses']",2,4999,2,13865.0,Ha,Area
West Bengal,North 24 Parganas,2022,2022-23,5,Final Estimate,3,Summer,4999,Total Food Grains,Food Grains,"['Cereals', 'Pulses']",2,4999,3,227368.0,Tonnes,Production
West Bengal,North 24 Parganas,2023,2023-24,5,Final Estimate,3,Summer,4999,Total Food Grains,Food Grains,"['Cereals', 'Pulses']",2,4999,3,3597.0,Kg/Ha,Yield
West Bengal,North 24 Parganas,2023,2023-24,5,Final Estimate,3,Summer,4999,Total Food Grains,Food Grains,"['Cereals', 'Pulses']",2,4999,3,63302.38,Ha,Area
West Bengal,North 24 Parganas,2023,2023-24,5,Final Estimate,3,Summer,4999,Total Food Grains,Food Grains,"['Cereals', 'Pulses']",2,4999,3,227682.1,Tonnes,Production
West Bengal,North 24 Parganas,2022,2022-23,5,Final Estimate,3,Summer,4999,Total Food Grains,Food Grains,"['Cereals', 'Pulses']",2,4999,3,3576.0,Kg/Ha,Yield
West Bengal,North 24 Parganas,2022,2022-23,5,Final Estimate,3,Summer,4999,Total Food Grains,Food Grains,"['Cereals', 'Pulses']",2,4999,3,63582.0,Ha,Area
West Bengal,North 24 Parganas,2023,2023-24,5,Final Estimate,99999,Total,4999,Total Food Grains,Food Grains,"['Cereals', 'Pulses']",2,4999,99999,234489.61,Ha,Area
West Bengal,North 24 Parganas,2022,2022-23,5,Final Estimate,99999,Total,4999,Total Food Grains,Food Grains,"['Cereals', 'Pulses']",2,4999,99999,3063.0,Kg/Ha,Yield
West Bengal,North 24 Parganas,2022,2022-23,5,Final Estimate,99999,Total,4999,Total Food Grains,Food Grains,"['Cereals', 'Pulses']",2,4999,99999,243780.0,Ha,Area
West Bengal,North 24 Parganas,2022,2022-23,5,Final Estimate,99999,Total,4999,Total Food Grains,Food Grains,"['Cereals', 'Pulses']",2,4999,99999,746805.0,Tonnes,Production
West Bengal,North 24 Parganas,2023,2023-24,5,Final Estimate,99999,Total,4999,Total Food Grains,Food Grains,"['Cereals', 'Pulses']",2,4999,99999,3109.0,Kg/Ha,Yield
West Bengal,North 24 Parganas,2023,2023-24,5,Final Estimate,99999,Total,4999,Total Food Grains,Food Grains,"['Cereals', 'Pulses']",2,4999,99999,728971.18,Tonnes,Production
West Bengal,North 24 Parganas,2022,2022-23,5,Final Estimate,2,Rabi,15,Groundnut,Oilseeds,['Oil Seeds'],3,1,2,65.0,Tonnes,Production
West Bengal,North 24 Parganas,2023,2023-24,5,Final Estimate,2,Rabi,15,Groundnut,Oilseeds,['Oil Seeds'],3,1,2,50.0,Ha,Area
West Bengal,North 24 Parganas,2023,2023-24,5,Final Estimate,2,Rabi,15,Groundnut,Oilseeds,['Oil Seeds'],3,1,2,74.51,Tonnes,Production
West Bengal,North 24 Parganas,2023,2023-24,5,Final Estimate,2,Rabi,15,Groundnut,Oilseeds,['Oil Seeds'],3,1,2,1490.0,Kg/Ha,Yield
West Bengal,North 24 Parganas,2022,2022-23,5,Final Estimate,2,Rabi,15,Groundnut,Oilseeds,['Oil Seeds'],3,1,2,1512.0,Kg/Ha,Yield
West Bengal,North 24 Parganas,2022,2022-23,5,Final Estimate,2,Rabi,15,Groundnut,Oilseeds,['Oil Seeds'],3,1,2,43.0,Ha,Area
West Bengal,North 24 Parganas,2022,2022-23,5,Final Estimate,3,Summer,15,Groundnut,Oilseeds,['Oil Seeds'],3,1,3,1071.0,Ha,Area
West Bengal,North 24 Parganas,2022,2022-23,5,Final Estimate,3,Summer,15,Groundnut,Oilseeds,['Oil Seeds'],3,1,3,2627.0,Kg/Ha,Yield
West Bengal,North 24 Parganas,2023,2023-24,5,Final Estimate,3,Summer,15,Groundnut,Oilseeds,['Oil Seeds'],3,1,3,2212.0,Kg/Ha,Yield
West Bengal,North 24 Parganas,2023,2023-24,5,Final Estimate,3,Summer,15,Groundnut,Oilseeds,['Oil Seeds'],3,1,3,1632.2,Tonnes,Production
West Bengal,North 24 Parganas,2023,2023-24,5,Final Estimate,3,Summer,15,Groundnut,Oilseeds,['Oil Seeds'],3,1,3,737.91,Ha,Area
West Bengal,North 24 Parganas,2022,2022-23,5,Final Estimate,3,Summer,15,Groundnut,Oilseeds,['Oil Seeds'],3,1,3,2813.0,Tonnes,Production
West Bengal,North 24 Parganas,2023,2023-24,5,Final Estimate,99999,Total,15,Groundnut,Oilseeds,['Oil Seeds'],3,1,99999,787.91,Ha,Area
West Bengal,North 24 Parganas,2022,2022-23,5,Final Estimate,99999,Total,15,Groundnut,Oilseeds,['Oil Seeds'],3,1,99999,1114.0,Ha,Area
West Bengal,North 24 Parganas,2023,2023-24,5,Final Estimate,99999,Total,15,Groundnut,Oilseeds,['Oil Seeds'],3,1,99999,2166.0,Kg/Ha,Yield
West Bengal,North 24 Parganas,2022,2022-23,5,Final Estimate,99999,Total,15,Groundnut,Oilseeds,['Oil Seeds'],3,1,99999,2583.0,Kg/Ha,Yield
West Bengal,North 24 Parganas,2023,2023-24,5,Final Estimate,99999,Total,15,Groundnut,Oilseeds,['Oil Seeds'],3,1,99999,1706.7,Tonnes,Production
West Bengal,North 24 Parganas,2022,2022-23,5,Final Estimate,99999,Total,15,Groundnut,Oilseeds,['Oil Seeds'],3,1,99999,2878.0,Tonnes,Production
West Bengal,North 24 Parganas,2022,2022-23,5,Final Estimate,3,Summer,17,Sesamum,Oilseeds,['Oil Seeds'],3,3,3,18247.0,Ha,Area
West Bengal,North 24 Parganas,2022,2022-23,5,Final Estimate,3,Summer,17,Sesamum,Oilseeds,['Oil Seeds'],3,3,3,27275.0,Tonnes,Production
West Bengal,North 24 Parganas,2023,2023-24,5,Final Estimate,3,Summer,17,Sesamum,Oilseeds,['Oil Seeds'],3,3,3,28136.53,Tonnes,Production
West Bengal,North 24 Parganas,2023,2023-24,5,Final Estimate,3,Summer,17,Sesamum,Oilseeds,['Oil Seeds'],3,3,3,20351.0,Ha,Area
West Bengal,North 24 Parganas,2023,2023-24,5,Final Estimate,3,Summer,17,Sesamum,Oilseeds,['Oil Seeds'],3,3,3,1383.0,Kg/Ha,Yield
West Bengal,North 24 Parganas,2022,2022-23,5,Final Estimate,3,Summer,17,Sesamum,Oilseeds,['Oil Seeds'],3,3,3,1495.0,Kg/Ha,Yield
West Bengal,North 24 Parganas,2022,2022-23,5,Final Estimate,99999,Total,17,Sesamum,Oilseeds,['Oil Seeds'],3,3,99999,18247.0,Ha,Area
West Bengal,North 24 Parganas,2022,2022-23,5,Final Estimate,99999,Total,17,Sesamum,Oilseeds,['Oil Seeds'],3,3,99999,1495.0,Kg/Ha,Yield
West Bengal,North 24 Parganas,2022,2022-23,5,Final Estimate,99999,Total,17,Sesamum,Oilseeds,['Oil Seeds'],3,3,99999,27275.0,Tonnes,Production
West Bengal,North 24 Parganas,2023,2023-24,5,Final Estimate,99999,Total,17,Sesamum,Oilseeds,['Oil Seeds'],3,3,99999,1383.0,Kg/Ha,Yield
West Bengal,North 24 Parganas,2023,2023-24,5,Final Estimate,99999,Total,17,Sesamum,Oilseeds,['Oil Seeds'],3,3,99999,20351.0,Ha,Area
West Bengal,North 24 Parganas,2023,2023-24,5,Final Estimate,99999,Total,17,Sesamum,Oilseeds,['Oil Seeds'],3,3,99999,28136.53,Tonnes,Production
West Bengal,North 24 Parganas,2022,2022-23,5,Final Estimate,1,Kharif,20,Sunflower,Oilseeds,['Oil Seeds'],3,6,1,113.0,Ha,Area
West Bengal,North 24 Parganas,2022,2022-23,5,Final Estimate,1,Kharif,20,Sunflower,Oilseeds,['Oil Seeds'],3,6,1,168.0,Tonnes,Production
West Bengal,North 24 Parganas,2022,2022-23,5,Final Estimate,1,Kharif,20,Sunflower,Oilseeds,['Oil Seeds'],3,6,1,1487.0,Kg/Ha,Yield
West Bengal,North 24 Parganas,2023,2023-24,5,Final Estimate,3,Summer,20,Sunflower,Oilseeds,['Oil Seeds'],3,6,3,120.1,Tonnes,Production
West Bengal,North 24 Parganas,2023,2023-24,5,Final Estimate,3,Summer,20,Sunflower,Oilseeds,['Oil Seeds'],3,6,3,1501.0,Kg/Ha,Yield
West Bengal,North 24 Parganas,2023,2023-24,5,Final Estimate,3,Summer,20,Sunflower,Oilseeds,['Oil Seeds'],3,6,3,80.0,Ha,Area
West Bengal,North 24 Parganas,2023,2023-24,5,Final Estimate,99999,Total,20,Sunflower,Oilseeds,['Oil Seeds'],3,6,99999,1501.0,Kg/Ha,Yield
West Bengal,North 24 Parganas,2023,2023-24,5,Final Estimate,99999,Total,20,Sunflower,Oilseeds,['Oil Seeds'],3,6,99999,120.1,Tonnes,Production
West Bengal,North 24 Parganas,2023,2023-24,5,Final Estimate,99999,Total,20,Sunflower,Oilseeds,['Oil Seeds'],3,6,99999,80.0,Ha,Area
West Bengal,North 24 Parganas,2022,2022-23,5,Final Estimate,99999,Total,20,Sunflower,Oilseeds,['Oil Seeds'],3,6,99999,1487.0,Kg/Ha,Yield
West Bengal,North 24 Parganas,2022,2022-23,5,Final Estimate,99999,Total,20,Sunflower,Oilseeds,['Oil Seeds'],3,6,99999,113.0,Ha,Area
West Bengal,North 24 Parganas,2022,2022-23,5,Final Estimate,99999,Total,20,Sunflower,Oilseeds,['Oil Seeds'],3,6,99999,168.0,Tonnes,Production
West Bengal,North 24 Parganas,2023,2023-24,5,Final Estimate,2,Rabi,21,Rapeseed & Mustard,Oilseeds,['Oil Seeds'],3,7,2,36046.0,Ha,Area
West Bengal,North 24 Parganas,2023,2023-24,5,Final Estimate,2,Rabi,21,Rapeseed & Mustard,Oilseeds,['Oil Seeds'],3,7,2,53050.16,Tonnes,Production
West Bengal,North 24 Parganas,2022,2022-23,5,Final Estimate,2,Rabi,21,Rapeseed & Mustard,Oilseeds,['Oil Seeds'],3,7,2,56272.0,Tonnes,Production
West Bengal,North 24 Parganas,2022,2022-23,5,Final Estimate,2,Rabi,21,Rapeseed & Mustard,Oilseeds,['Oil Seeds'],3,7,2,37807.0,Ha,Area
West Bengal,North 24 Parganas,2022,2022-23,5,Final Estimate,2,Rabi,21,Rapeseed & Mustard,Oilseeds,['Oil Seeds'],3,7,2,1488.0,Kg/Ha,Yield
West Bengal,North 24 Parganas,2023,2023-24,5,Final Estimate,2,Rabi,21,Rapeseed & Mustard,Oilseeds,['Oil Seeds'],3,7,2,1472.0,Kg/Ha,Yield
West Bengal,North 24 Parganas,2022,2022-23,5,Final Estimate,99999,Total,21,Rapeseed & Mustard,Oilseeds,['Oil Seeds'],3,7,99999,37807.0,Ha,Area
West Bengal,North 24 Parganas,2022,2022-23,5,Final Estimate,99999,Total,21,Rapeseed & Mustard,Oilseeds,['Oil Seeds'],3,7,99999,1488.0,Kg/Ha,Yield
West Bengal,North 24 Parganas,2022,2022-23,5,Final Estimate,99999,Total,21,Rapeseed & Mustard,Oilseeds,['Oil Seeds'],3,7,99999,56272.0,Tonnes,Production
West Bengal,North 24 Parganas,2023,2023-24,5,Final Estimate,99999,Total,21,Rapeseed & Mustard,Oilseeds,['Oil Seeds'],3,7,99999,53050.16,Tonnes,Production
West Bengal,North 24 Parganas,2023,2023-24,5,Final Estimate,99999,Total,21,Rapeseed & Mustard,Oilseeds,['Oil Seeds'],3,7,99999,36046.0,Ha,Area
West Bengal,North 24 Parganas,2023,2023-24,5,Final Estimate,99999,Total,21,Rapeseed & Mustard,Oilseeds,['Oil Seeds'],3,7,99999,1472.0,Kg/Ha,Yield
West Bengal,North 24 Parganas,2023,2023-24,5,Final Estimate,2,Rabi,22,Linseed,Oilseeds,['Oil Seeds'],3,8,2,75.0,Ha,Area
West Bengal,North 24 Parganas,2022,2022-23,5,Final Estimate,2,Rabi,22,Linseed,Oilseeds,['Oil Seeds'],3,8,2,22.0,Tonnes,Production
West Bengal,North 24 Parganas,2022,2022-23,5,Final Estimate,2,Rabi,22,Linseed,Oilseeds,['Oil Seeds'],3,8,2,400.0,Kg/Ha,Yield
West Bengal,North 24 Parganas,2022,2022-23,5,Final Estimate,2,Rabi,22,Linseed,Oilseeds,['Oil Seeds'],3,8,2,55.0,Ha,Area
West Bengal,North 24 Parganas,2023,2023-24,5,Final Estimate,2,Rabi,22,Linseed,Oilseeds,['Oil Seeds'],3,8,2,37.19,Tonnes,Production
West Bengal,North 24 Parganas,2023,2023-24,5,Final Estimate,2,Rabi,22,Linseed,Oilseeds,['Oil Seeds'],3,8,2,496.0,Kg/Ha,Yield
West Bengal,North 24 Parganas,2022,2022-23,5,Final Estimate,99999,Total,22,Linseed,Oilseeds,['Oil Seeds'],3,8,99999,22.0,Tonnes,Production
West Bengal,North 24 Parganas,2023,2023-24,5,Final Estimate,99999,Total,22,Linseed,Oilseeds,['Oil Seeds'],3,8,99999,496.0,Kg/Ha,Yield
West Bengal,North 24 Parganas,2023,2023-24,5,Final Estimate,99999,Total,22,Linseed,Oilseeds,['Oil Seeds'],3,8,99999,75.0,Ha,Area
West Bengal,North 24 Parganas,2023,2023-24,5,Final Estimate,99999,Total,22,Linseed,Oilseeds,['Oil Seeds'],3,8,99999,37.19,Tonnes,Production
West Bengal,North 24 Parganas,2022,2022-23,5,Final Estimate,99999,Total,22,Linseed,Oilseeds,['Oil Seeds'],3,8,99999,400.0,Kg/Ha,Yield
West Bengal,North 24 Parganas,2022,2022-23,5,Final Estimate,99999,Total,22,Linseed,Oilseeds,['Oil Seeds'],3,8,99999,55.0,Ha,Area
West Bengal,North 24 Parganas,2023,2023-24,5,Final Estimate,99999,Total,999,Total Oil Seeds,Oilseeds,['Oil Seeds'],3,999,99999,57339.91,Ha,Area
West Bengal,North 24 Parganas,2022,2022-23,5,Final Estimate,99999,Total,999,Total Oil Seeds,Oilseeds,['Oil Seeds'],3,999,99999,57336.0,Ha,Area
West Bengal,North 24 Parganas,2022,2022-23,5,Final Estimate,99999,Total,999,Total Oil Seeds,Oilseeds,['Oil Seeds'],3,999,99999,1511.0,Kg/Ha,Yield
West Bengal,North 24 Parganas,2022,2022-23,5,Final Estimate,99999,Total,999,Total Oil Seeds,Oilseeds,['Oil Seeds'],3,999,99999,86615.0,Tonnes,Production
West Bengal,North 24 Parganas,2023,2023-24,5,Final Estimate,99999,Total,999,Total Oil Seeds,Oilseeds,['Oil Seeds'],3,999,99999,1448.0,Kg/Ha,Yield
West Bengal,North 24 Parganas,2023,2023-24,5,Final Estimate,99999,Total,999,Total Oil Seeds,Oilseeds,['Oil Seeds'],3,999,99999,83050.68,Tonnes,Production
West Bengal,North 24 Parganas,2023,2023-24,5,Final Estimate,1,Kharif,28,Sugarcane,Commercial Crops,['Commercial Crops'],4,1001,1,60740.99,Tonnes,Production
West Bengal,North 24 Parganas,2022,2022-23,5,Final Estimate,1,Kharif,28,Sugarcane,Commercial Crops,['Commercial Crops'],4,1001,1,1711.0,Ha,Area
West Bengal,North 24 Parganas,2022,2022-23,5,Final Estimate,1,Kharif,28,Sugarcane,Commercial Crops,['Commercial Crops'],4,1001,1,78047.0,Kg/Ha,Yield
West Bengal,North 24 Parganas,2022,2022-23,5,Final Estimate,1,Kharif,28,Sugarcane,Commercial Crops,['Commercial Crops'],4,1001,1,133538.0,Tonnes,Production
West Bengal,North 24 Parganas,2023,2023-24,5,Final Estimate,1,Kharif,28,Sugarcane,Commercial Crops,['Commercial Crops'],4,1001,1,1363.0,Ha,Area
West Bengal,North 24 Parganas,2023,2023-24,5,Final Estimate,1,Kharif,28,Sugarcane,Commercial Crops,['Commercial Crops'],4,1001,1,44564.0,Kg/Ha,Yield
West Bengal,North 24 Parganas,2022,2022-23,5,Final Estimate,99999,Total,28,Sugarcane,Commercial Crops,['Commercial Crops'],4,1001,99999,1711.0,Ha,Area
West Bengal,North 24 Parganas,2023,2023-24,5,Final Estimate,99999,Total,28,Sugarcane,Commercial Crops,['Commercial Crops'],4,1001,99999,60740.99,Tonnes,Production
West Bengal,North 24 Parganas,2022,2022-23,5,Final Estimate,99999,Total,28,Sugarcane,Commercial Crops,['Commercial Crops'],4,1001,99999,133538.0,Tonnes,Production
West Bengal,North 24 Parganas,2023,2023-24,5,Final Estimate,99999,Total,28,Sugarcane,Commercial Crops,['Commercial Crops'],4,1001,99999,1363.0,Ha,Area
West Bengal,North 24 Parganas,2023,2023-24,5,Final Estimate,99999,Total,28,Sugarcane,Commercial Crops,['Commercial Crops'],4,1001,99999,44564.0,Kg/Ha,Yield
West Bengal,North 24 Parganas,2022,2022-23,5,Final Estimate,99999,Total,28,Sugarcane,Commercial Crops,['Commercial Crops'],4,1001,99999,78047.0,Kg/Ha,Yield
West Bengal,North 24 Parganas,2023,2023-24,5,Final Estimate,1,Kharif,26,Jute,Commercial Crops,['Commercial Crops'],4,1003,1,4015.0,Kg/Ha,Yield
West Bengal,North 24 Parganas,2022,2022-23,5,Final Estimate,1,Kharif,26,Jute,Commercial Crops,['Commercial Crops'],4,1003,1,1152953.0,Tonnes,Production
West Bengal,North 24 Parganas,2022,2022-23,5,Final Estimate,1,Kharif,26,Jute,Commercial Crops,['Commercial Crops'],4,1003,1,3628.0,Kg/Ha,Yield
West Bengal,North 24 Parganas,2023,2023-24,5,Final Estimate,1,Kharif,26,Jute,Commercial Crops,['Commercial Crops'],4,1003,1,55497.0,Ha,Area
West Bengal,North 24 Parganas,2022,2022-23,5,Final Estimate,1,Kharif,26,Jute,Commercial Crops,['Commercial Crops'],4,1003,1,57209.0,Ha,Area
West Bengal,North 24 Parganas,2023,2023-24,5,Final Estimate,1,Kharif,26,Jute,Commercial Crops,['Commercial Crops'],4,1003,1,1237986.66,Tonnes,Production
West Bengal,North 24 Parganas,2023,2023-24,5,Final Estimate,99999,Total,26,Jute,Commercial Crops,['Commercial Crops'],4,1003,99999,1237986.66,Tonnes,Production
West Bengal,North 24 Parganas,2023,2023-24,5,Final Estimate,99999,Total,26,Jute,Commercial Crops,['Commercial Crops'],4,1003,99999,55497.0,Ha,Area
West Bengal,North 24 Parganas,2023,2023-24,5,Final Estimate,99999,Total,26,Jute,Commercial Crops,['Commercial Crops'],4,1003,99999,4015.0,Kg/Ha,Yield
West Bengal,North 24 Parganas,2022,2022-23,5,Final Estimate,99999,Total,26,Jute,Commercial Crops,['Commercial Crops'],4,1003,99999,1152953.0,Tonnes,Production
West Bengal,North 24 Parganas,2022,2022-23,5,Final Estimate,99999,Total,26,Jute,Commercial Crops,['Commercial Crops'],4,1003,99999,57209.0,Ha,Area
West Bengal,North 24 Parganas,2022,2022-23,5,Final Estimate,99999,Total,26,Jute,Commercial Crops,['Commercial Crops'],4,1003,99999,3628.0,Kg/Ha,Yield
West Bengal,North 24 Parganas,2023,2023-24,5,Final Estimate,1,Kharif,27,Mesta,Commercial Crops,['Commercial Crops'],4,1004,1,20528.03,Tonnes,Production
West Bengal,North 24 Parganas,2023,2023-24,5,Final Estimate,1,Kharif,27,Mesta,Commercial Crops,['Commercial Crops'],4,1004,1,3492.0,Kg/Ha,Yield
West Bengal,North 24 Parganas,2023,2023-24,5,Final Estimate,1,Kharif,27,Mesta,Commercial Crops,['Commercial Crops'],4,1004,1,1058.0,Ha,Area
West Bengal,North 24 Parganas,2022,2022-23,5,Final Estimate,1,Kharif,27,Mesta,Commercial Crops,['Commercial Crops'],4,1004,1,3451.0,Kg/Ha,Yield
West Bengal,North 24 Parganas,2022,2022-23,5,Final Estimate,1,Kharif,27,Mesta,Commercial Crops,['Commercial Crops'],4,1004,1,1526.0,Ha,Area
West Bengal,North 24 Parganas,2022,2022-23,5,Final Estimate,1,Kharif,27,Mesta,Commercial Crops,['Commercial Crops'],4,1004,1,29257.0,Tonnes,Production
West Bengal,North 24 Parganas,2022,2022-23,5,Final Estimate,99999,Total,27,Mesta,Commercial Crops,['Commercial Crops'],4,1004,99999,29257.0,Tonnes,Production
West Bengal,North 24 Parganas,2023,2023-24,5,Final Estimate,99999,Total,27,Mesta,Commercial Crops,['Commercial Crops'],4,1004,99999,3492.0,Kg/Ha,Yield
West Bengal,North 24 Parganas,2023,2023-24,5,Final Estimate,99999,Total,27,Mesta,Commercial Crops,['Commercial Crops'],4,1004,99999,1058.0,Ha,Area
West Bengal,North 24 Parganas,2023,2023-24,5,Final Estimate,99999,Total,27,Mesta,Commercial Crops,['Commercial Crops'],4,1004,99999,20528.03,Tonnes,Production
West Bengal,North 24 Parganas,2022,2022-23,5,Final Estimate,99999,Total,27,Mesta,Commercial Crops,['Commercial Crops'],4,1004,99999,3451.0,Kg/Ha,Yield
West Bengal,North 24 Parganas,2022,2022-23,5,Final Estimate,99999,Total,27,Mesta,Commercial Crops,['Commercial Crops'],4,1004,99999,1526.0,Ha,Area
West Bengal,North 24 Parganas,2023,2023-24,5,Final Estimate,1,Kharif,1999,Jute & Mesta,Commercial Crops,['Commercial Crops'],4,1999,1,56555.0,Ha,Area
West Bengal,North 24 Parganas,2022,2022-23,5,Final Estimate,1,Kharif,1999,Jute & Mesta,Commercial Crops,['Commercial Crops'],4,1999,1,1182210.0,Tonnes,Production
West Bengal,North 24 Parganas,2023,2023-24,5,Final Estimate,1,Kharif,1999,Jute & Mesta,Commercial Crops,['Commercial Crops'],4,1999,1,4006.0,Kg/Ha,Yield
West Bengal,North 24 Parganas,2022,2022-23,5,Final Estimate,1,Kharif,1999,Jute & Mesta,Commercial Crops,['Commercial Crops'],4,1999,1,3623.0,Kg/Ha,Yield
West Bengal,North 24 Parganas,2022,2022-23,5,Final Estimate,1,Kharif,1999,Jute & Mesta,Commercial Crops,['Commercial Crops'],4,1999,1,58735.0,Ha,Area
West Bengal,North 24 Parganas,2023,2023-24,5,Final Estimate,1,Kharif,1999,Jute & Mesta,Commercial Crops,['Commercial Crops'],4,1999,1,1258514.69,Tonnes,Production
West Bengal,North 24 Parganas,2023,2023-24,5,Final Estimate,99999,Total,1999,Jute & Mesta,Commercial Crops,['Commercial Crops'],4,1999,99999,56555.0,Ha,Area
West Bengal,North 24 Parganas,2023,2023-24,5,Final Estimate,99999,Total,1999,Jute & Mesta,Commercial Crops,['Commercial Crops'],4,1999,99999,1258514.69,Tonnes,Production
West Bengal,North 24 Parganas,2022,2022-23,5,Final Estimate,99999,Total,1999,Jute & Mesta,Commercial Crops,['Commercial Crops'],4,1999,99999,58735.0,Ha,Area
West Bengal,North 24 Parganas,2022,2022-23,5,Final Estimate,99999,Total,1999,Jute & Mesta,Commercial Crops,['Commercial Crops'],4,1999,99999,1182210.0,Tonnes,Production
West Bengal,North 24 Parganas,2023,2023-24,5,Final Estimate,99999,Total,1999,Jute & Mesta,Commercial Crops,['Commercial Crops'],4,1999,99999,4006.0,Kg/Ha,Yield
West Bengal,North 24 Parganas,2022,2022-23,5,Final Estimate,99999,Total,1999,Jute & Mesta,Commercial Crops,['Commercial Crops'],4,1999,99999,3623.0,Kg/Ha,Yield
West Bengal,Paschim Bardhaman,2023,2023-24,5,Final Estimate,1,Kharif,1,Rice,Food Grains,['Cereals'],1,2001,1,2647.0,Kg/Ha,Yield
West Bengal,Paschim Bardhaman,2022,2022-23,5,Final Estimate,1,Kharif,1,Rice,Food Grains,['Cereals'],1,2001,1,22.0,Ha,Area
West Bengal,Paschim Bardhaman,2022,2022-23,5,Final Estimate,1,Kharif,1,Rice,Food Grains,['Cereals'],1,2001,1,2909.0,Kg/Ha,Yield
West Bengal,Paschim Bardhaman,2023,2023-24,5,Final Estimate,1,Kharif,1,Rice,Food Grains,['Cereals'],1,2001,1,61922.44,Tonnes,Production
West Bengal,Paschim Bardhaman,2023,2023-24,5,Final Estimate,1,Kharif,1,Rice,Food Grains,['Cereals'],1,2001,1,23393.42,Ha,Area
West Bengal,Paschim Bardhaman,2022,2022-23,5,Final Estimate,1,Kharif,1,Rice,Food Grains,['Cereals'],1,2001,1,64.0,Tonnes,Production
West Bengal,Paschim Bardhaman,2022,2022-23,5,Final Estimate,2,Rabi,1,Rice,Food Grains,['Cereals'],1,2001,2,52114.0,Tonnes,Production
West Bengal,Paschim Bardhaman,2022,2022-23,5,Final Estimate,2,Rabi,1,Rice,Food Grains,['Cereals'],1,2001,2,2905.0,Kg/Ha,Yield
West Bengal,Paschim Bardhaman,2022,2022-23,5,Final Estimate,2,Rabi,1,Rice,Food Grains,['Cereals'],1,2001,2,17937.0,Ha,Area
West Bengal,Paschim Bardhaman,2022,2022-23,5,Final Estimate,3,Summer,1,Rice,Food Grains,['Cereals'],1,2001,3,2889.0,Tonnes,Production
West Bengal,Paschim Bardhaman,2023,2023-24,5,Final Estimate,3,Summer,1,Rice,Food Grains,['Cereals'],1,2001,3,1144.59,Ha,Area
West Bengal,Paschim Bardhaman,2023,2023-24,5,Final Estimate,3,Summer,1,Rice,Food Grains,['Cereals'],1,2001,3,2899.0,Kg/Ha,Yield
West Bengal,Paschim Bardhaman,2022,2022-23,5,Final Estimate,3,Summer,1,Rice,Food Grains,['Cereals'],1,2001,3,936.0,Ha,Area
West Bengal,Paschim Bardhaman,2022,2022-23,5,Final Estimate,3,Summer,1,Rice,Food Grains,['Cereals'],1,2001,3,3087.0,Kg/Ha,Yield
West Bengal,Paschim Bardhaman,2023,2023-24,5,Final Estimate,3,Summer,1,Rice,Food Grains,['Cereals'],1,2001,3,3318.15,Tonnes,Production
West Bengal,Paschim Bardhaman,2023,2023-24,5,Final Estimate,99999,Total,1,Rice,Food Grains,['Cereals'],1,2001,99999,24538.01,Ha,Area
West Bengal,Paschim Bardhaman,2023,2023-24,5,Final Estimate,99999,Total,1,Rice,Food Grains,['Cereals'],1,2001,99999,65240.59,Tonnes,Production
West Bengal,Paschim Bardhaman,2023,2023-24,5,Final Estimate,99999,Total,1,Rice,Food Grains,['Cereals'],1,2001,99999,2659.0,Kg/Ha,Yield
West Bengal,Paschim Bardhaman,2022,2022-23,5,Final Estimate,99999,Total,1,Rice,Food Grains,['Cereals'],1,2001,99999,2914.0,Kg/Ha,Yield
West Bengal,Paschim Bardhaman,2022,2022-23,5,Final Estimate,99999,Total,1,Rice,Food Grains,['Cereals'],1,2001,99999,18895.0,Ha,Area
West Bengal,Paschim Bardhaman,2022,2022-23,5,Final Estimate,99999,Total,1,Rice,Food Grains,['Cereals'],1,2001,99999,55067.0,Tonnes,Production
West Bengal,Paschim Bardhaman,2022,2022-23,5,Final Estimate,2,Rabi,2,Wheat,Food Grains,['Cereals'],1,2002,2,709.0,Ha,Area
West Bengal,Paschim Bardhaman,2023,2023-24,5,Final Estimate,2,Rabi,2,Wheat,Food Grains,['Cereals'],1,2002,2,1542.07,Tonnes,Production
West Bengal,Paschim Bardhaman,2023,2023-24,5,Final Estimate,2,Rabi,2,Wheat,Food Grains,['Cereals'],1,2002,2,652.0,Ha,Area
West Bengal,Paschim Bardhaman,2022,2022-23,5,Final Estimate,2,Rabi,2,Wheat,Food Grains,['Cereals'],1,2002,2,2329.0,Kg/Ha,Yield
West Bengal,Paschim Bardhaman,2022,2022-23,5,Final Estimate,2,Rabi,2,Wheat,Food Grains,['Cereals'],1,2002,2,1651.0,Tonnes,Production
West Bengal,Paschim Bardhaman,2023,2023-24,5,Final Estimate,2,Rabi,2,Wheat,Food Grains,['Cereals'],1,2002,2,2365.0,Kg/Ha,Yield
West Bengal,Paschim Bardhaman,2022,2022-23,5,Final Estimate,99999,Total,2,Wheat,Food Grains,['Cereals'],1,2002,99999,2329.0,Kg/Ha,Yield
West Bengal,Paschim Bardhaman,2022,2022-23,5,Final Estimate,99999,Total,2,Wheat,Food Grains,['Cereals'],1,2002,99999,709.0,Ha,Area
West Bengal,Paschim Bardhaman,2023,2023-24,5,Final Estimate,99999,Total,2,Wheat,Food Grains,['Cereals'],1,2002,99999,652.0,Ha,Area
West Bengal,Paschim Bardhaman,2023,2023-24,5,Final Estimate,99999,Total,2,Wheat,Food Grains,['Cereals'],1,2002,99999,2365.0,Kg/Ha,Yield
West Bengal,Paschim Bardhaman,2023,2023-24,5,Final Estimate,99999,Total,2,Wheat,Food Grains,['Cereals'],1,2002,99999,1542.07,Tonnes,Production
West Bengal,Paschim Bardhaman,2022,2022-23,5,Final Estimate,99999,Total,2,Wheat,Food Grains,['Cereals'],1,2002,99999,1651.0,Tonnes,Production
West Bengal,Paschim Bardhaman,2023,2023-24,5,Final Estimate,1,Kharif,5,Maize,Food Grains,['Cereals'],1,3001,1,303.94,Ha,Area
West Bengal,Paschim Bardhaman,2022,2022-23,5,Final Estimate,1,Kharif,5,Maize,Food Grains,['Cereals'],1,3001,1,158.0,Ha,Area
West Bengal,Paschim Bardhaman,2022,2022-23,5,Final Estimate,1,Kharif,5,Maize,Food Grains,['Cereals'],1,3001,1,588.0,Tonnes,Production
West Bengal,Paschim Bardhaman,2022,2022-23,5,Final Estimate,1,Kharif,5,Maize,Food Grains,['Cereals'],1,3001,1,3722.0,Kg/Ha,Yield
West Bengal,Paschim Bardhaman,2023,2023-24,5,Final Estimate,1,Kharif,5,Maize,Food Grains,['Cereals'],1,3001,1,4333.0,Kg/Ha,Yield
West Bengal,Paschim Bardhaman,2023,2023-24,5,Final Estimate,1,Kharif,5,Maize,Food Grains,['Cereals'],1,3001,1,1316.95,Tonnes,Production
West Bengal,Paschim Bardhaman,2023,2023-24,5,Final Estimate,2,Rabi,5,Maize,Food Grains,['Cereals'],1,3001,2,7270.0,Kg/Ha,Yield
West Bengal,Paschim Bardhaman,2023,2023-24,5,Final Estimate,2,Rabi,5,Maize,Food Grains,['Cereals'],1,3001,2,3075.19,Tonnes,Production
West Bengal,Paschim Bardhaman,2023,2023-24,5,Final Estimate,2,Rabi,5,Maize,Food Grains,['Cereals'],1,3001,2,423.0,Ha,Area
West Bengal,Paschim Bardhaman,2022,2022-23,5,Final Estimate,2,Rabi,5,Maize,Food Grains,['Cereals'],1,3001,2,3074.0,Tonnes,Production
West Bengal,Paschim Bardhaman,2022,2022-23,5,Final Estimate,2,Rabi,5,Maize,Food Grains,['Cereals'],1,3001,2,7461.0,Kg/Ha,Yield
West Bengal,Paschim Bardhaman,2022,2022-23,5,Final Estimate,2,Rabi,5,Maize,Food Grains,['Cereals'],1,3001,2,412.0,Ha,Area
West Bengal,Paschim Bardhaman,2023,2023-24,5,Final Estimate,3,Summer,5,Maize,Food Grains,['Cereals'],1,3001,3,293.99,Ha,Area
West Bengal,Paschim Bardhaman,2023,2023-24,5,Final Estimate,3,Summer,5,Maize,Food Grains,['Cereals'],1,3001,3,2067.62,Tonnes,Production
West Bengal,Paschim Bardhaman,2023,2023-24,5,Final Estimate,3,Summer,5,Maize,Food Grains,['Cereals'],1,3001,3,7033.0,Kg/Ha,Yield
West Bengal,Paschim Bardhaman,2022,2022-23,5,Final Estimate,3,Summer,5,Maize,Food Grains,['Cereals'],1,3001,3,324.0,Ha,Area
West Bengal,Paschim Bardhaman,2022,2022-23,5,Final Estimate,3,Summer,5,Maize,Food Grains,['Cereals'],1,3001,3,2138.0,Tonnes,Production
West Bengal,Paschim Bardhaman,2022,2022-23,5,Final Estimate,3,Summer,5,Maize,Food Grains,['Cereals'],1,3001,3,6599.0,Kg/Ha,Yield
West Bengal,Paschim Bardhaman,2023,2023-24,5,Final Estimate,99999,Total,5,Maize,Food Grains,['Cereals'],1,3001,99999,6459.76,Tonnes,Production
West Bengal,Paschim Bardhaman,2022,2022-23,5,Final Estimate,99999,Total,5,Maize,Food Grains,['Cereals'],1,3001,99999,5800.0,Tonnes,Production
West Bengal,Paschim Bardhaman,2022,2022-23,5,Final Estimate,99999,Total,5,Maize,Food Grains,['Cereals'],1,3001,99999,6488.0,Kg/Ha,Yield
West Bengal,Paschim Bardhaman,2022,2022-23,5,Final Estimate,99999,Total,5,Maize,Food Grains,['Cereals'],1,3001,99999,894.0,Ha,Area
West Bengal,Paschim Bardhaman,2023,2023-24,5,Final Estimate,99999,Total,5,Maize,Food Grains,['Cereals'],1,3001,99999,6327.0,Kg/Ha,Yield
West Bengal,Paschim Bardhaman,2023,2023-24,5,Final Estimate,99999,Total,5,Maize,Food Grains,['Cereals'],1,3001,99999,1020.93,Ha,Area
West Bengal,Paschim Bardhaman,2023,2023-24,5,Final Estimate,1,Kharif,3998,Nutri/Coarse Cereals,Food Grains,['Cereals'],1,3998,1,1316.95,Tonnes,Production
West Bengal,Paschim Bardhaman,2022,2022-23,5,Final Estimate,1,Kharif,3998,Nutri/Coarse Cereals,Food Grains,['Cereals'],1,3998,1,158.0,Ha,Area
West Bengal,Paschim Bardhaman,2022,2022-23,5,Final Estimate,1,Kharif,3998,Nutri/Coarse Cereals,Food Grains,['Cereals'],1,3998,1,588.0,Tonnes,Production
West Bengal,Paschim Bardhaman,2022,2022-23,5,Final Estimate,1,Kharif,3998,Nutri/Coarse Cereals,Food Grains,['Cereals'],1,3998,1,3722.0,Kg/Ha,Yield
West Bengal,Paschim Bardhaman,2023,2023-24,5,Final Estimate,1,Kharif,3998,Nutri/Coarse Cereals,Food Grains,['Cereals'],1,3998,1,303.94,Ha,Area
West Bengal,Paschim Bardhaman,2023,2023-24,5,Final Estimate,1,Kharif,3998,Nutri/Coarse Cereals,Food Grains,['Cereals'],1,3998,1,4333.0,Kg/Ha,Yield
West Bengal,Paschim Bardhaman,2023,2023-24,5,Final Estimate,2,Rabi,3998,Nutri/Coarse Cereals,Food Grains,['Cereals'],1,3998,2,7270.0,Kg/Ha,Yield
West Bengal,Paschim Bardhaman,2023,2023-24,5,Final Estimate,2,Rabi,3998,Nutri/Coarse Cereals,Food Grains,['Cereals'],1,3998,2,3075.19,Tonnes,Production
West Bengal,Paschim Bardhaman,2023,2023-24,5,Final Estimate,2,Rabi,3998,Nutri/Coarse Cereals,Food Grains,['Cereals'],1,3998,2,423.0,Ha,Area
West Bengal,Paschim Bardhaman,2022,2022-23,5,Final Estimate,2,Rabi,3998,Nutri/Coarse Cereals,Food Grains,['Cereals'],1,3998,2,7461.0,Kg/Ha,Yield
West Bengal,Paschim Bardhaman,2022,2022-23,5,Final Estimate,2,Rabi,3998,Nutri/Coarse Cereals,Food Grains,['Cereals'],1,3998,2,3074.0,Tonnes,Production
West Bengal,Paschim Bardhaman,2022,2022-23,5,Final Estimate,2,Rabi,3998,Nutri/Coarse Cereals,Food Grains,['Cereals'],1,3998,2,412.0,Ha,Area
West Bengal,Paschim Bardhaman,2023,2023-24,5,Final Estimate,3,Summer,3998,Nutri/Coarse Cereals,Food Grains,['Cereals'],1,3998,3,7033.0,Kg/Ha,Yield
West Bengal,Paschim Bardhaman,2022,2022-23,5,Final Estimate,3,Summer,3998,Nutri/Coarse Cereals,Food Grains,['Cereals'],1,3998,3,6599.0,Kg/Ha,Yield
West Bengal,Paschim Bardhaman,2022,2022-23,5,Final Estimate,3,Summer,3998,Nutri/Coarse Cereals,Food Grains,['Cereals'],1,3998,3,2138.0,Tonnes,Production
West Bengal,Paschim Bardhaman,2022,2022-23,5,Final Estimate,3,Summer,3998,Nutri/Coarse Cereals,Food Grains,['Cereals'],1,3998,3,324.0,Ha,Area
West Bengal,Paschim Bardhaman,2023,2023-24,5,Final Estimate,3,Summer,3998,Nutri/Coarse Cereals,Food Grains,['Cereals'],1,3998,3,293.99,Ha,Area
West Bengal,Paschim Bardhaman,2023,2023-24,5,Final Estimate,3,Summer,3998,Nutri/Coarse Cereals,Food Grains,['Cereals'],1,3998,3,2067.62,Tonnes,Production
West Bengal,Paschim Bardhaman,2022,2022-23,5,Final Estimate,99999,Total,3998,Nutri/Coarse Cereals,Food Grains,['Cereals'],1,3998,99999,5800.0,Tonnes,Production
West Bengal,Paschim Bardhaman,2023,2023-24,5,Final Estimate,99999,Total,3998,Nutri/Coarse Cereals,Food Grains,['Cereals'],1,3998,99999,1020.93,Ha,Area
West Bengal,Paschim Bardhaman,2023,2023-24,5,Final Estimate,99999,Total,3998,Nutri/Coarse Cereals,Food Grains,['Cereals'],1,3998,99999,6327.0,Kg/Ha,Yield
West Bengal,Paschim Bardhaman,2023,2023-24,5,Final Estimate,99999,Total,3998,Nutri/Coarse Cereals,Food Grains,['Cereals'],1,3998,99999,6459.76,Tonnes,Production
West Bengal,Paschim Bardhaman,2022,2022-23,5,Final Estimate,99999,Total,3998,Nutri/Coarse Cereals,Food Grains,['Cereals'],1,3998,99999,6488.0,Kg/Ha,Yield
West Bengal,Paschim Bardhaman,2022,2022-23,5,Final Estimate,99999,Total,3998,Nutri/Coarse Cereals,Food Grains,['Cereals'],1,3998,99999,894.0,Ha,Area
West Bengal,Paschim Bardhaman,2022,2022-23,5,Final Estimate,1,Kharif,3999,Cereals,Food Grains,['Cereals'],1,3999,1,3622.0,Kg/Ha,Yield
West Bengal,Paschim Bardhaman,2023,2023-24,5,Final Estimate,1,Kharif,3999,Cereals,Food Grains,['Cereals'],1,3999,1,23697.36,Ha,Area
West Bengal,Paschim Bardhaman,2023,2023-24,5,Final Estimate,1,Kharif,3999,Cereals,Food Grains,['Cereals'],1,3999,1,2669.0,Kg/Ha,Yield
West Bengal,Paschim Bardhaman,2022,2022-23,5,Final Estimate,1,Kharif,3999,Cereals,Food Grains,['Cereals'],1,3999,1,180.0,Ha,Area
West Bengal,Paschim Bardhaman,2023,2023-24,5,Final Estimate,1,Kharif,3999,Cereals,Food Grains,['Cereals'],1,3999,1,63239.39,Tonnes,Production
West Bengal,Paschim Bardhaman,2022,2022-23,5,Final Estimate,1,Kharif,3999,Cereals,Food Grains,['Cereals'],1,3999,1,652.0,Tonnes,Production
West Bengal,Paschim Bardhaman,2023,2023-24,5,Final Estimate,2,Rabi,3999,Cereals,Food Grains,['Cereals'],1,3999,2,4295.0,Kg/Ha,Yield
West Bengal,Paschim Bardhaman,2022,2022-23,5,Final Estimate,2,Rabi,3999,Cereals,Food Grains,['Cereals'],1,3999,2,2982.0,Kg/Ha,Yield
West Bengal,Paschim Bardhaman,2022,2022-23,5,Final Estimate,2,Rabi,3999,Cereals,Food Grains,['Cereals'],1,3999,2,19058.0,Ha,Area
West Bengal,Paschim Bardhaman,2022,2022-23,5,Final Estimate,2,Rabi,3999,Cereals,Food Grains,['Cereals'],1,3999,2,56839.0,Tonnes,Production
West Bengal,Paschim Bardhaman,2023,2023-24,5,Final Estimate,2,Rabi,3999,Cereals,Food Grains,['Cereals'],1,3999,2,1075.0,Ha,Area
West Bengal,Paschim Bardhaman,2023,2023-24,5,Final Estimate,2,Rabi,3999,Cereals,Food Grains,['Cereals'],1,3999,2,4617.26,Tonnes,Production
West Bengal,Paschim Bardhaman,2022,2022-23,5,Final Estimate,3,Summer,3999,Cereals,Food Grains,['Cereals'],1,3999,3,5027.0,Tonnes,Production
West Bengal,Paschim Bardhaman,2022,2022-23,5,Final Estimate,3,Summer,3999,Cereals,Food Grains,['Cereals'],1,3999,3,3990.0,Kg/Ha,Yield
West Bengal,Paschim Bardhaman,2022,2022-23,5,Final Estimate,3,Summer,3999,Cereals,Food Grains,['Cereals'],1,3999,3,1260.0,Ha,Area
West Bengal,Paschim Bardhaman,2023,2023-24,5,Final Estimate,3,Summer,3999,Cereals,Food Grains,['Cereals'],1,3999,3,1438.58,Ha,Area
West Bengal,Paschim Bardhaman,2023,2023-24,5,Final Estimate,3,Summer,3999,Cereals,Food Grains,['Cereals'],1,3999,3,5385.77,Tonnes,Production
West Bengal,Paschim Bardhaman,2023,2023-24,5,Final Estimate,3,Summer,3999,Cereals,Food Grains,['Cereals'],1,3999,3,3744.0,Kg/Ha,Yield
West Bengal,Paschim Bardhaman,2023,2023-24,5,Final Estimate,99999,Total,3999,Cereals,Food Grains,['Cereals'],1,3999,99999,73242.42,Tonnes,Production
West Bengal,Paschim Bardhaman,2023,2023-24,5,Final Estimate,99999,Total,3999,Cereals,Food Grains,['Cereals'],1,3999,99999,2794.0,Kg/Ha,Yield
West Bengal,Paschim Bardhaman,2022,2022-23,5,Final Estimate,99999,Total,3999,Cereals,Food Grains,['Cereals'],1,3999,99999,3050.0,Kg/Ha,Yield
West Bengal,Paschim Bardhaman,2022,2022-23,5,Final Estimate,99999,Total,3999,Cereals,Food Grains,['Cereals'],1,3999,99999,20498.0,Ha,Area
West Bengal,Paschim Bardhaman,2022,2022-23,5,Final Estimate,99999,Total,3999,Cereals,Food Grains,['Cereals'],1,3999,99999,62518.0,Tonnes,Production
West Bengal,Paschim Bardhaman,2023,2023-24,5,Final Estimate,99999,Total,3999,Cereals,Food Grains,['Cereals'],1,3999,99999,26210.94,Ha,Area
West Bengal,Paschim Bardhaman,2023,2023-24,5,Final Estimate,1,Kharif,9,Tur,Food Grains,['Pulses'],2,4001,1,9.35,Tonnes,Production
West Bengal,Paschim Bardhaman,2023,2023-24,5,Final Estimate,1,Kharif,9,Tur,Food Grains,['Pulses'],2,4001,1,7.0,Ha,Area
West Bengal,Paschim Bardhaman,2023,2023-24,5,Final Estimate,1,Kharif,9,Tur,Food Grains,['Pulses'],2,4001,1,1336.0,Kg/Ha,Yield
West Bengal,Paschim Bardhaman,2022,2022-23,5,Final Estimate,2,Rabi,9,Tur,Food Grains,['Pulses'],2,4001,2,1577.0,Kg/Ha,Yield
West Bengal,Paschim Bardhaman,2022,2022-23,5,Final Estimate,2,Rabi,9,Tur,Food Grains,['Pulses'],2,4001,2,41.0,Tonnes,Production
West Bengal,Paschim Bardhaman,2022,2022-23,5,Final Estimate,2,Rabi,9,Tur,Food Grains,['Pulses'],2,4001,2,26.0,Ha,Area
West Bengal,Paschim Bardhaman,2022,2022-23,5,Final Estimate,99999,Total,9,Tur,Food Grains,['Pulses'],2,4001,99999,26.0,Ha,Area
West Bengal,Paschim Bardhaman,2022,2022-23,5,Final Estimate,99999,Total,9,Tur,Food Grains,['Pulses'],2,4001,99999,1577.0,Kg/Ha,Yield
West Bengal,Paschim Bardhaman,2023,2023-24,5,Final Estimate,99999,Total,9,Tur,Food Grains,['Pulses'],2,4001,99999,1336.0,Kg/Ha,Yield
West Bengal,Paschim Bardhaman,2023,2023-24,5,Final Estimate,99999,Total,9,Tur,Food Grains,['Pulses'],2,4001,99999,9.35,Tonnes,Production
West Bengal,Paschim Bardhaman,2023,2023-24,5,Final Estimate,99999,Total,9,Tur,Food Grains,['Pulses'],2,4001,99999,7.0,Ha,Area
West Bengal,Paschim Bardhaman,2022,2022-23,5,Final Estimate,99999,Total,9,Tur,Food Grains,['Pulses'],2,4001,99999,41.0,Tonnes,Production
West Bengal,Paschim Bardhaman,2022,2022-23,5,Final Estimate,2,Rabi,10,Gram,Food Grains,['Pulses'],2,4002,2,1405.0,Kg/Ha,Yield
West Bengal,Paschim Bardhaman,2023,2023-24,5,Final Estimate,2,Rabi,10,Gram,Food Grains,['Pulses'],2,4002,2,1399.0,Kg/Ha,Yield
West Bengal,Paschim Bardhaman,2022,2022-23,5,Final Estimate,2,Rabi,10,Gram,Food Grains,['Pulses'],2,4002,2,566.0,Ha,Area
West Bengal,Paschim Bardhaman,2022,2022-23,5,Final Estimate,2,Rabi,10,Gram,Food Grains,['Pulses'],2,4002,2,795.0,Tonnes,Production
West Bengal,Paschim Bardhaman,2023,2023-24,5,Final Estimate,2,Rabi,10,Gram,Food Grains,['Pulses'],2,4002,2,1065.66,Tonnes,Production
West Bengal,Paschim Bardhaman,2023,2023-24,5,Final Estimate,2,Rabi,10,Gram,Food Grains,['Pulses'],2,4002,2,762.0,Ha,Area
West Bengal,Paschim Bardhaman,2022,2022-23,5,Final Estimate,99999,Total,10,Gram,Food Grains,['Pulses'],2,4002,99999,1405.0,Kg/Ha,Yield
West Bengal,Paschim Bardhaman,2022,2022-23,5,Final Estimate,99999,Total,10,Gram,Food Grains,['Pulses'],2,4002,99999,795.0,Tonnes,Production
West Bengal,Paschim Bardhaman,2022,2022-23,5,Final Estimate,99999,Total,10,Gram,Food Grains,['Pulses'],2,4002,99999,566.0,Ha,Area
West Bengal,Paschim Bardhaman,2023,2023-24,5,Final Estimate,99999,Total,10,Gram,Food Grains,['Pulses'],2,4002,99999,1399.0,Kg/Ha,Yield
West Bengal,Paschim Bardhaman,2023,2023-24,5,Final Estimate,99999,Total,10,Gram,Food Grains,['Pulses'],2,4002,99999,1065.66,Tonnes,Production
West Bengal,Paschim Bardhaman,2023,2023-24,5,Final Estimate,99999,Total,10,Gram,Food Grains,['Pulses'],2,4002,99999,762.0,Ha,Area
West Bengal,Paschim Bardhaman,2022,2022-23,5,Final Estimate,1,Kharif,11,Urad,Food Grains,['Pulses'],2,4003,1,33.0,Ha,Area
West Bengal,Paschim Bardhaman,2022,2022-23,5,Final Estimate,1,Kharif,11,Urad,Food Grains,['Pulses'],2,4003,1,24.0,Tonnes,Production
West Bengal,Paschim Bardhaman,2023,2023-24,5,Final Estimate,1,Kharif,11,Urad,Food Grains,['Pulses'],2,4003,1,33.34,Tonnes,Production
West Bengal,Paschim Bardhaman,2022,2022-23,5,Final Estimate,1,Kharif,11,Urad,Food Grains,['Pulses'],2,4003,1,727.0,Kg/Ha,Yield
West Bengal,Paschim Bardhaman,2023,2023-24,5,Final Estimate,1,Kharif,11,Urad,Food Grains,['Pulses'],2,4003,1,38.0,Ha,Area
West Bengal,Paschim Bardhaman,2023,2023-24,5,Final Estimate,1,Kharif,11,Urad,Food Grains,['Pulses'],2,4003,1,877.0,Kg/Ha,Yield
West Bengal,Paschim Bardhaman,2022,2022-23,5,Final Estimate,99999,Total,11,Urad,Food Grains,['Pulses'],2,4003,99999,727.0,Kg/Ha,Yield
West Bengal,Paschim Bardhaman,2023,2023-24,5,Final Estimate,99999,Total,11,Urad,Food Grains,['Pulses'],2,4003,99999,33.34,Tonnes,Production
West Bengal,Paschim Bardhaman,2023,2023-24,5,Final Estimate,99999,Total,11,Urad,Food Grains,['Pulses'],2,4003,99999,38.0,Ha,Area
West Bengal,Paschim Bardhaman,2023,2023-24,5,Final Estimate,99999,Total,11,Urad,Food Grains,['Pulses'],2,4003,99999,877.0,Kg/Ha,Yield
West Bengal,Paschim Bardhaman,2022,2022-23,5,Final Estimate,99999,Total,11,Urad,Food Grains,['Pulses'],2,4003,99999,24.0,Tonnes,Production
West Bengal,Paschim Bardhaman,2022,2022-23,5,Final Estimate,99999,Total,11,Urad,Food Grains,['Pulses'],2,4003,99999,33.0,Ha,Area
West Bengal,Paschim Bardhaman,2022,2022-23,5,Final Estimate,3,Summer,12,Moong,Food Grains,['Pulses'],2,4004,3,138.0,Ha,Area
West Bengal,Paschim Bardhaman,2023,2023-24,5,Final Estimate,3,Summer,12,Moong,Food Grains,['Pulses'],2,4004,3,190.09,Tonnes,Production
West Bengal,Paschim Bardhaman,2023,2023-24,5,Final Estimate,3,Summer,12,Moong,Food Grains,['Pulses'],2,4004,3,145.0,Ha,Area
West Bengal,Paschim Bardhaman,2022,2022-23,5,Final Estimate,3,Summer,12,Moong,Food Grains,['Pulses'],2,4004,3,1145.0,Kg/Ha,Yield
West Bengal,Paschim Bardhaman,2022,2022-23,5,Final Estimate,3,Summer,12,Moong,Food Grains,['Pulses'],2,4004,3,158.0,Tonnes,Production
West Bengal,Paschim Bardhaman,2023,2023-24,5,Final Estimate,3,Summer,12,Moong,Food Grains,['Pulses'],2,4004,3,1311.0,Kg/Ha,Yield
West Bengal,Paschim Bardhaman,2022,2022-23,5,Final Estimate,99999,Total,12,Moong,Food Grains,['Pulses'],2,4004,99999,1145.0,Kg/Ha,Yield
West Bengal,Paschim Bardhaman,2022,2022-23,5,Final Estimate,99999,Total,12,Moong,Food Grains,['Pulses'],2,4004,99999,158.0,Tonnes,Production
West Bengal,Paschim Bardhaman,2023,2023-24,5,Final Estimate,99999,Total,12,Moong,Food Grains,['Pulses'],2,4004,99999,1311.0,Kg/Ha,Yield
West Bengal,Paschim Bardhaman,2022,2022-23,5,Final Estimate,99999,Total,12,Moong,Food Grains,['Pulses'],2,4004,99999,138.0,Ha,Area
West Bengal,Paschim Bardhaman,2023,2023-24,5,Final Estimate,99999,Total,12,Moong,Food Grains,['Pulses'],2,4004,99999,145.0,Ha,Area
West Bengal,Paschim Bardhaman,2023,2023-24,5,Final Estimate,99999,Total,12,Moong,Food Grains,['Pulses'],2,4004,99999,190.09,Tonnes,Production
West Bengal,Paschim Bardhaman,2023,2023-24,5,Final Estimate,2,Rabi,13,Lentil,Food Grains,['Pulses'],2,4005,2,1245.0,Ha,Area
West Bengal,Paschim Bardhaman,2022,2022-23,5,Final Estimate,2,Rabi,13,Lentil,Food Grains,['Pulses'],2,4005,2,1313.0,Ha,Area
West Bengal,Paschim Bardhaman,2023,2023-24,5,Final Estimate,2,Rabi,13,Lentil,Food Grains,['Pulses'],2,4005,2,990.19,Tonnes,Production
West Bengal,Paschim Bardhaman,2022,2022-23,5,Final Estimate,2,Rabi,13,Lentil,Food Grains,['Pulses'],2,4005,2,1238.0,Tonnes,Production
West Bengal,Paschim Bardhaman,2022,2022-23,5,Final Estimate,2,Rabi,13,Lentil,Food Grains,['Pulses'],2,4005,2,943.0,Kg/Ha,Yield
West Bengal,Paschim Bardhaman,2023,2023-24,5,Final Estimate,2,Rabi,13,Lentil,Food Grains,['Pulses'],2,4005,2,795.0,Kg/Ha,Yield
West Bengal,Paschim Bardhaman,2023,2023-24,5,Final Estimate,99999,Total,13,Lentil,Food Grains,['Pulses'],2,4005,99999,1245.0,Ha,Area
West Bengal,Paschim Bardhaman,2022,2022-23,5,Final Estimate,99999,Total,13,Lentil,Food Grains,['Pulses'],2,4005,99999,943.0,Kg/Ha,Yield
West Bengal,Paschim Bardhaman,2022,2022-23,5,Final Estimate,99999,Total,13,Lentil,Food Grains,['Pulses'],2,4005,99999,1238.0,Tonnes,Production
West Bengal,Paschim Bardhaman,2023,2023-24,5,Final Estimate,99999,Total,13,Lentil,Food Grains,['Pulses'],2,4005,99999,795.0,Kg/Ha,Yield
West Bengal,Paschim Bardhaman,2023,2023-24,5,Final Estimate,99999,Total,13,Lentil,Food Grains,['Pulses'],2,4005,99999,990.19,Tonnes,Production
West Bengal,Paschim Bardhaman,2022,2022-23,5,Final Estimate,99999,Total,13,Lentil,Food Grains,['Pulses'],2,4005,99999,1313.0,Ha,Area
West Bengal,Paschim Bardhaman,2022,2022-23,5,Final Estimate,2,Rabi,14,Other Pulses,Food Grains,['Pulses'],2,4006,2,800.0,Ha,Area
West Bengal,Paschim Bardhaman,2022,2022-23,5,Final Estimate,2,Rabi,14,Other Pulses,Food Grains,['Pulses'],2,4006,2,1069.0,Kg/Ha,Yield
West Bengal,Paschim Bardhaman,2023,2023-24,5,Final Estimate,2,Rabi,14,Other Pulses,Food Grains,['Pulses'],2,4006,2,761.0,Ha,Area
West Bengal,Paschim Bardhaman,2023,2023-24,5,Final Estimate,2,Rabi,14,Other Pulses,Food Grains,['Pulses'],2,4006,2,841.93,Tonnes,Production
West Bengal,Paschim Bardhaman,2023,2023-24,5,Final Estimate,2,Rabi,14,Other Pulses,Food Grains,['Pulses'],2,4006,2,1106.0,Kg/Ha,Yield
West Bengal,Paschim Bardhaman,2022,2022-23,5,Final Estimate,2,Rabi,14,Other Pulses,Food Grains,['Pulses'],2,4006,2,855.0,Tonnes,Production
West Bengal,Paschim Bardhaman,2023,2023-24,5,Final Estimate,99999,Total,14,Other Pulses,Food Grains,['Pulses'],2,4006,99999,841.93,Tonnes,Production
West Bengal,Paschim Bardhaman,2023,2023-24,5,Final Estimate,99999,Total,14,Other Pulses,Food Grains,['Pulses'],2,4006,99999,761.0,Ha,Area
West Bengal,Paschim Bardhaman,2022,2022-23,5,Final Estimate,99999,Total,14,Other Pulses,Food Grains,['Pulses'],2,4006,99999,800.0,Ha,Area
West Bengal,Paschim Bardhaman,2022,2022-23,5,Final Estimate,99999,Total,14,Other Pulses,Food Grains,['Pulses'],2,4006,99999,1069.0,Kg/Ha,Yield
West Bengal,Paschim Bardhaman,2022,2022-23,5,Final Estimate,99999,Total,14,Other Pulses,Food Grains,['Pulses'],2,4006,99999,855.0,Tonnes,Production
West Bengal,Paschim Bardhaman,2023,2023-24,5,Final Estimate,99999,Total,14,Other Pulses,Food Grains,['Pulses'],2,4006,99999,1106.0,Kg/Ha,Yield
West Bengal,Paschim Bardhaman,2022,2022-23,5,Final Estimate,99999,Total,4998,Total Pulses,Food Grains,['Pulses'],2,4998,99999,2876.0,Ha,Area
West Bengal,Paschim Bardhaman,2022,2022-23,5,Final Estimate,99999,Total,4998,Total Pulses,Food Grains,['Pulses'],2,4998,99999,1082.0,Kg/Ha,Yield
West Bengal,Paschim Bardhaman,2022,2022-23,5,Final Estimate,99999,Total,4998,Total Pulses,Food Grains,['Pulses'],2,4998,99999,3111.0,Tonnes,Production
West Bengal,Paschim Bardhaman,2023,2023-24,5,Final Estimate,99999,Total,4998,Total Pulses,Food Grains,['Pulses'],2,4998,99999,3130.57,Tonnes,Production
West Bengal,Paschim Bardhaman,2023,2023-24,5,Final Estimate,99999,Total,4998,Total Pulses,Food Grains,['Pulses'],2,4998,99999,2958.0,Ha,Area
West Bengal,Paschim Bardhaman,2023,2023-24,5,Final Estimate,99999,Total,4998,Total Pulses,Food Grains,['Pulses'],2,4998,99999,1058.0,Kg/Ha,Yield
West Bengal,Paschim Bardhaman,2023,2023-24,5,Final Estimate,1,Kharif,4999,Total Food Grains,Food Grains,"['Cereals', 'Pulses']",2,4999,1,63282.08,Tonnes,Production
West Bengal,Paschim Bardhaman,2022,2022-23,5,Final Estimate,1,Kharif,4999,Total Food Grains,Food Grains,"['Cereals', 'Pulses']",2,4999,1,3174.0,Kg/Ha,Yield
West Bengal,Paschim Bardhaman,2022,2022-23,5,Final Estimate,1,Kharif,4999,Total Food Grains,Food Grains,"['Cereals', 'Pulses']",2,4999,1,676.0,Tonnes,Production
West Bengal,Paschim Bardhaman,2023,2023-24,5,Final Estimate,1,Kharif,4999,Total Food Grains,Food Grains,"['Cereals', 'Pulses']",2,4999,1,23742.36,Ha,Area
West Bengal,Paschim Bardhaman,2023,2023-24,5,Final Estimate,1,Kharif,4999,Total Food Grains,Food Grains,"['Cereals', 'Pulses']",2,4999,1,2665.0,Kg/Ha,Yield
West Bengal,Paschim Bardhaman,2022,2022-23,5,Final Estimate,1,Kharif,4999,Total Food Grains,Food Grains,"['Cereals', 'Pulses']",2,4999,1,213.0,Ha,Area
West Bengal,Paschim Bardhaman,2023,2023-24,5,Final Estimate,2,Rabi,4999,Total Food Grains,Food Grains,"['Cereals', 'Pulses']",2,4999,2,1956.0,Kg/Ha,Yield
West Bengal,Paschim Bardhaman,2023,2023-24,5,Final Estimate,2,Rabi,4999,Total Food Grains,Food Grains,"['Cereals', 'Pulses']",2,4999,2,3843.0,Ha,Area
West Bengal,Paschim Bardhaman,2023,2023-24,5,Final Estimate,2,Rabi,4999,Total Food Grains,Food Grains,"['Cereals', 'Pulses']",2,4999,2,7515.04,Tonnes,Production
West Bengal,Paschim Bardhaman,2022,2022-23,5,Final Estimate,2,Rabi,4999,Total Food Grains,Food Grains,"['Cereals', 'Pulses']",2,4999,2,59768.0,Tonnes,Production
West Bengal,Paschim Bardhaman,2022,2022-23,5,Final Estimate,2,Rabi,4999,Total Food Grains,Food Grains,"['Cereals', 'Pulses']",2,4999,2,21763.0,Ha,Area
West Bengal,Paschim Bardhaman,2022,2022-23,5,Final Estimate,2,Rabi,4999,Total Food Grains,Food Grains,"['Cereals', 'Pulses']",2,4999,2,2746.0,Kg/Ha,Yield
West Bengal,Paschim Bardhaman,2022,2022-23,5,Final Estimate,3,Summer,4999,Total Food Grains,Food Grains,"['Cereals', 'Pulses']",2,4999,3,1398.0,Ha,Area
West Bengal,Paschim Bardhaman,2023,2023-24,5,Final Estimate,3,Summer,4999,Total Food Grains,Food Grains,"['Cereals', 'Pulses']",2,4999,3,1583.58,Ha,Area
West Bengal,Paschim Bardhaman,2023,2023-24,5,Final Estimate,3,Summer,4999,Total Food Grains,Food Grains,"['Cereals', 'Pulses']",2,4999,3,5575.86,Tonnes,Production
West Bengal,Paschim Bardhaman,2022,2022-23,5,Final Estimate,3,Summer,4999,Total Food Grains,Food Grains,"['Cereals', 'Pulses']",2,4999,3,3709.0,Kg/Ha,Yield
West Bengal,Paschim Bardhaman,2022,2022-23,5,Final Estimate,3,Summer,4999,Total Food Grains,Food Grains,"['Cereals', 'Pulses']",2,4999,3,5185.0,Tonnes,Production
West Bengal,Paschim Bardhaman,2023,2023-24,5,Final Estimate,3,Summer,4999,Total Food Grains,Food Grains,"['Cereals', 'Pulses']",2,4999,3,3521.0,Kg/Ha,Yield
West Bengal,Paschim Bardhaman,2022,2022-23,5,Final Estimate,99999,Total,4999,Total Food Grains,Food Grains,"['Cereals', 'Pulses']",2,4999,99999,23374.0,Ha,Area
West Bengal,Paschim Bardhaman,2023,2023-24,5,Final Estimate,99999,Total,4999,Total Food Grains,Food Grains,"['Cereals', 'Pulses']",2,4999,99999,2618.0,Kg/Ha,Yield
West Bengal,Paschim Bardhaman,2023,2023-24,5,Final Estimate,99999,Total,4999,Total Food Grains,Food Grains,"['Cereals', 'Pulses']",2,4999,99999,76372.99,Tonnes,Production
West Bengal,Paschim Bardhaman,2023,2023-24,5,Final Estimate,99999,Total,4999,Total Food Grains,Food Grains,"['Cereals', 'Pulses']",2,4999,99999,29168.94,Ha,Area
West Bengal,Paschim Bardhaman,2022,2022-23,5,Final Estimate,99999,Total,4999,Total Food Grains,Food Grains,"['Cereals', 'Pulses']",2,4999,99999,65629.0,Tonnes,Production
West Bengal,Paschim Bardhaman,2022,2022-23,5,Final Estimate,99999,Total,4999,Total Food Grains,Food Grains,"['Cereals', 'Pulses']",2,4999,99999,2808.0,Kg/Ha,Yield
West Bengal,Paschim Bardhaman,2023,2023-24,5,Final Estimate,1,Kharif,15,Groundnut,Oilseeds,['Oil Seeds'],3,1,1,497.91,Tonnes,Production
West Bengal,Paschim Bardhaman,2023,2023-24,5,Final Estimate,1,Kharif,15,Groundnut,Oilseeds,['Oil Seeds'],3,1,1,1085.0,Kg/Ha,Yield
West Bengal,Paschim Bardhaman,2022,2022-23,5,Final Estimate,1,Kharif,15,Groundnut,Oilseeds,['Oil Seeds'],3,1,1,230.0,Ha,Area
West Bengal,Paschim Bardhaman,2022,2022-23,5,Final Estimate,1,Kharif,15,Groundnut,Oilseeds,['Oil Seeds'],3,1,1,246.0,Tonnes,Production
West Bengal,Paschim Bardhaman,2022,2022-23,5,Final Estimate,1,Kharif,15,Groundnut,Oilseeds,['Oil Seeds'],3,1,1,1070.0,Kg/Ha,Yield
West Bengal,Paschim Bardhaman,2023,2023-24,5,Final Estimate,1,Kharif,15,Groundnut,Oilseeds,['Oil Seeds'],3,1,1,459.0,Ha,Area
West Bengal,Paschim Bardhaman,2023,2023-24,5,Final Estimate,99999,Total,15,Groundnut,Oilseeds,['Oil Seeds'],3,1,99999,1085.0,Kg/Ha,Yield
West Bengal,Paschim Bardhaman,2022,2022-23,5,Final Estimate,99999,Total,15,Groundnut,Oilseeds,['Oil Seeds'],3,1,99999,246.0,Tonnes,Production
West Bengal,Paschim Bardhaman,2022,2022-23,5,Final Estimate,99999,Total,15,Groundnut,Oilseeds,['Oil Seeds'],3,1,99999,230.0,Ha,Area
West Bengal,Paschim Bardhaman,2022,2022-23,5,Final Estimate,99999,Total,15,Groundnut,Oilseeds,['Oil Seeds'],3,1,99999,1070.0,Kg/Ha,Yield
West Bengal,Paschim Bardhaman,2023,2023-24,5,Final Estimate,99999,Total,15,Groundnut,Oilseeds,['Oil Seeds'],3,1,99999,459.0,Ha,Area
West Bengal,Paschim Bardhaman,2023,2023-24,5,Final Estimate,99999,Total,15,Groundnut,Oilseeds,['Oil Seeds'],3,1,99999,497.91,Tonnes,Production
West Bengal,Paschim Bardhaman,2022,2022-23,5,Final Estimate,3,Summer,17,Sesamum,Oilseeds,['Oil Seeds'],3,3,3,420.0,Ha,Area
West Bengal,Paschim Bardhaman,2022,2022-23,5,Final Estimate,3,Summer,17,Sesamum,Oilseeds,['Oil Seeds'],3,3,3,375.0,Tonnes,Production
West Bengal,Paschim Bardhaman,2023,2023-24,5,Final Estimate,3,Summer,17,Sesamum,Oilseeds,['Oil Seeds'],3,3,3,460.95,Tonnes,Production
West Bengal,Paschim Bardhaman,2023,2023-24,5,Final Estimate,3,Summer,17,Sesamum,Oilseeds,['Oil Seeds'],3,3,3,519.0,Ha,Area
West Bengal,Paschim Bardhaman,2023,2023-24,5,Final Estimate,3,Summer,17,Sesamum,Oilseeds,['Oil Seeds'],3,3,3,888.0,Kg/Ha,Yield
West Bengal,Paschim Bardhaman,2022,2022-23,5,Final Estimate,3,Summer,17,Sesamum,Oilseeds,['Oil Seeds'],3,3,3,893.0,Kg/Ha,Yield
West Bengal,Paschim Bardhaman,2023,2023-24,5,Final Estimate,99999,Total,17,Sesamum,Oilseeds,['Oil Seeds'],3,3,99999,888.0,Kg/Ha,Yield
West Bengal,Paschim Bardhaman,2023,2023-24,5,Final Estimate,99999,Total,17,Sesamum,Oilseeds,['Oil Seeds'],3,3,99999,519.0,Ha,Area
West Bengal,Paschim Bardhaman,2023,2023-24,5,Final Estimate,99999,Total,17,Sesamum,Oilseeds,['Oil Seeds'],3,3,99999,460.95,Tonnes,Production
West Bengal,Paschim Bardhaman,2022,2022-23,5,Final Estimate,99999,Total,17,Sesamum,Oilseeds,['Oil Seeds'],3,3,99999,375.0,Tonnes,Production
West Bengal,Paschim Bardhaman,2022,2022-23,5,Final Estimate,99999,Total,17,Sesamum,Oilseeds,['Oil Seeds'],3,3,99999,893.0,Kg/Ha,Yield
West Bengal,Paschim Bardhaman,2022,2022-23,5,Final Estimate,99999,Total,17,Sesamum,Oilseeds,['Oil Seeds'],3,3,99999,420.0,Ha,Area
West Bengal,Paschim Bardhaman,2023,2023-24,5,Final Estimate,2,Rabi,21,Rapeseed & Mustard,Oilseeds,['Oil Seeds'],3,7,2,884.0,Kg/Ha,Yield
West Bengal,Paschim Bardhaman,2022,2022-23,5,Final Estimate,2,Rabi,21,Rapeseed & Mustard,Oilseeds,['Oil Seeds'],3,7,2,910.0,Kg/Ha,Yield
West Bengal,Paschim Bardhaman,2023,2023-24,5,Final Estimate,2,Rabi,21,Rapeseed & Mustard,Oilseeds,['Oil Seeds'],3,7,2,2982.96,Tonnes,Production
West Bengal,Paschim Bardhaman,2022,2022-23,5,Final Estimate,2,Rabi,21,Rapeseed & Mustard,Oilseeds,['Oil Seeds'],3,7,2,2852.0,Tonnes,Production
West Bengal,Paschim Bardhaman,2022,2022-23,5,Final Estimate,2,Rabi,21,Rapeseed & Mustard,Oilseeds,['Oil Seeds'],3,7,2,3135.0,Ha,Area
West Bengal,Paschim Bardhaman,2023,2023-24,5,Final Estimate,2,Rabi,21,Rapeseed & Mustard,Oilseeds,['Oil Seeds'],3,7,2,3375.0,Ha,Area
West Bengal,Paschim Bardhaman,2023,2023-24,5,Final Estimate,99999,Total,21,Rapeseed & Mustard,Oilseeds,['Oil Seeds'],3,7,99999,3375.0,Ha,Area
West Bengal,Paschim Bardhaman,2022,2022-23,5,Final Estimate,99999,Total,21,Rapeseed & Mustard,Oilseeds,['Oil Seeds'],3,7,99999,910.0,Kg/Ha,Yield
West Bengal,Paschim Bardhaman,2022,2022-23,5,Final Estimate,99999,Total,21,Rapeseed & Mustard,Oilseeds,['Oil Seeds'],3,7,99999,2852.0,Tonnes,Production
West Bengal,Paschim Bardhaman,2022,2022-23,5,Final Estimate,99999,Total,21,Rapeseed & Mustard,Oilseeds,['Oil Seeds'],3,7,99999,3135.0,Ha,Area
West Bengal,Paschim Bardhaman,2023,2023-24,5,Final Estimate,99999,Total,21,Rapeseed & Mustard,Oilseeds,['Oil Seeds'],3,7,99999,884.0,Kg/Ha,Yield
West Bengal,Paschim Bardhaman,2023,2023-24,5,Final Estimate,99999,Total,21,Rapeseed & Mustard,Oilseeds,['Oil Seeds'],3,7,99999,2982.96,Tonnes,Production
West Bengal,Paschim Bardhaman,2023,2023-24,5,Final Estimate,99999,Total,999,Total Oil Seeds,Oilseeds,['Oil Seeds'],3,999,99999,3941.82,Tonnes,Production
West Bengal,Paschim Bardhaman,2023,2023-24,5,Final Estimate,99999,Total,999,Total Oil Seeds,Oilseeds,['Oil Seeds'],3,999,99999,4353.0,Ha,Area
West Bengal,Paschim Bardhaman,2023,2023-24,5,Final Estimate,99999,Total,999,Total Oil Seeds,Oilseeds,['Oil Seeds'],3,999,99999,906.0,Kg/Ha,Yield
West Bengal,Paschim Bardhaman,2022,2022-23,5,Final Estimate,99999,Total,999,Total Oil Seeds,Oilseeds,['Oil Seeds'],3,999,99999,3785.0,Ha,Area
West Bengal,Paschim Bardhaman,2022,2022-23,5,Final Estimate,99999,Total,999,Total Oil Seeds,Oilseeds,['Oil Seeds'],3,999,99999,3473.0,Tonnes,Production
West Bengal,Paschim Bardhaman,2022,2022-23,5,Final Estimate,99999,Total,999,Total Oil Seeds,Oilseeds,['Oil Seeds'],3,999,99999,918.0,Kg/Ha,Yield
West Bengal,Paschim Bardhaman,2022,2022-23,5,Final Estimate,1,Kharif,28,Sugarcane,Commercial Crops,['Commercial Crops'],4,1001,1,33.0,Ha,Area
West Bengal,Paschim Bardhaman,2023,2023-24,5,Final Estimate,1,Kharif,28,Sugarcane,Commercial Crops,['Commercial Crops'],4,1001,1,78598.0,Kg/Ha,Yield
West Bengal,Paschim Bardhaman,2023,2023-24,5,Final Estimate,1,Kharif,28,Sugarcane,Commercial Crops,['Commercial Crops'],4,1001,1,36.0,Ha,Area
West Bengal,Paschim Bardhaman,2023,2023-24,5,Final Estimate,1,Kharif,28,Sugarcane,Commercial Crops,['Commercial Crops'],4,1001,1,2829.54,Tonnes,Production
West Bengal,Paschim Bardhaman,2022,2022-23,5,Final Estimate,1,Kharif,28,Sugarcane,Commercial Crops,['Commercial Crops'],4,1001,1,2607.0,Tonnes,Production
West Bengal,Paschim Bardhaman,2022,2022-23,5,Final Estimate,1,Kharif,28,Sugarcane,Commercial Crops,['Commercial Crops'],4,1001,1,79000.0,Kg/Ha,Yield
West Bengal,Paschim Bardhaman,2023,2023-24,5,Final Estimate,99999,Total,28,Sugarcane,Commercial Crops,['Commercial Crops'],4,1001,99999,78598.0,Kg/Ha,Yield
West Bengal,Paschim Bardhaman,2022,2022-23,5,Final Estimate,99999,Total,28,Sugarcane,Commercial Crops,['Commercial Crops'],4,1001,99999,79000.0,Kg/Ha,Yield
West Bengal,Paschim Bardhaman,2022,2022-23,5,Final Estimate,99999,Total,28,Sugarcane,Commercial Crops,['Commercial Crops'],4,1001,99999,33.0,Ha,Area
West Bengal,Paschim Bardhaman,2022,2022-23,5,Final Estimate,99999,Total,28,Sugarcane,Commercial Crops,['Commercial Crops'],4,1001,99999,2607.0,Tonnes,Production
West Bengal,Paschim Bardhaman,2023,2023-24,5,Final Estimate,99999,Total,28,Sugarcane,Commercial Crops,['Commercial Crops'],4,1001,99999,36.0,Ha,Area
West Bengal,Paschim Bardhaman,2023,2023-24,5,Final Estimate,99999,Total,28,Sugarcane,Commercial Crops,['Commercial Crops'],4,1001,99999,2829.54,Tonnes,Production
West Bengal,Paschim Bardhaman,2023,2023-24,5,Final Estimate,1,Kharif,27,Mesta,Commercial Crops,['Commercial Crops'],4,1004,1,200.65,Tonnes,Production
West Bengal,Paschim Bardhaman,2023,2023-24,5,Final Estimate,1,Kharif,27,Mesta,Commercial Crops,['Commercial Crops'],4,1004,1,2580.0,Kg/Ha,Yield
West Bengal,Paschim Bardhaman,2023,2023-24,5,Final Estimate,1,Kharif,27,Mesta,Commercial Crops,['Commercial Crops'],4,1004,1,14.0,Ha,Area
West Bengal,Paschim Bardhaman,2022,2022-23,5,Final Estimate,1,Kharif,27,Mesta,Commercial Crops,['Commercial Crops'],4,1004,1,227.0,Tonnes,Production
West Bengal,Paschim Bardhaman,2022,2022-23,5,Final Estimate,1,Kharif,27,Mesta,Commercial Crops,['Commercial Crops'],4,1004,1,16.0,Ha,Area
West Bengal,Paschim Bardhaman,2022,2022-23,5,Final Estimate,1,Kharif,27,Mesta,Commercial Crops,['Commercial Crops'],4,1004,1,2554.0,Kg/Ha,Yield
West Bengal,Paschim Bardhaman,2023,2023-24,5,Final Estimate,99999,Total,27,Mesta,Commercial Crops,['Commercial Crops'],4,1004,99999,2580.0,Kg/Ha,Yield
West Bengal,Paschim Bardhaman,2023,2023-24,5,Final Estimate,99999,Total,27,Mesta,Commercial Crops,['Commercial Crops'],4,1004,99999,14.0,Ha,Area
West Bengal,Paschim Bardhaman,2022,2022-23,5,Final Estimate,99999,Total,27,Mesta,Commercial Crops,['Commercial Crops'],4,1004,99999,16.0,Ha,Area
West Bengal,Paschim Bardhaman,2022,2022-23,5,Final Estimate,99999,Total,27,Mesta,Commercial Crops,['Commercial Crops'],4,1004,99999,227.0,Tonnes,Production
West Bengal,Paschim Bardhaman,2022,2022-23,5,Final Estimate,99999,Total,27,Mesta,Commercial Crops,['Commercial Crops'],4,1004,99999,2554.0,Kg/Ha,Yield
West Bengal,Paschim Bardhaman,2023,2023-24,5,Final Estimate,99999,Total,27,Mesta,Commercial Crops,['Commercial Crops'],4,1004,99999,200.65,Tonnes,Production
West Bengal,Paschim Bardhaman,2023,2023-24,5,Final Estimate,1,Kharif,1999,Jute & Mesta,Commercial Crops,['Commercial Crops'],4,1999,1,2580.0,Kg/Ha,Yield
West Bengal,Paschim Bardhaman,2022,2022-23,5,Final Estimate,1,Kharif,1999,Jute & Mesta,Commercial Crops,['Commercial Crops'],4,1999,1,16.0,Ha,Area
West Bengal,Paschim Bardhaman,2022,2022-23,5,Final Estimate,1,Kharif,1999,Jute & Mesta,Commercial Crops,['Commercial Crops'],4,1999,1,2554.0,Kg/Ha,Yield
West Bengal,Paschim Bardhaman,2023,2023-24,5,Final Estimate,1,Kharif,1999,Jute & Mesta,Commercial Crops,['Commercial Crops'],4,1999,1,14.0,Ha,Area
West Bengal,Paschim Bardhaman,2022,2022-23,5,Final Estimate,1,Kharif,1999,Jute & Mesta,Commercial Crops,['Commercial Crops'],4,1999,1,227.0,Tonnes,Production
West Bengal,Paschim Bardhaman,2023,2023-24,5,Final Estimate,1,Kharif,1999,Jute & Mesta,Commercial Crops,['Commercial Crops'],4,1999,1,200.65,Tonnes,Production
West Bengal,Paschim Bardhaman,2023,2023-24,5,Final Estimate,99999,Total,1999,Jute & Mesta,Commercial Crops,['Commercial Crops'],4,1999,99999,14.0,Ha,Area
West Bengal,Paschim Bardhaman,2022,2022-23,5,Final Estimate,99999,Total,1999,Jute & Mesta,Commercial Crops,['Commercial Crops'],4,1999,99999,16.0,Ha,Area
West Bengal,Paschim Bardhaman,2023,2023-24,5,Final Estimate,99999,Total,1999,Jute & Mesta,Commercial Crops,['Commercial Crops'],4,1999,99999,2580.0,Kg/Ha,Yield
West Bengal,Paschim Bardhaman,2023,2023-24,5,Final Estimate,99999,Total,1999,Jute & Mesta,Commercial Crops,['Commercial Crops'],4,1999,99999,200.65,Tonnes,Production
West Bengal,Paschim Bardhaman,2022,2022-23,5,Final Estimate,99999,Total,1999,Jute & Mesta,Commercial Crops,['Commercial Crops'],4,1999,99999,2554.0,Kg/Ha,Yield
West Bengal,Paschim Bardhaman,2022,2022-23,5,Final Estimate,99999,Total,1999,Jute & Mesta,Commercial Crops,['Commercial Crops'],4,1999,99999,227.0,Tonnes,Production
West Bengal,Paschim Medinipur,2022,2022-23,5,Final Estimate,1,Kharif,1,Rice,Food Grains,['Cereals'],1,2001,1,61191.0,Tonnes,Production
West Bengal,Paschim Medinipur,2023,2023-24,5,Final Estimate,1,Kharif,1,Rice,Food Grains,['Cereals'],1,2001,1,2993.0,Kg/Ha,Yield
West Bengal,Paschim Medinipur,2022,2022-23,5,Final Estimate,1,Kharif,1,Rice,Food Grains,['Cereals'],1,2001,1,2675.0,Kg/Ha,Yield
West Bengal,Paschim Medinipur,2022,2022-23,5,Final Estimate,1,Kharif,1,Rice,Food Grains,['Cereals'],1,2001,1,22871.0,Ha,Area
West Bengal,Paschim Medinipur,2023,2023-24,5,Final Estimate,1,Kharif,1,Rice,Food Grains,['Cereals'],1,2001,1,372311.06,Ha,Area
West Bengal,Paschim Medinipur,2023,2023-24,5,Final Estimate,1,Kharif,1,Rice,Food Grains,['Cereals'],1,2001,1,1114376.78,Tonnes,Production
West Bengal,Paschim Medinipur,2022,2022-23,5,Final Estimate,2,Rabi,1,Rice,Food Grains,['Cereals'],1,2001,2,1203777.0,Tonnes,Production
West Bengal,Paschim Medinipur,2022,2022-23,5,Final Estimate,2,Rabi,1,Rice,Food Grains,['Cereals'],1,2001,2,375663.0,Ha,Area
West Bengal,Paschim Medinipur,2022,2022-23,5,Final Estimate,2,Rabi,1,Rice,Food Grains,['Cereals'],1,2001,2,3204.0,Kg/Ha,Yield
West Bengal,Paschim Medinipur,2023,2023-24,5,Final Estimate,3,Summer,1,Rice,Food Grains,['Cereals'],1,2001,3,690733.46,Tonnes,Production
West Bengal,Paschim Medinipur,2022,2022-23,5,Final Estimate,3,Summer,1,Rice,Food Grains,['Cereals'],1,2001,3,705197.0,Tonnes,Production
West Bengal,Paschim Medinipur,2022,2022-23,5,Final Estimate,3,Summer,1,Rice,Food Grains,['Cereals'],1,2001,3,198434.0,Ha,Area
West Bengal,Paschim Medinipur,2022,2022-23,5,Final Estimate,3,Summer,1,Rice,Food Grains,['Cereals'],1,2001,3,3554.0,Kg/Ha,Yield
West Bengal,Paschim Medinipur,2023,2023-24,5,Final Estimate,3,Summer,1,Rice,Food Grains,['Cereals'],1,2001,3,3528.0,Kg/Ha,Yield
West Bengal,Paschim Medinipur,2023,2023-24,5,Final Estimate,3,Summer,1,Rice,Food Grains,['Cereals'],1,2001,3,195786.37,Ha,Area
West Bengal,Paschim Medinipur,2022,2022-23,5,Final Estimate,99999,Total,1,Rice,Food Grains,['Cereals'],1,2001,99999,1970165.0,Tonnes,Production
West Bengal,Paschim Medinipur,2023,2023-24,5,Final Estimate,99999,Total,1,Rice,Food Grains,['Cereals'],1,2001,99999,1805110.23,Tonnes,Production
West Bengal,Paschim Medinipur,2022,2022-23,5,Final Estimate,99999,Total,1,Rice,Food Grains,['Cereals'],1,2001,99999,596968.0,Ha,Area
West Bengal,Paschim Medinipur,2022,2022-23,5,Final Estimate,99999,Total,1,Rice,Food Grains,['Cereals'],1,2001,99999,3300.0,Kg/Ha,Yield
West Bengal,Paschim Medinipur,2023,2023-24,5,Final Estimate,99999,Total,1,Rice,Food Grains,['Cereals'],1,2001,99999,568097.43,Ha,Area
West Bengal,Paschim Medinipur,2023,2023-24,5,Final Estimate,99999,Total,1,Rice,Food Grains,['Cereals'],1,2001,99999,3177.0,Kg/Ha,Yield
West Bengal,Paschim Medinipur,2022,2022-23,5,Final Estimate,2,Rabi,2,Wheat,Food Grains,['Cereals'],1,2002,2,2426.0,Kg/Ha,Yield
West Bengal,Paschim Medinipur,2022,2022-23,5,Final Estimate,2,Rabi,2,Wheat,Food Grains,['Cereals'],1,2002,2,605.0,Ha,Area
West Bengal,Paschim Medinipur,2022,2022-23,5,Final Estimate,2,Rabi,2,Wheat,Food Grains,['Cereals'],1,2002,2,1468.0,Tonnes,Production
West Bengal,Paschim Medinipur,2022,2022-23,5,Final Estimate,99999,Total,2,Wheat,Food Grains,['Cereals'],1,2002,99999,2426.0,Kg/Ha,Yield
West Bengal,Paschim Medinipur,2022,2022-23,5,Final Estimate,99999,Total,2,Wheat,Food Grains,['Cereals'],1,2002,99999,1468.0,Tonnes,Production
West Bengal,Paschim Medinipur,2022,2022-23,5,Final Estimate,99999,Total,2,Wheat,Food Grains,['Cereals'],1,2002,99999,605.0,Ha,Area
West Bengal,Paschim Medinipur,2023,2023-24,5,Final Estimate,1,Kharif,5,Maize,Food Grains,['Cereals'],1,3001,1,3299.69,Tonnes,Production
West Bengal,Paschim Medinipur,2022,2022-23,5,Final Estimate,1,Kharif,5,Maize,Food Grains,['Cereals'],1,3001,1,354.0,Ha,Area
West Bengal,Paschim Medinipur,2022,2022-23,5,Final Estimate,1,Kharif,5,Maize,Food Grains,['Cereals'],1,3001,1,944.0,Tonnes,Production
West Bengal,Paschim Medinipur,2022,2022-23,5,Final Estimate,1,Kharif,5,Maize,Food Grains,['Cereals'],1,3001,1,2667.0,Kg/Ha,Yield
West Bengal,Paschim Medinipur,2023,2023-24,5,Final Estimate,1,Kharif,5,Maize,Food Grains,['Cereals'],1,3001,1,1252.75,Ha,Area
West Bengal,Paschim Medinipur,2023,2023-24,5,Final Estimate,1,Kharif,5,Maize,Food Grains,['Cereals'],1,3001,1,2634.0,Kg/Ha,Yield
West Bengal,Paschim Medinipur,2023,2023-24,5,Final Estimate,2,Rabi,5,Maize,Food Grains,['Cereals'],1,3001,2,7270.0,Kg/Ha,Yield
West Bengal,Paschim Medinipur,2022,2022-23,5,Final Estimate,2,Rabi,5,Maize,Food Grains,['Cereals'],1,3001,2,1080.0,Tonnes,Production
West Bengal,Paschim Medinipur,2022,2022-23,5,Final Estimate,2,Rabi,5,Maize,Food Grains,['Cereals'],1,3001,2,1878.0,Kg/Ha,Yield
West Bengal,Paschim Medinipur,2023,2023-24,5,Final Estimate,2,Rabi,5,Maize,Food Grains,['Cereals'],1,3001,2,4180.22,Tonnes,Production
West Bengal,Paschim Medinipur,2022,2022-23,5,Final Estimate,2,Rabi,5,Maize,Food Grains,['Cereals'],1,3001,2,575.0,Ha,Area
West Bengal,Paschim Medinipur,2023,2023-24,5,Final Estimate,2,Rabi,5,Maize,Food Grains,['Cereals'],1,3001,2,575.0,Ha,Area
West Bengal,Paschim Medinipur,2023,2023-24,5,Final Estimate,3,Summer,5,Maize,Food Grains,['Cereals'],1,3001,3,3473.33,Tonnes,Production
West Bengal,Paschim Medinipur,2023,2023-24,5,Final Estimate,3,Summer,5,Maize,Food Grains,['Cereals'],1,3001,3,4928.0,Kg/Ha,Yield
West Bengal,Paschim Medinipur,2023,2023-24,5,Final Estimate,3,Summer,5,Maize,Food Grains,['Cereals'],1,3001,3,704.83,Ha,Area
West Bengal,Paschim Medinipur,2022,2022-23,5,Final Estimate,3,Summer,5,Maize,Food Grains,['Cereals'],1,3001,3,4740.0,Kg/Ha,Yield
West Bengal,Paschim Medinipur,2022,2022-23,5,Final Estimate,3,Summer,5,Maize,Food Grains,['Cereals'],1,3001,3,3522.0,Tonnes,Production
West Bengal,Paschim Medinipur,2022,2022-23,5,Final Estimate,3,Summer,5,Maize,Food Grains,['Cereals'],1,3001,3,743.0,Ha,Area
West Bengal,Paschim Medinipur,2023,2023-24,5,Final Estimate,99999,Total,5,Maize,Food Grains,['Cereals'],1,3001,99999,2532.58,Ha,Area
West Bengal,Paschim Medinipur,2022,2022-23,5,Final Estimate,99999,Total,5,Maize,Food Grains,['Cereals'],1,3001,99999,3317.0,Kg/Ha,Yield
West Bengal,Paschim Medinipur,2022,2022-23,5,Final Estimate,99999,Total,5,Maize,Food Grains,['Cereals'],1,3001,99999,1672.0,Ha,Area
West Bengal,Paschim Medinipur,2023,2023-24,5,Final Estimate,99999,Total,5,Maize,Food Grains,['Cereals'],1,3001,99999,4325.0,Kg/Ha,Yield
West Bengal,Paschim Medinipur,2023,2023-24,5,Final Estimate,99999,Total,5,Maize,Food Grains,['Cereals'],1,3001,99999,10953.25,Tonnes,Production
West Bengal,Paschim Medinipur,2022,2022-23,5,Final Estimate,99999,Total,5,Maize,Food Grains,['Cereals'],1,3001,99999,5546.0,Tonnes,Production
West Bengal,Paschim Medinipur,2023,2023-24,5,Final Estimate,1,Kharif,6,Ragi,Food Grains,['Cereals'],1,3005,1,100.0,Ha,Area
West Bengal,Paschim Medinipur,2023,2023-24,5,Final Estimate,1,Kharif,6,Ragi,Food Grains,['Cereals'],1,3005,1,79.99,Tonnes,Production
West Bengal,Paschim Medinipur,2023,2023-24,5,Final Estimate,1,Kharif,6,Ragi,Food Grains,['Cereals'],1,3005,1,800.0,Kg/Ha,Yield
West Bengal,Paschim Medinipur,2023,2023-24,5,Final Estimate,99999,Total,6,Ragi,Food Grains,['Cereals'],1,3005,99999,100.0,Ha,Area
West Bengal,Paschim Medinipur,2023,2023-24,5,Final Estimate,99999,Total,6,Ragi,Food Grains,['Cereals'],1,3005,99999,79.99,Tonnes,Production
West Bengal,Paschim Medinipur,2023,2023-24,5,Final Estimate,99999,Total,6,Ragi,Food Grains,['Cereals'],1,3005,99999,800.0,Kg/Ha,Yield
West Bengal,Paschim Medinipur,2023,2023-24,5,Final Estimate,1,Kharif,3997,Shree Anna /Nutri Cereals,Food Grains,['Cereals'],1,3997,1,800.0,Kg/Ha,Yield
West Bengal,Paschim Medinipur,2023,2023-24,5,Final Estimate,1,Kharif,3997,Shree Anna /Nutri Cereals,Food Grains,['Cereals'],1,3997,1,100.0,Ha,Area
West Bengal,Paschim Medinipur,2023,2023-24,5,Final Estimate,1,Kharif,3997,Shree Anna /Nutri Cereals,Food Grains,['Cereals'],1,3997,1,79.99,Tonnes,Production
West Bengal,Paschim Medinipur,2023,2023-24,5,Final Estimate,99999,Total,3997,Shree Anna /Nutri Cereals,Food Grains,['Cereals'],1,3997,99999,79.99,Tonnes,Production
West Bengal,Paschim Medinipur,2023,2023-24,5,Final Estimate,99999,Total,3997,Shree Anna /Nutri Cereals,Food Grains,['Cereals'],1,3997,99999,800.0,Kg/Ha,Yield
West Bengal,Paschim Medinipur,2023,2023-24,5,Final Estimate,99999,Total,3997,Shree Anna /Nutri Cereals,Food Grains,['Cereals'],1,3997,99999,100.0,Ha,Area
West Bengal,Paschim Medinipur,2023,2023-24,5,Final Estimate,1,Kharif,3998,Nutri/Coarse Cereals,Food Grains,['Cereals'],1,3998,1,3379.68,Tonnes,Production
West Bengal,Paschim Medinipur,2022,2022-23,5,Final Estimate,1,Kharif,3998,Nutri/Coarse Cereals,Food Grains,['Cereals'],1,3998,1,354.0,Ha,Area
West Bengal,Paschim Medinipur,2022,2022-23,5,Final Estimate,1,Kharif,3998,Nutri/Coarse Cereals,Food Grains,['Cereals'],1,3998,1,944.0,Tonnes,Production
West Bengal,Paschim Medinipur,2022,2022-23,5,Final Estimate,1,Kharif,3998,Nutri/Coarse Cereals,Food Grains,['Cereals'],1,3998,1,2667.0,Kg/Ha,Yield
West Bengal,Paschim Medinipur,2023,2023-24,5,Final Estimate,1,Kharif,3998,Nutri/Coarse Cereals,Food Grains,['Cereals'],1,3998,1,1352.75,Ha,Area
West Bengal,Paschim Medinipur,2023,2023-24,5,Final Estimate,1,Kharif,3998,Nutri/Coarse Cereals,Food Grains,['Cereals'],1,3998,1,2498.0,Kg/Ha,Yield
West Bengal,Paschim Medinipur,2023,2023-24,5,Final Estimate,2,Rabi,3998,Nutri/Coarse Cereals,Food Grains,['Cereals'],1,3998,2,4180.22,Tonnes,Production
West Bengal,Paschim Medinipur,2022,2022-23,5,Final Estimate,2,Rabi,3998,Nutri/Coarse Cereals,Food Grains,['Cereals'],1,3998,2,1878.0,Kg/Ha,Yield
West Bengal,Paschim Medinipur,2022,2022-23,5,Final Estimate,2,Rabi,3998,Nutri/Coarse Cereals,Food Grains,['Cereals'],1,3998,2,575.0,Ha,Area
West Bengal,Paschim Medinipur,2022,2022-23,5,Final Estimate,2,Rabi,3998,Nutri/Coarse Cereals,Food Grains,['Cereals'],1,3998,2,1080.0,Tonnes,Production
West Bengal,Paschim Medinipur,2023,2023-24,5,Final Estimate,2,Rabi,3998,Nutri/Coarse Cereals,Food Grains,['Cereals'],1,3998,2,7270.0,Kg/Ha,Yield
West Bengal,Paschim Medinipur,2023,2023-24,5,Final Estimate,2,Rabi,3998,Nutri/Coarse Cereals,Food Grains,['Cereals'],1,3998,2,575.0,Ha,Area
West Bengal,Paschim Medinipur,2022,2022-23,5,Final Estimate,3,Summer,3998,Nutri/Coarse Cereals,Food Grains,['Cereals'],1,3998,3,3522.0,Tonnes,Production
West Bengal,Paschim Medinipur,2022,2022-23,5,Final Estimate,3,Summer,3998,Nutri/Coarse Cereals,Food Grains,['Cereals'],1,3998,3,743.0,Ha,Area
West Bengal,Paschim Medinipur,2023,2023-24,5,Final Estimate,3,Summer,3998,Nutri/Coarse Cereals,Food Grains,['Cereals'],1,3998,3,3473.33,Tonnes,Production
West Bengal,Paschim Medinipur,2023,2023-24,5,Final Estimate,3,Summer,3998,Nutri/Coarse Cereals,Food Grains,['Cereals'],1,3998,3,704.83,Ha,Area
West Bengal,Paschim Medinipur,2023,2023-24,5,Final Estimate,3,Summer,3998,Nutri/Coarse Cereals,Food Grains,['Cereals'],1,3998,3,4928.0,Kg/Ha,Yield
West Bengal,Paschim Medinipur,2022,2022-23,5,Final Estimate,3,Summer,3998,Nutri/Coarse Cereals,Food Grains,['Cereals'],1,3998,3,4740.0,Kg/Ha,Yield
West Bengal,Paschim Medinipur,2022,2022-23,5,Final Estimate,99999,Total,3998,Nutri/Coarse Cereals,Food Grains,['Cereals'],1,3998,99999,5546.0,Tonnes,Production
West Bengal,Paschim Medinipur,2023,2023-24,5,Final Estimate,99999,Total,3998,Nutri/Coarse Cereals,Food Grains,['Cereals'],1,3998,99999,4191.0,Kg/Ha,Yield
West Bengal,Paschim Medinipur,2023,2023-24,5,Final Estimate,99999,Total,3998,Nutri/Coarse Cereals,Food Grains,['Cereals'],1,3998,99999,2632.58,Ha,Area
West Bengal,Paschim Medinipur,2023,2023-24,5,Final Estimate,99999,Total,3998,Nutri/Coarse Cereals,Food Grains,['Cereals'],1,3998,99999,11033.23,Tonnes,Production
West Bengal,Paschim Medinipur,2022,2022-23,5,Final Estimate,99999,Total,3998,Nutri/Coarse Cereals,Food Grains,['Cereals'],1,3998,99999,1672.0,Ha,Area
West Bengal,Paschim Medinipur,2022,2022-23,5,Final Estimate,99999,Total,3998,Nutri/Coarse Cereals,Food Grains,['Cereals'],1,3998,99999,3317.0,Kg/Ha,Yield
West Bengal,Paschim Medinipur,2022,2022-23,5,Final Estimate,1,Kharif,3999,Cereals,Food Grains,['Cereals'],1,3999,1,62135.0,Tonnes,Production
West Bengal,Paschim Medinipur,2023,2023-24,5,Final Estimate,1,Kharif,3999,Cereals,Food Grains,['Cereals'],1,3999,1,1117756.45,Tonnes,Production
West Bengal,Paschim Medinipur,2023,2023-24,5,Final Estimate,1,Kharif,3999,Cereals,Food Grains,['Cereals'],1,3999,1,373663.81,Ha,Area
West Bengal,Paschim Medinipur,2023,2023-24,5,Final Estimate,1,Kharif,3999,Cereals,Food Grains,['Cereals'],1,3999,1,2991.0,Kg/Ha,Yield
West Bengal,Paschim Medinipur,2022,2022-23,5,Final Estimate,1,Kharif,3999,Cereals,Food Grains,['Cereals'],1,3999,1,23225.0,Ha,Area
West Bengal,Paschim Medinipur,2022,2022-23,5,Final Estimate,1,Kharif,3999,Cereals,Food Grains,['Cereals'],1,3999,1,2675.0,Kg/Ha,Yield
West Bengal,Paschim Medinipur,2023,2023-24,5,Final Estimate,2,Rabi,3999,Cereals,Food Grains,['Cereals'],1,3999,2,4180.22,Tonnes,Production
West Bengal,Paschim Medinipur,2023,2023-24,5,Final Estimate,2,Rabi,3999,Cereals,Food Grains,['Cereals'],1,3999,2,7270.0,Kg/Ha,Yield
West Bengal,Paschim Medinipur,2022,2022-23,5,Final Estimate,2,Rabi,3999,Cereals,Food Grains,['Cereals'],1,3999,2,1206325.0,Tonnes,Production
West Bengal,Paschim Medinipur,2022,2022-23,5,Final Estimate,2,Rabi,3999,Cereals,Food Grains,['Cereals'],1,3999,2,376843.0,Ha,Area
West Bengal,Paschim Medinipur,2022,2022-23,5,Final Estimate,2,Rabi,3999,Cereals,Food Grains,['Cereals'],1,3999,2,3201.0,Kg/Ha,Yield
West Bengal,Paschim Medinipur,2023,2023-24,5,Final Estimate,2,Rabi,3999,Cereals,Food Grains,['Cereals'],1,3999,2,575.0,Ha,Area
West Bengal,Paschim Medinipur,2022,2022-23,5,Final Estimate,3,Summer,3999,Cereals,Food Grains,['Cereals'],1,3999,3,199177.0,Ha,Area
West Bengal,Paschim Medinipur,2022,2022-23,5,Final Estimate,3,Summer,3999,Cereals,Food Grains,['Cereals'],1,3999,3,3558.0,Kg/Ha,Yield
West Bengal,Paschim Medinipur,2023,2023-24,5,Final Estimate,3,Summer,3999,Cereals,Food Grains,['Cereals'],1,3999,3,196491.2,Ha,Area
West Bengal,Paschim Medinipur,2023,2023-24,5,Final Estimate,3,Summer,3999,Cereals,Food Grains,['Cereals'],1,3999,3,694206.79,Tonnes,Production
West Bengal,Paschim Medinipur,2023,2023-24,5,Final Estimate,3,Summer,3999,Cereals,Food Grains,['Cereals'],1,3999,3,3533.0,Kg/Ha,Yield
West Bengal,Paschim Medinipur,2022,2022-23,5,Final Estimate,3,Summer,3999,Cereals,Food Grains,['Cereals'],1,3999,3,708719.0,Tonnes,Production
West Bengal,Paschim Medinipur,2022,2022-23,5,Final Estimate,99999,Total,3999,Cereals,Food Grains,['Cereals'],1,3999,99999,599245.0,Ha,Area
West Bengal,Paschim Medinipur,2023,2023-24,5,Final Estimate,99999,Total,3999,Cereals,Food Grains,['Cereals'],1,3999,99999,3182.0,Kg/Ha,Yield
West Bengal,Paschim Medinipur,2023,2023-24,5,Final Estimate,99999,Total,3999,Cereals,Food Grains,['Cereals'],1,3999,99999,570730.0,Ha,Area
West Bengal,Paschim Medinipur,2023,2023-24,5,Final Estimate,99999,Total,3999,Cereals,Food Grains,['Cereals'],1,3999,99999,1816143.47,Tonnes,Production
West Bengal,Paschim Medinipur,2022,2022-23,5,Final Estimate,99999,Total,3999,Cereals,Food Grains,['Cereals'],1,3999,99999,1977179.0,Tonnes,Production
West Bengal,Paschim Medinipur,2022,2022-23,5,Final Estimate,99999,Total,3999,Cereals,Food Grains,['Cereals'],1,3999,99999,3299.0,Kg/Ha,Yield
West Bengal,Paschim Medinipur,2023,2023-24,5,Final Estimate,1,Kharif,9,Tur,Food Grains,['Pulses'],2,4001,1,1336.0,Kg/Ha,Yield
West Bengal,Paschim Medinipur,2023,2023-24,5,Final Estimate,1,Kharif,9,Tur,Food Grains,['Pulses'],2,4001,1,55.0,Ha,Area
West Bengal,Paschim Medinipur,2023,2023-24,5,Final Estimate,1,Kharif,9,Tur,Food Grains,['Pulses'],2,4001,1,73.5,Tonnes,Production
West Bengal,Paschim Medinipur,2022,2022-23,5,Final Estimate,2,Rabi,9,Tur,Food Grains,['Pulses'],2,4001,2,1278.0,Kg/Ha,Yield
West Bengal,Paschim Medinipur,2022,2022-23,5,Final Estimate,2,Rabi,9,Tur,Food Grains,['Pulses'],2,4001,2,36.0,Ha,Area
West Bengal,Paschim Medinipur,2022,2022-23,5,Final Estimate,2,Rabi,9,Tur,Food Grains,['Pulses'],2,4001,2,46.0,Tonnes,Production
West Bengal,Paschim Medinipur,2022,2022-23,5,Final Estimate,99999,Total,9,Tur,Food Grains,['Pulses'],2,4001,99999,1278.0,Kg/Ha,Yield
West Bengal,Paschim Medinipur,2022,2022-23,5,Final Estimate,99999,Total,9,Tur,Food Grains,['Pulses'],2,4001,99999,46.0,Tonnes,Production
West Bengal,Paschim Medinipur,2022,2022-23,5,Final Estimate,99999,Total,9,Tur,Food Grains,['Pulses'],2,4001,99999,36.0,Ha,Area
West Bengal,Paschim Medinipur,2023,2023-24,5,Final Estimate,99999,Total,9,Tur,Food Grains,['Pulses'],2,4001,99999,55.0,Ha,Area
West Bengal,Paschim Medinipur,2023,2023-24,5,Final Estimate,99999,Total,9,Tur,Food Grains,['Pulses'],2,4001,99999,73.5,Tonnes,Production
West Bengal,Paschim Medinipur,2023,2023-24,5,Final Estimate,99999,Total,9,Tur,Food Grains,['Pulses'],2,4001,99999,1336.0,Kg/Ha,Yield
West Bengal,Paschim Medinipur,2023,2023-24,5,Final Estimate,2,Rabi,10,Gram,Food Grains,['Pulses'],2,4002,2,155.0,Ha,Area
West Bengal,Paschim Medinipur,2022,2022-23,5,Final Estimate,2,Rabi,10,Gram,Food Grains,['Pulses'],2,4002,2,1466.0,Kg/Ha,Yield
West Bengal,Paschim Medinipur,2022,2022-23,5,Final Estimate,2,Rabi,10,Gram,Food Grains,['Pulses'],2,4002,2,277.0,Tonnes,Production
West Bengal,Paschim Medinipur,2022,2022-23,5,Final Estimate,2,Rabi,10,Gram,Food Grains,['Pulses'],2,4002,2,189.0,Ha,Area
West Bengal,Paschim Medinipur,2023,2023-24,5,Final Estimate,2,Rabi,10,Gram,Food Grains,['Pulses'],2,4002,2,190.27,Tonnes,Production
West Bengal,Paschim Medinipur,2023,2023-24,5,Final Estimate,2,Rabi,10,Gram,Food Grains,['Pulses'],2,4002,2,1228.0,Kg/Ha,Yield
West Bengal,Paschim Medinipur,2022,2022-23,5,Final Estimate,99999,Total,10,Gram,Food Grains,['Pulses'],2,4002,99999,189.0,Ha,Area
West Bengal,Paschim Medinipur,2022,2022-23,5,Final Estimate,99999,Total,10,Gram,Food Grains,['Pulses'],2,4002,99999,277.0,Tonnes,Production
West Bengal,Paschim Medinipur,2022,2022-23,5,Final Estimate,99999,Total,10,Gram,Food Grains,['Pulses'],2,4002,99999,1466.0,Kg/Ha,Yield
West Bengal,Paschim Medinipur,2023,2023-24,5,Final Estimate,99999,Total,10,Gram,Food Grains,['Pulses'],2,4002,99999,155.0,Ha,Area
West Bengal,Paschim Medinipur,2023,2023-24,5,Final Estimate,99999,Total,10,Gram,Food Grains,['Pulses'],2,4002,99999,190.27,Tonnes,Production
West Bengal,Paschim Medinipur,2023,2023-24,5,Final Estimate,99999,Total,10,Gram,Food Grains,['Pulses'],2,4002,99999,1228.0,Kg/Ha,Yield
West Bengal,Paschim Medinipur,2023,2023-24,5,Final Estimate,1,Kharif,11,Urad,Food Grains,['Pulses'],2,4003,1,506.0,Kg/Ha,Yield
West Bengal,Paschim Medinipur,2022,2022-23,5,Final Estimate,1,Kharif,11,Urad,Food Grains,['Pulses'],2,4003,1,478.0,Kg/Ha,Yield
West Bengal,Paschim Medinipur,2022,2022-23,5,Final Estimate,1,Kharif,11,Urad,Food Grains,['Pulses'],2,4003,1,186.0,Ha,Area
West Bengal,Paschim Medinipur,2022,2022-23,5,Final Estimate,1,Kharif,11,Urad,Food Grains,['Pulses'],2,4003,1,89.0,Tonnes,Production
West Bengal,Paschim Medinipur,2023,2023-24,5,Final Estimate,1,Kharif,11,Urad,Food Grains,['Pulses'],2,4003,1,203.0,Ha,Area
West Bengal,Paschim Medinipur,2023,2023-24,5,Final Estimate,1,Kharif,11,Urad,Food Grains,['Pulses'],2,4003,1,102.76,Tonnes,Production
West Bengal,Paschim Medinipur,2023,2023-24,5,Final Estimate,2,Rabi,11,Urad,Food Grains,['Pulses'],2,4003,2,25.2,Tonnes,Production
West Bengal,Paschim Medinipur,2023,2023-24,5,Final Estimate,2,Rabi,11,Urad,Food Grains,['Pulses'],2,4003,2,840.0,Kg/Ha,Yield
West Bengal,Paschim Medinipur,2022,2022-23,5,Final Estimate,2,Rabi,11,Urad,Food Grains,['Pulses'],2,4003,2,100.0,Tonnes,Production
West Bengal,Paschim Medinipur,2022,2022-23,5,Final Estimate,2,Rabi,11,Urad,Food Grains,['Pulses'],2,4003,2,121.0,Ha,Area
West Bengal,Paschim Medinipur,2022,2022-23,5,Final Estimate,2,Rabi,11,Urad,Food Grains,['Pulses'],2,4003,2,826.0,Kg/Ha,Yield
West Bengal,Paschim Medinipur,2023,2023-24,5,Final Estimate,2,Rabi,11,Urad,Food Grains,['Pulses'],2,4003,2,30.0,Ha,Area
West Bengal,Paschim Medinipur,2023,2023-24,5,Final Estimate,99999,Total,11,Urad,Food Grains,['Pulses'],2,4003,99999,127.96,Tonnes,Production
West Bengal,Paschim Medinipur,2022,2022-23,5,Final Estimate,99999,Total,11,Urad,Food Grains,['Pulses'],2,4003,99999,189.0,Tonnes,Production
West Bengal,Paschim Medinipur,2022,2022-23,5,Final Estimate,99999,Total,11,Urad,Food Grains,['Pulses'],2,4003,99999,307.0,Ha,Area
West Bengal,Paschim Medinipur,2023,2023-24,5,Final Estimate,99999,Total,11,Urad,Food Grains,['Pulses'],2,4003,99999,549.0,Kg/Ha,Yield
West Bengal,Paschim Medinipur,2023,2023-24,5,Final Estimate,99999,Total,11,Urad,Food Grains,['Pulses'],2,4003,99999,233.0,Ha,Area
West Bengal,Paschim Medinipur,2022,2022-23,5,Final Estimate,99999,Total,11,Urad,Food Grains,['Pulses'],2,4003,99999,616.0,Kg/Ha,Yield
West Bengal,Paschim Medinipur,2023,2023-24,5,Final Estimate,2,Rabi,12,Moong,Food Grains,['Pulses'],2,4004,2,140.77,Tonnes,Production
West Bengal,Paschim Medinipur,2022,2022-23,5,Final Estimate,2,Rabi,12,Moong,Food Grains,['Pulses'],2,4004,2,188.0,Ha,Area
West Bengal,Paschim Medinipur,2023,2023-24,5,Final Estimate,2,Rabi,12,Moong,Food Grains,['Pulses'],2,4004,2,800.0,Kg/Ha,Yield
West Bengal,Paschim Medinipur,2023,2023-24,5,Final Estimate,2,Rabi,12,Moong,Food Grains,['Pulses'],2,4004,2,176.0,Ha,Area
West Bengal,Paschim Medinipur,2022,2022-23,5,Final Estimate,2,Rabi,12,Moong,Food Grains,['Pulses'],2,4004,2,809.0,Kg/Ha,Yield
West Bengal,Paschim Medinipur,2022,2022-23,5,Final Estimate,2,Rabi,12,Moong,Food Grains,['Pulses'],2,4004,2,152.0,Tonnes,Production
West Bengal,Paschim Medinipur,2023,2023-24,5,Final Estimate,3,Summer,12,Moong,Food Grains,['Pulses'],2,4004,3,2826.0,Ha,Area
West Bengal,Paschim Medinipur,2022,2022-23,5,Final Estimate,3,Summer,12,Moong,Food Grains,['Pulses'],2,4004,3,3718.0,Tonnes,Production
West Bengal,Paschim Medinipur,2022,2022-23,5,Final Estimate,3,Summer,12,Moong,Food Grains,['Pulses'],2,4004,3,3437.0,Ha,Area
West Bengal,Paschim Medinipur,2022,2022-23,5,Final Estimate,3,Summer,12,Moong,Food Grains,['Pulses'],2,4004,3,1082.0,Kg/Ha,Yield
West Bengal,Paschim Medinipur,2023,2023-24,5,Final Estimate,3,Summer,12,Moong,Food Grains,['Pulses'],2,4004,3,3716.68,Tonnes,Production
West Bengal,Paschim Medinipur,2023,2023-24,5,Final Estimate,3,Summer,12,Moong,Food Grains,['Pulses'],2,4004,3,1315.0,Kg/Ha,Yield
West Bengal,Paschim Medinipur,2022,2022-23,5,Final Estimate,99999,Total,12,Moong,Food Grains,['Pulses'],2,4004,99999,1068.0,Kg/Ha,Yield
West Bengal,Paschim Medinipur,2022,2022-23,5,Final Estimate,99999,Total,12,Moong,Food Grains,['Pulses'],2,4004,99999,3625.0,Ha,Area
West Bengal,Paschim Medinipur,2022,2022-23,5,Final Estimate,99999,Total,12,Moong,Food Grains,['Pulses'],2,4004,99999,3870.0,Tonnes,Production
West Bengal,Paschim Medinipur,2023,2023-24,5,Final Estimate,99999,Total,12,Moong,Food Grains,['Pulses'],2,4004,99999,1285.0,Kg/Ha,Yield
West Bengal,Paschim Medinipur,2023,2023-24,5,Final Estimate,99999,Total,12,Moong,Food Grains,['Pulses'],2,4004,99999,3002.0,Ha,Area
West Bengal,Paschim Medinipur,2023,2023-24,5,Final Estimate,99999,Total,12,Moong,Food Grains,['Pulses'],2,4004,99999,3857.45,Tonnes,Production
West Bengal,Paschim Medinipur,2022,2022-23,5,Final Estimate,2,Rabi,13,Lentil,Food Grains,['Pulses'],2,4005,2,1445.0,Kg/Ha,Yield
West Bengal,Paschim Medinipur,2022,2022-23,5,Final Estimate,2,Rabi,13,Lentil,Food Grains,['Pulses'],2,4005,2,3112.0,Ha,Area
West Bengal,Paschim Medinipur,2022,2022-23,5,Final Estimate,2,Rabi,13,Lentil,Food Grains,['Pulses'],2,4005,2,4496.0,Tonnes,Production
West Bengal,Paschim Medinipur,2023,2023-24,5,Final Estimate,2,Rabi,13,Lentil,Food Grains,['Pulses'],2,4005,2,1363.0,Kg/Ha,Yield
West Bengal,Paschim Medinipur,2023,2023-24,5,Final Estimate,2,Rabi,13,Lentil,Food Grains,['Pulses'],2,4005,2,2930.0,Ha,Area
West Bengal,Paschim Medinipur,2023,2023-24,5,Final Estimate,2,Rabi,13,Lentil,Food Grains,['Pulses'],2,4005,2,3992.33,Tonnes,Production
West Bengal,Paschim Medinipur,2022,2022-23,5,Final Estimate,99999,Total,13,Lentil,Food Grains,['Pulses'],2,4005,99999,1445.0,Kg/Ha,Yield
West Bengal,Paschim Medinipur,2023,2023-24,5,Final Estimate,99999,Total,13,Lentil,Food Grains,['Pulses'],2,4005,99999,3992.33,Tonnes,Production
West Bengal,Paschim Medinipur,2022,2022-23,5,Final Estimate,99999,Total,13,Lentil,Food Grains,['Pulses'],2,4005,99999,3112.0,Ha,Area
West Bengal,Paschim Medinipur,2023,2023-24,5,Final Estimate,99999,Total,13,Lentil,Food Grains,['Pulses'],2,4005,99999,1363.0,Kg/Ha,Yield
West Bengal,Paschim Medinipur,2023,2023-24,5,Final Estimate,99999,Total,13,Lentil,Food Grains,['Pulses'],2,4005,99999,2930.0,Ha,Area
West Bengal,Paschim Medinipur,2022,2022-23,5,Final Estimate,99999,Total,13,Lentil,Food Grains,['Pulses'],2,4005,99999,4496.0,Tonnes,Production
West Bengal,Paschim Medinipur,2022,2022-23,5,Final Estimate,2,Rabi,14,Other Pulses,Food Grains,['Pulses'],2,4006,2,930.0,Kg/Ha,Yield
West Bengal,Paschim Medinipur,2022,2022-23,5,Final Estimate,2,Rabi,14,Other Pulses,Food Grains,['Pulses'],2,4006,2,1831.0,Tonnes,Production
West Bengal,Paschim Medinipur,2022,2022-23,5,Final Estimate,2,Rabi,14,Other Pulses,Food Grains,['Pulses'],2,4006,2,1968.0,Ha,Area
West Bengal,Paschim Medinipur,2023,2023-24,5,Final Estimate,2,Rabi,14,Other Pulses,Food Grains,['Pulses'],2,4006,2,1788.75,Tonnes,Production
West Bengal,Paschim Medinipur,2023,2023-24,5,Final Estimate,2,Rabi,14,Other Pulses,Food Grains,['Pulses'],2,4006,2,1647.0,Ha,Area
West Bengal,Paschim Medinipur,2023,2023-24,5,Final Estimate,2,Rabi,14,Other Pulses,Food Grains,['Pulses'],2,4006,2,1086.0,Kg/Ha,Yield
West Bengal,Paschim Medinipur,2022,2022-23,5,Final Estimate,99999,Total,14,Other Pulses,Food Grains,['Pulses'],2,4006,99999,1968.0,Ha,Area
West Bengal,Paschim Medinipur,2022,2022-23,5,Final Estimate,99999,Total,14,Other Pulses,Food Grains,['Pulses'],2,4006,99999,1831.0,Tonnes,Production
West Bengal,Paschim Medinipur,2022,2022-23,5,Final Estimate,99999,Total,14,Other Pulses,Food Grains,['Pulses'],2,4006,99999,930.0,Kg/Ha,Yield
West Bengal,Paschim Medinipur,2023,2023-24,5,Final Estimate,99999,Total,14,Other Pulses,Food Grains,['Pulses'],2,4006,99999,1086.0,Kg/Ha,Yield
West Bengal,Paschim Medinipur,2023,2023-24,5,Final Estimate,99999,Total,14,Other Pulses,Food Grains,['Pulses'],2,4006,99999,1647.0,Ha,Area
West Bengal,Paschim Medinipur,2023,2023-24,5,Final Estimate,99999,Total,14,Other Pulses,Food Grains,['Pulses'],2,4006,99999,1788.75,Tonnes,Production
West Bengal,Paschim Medinipur,2023,2023-24,5,Final Estimate,99999,Total,4998,Total Pulses,Food Grains,['Pulses'],2,4998,99999,8022.0,Ha,Area
West Bengal,Paschim Medinipur,2022,2022-23,5,Final Estimate,99999,Total,4998,Total Pulses,Food Grains,['Pulses'],2,4998,99999,10709.0,Tonnes,Production
West Bengal,Paschim Medinipur,2022,2022-23,5,Final Estimate,99999,Total,4998,Total Pulses,Food Grains,['Pulses'],2,4998,99999,9237.0,Ha,Area
West Bengal,Paschim Medinipur,2023,2023-24,5,Final Estimate,99999,Total,4998,Total Pulses,Food Grains,['Pulses'],2,4998,99999,10030.27,Tonnes,Production
West Bengal,Paschim Medinipur,2022,2022-23,5,Final Estimate,99999,Total,4998,Total Pulses,Food Grains,['Pulses'],2,4998,99999,1159.0,Kg/Ha,Yield
West Bengal,Paschim Medinipur,2023,2023-24,5,Final Estimate,99999,Total,4998,Total Pulses,Food Grains,['Pulses'],2,4998,99999,1250.0,Kg/Ha,Yield
West Bengal,Paschim Medinipur,2022,2022-23,5,Final Estimate,1,Kharif,4999,Total Food Grains,Food Grains,"['Cereals', 'Pulses']",2,4999,1,23411.0,Ha,Area
West Bengal,Paschim Medinipur,2022,2022-23,5,Final Estimate,1,Kharif,4999,Total Food Grains,Food Grains,"['Cereals', 'Pulses']",2,4999,1,2658.0,Kg/Ha,Yield
West Bengal,Paschim Medinipur,2023,2023-24,5,Final Estimate,1,Kharif,4999,Total Food Grains,Food Grains,"['Cereals', 'Pulses']",2,4999,1,373921.81,Ha,Area
West Bengal,Paschim Medinipur,2023,2023-24,5,Final Estimate,1,Kharif,4999,Total Food Grains,Food Grains,"['Cereals', 'Pulses']",2,4999,1,2990.0,Kg/Ha,Yield
West Bengal,Paschim Medinipur,2023,2023-24,5,Final Estimate,1,Kharif,4999,Total Food Grains,Food Grains,"['Cereals', 'Pulses']",2,4999,1,1117932.72,Tonnes,Production
West Bengal,Paschim Medinipur,2022,2022-23,5,Final Estimate,1,Kharif,4999,Total Food Grains,Food Grains,"['Cereals', 'Pulses']",2,4999,1,62224.0,Tonnes,Production
West Bengal,Paschim Medinipur,2023,2023-24,5,Final Estimate,2,Rabi,4999,Total Food Grains,Food Grains,"['Cereals', 'Pulses']",2,4999,2,1871.0,Kg/Ha,Yield
West Bengal,Paschim Medinipur,2023,2023-24,5,Final Estimate,2,Rabi,4999,Total Food Grains,Food Grains,"['Cereals', 'Pulses']",2,4999,2,10317.55,Tonnes,Production
West Bengal,Paschim Medinipur,2023,2023-24,5,Final Estimate,2,Rabi,4999,Total Food Grains,Food Grains,"['Cereals', 'Pulses']",2,4999,2,5513.0,Ha,Area
West Bengal,Paschim Medinipur,2022,2022-23,5,Final Estimate,2,Rabi,4999,Total Food Grains,Food Grains,"['Cereals', 'Pulses']",2,4999,2,1213227.0,Tonnes,Production
West Bengal,Paschim Medinipur,2022,2022-23,5,Final Estimate,2,Rabi,4999,Total Food Grains,Food Grains,"['Cereals', 'Pulses']",2,4999,2,382457.0,Ha,Area
West Bengal,Paschim Medinipur,2022,2022-23,5,Final Estimate,2,Rabi,4999,Total Food Grains,Food Grains,"['Cereals', 'Pulses']",2,4999,2,3172.0,Kg/Ha,Yield
West Bengal,Paschim Medinipur,2023,2023-24,5,Final Estimate,3,Summer,4999,Total Food Grains,Food Grains,"['Cereals', 'Pulses']",2,4999,3,697923.47,Tonnes,Production
West Bengal,Paschim Medinipur,2022,2022-23,5,Final Estimate,3,Summer,4999,Total Food Grains,Food Grains,"['Cereals', 'Pulses']",2,4999,3,202614.0,Ha,Area
West Bengal,Paschim Medinipur,2022,2022-23,5,Final Estimate,3,Summer,4999,Total Food Grains,Food Grains,"['Cereals', 'Pulses']",2,4999,3,712437.0,Tonnes,Production
West Bengal,Paschim Medinipur,2022,2022-23,5,Final Estimate,3,Summer,4999,Total Food Grains,Food Grains,"['Cereals', 'Pulses']",2,4999,3,3516.0,Kg/Ha,Yield
West Bengal,Paschim Medinipur,2023,2023-24,5,Final Estimate,3,Summer,4999,Total Food Grains,Food Grains,"['Cereals', 'Pulses']",2,4999,3,3502.0,Kg/Ha,Yield
West Bengal,Paschim Medinipur,2023,2023-24,5,Final Estimate,3,Summer,4999,Total Food Grains,Food Grains,"['Cereals', 'Pulses']",2,4999,3,199317.2,Ha,Area
West Bengal,Paschim Medinipur,2022,2022-23,5,Final Estimate,99999,Total,4999,Total Food Grains,Food Grains,"['Cereals', 'Pulses']",2,4999,99999,3267.0,Kg/Ha,Yield
West Bengal,Paschim Medinipur,2023,2023-24,5,Final Estimate,99999,Total,4999,Total Food Grains,Food Grains,"['Cereals', 'Pulses']",2,4999,99999,3155.0,Kg/Ha,Yield
West Bengal,Paschim Medinipur,2023,2023-24,5,Final Estimate,99999,Total,4999,Total Food Grains,Food Grains,"['Cereals', 'Pulses']",2,4999,99999,578752.0,Ha,Area
West Bengal,Paschim Medinipur,2023,2023-24,5,Final Estimate,99999,Total,4999,Total Food Grains,Food Grains,"['Cereals', 'Pulses']",2,4999,99999,1826173.74,Tonnes,Production
West Bengal,Paschim Medinipur,2022,2022-23,5,Final Estimate,99999,Total,4999,Total Food Grains,Food Grains,"['Cereals', 'Pulses']",2,4999,99999,608482.0,Ha,Area
West Bengal,Paschim Medinipur,2022,2022-23,5,Final Estimate,99999,Total,4999,Total Food Grains,Food Grains,"['Cereals', 'Pulses']",2,4999,99999,1987888.0,Tonnes,Production
West Bengal,Paschim Medinipur,2022,2022-23,5,Final Estimate,1,Kharif,15,Groundnut,Oilseeds,['Oil Seeds'],3,1,1,2553.0,Kg/Ha,Yield
West Bengal,Paschim Medinipur,2022,2022-23,5,Final Estimate,1,Kharif,15,Groundnut,Oilseeds,['Oil Seeds'],3,1,1,1570.0,Tonnes,Production
West Bengal,Paschim Medinipur,2022,2022-23,5,Final Estimate,1,Kharif,15,Groundnut,Oilseeds,['Oil Seeds'],3,1,1,615.0,Ha,Area
West Bengal,Paschim Medinipur,2023,2023-24,5,Final Estimate,1,Kharif,15,Groundnut,Oilseeds,['Oil Seeds'],3,1,1,857.0,Ha,Area
West Bengal,Paschim Medinipur,2023,2023-24,5,Final Estimate,1,Kharif,15,Groundnut,Oilseeds,['Oil Seeds'],3,1,1,2352.82,Tonnes,Production
West Bengal,Paschim Medinipur,2023,2023-24,5,Final Estimate,1,Kharif,15,Groundnut,Oilseeds,['Oil Seeds'],3,1,1,2745.0,Kg/Ha,Yield
West Bengal,Paschim Medinipur,2023,2023-24,5,Final Estimate,2,Rabi,15,Groundnut,Oilseeds,['Oil Seeds'],3,1,2,154.0,Ha,Area
West Bengal,Paschim Medinipur,2023,2023-24,5,Final Estimate,2,Rabi,15,Groundnut,Oilseeds,['Oil Seeds'],3,1,2,331.13,Tonnes,Production
West Bengal,Paschim Medinipur,2023,2023-24,5,Final Estimate,2,Rabi,15,Groundnut,Oilseeds,['Oil Seeds'],3,1,2,2150.0,Kg/Ha,Yield
West Bengal,Paschim Medinipur,2023,2023-24,5,Final Estimate,3,Summer,15,Groundnut,Oilseeds,['Oil Seeds'],3,1,3,42253.95,Tonnes,Production
West Bengal,Paschim Medinipur,2022,2022-23,5,Final Estimate,3,Summer,15,Groundnut,Oilseeds,['Oil Seeds'],3,1,3,2868.0,Kg/Ha,Yield
West Bengal,Paschim Medinipur,2022,2022-23,5,Final Estimate,3,Summer,15,Groundnut,Oilseeds,['Oil Seeds'],3,1,3,11907.0,Ha,Area
West Bengal,Paschim Medinipur,2022,2022-23,5,Final Estimate,3,Summer,15,Groundnut,Oilseeds,['Oil Seeds'],3,1,3,34155.0,Tonnes,Production
West Bengal,Paschim Medinipur,2023,2023-24,5,Final Estimate,3,Summer,15,Groundnut,Oilseeds,['Oil Seeds'],3,1,3,2545.0,Kg/Ha,Yield
West Bengal,Paschim Medinipur,2023,2023-24,5,Final Estimate,3,Summer,15,Groundnut,Oilseeds,['Oil Seeds'],3,1,3,16604.95,Ha,Area
West Bengal,Paschim Medinipur,2022,2022-23,5,Final Estimate,99999,Total,15,Groundnut,Oilseeds,['Oil Seeds'],3,1,99999,12522.0,Ha,Area
West Bengal,Paschim Medinipur,2023,2023-24,5,Final Estimate,99999,Total,15,Groundnut,Oilseeds,['Oil Seeds'],3,1,99999,2551.0,Kg/Ha,Yield
West Bengal,Paschim Medinipur,2023,2023-24,5,Final Estimate,99999,Total,15,Groundnut,Oilseeds,['Oil Seeds'],3,1,99999,17615.95,Ha,Area
West Bengal,Paschim Medinipur,2023,2023-24,5,Final Estimate,99999,Total,15,Groundnut,Oilseeds,['Oil Seeds'],3,1,99999,44937.91,Tonnes,Production
West Bengal,Paschim Medinipur,2022,2022-23,5,Final Estimate,99999,Total,15,Groundnut,Oilseeds,['Oil Seeds'],3,1,99999,35725.0,Tonnes,Production
West Bengal,Paschim Medinipur,2022,2022-23,5,Final Estimate,99999,Total,15,Groundnut,Oilseeds,['Oil Seeds'],3,1,99999,2853.0,Kg/Ha,Yield
West Bengal,Paschim Medinipur,2023,2023-24,5,Final Estimate,3,Summer,17,Sesamum,Oilseeds,['Oil Seeds'],3,3,3,63951.84,Tonnes,Production
West Bengal,Paschim Medinipur,2023,2023-24,5,Final Estimate,3,Summer,17,Sesamum,Oilseeds,['Oil Seeds'],3,3,3,1047.0,Kg/Ha,Yield
West Bengal,Paschim Medinipur,2022,2022-23,5,Final Estimate,3,Summer,17,Sesamum,Oilseeds,['Oil Seeds'],3,3,3,65601.0,Ha,Area
West Bengal,Paschim Medinipur,2022,2022-23,5,Final Estimate,3,Summer,17,Sesamum,Oilseeds,['Oil Seeds'],3,3,3,1030.0,Kg/Ha,Yield
West Bengal,Paschim Medinipur,2022,2022-23,5,Final Estimate,3,Summer,17,Sesamum,Oilseeds,['Oil Seeds'],3,3,3,67561.0,Tonnes,Production
West Bengal,Paschim Medinipur,2023,2023-24,5,Final Estimate,3,Summer,17,Sesamum,Oilseeds,['Oil Seeds'],3,3,3,61102.0,Ha,Area
West Bengal,Paschim Medinipur,2022,2022-23,5,Final Estimate,99999,Total,17,Sesamum,Oilseeds,['Oil Seeds'],3,3,99999,65601.0,Ha,Area
West Bengal,Paschim Medinipur,2023,2023-24,5,Final Estimate,99999,Total,17,Sesamum,Oilseeds,['Oil Seeds'],3,3,99999,63951.84,Tonnes,Production
West Bengal,Paschim Medinipur,2023,2023-24,5,Final Estimate,99999,Total,17,Sesamum,Oilseeds,['Oil Seeds'],3,3,99999,61102.0,Ha,Area
West Bengal,Paschim Medinipur,2022,2022-23,5,Final Estimate,99999,Total,17,Sesamum,Oilseeds,['Oil Seeds'],3,3,99999,1030.0,Kg/Ha,Yield
West Bengal,Paschim Medinipur,2023,2023-24,5,Final Estimate,99999,Total,17,Sesamum,Oilseeds,['Oil Seeds'],3,3,99999,1047.0,Kg/Ha,Yield
West Bengal,Paschim Medinipur,2022,2022-23,5,Final Estimate,99999,Total,17,Sesamum,Oilseeds,['Oil Seeds'],3,3,99999,67561.0,Tonnes,Production
West Bengal,Paschim Medinipur,2023,2023-24,5,Final Estimate,2,Rabi,21,Rapeseed & Mustard,Oilseeds,['Oil Seeds'],3,7,2,15261.73,Tonnes,Production
West Bengal,Paschim Medinipur,2022,2022-23,5,Final Estimate,2,Rabi,21,Rapeseed & Mustard,Oilseeds,['Oil Seeds'],3,7,2,16550.0,Tonnes,Production
West Bengal,Paschim Medinipur,2022,2022-23,5,Final Estimate,2,Rabi,21,Rapeseed & Mustard,Oilseeds,['Oil Seeds'],3,7,2,1122.0,Kg/Ha,Yield
West Bengal,Paschim Medinipur,2022,2022-23,5,Final Estimate,2,Rabi,21,Rapeseed & Mustard,Oilseeds,['Oil Seeds'],3,7,2,14751.0,Ha,Area
West Bengal,Paschim Medinipur,2023,2023-24,5,Final Estimate,2,Rabi,21,Rapeseed & Mustard,Oilseeds,['Oil Seeds'],3,7,2,1056.0,Kg/Ha,Yield
West Bengal,Paschim Medinipur,2023,2023-24,5,Final Estimate,2,Rabi,21,Rapeseed & Mustard,Oilseeds,['Oil Seeds'],3,7,2,14455.0,Ha,Area
West Bengal,Paschim Medinipur,2023,2023-24,5,Final Estimate,99999,Total,21,Rapeseed & Mustard,Oilseeds,['Oil Seeds'],3,7,99999,14455.0,Ha,Area
West Bengal,Paschim Medinipur,2022,2022-23,5,Final Estimate,99999,Total,21,Rapeseed & Mustard,Oilseeds,['Oil Seeds'],3,7,99999,1122.0,Kg/Ha,Yield
West Bengal,Paschim Medinipur,2022,2022-23,5,Final Estimate,99999,Total,21,Rapeseed & Mustard,Oilseeds,['Oil Seeds'],3,7,99999,14751.0,Ha,Area
West Bengal,Paschim Medinipur,2022,2022-23,5,Final Estimate,99999,Total,21,Rapeseed & Mustard,Oilseeds,['Oil Seeds'],3,7,99999,16550.0,Tonnes,Production
West Bengal,Paschim Medinipur,2023,2023-24,5,Final Estimate,99999,Total,21,Rapeseed & Mustard,Oilseeds,['Oil Seeds'],3,7,99999,1056.0,Kg/Ha,Yield
West Bengal,Paschim Medinipur,2023,2023-24,5,Final Estimate,99999,Total,21,Rapeseed & Mustard,Oilseeds,['Oil Seeds'],3,7,99999,15261.73,Tonnes,Production
West Bengal,Paschim Medinipur,2023,2023-24,5,Final Estimate,99999,Total,999,Total Oil Seeds,Oilseeds,['Oil Seeds'],3,999,99999,1332.0,Kg/Ha,Yield
West Bengal,Paschim Medinipur,2022,2022-23,5,Final Estimate,99999,Total,999,Total Oil Seeds,Oilseeds,['Oil Seeds'],3,999,99999,1290.0,Kg/Ha,Yield
West Bengal,Paschim Medinipur,2022,2022-23,5,Final Estimate,99999,Total,999,Total Oil Seeds,Oilseeds,['Oil Seeds'],3,999,99999,119836.0,Tonnes,Production
West Bengal,Paschim Medinipur,2022,2022-23,5,Final Estimate,99999,Total,999,Total Oil Seeds,Oilseeds,['Oil Seeds'],3,999,99999,92874.0,Ha,Area
West Bengal,Paschim Medinipur,2023,2023-24,5,Final Estimate,99999,Total,999,Total Oil Seeds,Oilseeds,['Oil Seeds'],3,999,99999,124151.48,Tonnes,Production
West Bengal,Paschim Medinipur,2023,2023-24,5,Final Estimate,99999,Total,999,Total Oil Seeds,Oilseeds,['Oil Seeds'],3,999,99999,93172.95,Ha,Area
West Bengal,Paschim Medinipur,2023,2023-24,5,Final Estimate,1,Kharif,28,Sugarcane,Commercial Crops,['Commercial Crops'],4,1001,1,146861.67,Tonnes,Production
West Bengal,Paschim Medinipur,2023,2023-24,5,Final Estimate,1,Kharif,28,Sugarcane,Commercial Crops,['Commercial Crops'],4,1001,1,85434.0,Kg/Ha,Yield
West Bengal,Paschim Medinipur,2022,2022-23,5,Final Estimate,1,Kharif,28,Sugarcane,Commercial Crops,['Commercial Crops'],4,1001,1,2507.0,Ha,Area
West Bengal,Paschim Medinipur,2022,2022-23,5,Final Estimate,1,Kharif,28,Sugarcane,Commercial Crops,['Commercial Crops'],4,1001,1,51723.0,Kg/Ha,Yield
West Bengal,Paschim Medinipur,2023,2023-24,5,Final Estimate,1,Kharif,28,Sugarcane,Commercial Crops,['Commercial Crops'],4,1001,1,1719.0,Ha,Area
West Bengal,Paschim Medinipur,2022,2022-23,5,Final Estimate,1,Kharif,28,Sugarcane,Commercial Crops,['Commercial Crops'],4,1001,1,129669.0,Tonnes,Production
West Bengal,Paschim Medinipur,2023,2023-24,5,Final Estimate,99999,Total,28,Sugarcane,Commercial Crops,['Commercial Crops'],4,1001,99999,146861.67,Tonnes,Production
West Bengal,Paschim Medinipur,2023,2023-24,5,Final Estimate,99999,Total,28,Sugarcane,Commercial Crops,['Commercial Crops'],4,1001,99999,85434.0,Kg/Ha,Yield
West Bengal,Paschim Medinipur,2022,2022-23,5,Final Estimate,99999,Total,28,Sugarcane,Commercial Crops,['Commercial Crops'],4,1001,99999,2507.0,Ha,Area
West Bengal,Paschim Medinipur,2022,2022-23,5,Final Estimate,99999,Total,28,Sugarcane,Commercial Crops,['Commercial Crops'],4,1001,99999,51723.0,Kg/Ha,Yield
West Bengal,Paschim Medinipur,2022,2022-23,5,Final Estimate,99999,Total,28,Sugarcane,Commercial Crops,['Commercial Crops'],4,1001,99999,129669.0,Tonnes,Production
West Bengal,Paschim Medinipur,2023,2023-24,5,Final Estimate,99999,Total,28,Sugarcane,Commercial Crops,['Commercial Crops'],4,1001,99999,1719.0,Ha,Area
West Bengal,Paschim Medinipur,2022,2022-23,5,Final Estimate,1,Kharif,26,Jute,Commercial Crops,['Commercial Crops'],4,1003,1,63014.0,Tonnes,Production
West Bengal,Paschim Medinipur,2023,2023-24,5,Final Estimate,1,Kharif,26,Jute,Commercial Crops,['Commercial Crops'],4,1003,1,3240.0,Ha,Area
West Bengal,Paschim Medinipur,2023,2023-24,5,Final Estimate,1,Kharif,26,Jute,Commercial Crops,['Commercial Crops'],4,1003,1,47265.82,Tonnes,Production
West Bengal,Paschim Medinipur,2022,2022-23,5,Final Estimate,1,Kharif,26,Jute,Commercial Crops,['Commercial Crops'],4,1003,1,3194.0,Ha,Area
West Bengal,Paschim Medinipur,2023,2023-24,5,Final Estimate,1,Kharif,26,Jute,Commercial Crops,['Commercial Crops'],4,1003,1,2626.0,Kg/Ha,Yield
West Bengal,Paschim Medinipur,2022,2022-23,5,Final Estimate,1,Kharif,26,Jute,Commercial Crops,['Commercial Crops'],4,1003,1,3551.0,Kg/Ha,Yield
West Bengal,Paschim Medinipur,2023,2023-24,5,Final Estimate,99999,Total,26,Jute,Commercial Crops,['Commercial Crops'],4,1003,99999,47265.82,Tonnes,Production
West Bengal,Paschim Medinipur,2023,2023-24,5,Final Estimate,99999,Total,26,Jute,Commercial Crops,['Commercial Crops'],4,1003,99999,3240.0,Ha,Area
West Bengal,Paschim Medinipur,2022,2022-23,5,Final Estimate,99999,Total,26,Jute,Commercial Crops,['Commercial Crops'],4,1003,99999,3194.0,Ha,Area
West Bengal,Paschim Medinipur,2022,2022-23,5,Final Estimate,99999,Total,26,Jute,Commercial Crops,['Commercial Crops'],4,1003,99999,3551.0,Kg/Ha,Yield
West Bengal,Paschim Medinipur,2022,2022-23,5,Final Estimate,99999,Total,26,Jute,Commercial Crops,['Commercial Crops'],4,1003,99999,63014.0,Tonnes,Production
West Bengal,Paschim Medinipur,2023,2023-24,5,Final Estimate,99999,Total,26,Jute,Commercial Crops,['Commercial Crops'],4,1003,99999,2626.0,Kg/Ha,Yield
West Bengal,Paschim Medinipur,2022,2022-23,5,Final Estimate,1,Kharif,1999,Jute & Mesta,Commercial Crops,['Commercial Crops'],4,1999,1,3551.0,Kg/Ha,Yield
West Bengal,Paschim Medinipur,2022,2022-23,5,Final Estimate,1,Kharif,1999,Jute & Mesta,Commercial Crops,['Commercial Crops'],4,1999,1,3194.0,Ha,Area
West Bengal,Paschim Medinipur,2023,2023-24,5,Final Estimate,1,Kharif,1999,Jute & Mesta,Commercial Crops,['Commercial Crops'],4,1999,1,47265.82,Tonnes,Production
West Bengal,Paschim Medinipur,2023,2023-24,5,Final Estimate,1,Kharif,1999,Jute & Mesta,Commercial Crops,['Commercial Crops'],4,1999,1,3240.0,Ha,Area
West Bengal,Paschim Medinipur,2023,2023-24,5,Final Estimate,1,Kharif,1999,Jute & Mesta,Commercial Crops,['Commercial Crops'],4,1999,1,2626.0,Kg/Ha,Yield
West Bengal,Paschim Medinipur,2022,2022-23,5,Final Estimate,1,Kharif,1999,Jute & Mesta,Commercial Crops,['Commercial Crops'],4,1999,1,63014.0,Tonnes,Production
West Bengal,Paschim Medinipur,2022,2022-23,5,Final Estimate,99999,Total,1999,Jute & Mesta,Commercial Crops,['Commercial Crops'],4,1999,99999,3551.0,Kg/Ha,Yield
West Bengal,Paschim Medinipur,2022,2022-23,5,Final Estimate,99999,Total,1999,Jute & Mesta,Commercial Crops,['Commercial Crops'],4,1999,99999,63014.0,Tonnes,Production
West Bengal,Paschim Medinipur,2022,2022-23,5,Final Estimate,99999,Total,1999,Jute & Mesta,Commercial Crops,['Commercial Crops'],4,1999,99999,3194.0,Ha,Area
West Bengal,Paschim Medinipur,2023,2023-24,5,Final Estimate,99999,Total,1999,Jute & Mesta,Commercial Crops,['Commercial Crops'],4,1999,99999,2626.0,Kg/Ha,Yield
West Bengal,Paschim Medinipur,2023,2023-24,5,Final Estimate,99999,Total,1999,Jute & Mesta,Commercial Crops,['Commercial Crops'],4,1999,99999,3240.0,Ha,Area
West Bengal,Paschim Medinipur,2023,2023-24,5,Final Estimate,99999,Total,1999,Jute & Mesta,Commercial Crops,['Commercial Crops'],4,1999,99999,47265.82,Tonnes,Production
West Bengal,Purba Bardhaman,2022,2022-23,5,Final Estimate,1,Kharif,1,Rice,Food Grains,['Cereals'],1,2001,1,26078.0,Tonnes,Production
West Bengal,Purba Bardhaman,2023,2023-24,5,Final Estimate,1,Kharif,1,Rice,Food Grains,['Cereals'],1,2001,1,3387.0,Kg/Ha,Yield
West Bengal,Purba Bardhaman,2023,2023-24,5,Final Estimate,1,Kharif,1,Rice,Food Grains,['Cereals'],1,2001,1,358639.71,Ha,Area
West Bengal,Purba Bardhaman,2023,2023-24,5,Final Estimate,1,Kharif,1,Rice,Food Grains,['Cereals'],1,2001,1,1214814.21,Tonnes,Production
West Bengal,Purba Bardhaman,2022,2022-23,5,Final Estimate,1,Kharif,1,Rice,Food Grains,['Cereals'],1,2001,1,2815.0,Kg/Ha,Yield
West Bengal,Purba Bardhaman,2022,2022-23,5,Final Estimate,1,Kharif,1,Rice,Food Grains,['Cereals'],1,2001,1,9263.0,Ha,Area
West Bengal,Purba Bardhaman,2022,2022-23,5,Final Estimate,2,Rabi,1,Rice,Food Grains,['Cereals'],1,2001,2,368104.0,Ha,Area
West Bengal,Purba Bardhaman,2022,2022-23,5,Final Estimate,2,Rabi,1,Rice,Food Grains,['Cereals'],1,2001,2,1071295.0,Tonnes,Production
West Bengal,Purba Bardhaman,2022,2022-23,5,Final Estimate,2,Rabi,1,Rice,Food Grains,['Cereals'],1,2001,2,2910.0,Kg/Ha,Yield
West Bengal,Purba Bardhaman,2023,2023-24,5,Final Estimate,3,Summer,1,Rice,Food Grains,['Cereals'],1,2001,3,3802.0,Kg/Ha,Yield
West Bengal,Purba Bardhaman,2022,2022-23,5,Final Estimate,3,Summer,1,Rice,Food Grains,['Cereals'],1,2001,3,161074.0,Ha,Area
West Bengal,Purba Bardhaman,2022,2022-23,5,Final Estimate,3,Summer,1,Rice,Food Grains,['Cereals'],1,2001,3,600718.0,Tonnes,Production
West Bengal,Purba Bardhaman,2023,2023-24,5,Final Estimate,3,Summer,1,Rice,Food Grains,['Cereals'],1,2001,3,638475.37,Tonnes,Production
West Bengal,Purba Bardhaman,2023,2023-24,5,Final Estimate,3,Summer,1,Rice,Food Grains,['Cereals'],1,2001,3,167939.31,Ha,Area
West Bengal,Purba Bardhaman,2022,2022-23,5,Final Estimate,3,Summer,1,Rice,Food Grains,['Cereals'],1,2001,3,3729.0,Kg/Ha,Yield
West Bengal,Purba Bardhaman,2023,2023-24,5,Final Estimate,99999,Total,1,Rice,Food Grains,['Cereals'],1,2001,99999,1853289.59,Tonnes,Production
West Bengal,Purba Bardhaman,2023,2023-24,5,Final Estimate,99999,Total,1,Rice,Food Grains,['Cereals'],1,2001,99999,526579.02,Ha,Area
West Bengal,Purba Bardhaman,2023,2023-24,5,Final Estimate,99999,Total,1,Rice,Food Grains,['Cereals'],1,2001,99999,3519.0,Kg/Ha,Yield
West Bengal,Purba Bardhaman,2022,2022-23,5,Final Estimate,99999,Total,1,Rice,Food Grains,['Cereals'],1,2001,99999,1698091.0,Tonnes,Production
West Bengal,Purba Bardhaman,2022,2022-23,5,Final Estimate,99999,Total,1,Rice,Food Grains,['Cereals'],1,2001,99999,3154.0,Kg/Ha,Yield
West Bengal,Purba Bardhaman,2022,2022-23,5,Final Estimate,99999,Total,1,Rice,Food Grains,['Cereals'],1,2001,99999,538441.0,Ha,Area
West Bengal,Purba Bardhaman,2023,2023-24,5,Final Estimate,2,Rabi,2,Wheat,Food Grains,['Cereals'],1,2002,2,1332.0,Ha,Area
West Bengal,Purba Bardhaman,2022,2022-23,5,Final Estimate,2,Rabi,2,Wheat,Food Grains,['Cereals'],1,2002,2,2812.0,Kg/Ha,Yield
West Bengal,Purba Bardhaman,2022,2022-23,5,Final Estimate,2,Rabi,2,Wheat,Food Grains,['Cereals'],1,2002,2,1312.0,Ha,Area
West Bengal,Purba Bardhaman,2022,2022-23,5,Final Estimate,2,Rabi,2,Wheat,Food Grains,['Cereals'],1,2002,2,3689.0,Tonnes,Production
West Bengal,Purba Bardhaman,2023,2023-24,5,Final Estimate,2,Rabi,2,Wheat,Food Grains,['Cereals'],1,2002,2,3384.8,Tonnes,Production
West Bengal,Purba Bardhaman,2023,2023-24,5,Final Estimate,2,Rabi,2,Wheat,Food Grains,['Cereals'],1,2002,2,2541.0,Kg/Ha,Yield
West Bengal,Purba Bardhaman,2022,2022-23,5,Final Estimate,99999,Total,2,Wheat,Food Grains,['Cereals'],1,2002,99999,1312.0,Ha,Area
West Bengal,Purba Bardhaman,2023,2023-24,5,Final Estimate,99999,Total,2,Wheat,Food Grains,['Cereals'],1,2002,99999,2541.0,Kg/Ha,Yield
West Bengal,Purba Bardhaman,2023,2023-24,5,Final Estimate,99999,Total,2,Wheat,Food Grains,['Cereals'],1,2002,99999,3384.8,Tonnes,Production
West Bengal,Purba Bardhaman,2023,2023-24,5,Final Estimate,99999,Total,2,Wheat,Food Grains,['Cereals'],1,2002,99999,1332.0,Ha,Area
West Bengal,Purba Bardhaman,2022,2022-23,5,Final Estimate,99999,Total,2,Wheat,Food Grains,['Cereals'],1,2002,99999,3689.0,Tonnes,Production
West Bengal,Purba Bardhaman,2022,2022-23,5,Final Estimate,99999,Total,2,Wheat,Food Grains,['Cereals'],1,2002,99999,2812.0,Kg/Ha,Yield
West Bengal,Purba Bardhaman,2023,2023-24,5,Final Estimate,1,Kharif,5,Maize,Food Grains,['Cereals'],1,3001,1,108.98,Ha,Area
West Bengal,Purba Bardhaman,2023,2023-24,5,Final Estimate,1,Kharif,5,Maize,Food Grains,['Cereals'],1,3001,1,472.2,Tonnes,Production
West Bengal,Purba Bardhaman,2023,2023-24,5,Final Estimate,1,Kharif,5,Maize,Food Grains,['Cereals'],1,3001,1,4333.0,Kg/Ha,Yield
West Bengal,Purba Bardhaman,2022,2022-23,5,Final Estimate,1,Kharif,5,Maize,Food Grains,['Cereals'],1,3001,1,3719.0,Kg/Ha,Yield
West Bengal,Purba Bardhaman,2022,2022-23,5,Final Estimate,1,Kharif,5,Maize,Food Grains,['Cereals'],1,3001,1,32.0,Ha,Area
West Bengal,Purba Bardhaman,2022,2022-23,5,Final Estimate,1,Kharif,5,Maize,Food Grains,['Cereals'],1,3001,1,119.0,Tonnes,Production
West Bengal,Purba Bardhaman,2023,2023-24,5,Final Estimate,2,Rabi,5,Maize,Food Grains,['Cereals'],1,3001,2,25.0,Ha,Area
West Bengal,Purba Bardhaman,2023,2023-24,5,Final Estimate,2,Rabi,5,Maize,Food Grains,['Cereals'],1,3001,2,7270.0,Kg/Ha,Yield
West Bengal,Purba Bardhaman,2023,2023-24,5,Final Estimate,2,Rabi,5,Maize,Food Grains,['Cereals'],1,3001,2,181.75,Tonnes,Production
West Bengal,Purba Bardhaman,2022,2022-23,5,Final Estimate,2,Rabi,5,Maize,Food Grains,['Cereals'],1,3001,2,27.0,Ha,Area
West Bengal,Purba Bardhaman,2022,2022-23,5,Final Estimate,2,Rabi,5,Maize,Food Grains,['Cereals'],1,3001,2,201.0,Tonnes,Production
West Bengal,Purba Bardhaman,2022,2022-23,5,Final Estimate,2,Rabi,5,Maize,Food Grains,['Cereals'],1,3001,2,7444.0,Kg/Ha,Yield
West Bengal,Purba Bardhaman,2023,2023-24,5,Final Estimate,3,Summer,5,Maize,Food Grains,['Cereals'],1,3001,3,31.1,Ha,Area
West Bengal,Purba Bardhaman,2023,2023-24,5,Final Estimate,3,Summer,5,Maize,Food Grains,['Cereals'],1,3001,3,7033.0,Kg/Ha,Yield
West Bengal,Purba Bardhaman,2023,2023-24,5,Final Estimate,3,Summer,5,Maize,Food Grains,['Cereals'],1,3001,3,218.69,Tonnes,Production
West Bengal,Purba Bardhaman,2022,2022-23,5,Final Estimate,3,Summer,5,Maize,Food Grains,['Cereals'],1,3001,3,37.0,Ha,Area
West Bengal,Purba Bardhaman,2022,2022-23,5,Final Estimate,3,Summer,5,Maize,Food Grains,['Cereals'],1,3001,3,6595.0,Kg/Ha,Yield
West Bengal,Purba Bardhaman,2022,2022-23,5,Final Estimate,3,Summer,5,Maize,Food Grains,['Cereals'],1,3001,3,244.0,Tonnes,Production
West Bengal,Purba Bardhaman,2022,2022-23,5,Final Estimate,99999,Total,5,Maize,Food Grains,['Cereals'],1,3001,99999,564.0,Tonnes,Production
West Bengal,Purba Bardhaman,2023,2023-24,5,Final Estimate,99999,Total,5,Maize,Food Grains,['Cereals'],1,3001,99999,5286.0,Kg/Ha,Yield
West Bengal,Purba Bardhaman,2023,2023-24,5,Final Estimate,99999,Total,5,Maize,Food Grains,['Cereals'],1,3001,99999,872.63,Tonnes,Production
West Bengal,Purba Bardhaman,2023,2023-24,5,Final Estimate,99999,Total,5,Maize,Food Grains,['Cereals'],1,3001,99999,165.07,Ha,Area
West Bengal,Purba Bardhaman,2022,2022-23,5,Final Estimate,99999,Total,5,Maize,Food Grains,['Cereals'],1,3001,99999,5875.0,Kg/Ha,Yield
West Bengal,Purba Bardhaman,2022,2022-23,5,Final Estimate,99999,Total,5,Maize,Food Grains,['Cereals'],1,3001,99999,96.0,Ha,Area
West Bengal,Purba Bardhaman,2023,2023-24,5,Final Estimate,1,Kharif,3998,Nutri/Coarse Cereals,Food Grains,['Cereals'],1,3998,1,4333.0,Kg/Ha,Yield
West Bengal,Purba Bardhaman,2022,2022-23,5,Final Estimate,1,Kharif,3998,Nutri/Coarse Cereals,Food Grains,['Cereals'],1,3998,1,32.0,Ha,Area
West Bengal,Purba Bardhaman,2022,2022-23,5,Final Estimate,1,Kharif,3998,Nutri/Coarse Cereals,Food Grains,['Cereals'],1,3998,1,119.0,Tonnes,Production
West Bengal,Purba Bardhaman,2022,2022-23,5,Final Estimate,1,Kharif,3998,Nutri/Coarse Cereals,Food Grains,['Cereals'],1,3998,1,3719.0,Kg/Ha,Yield
West Bengal,Purba Bardhaman,2023,2023-24,5,Final Estimate,1,Kharif,3998,Nutri/Coarse Cereals,Food Grains,['Cereals'],1,3998,1,108.98,Ha,Area
West Bengal,Purba Bardhaman,2023,2023-24,5,Final Estimate,1,Kharif,3998,Nutri/Coarse Cereals,Food Grains,['Cereals'],1,3998,1,472.2,Tonnes,Production
West Bengal,Purba Bardhaman,2023,2023-24,5,Final Estimate,2,Rabi,3998,Nutri/Coarse Cereals,Food Grains,['Cereals'],1,3998,2,7270.0,Kg/Ha,Yield
West Bengal,Purba Bardhaman,2023,2023-24,5,Final Estimate,2,Rabi,3998,Nutri/Coarse Cereals,Food Grains,['Cereals'],1,3998,2,25.0,Ha,Area
West Bengal,Purba Bardhaman,2022,2022-23,5,Final Estimate,2,Rabi,3998,Nutri/Coarse Cereals,Food Grains,['Cereals'],1,3998,2,7444.0,Kg/Ha,Yield
West Bengal,Purba Bardhaman,2022,2022-23,5,Final Estimate,2,Rabi,3998,Nutri/Coarse Cereals,Food Grains,['Cereals'],1,3998,2,201.0,Tonnes,Production
West Bengal,Purba Bardhaman,2022,2022-23,5,Final Estimate,2,Rabi,3998,Nutri/Coarse Cereals,Food Grains,['Cereals'],1,3998,2,27.0,Ha,Area
West Bengal,Purba Bardhaman,2023,2023-24,5,Final Estimate,2,Rabi,3998,Nutri/Coarse Cereals,Food Grains,['Cereals'],1,3998,2,181.75,Tonnes,Production
West Bengal,Purba Bardhaman,2023,2023-24,5,Final Estimate,3,Summer,3998,Nutri/Coarse Cereals,Food Grains,['Cereals'],1,3998,3,31.1,Ha,Area
West Bengal,Purba Bardhaman,2023,2023-24,5,Final Estimate,3,Summer,3998,Nutri/Coarse Cereals,Food Grains,['Cereals'],1,3998,3,218.69,Tonnes,Production
West Bengal,Purba Bardhaman,2023,2023-24,5,Final Estimate,3,Summer,3998,Nutri/Coarse Cereals,Food Grains,['Cereals'],1,3998,3,7033.0,Kg/Ha,Yield
West Bengal,Purba Bardhaman,2022,2022-23,5,Final Estimate,3,Summer,3998,Nutri/Coarse Cereals,Food Grains,['Cereals'],1,3998,3,244.0,Tonnes,Production
West Bengal,Purba Bardhaman,2022,2022-23,5,Final Estimate,3,Summer,3998,Nutri/Coarse Cereals,Food Grains,['Cereals'],1,3998,3,37.0,Ha,Area
West Bengal,Purba Bardhaman,2022,2022-23,5,Final Estimate,3,Summer,3998,Nutri/Coarse Cereals,Food Grains,['Cereals'],1,3998,3,6595.0,Kg/Ha,Yield
West Bengal,Purba Bardhaman,2023,2023-24,5,Final Estimate,99999,Total,3998,Nutri/Coarse Cereals,Food Grains,['Cereals'],1,3998,99999,165.07,Ha,Area
West Bengal,Purba Bardhaman,2023,2023-24,5,Final Estimate,99999,Total,3998,Nutri/Coarse Cereals,Food Grains,['Cereals'],1,3998,99999,5286.0,Kg/Ha,Yield
West Bengal,Purba Bardhaman,2023,2023-24,5,Final Estimate,99999,Total,3998,Nutri/Coarse Cereals,Food Grains,['Cereals'],1,3998,99999,872.63,Tonnes,Production
West Bengal,Purba Bardhaman,2022,2022-23,5,Final Estimate,99999,Total,3998,Nutri/Coarse Cereals,Food Grains,['Cereals'],1,3998,99999,5875.0,Kg/Ha,Yield
West Bengal,Purba Bardhaman,2022,2022-23,5,Final Estimate,99999,Total,3998,Nutri/Coarse Cereals,Food Grains,['Cereals'],1,3998,99999,564.0,Tonnes,Production
West Bengal,Purba Bardhaman,2022,2022-23,5,Final Estimate,99999,Total,3998,Nutri/Coarse Cereals,Food Grains,['Cereals'],1,3998,99999,96.0,Ha,Area
West Bengal,Purba Bardhaman,2023,2023-24,5,Final Estimate,1,Kharif,3999,Cereals,Food Grains,['Cereals'],1,3999,1,1215286.41,Tonnes,Production
West Bengal,Purba Bardhaman,2022,2022-23,5,Final Estimate,1,Kharif,3999,Cereals,Food Grains,['Cereals'],1,3999,1,2818.0,Kg/Ha,Yield
West Bengal,Purba Bardhaman,2022,2022-23,5,Final Estimate,1,Kharif,3999,Cereals,Food Grains,['Cereals'],1,3999,1,9295.0,Ha,Area
West Bengal,Purba Bardhaman,2023,2023-24,5,Final Estimate,1,Kharif,3999,Cereals,Food Grains,['Cereals'],1,3999,1,358748.69,Ha,Area
West Bengal,Purba Bardhaman,2023,2023-24,5,Final Estimate,1,Kharif,3999,Cereals,Food Grains,['Cereals'],1,3999,1,3388.0,Kg/Ha,Yield
West Bengal,Purba Bardhaman,2022,2022-23,5,Final Estimate,1,Kharif,3999,Cereals,Food Grains,['Cereals'],1,3999,1,26197.0,Tonnes,Production
West Bengal,Purba Bardhaman,2023,2023-24,5,Final Estimate,2,Rabi,3999,Cereals,Food Grains,['Cereals'],1,3999,2,2628.0,Kg/Ha,Yield
West Bengal,Purba Bardhaman,2023,2023-24,5,Final Estimate,2,Rabi,3999,Cereals,Food Grains,['Cereals'],1,3999,2,3566.55,Tonnes,Production
West Bengal,Purba Bardhaman,2022,2022-23,5,Final Estimate,2,Rabi,3999,Cereals,Food Grains,['Cereals'],1,3999,2,2910.0,Kg/Ha,Yield
West Bengal,Purba Bardhaman,2022,2022-23,5,Final Estimate,2,Rabi,3999,Cereals,Food Grains,['Cereals'],1,3999,2,369443.0,Ha,Area
West Bengal,Purba Bardhaman,2022,2022-23,5,Final Estimate,2,Rabi,3999,Cereals,Food Grains,['Cereals'],1,3999,2,1075185.0,Tonnes,Production
West Bengal,Purba Bardhaman,2023,2023-24,5,Final Estimate,2,Rabi,3999,Cereals,Food Grains,['Cereals'],1,3999,2,1357.0,Ha,Area
West Bengal,Purba Bardhaman,2023,2023-24,5,Final Estimate,3,Summer,3999,Cereals,Food Grains,['Cereals'],1,3999,3,638694.06,Tonnes,Production
West Bengal,Purba Bardhaman,2023,2023-24,5,Final Estimate,3,Summer,3999,Cereals,Food Grains,['Cereals'],1,3999,3,167970.41,Ha,Area
West Bengal,Purba Bardhaman,2022,2022-23,5,Final Estimate,3,Summer,3999,Cereals,Food Grains,['Cereals'],1,3999,3,161111.0,Ha,Area
West Bengal,Purba Bardhaman,2022,2022-23,5,Final Estimate,3,Summer,3999,Cereals,Food Grains,['Cereals'],1,3999,3,3730.0,Kg/Ha,Yield
West Bengal,Purba Bardhaman,2023,2023-24,5,Final Estimate,3,Summer,3999,Cereals,Food Grains,['Cereals'],1,3999,3,3802.0,Kg/Ha,Yield
West Bengal,Purba Bardhaman,2022,2022-23,5,Final Estimate,3,Summer,3999,Cereals,Food Grains,['Cereals'],1,3999,3,600962.0,Tonnes,Production
West Bengal,Purba Bardhaman,2022,2022-23,5,Final Estimate,99999,Total,3999,Cereals,Food Grains,['Cereals'],1,3999,99999,539849.0,Ha,Area
West Bengal,Purba Bardhaman,2023,2023-24,5,Final Estimate,99999,Total,3999,Cereals,Food Grains,['Cereals'],1,3999,99999,1857547.02,Tonnes,Production
West Bengal,Purba Bardhaman,2023,2023-24,5,Final Estimate,99999,Total,3999,Cereals,Food Grains,['Cereals'],1,3999,99999,528076.1,Ha,Area
West Bengal,Purba Bardhaman,2023,2023-24,5,Final Estimate,99999,Total,3999,Cereals,Food Grains,['Cereals'],1,3999,99999,3518.0,Kg/Ha,Yield
West Bengal,Purba Bardhaman,2022,2022-23,5,Final Estimate,99999,Total,3999,Cereals,Food Grains,['Cereals'],1,3999,99999,3153.0,Kg/Ha,Yield
West Bengal,Purba Bardhaman,2022,2022-23,5,Final Estimate,99999,Total,3999,Cereals,Food Grains,['Cereals'],1,3999,99999,1702344.0,Tonnes,Production
West Bengal,Purba Bardhaman,2023,2023-24,5,Final Estimate,1,Kharif,9,Tur,Food Grains,['Pulses'],2,4001,1,1336.0,Kg/Ha,Yield
West Bengal,Purba Bardhaman,2023,2023-24,5,Final Estimate,1,Kharif,9,Tur,Food Grains,['Pulses'],2,4001,1,12.03,Tonnes,Production
West Bengal,Purba Bardhaman,2023,2023-24,5,Final Estimate,1,Kharif,9,Tur,Food Grains,['Pulses'],2,4001,1,9.0,Ha,Area
West Bengal,Purba Bardhaman,2022,2022-23,5,Final Estimate,2,Rabi,9,Tur,Food Grains,['Pulses'],2,4001,2,1625.0,Kg/Ha,Yield
West Bengal,Purba Bardhaman,2022,2022-23,5,Final Estimate,2,Rabi,9,Tur,Food Grains,['Pulses'],2,4001,2,13.0,Tonnes,Production
West Bengal,Purba Bardhaman,2022,2022-23,5,Final Estimate,2,Rabi,9,Tur,Food Grains,['Pulses'],2,4001,2,8.0,Ha,Area
West Bengal,Purba Bardhaman,2023,2023-24,5,Final Estimate,99999,Total,9,Tur,Food Grains,['Pulses'],2,4001,99999,9.0,Ha,Area
West Bengal,Purba Bardhaman,2023,2023-24,5,Final Estimate,99999,Total,9,Tur,Food Grains,['Pulses'],2,4001,99999,12.03,Tonnes,Production
West Bengal,Purba Bardhaman,2023,2023-24,5,Final Estimate,99999,Total,9,Tur,Food Grains,['Pulses'],2,4001,99999,1336.0,Kg/Ha,Yield
West Bengal,Purba Bardhaman,2022,2022-23,5,Final Estimate,99999,Total,9,Tur,Food Grains,['Pulses'],2,4001,99999,1625.0,Kg/Ha,Yield
West Bengal,Purba Bardhaman,2022,2022-23,5,Final Estimate,99999,Total,9,Tur,Food Grains,['Pulses'],2,4001,99999,13.0,Tonnes,Production
West Bengal,Purba Bardhaman,2022,2022-23,5,Final Estimate,99999,Total,9,Tur,Food Grains,['Pulses'],2,4001,99999,8.0,Ha,Area
West Bengal,Purba Bardhaman,2022,2022-23,5,Final Estimate,2,Rabi,10,Gram,Food Grains,['Pulses'],2,4002,2,2264.0,Tonnes,Production
West Bengal,Purba Bardhaman,2023,2023-24,5,Final Estimate,2,Rabi,10,Gram,Food Grains,['Pulses'],2,4002,2,1398.0,Kg/Ha,Yield
West Bengal,Purba Bardhaman,2023,2023-24,5,Final Estimate,2,Rabi,10,Gram,Food Grains,['Pulses'],2,4002,2,1675.0,Ha,Area
West Bengal,Purba Bardhaman,2023,2023-24,5,Final Estimate,2,Rabi,10,Gram,Food Grains,['Pulses'],2,4002,2,2340.82,Tonnes,Production
West Bengal,Purba Bardhaman,2022,2022-23,5,Final Estimate,2,Rabi,10,Gram,Food Grains,['Pulses'],2,4002,2,1217.0,Kg/Ha,Yield
West Bengal,Purba Bardhaman,2022,2022-23,5,Final Estimate,2,Rabi,10,Gram,Food Grains,['Pulses'],2,4002,2,1861.0,Ha,Area
West Bengal,Purba Bardhaman,2022,2022-23,5,Final Estimate,99999,Total,10,Gram,Food Grains,['Pulses'],2,4002,99999,2264.0,Tonnes,Production
West Bengal,Purba Bardhaman,2022,2022-23,5,Final Estimate,99999,Total,10,Gram,Food Grains,['Pulses'],2,4002,99999,1861.0,Ha,Area
West Bengal,Purba Bardhaman,2022,2022-23,5,Final Estimate,99999,Total,10,Gram,Food Grains,['Pulses'],2,4002,99999,1217.0,Kg/Ha,Yield
West Bengal,Purba Bardhaman,2023,2023-24,5,Final Estimate,99999,Total,10,Gram,Food Grains,['Pulses'],2,4002,99999,1675.0,Ha,Area
West Bengal,Purba Bardhaman,2023,2023-24,5,Final Estimate,99999,Total,10,Gram,Food Grains,['Pulses'],2,4002,99999,2340.82,Tonnes,Production
West Bengal,Purba Bardhaman,2023,2023-24,5,Final Estimate,99999,Total,10,Gram,Food Grains,['Pulses'],2,4002,99999,1398.0,Kg/Ha,Yield
West Bengal,Purba Bardhaman,2022,2022-23,5,Final Estimate,1,Kharif,11,Urad,Food Grains,['Pulses'],2,4003,1,727.0,Kg/Ha,Yield
West Bengal,Purba Bardhaman,2022,2022-23,5,Final Estimate,1,Kharif,11,Urad,Food Grains,['Pulses'],2,4003,1,231.0,Ha,Area
West Bengal,Purba Bardhaman,2023,2023-24,5,Final Estimate,1,Kharif,11,Urad,Food Grains,['Pulses'],2,4003,1,221.1,Tonnes,Production
West Bengal,Purba Bardhaman,2022,2022-23,5,Final Estimate,1,Kharif,11,Urad,Food Grains,['Pulses'],2,4003,1,168.0,Tonnes,Production
West Bengal,Purba Bardhaman,2023,2023-24,5,Final Estimate,1,Kharif,11,Urad,Food Grains,['Pulses'],2,4003,1,252.0,Ha,Area
West Bengal,Purba Bardhaman,2023,2023-24,5,Final Estimate,1,Kharif,11,Urad,Food Grains,['Pulses'],2,4003,1,877.0,Kg/Ha,Yield
West Bengal,Purba Bardhaman,2022,2022-23,5,Final Estimate,99999,Total,11,Urad,Food Grains,['Pulses'],2,4003,99999,168.0,Tonnes,Production
West Bengal,Purba Bardhaman,2022,2022-23,5,Final Estimate,99999,Total,11,Urad,Food Grains,['Pulses'],2,4003,99999,231.0,Ha,Area
West Bengal,Purba Bardhaman,2022,2022-23,5,Final Estimate,99999,Total,11,Urad,Food Grains,['Pulses'],2,4003,99999,727.0,Kg/Ha,Yield
West Bengal,Purba Bardhaman,2023,2023-24,5,Final Estimate,99999,Total,11,Urad,Food Grains,['Pulses'],2,4003,99999,221.1,Tonnes,Production
West Bengal,Purba Bardhaman,2023,2023-24,5,Final Estimate,99999,Total,11,Urad,Food Grains,['Pulses'],2,4003,99999,252.0,Ha,Area
West Bengal,Purba Bardhaman,2023,2023-24,5,Final Estimate,99999,Total,11,Urad,Food Grains,['Pulses'],2,4003,99999,877.0,Kg/Ha,Yield
West Bengal,Purba Bardhaman,2023,2023-24,5,Final Estimate,1,Kharif,12,Moong,Food Grains,['Pulses'],2,4004,1,28.56,Tonnes,Production
West Bengal,Purba Bardhaman,2023,2023-24,5,Final Estimate,1,Kharif,12,Moong,Food Grains,['Pulses'],2,4004,1,840.0,Kg/Ha,Yield
West Bengal,Purba Bardhaman,2022,2022-23,5,Final Estimate,1,Kharif,12,Moong,Food Grains,['Pulses'],2,4004,1,1000.0,Kg/Ha,Yield
West Bengal,Purba Bardhaman,2022,2022-23,5,Final Estimate,1,Kharif,12,Moong,Food Grains,['Pulses'],2,4004,1,31.0,Ha,Area
West Bengal,Purba Bardhaman,2023,2023-24,5,Final Estimate,1,Kharif,12,Moong,Food Grains,['Pulses'],2,4004,1,34.0,Ha,Area
West Bengal,Purba Bardhaman,2022,2022-23,5,Final Estimate,1,Kharif,12,Moong,Food Grains,['Pulses'],2,4004,1,31.0,Tonnes,Production
West Bengal,Purba Bardhaman,2022,2022-23,5,Final Estimate,3,Summer,12,Moong,Food Grains,['Pulses'],2,4004,3,917.0,Ha,Area
West Bengal,Purba Bardhaman,2023,2023-24,5,Final Estimate,3,Summer,12,Moong,Food Grains,['Pulses'],2,4004,3,933.0,Ha,Area
West Bengal,Purba Bardhaman,2023,2023-24,5,Final Estimate,3,Summer,12,Moong,Food Grains,['Pulses'],2,4004,3,1311.0,Kg/Ha,Yield
West Bengal,Purba Bardhaman,2023,2023-24,5,Final Estimate,3,Summer,12,Moong,Food Grains,['Pulses'],2,4004,3,1223.13,Tonnes,Production
West Bengal,Purba Bardhaman,2022,2022-23,5,Final Estimate,3,Summer,12,Moong,Food Grains,['Pulses'],2,4004,3,1051.0,Tonnes,Production
West Bengal,Purba Bardhaman,2022,2022-23,5,Final Estimate,3,Summer,12,Moong,Food Grains,['Pulses'],2,4004,3,1146.0,Kg/Ha,Yield
West Bengal,Purba Bardhaman,2023,2023-24,5,Final Estimate,99999,Total,12,Moong,Food Grains,['Pulses'],2,4004,99999,1294.0,Kg/Ha,Yield
West Bengal,Purba Bardhaman,2022,2022-23,5,Final Estimate,99999,Total,12,Moong,Food Grains,['Pulses'],2,4004,99999,1141.0,Kg/Ha,Yield
West Bengal,Purba Bardhaman,2022,2022-23,5,Final Estimate,99999,Total,12,Moong,Food Grains,['Pulses'],2,4004,99999,1082.0,Tonnes,Production
West Bengal,Purba Bardhaman,2022,2022-23,5,Final Estimate,99999,Total,12,Moong,Food Grains,['Pulses'],2,4004,99999,948.0,Ha,Area
West Bengal,Purba Bardhaman,2023,2023-24,5,Final Estimate,99999,Total,12,Moong,Food Grains,['Pulses'],2,4004,99999,967.0,Ha,Area
West Bengal,Purba Bardhaman,2023,2023-24,5,Final Estimate,99999,Total,12,Moong,Food Grains,['Pulses'],2,4004,99999,1251.7,Tonnes,Production
West Bengal,Purba Bardhaman,2023,2023-24,5,Final Estimate,2,Rabi,13,Lentil,Food Grains,['Pulses'],2,4005,2,7738.0,Ha,Area
West Bengal,Purba Bardhaman,2022,2022-23,5,Final Estimate,2,Rabi,13,Lentil,Food Grains,['Pulses'],2,4005,2,928.0,Kg/Ha,Yield
West Bengal,Purba Bardhaman,2023,2023-24,5,Final Estimate,2,Rabi,13,Lentil,Food Grains,['Pulses'],2,4005,2,6665.21,Tonnes,Production
West Bengal,Purba Bardhaman,2023,2023-24,5,Final Estimate,2,Rabi,13,Lentil,Food Grains,['Pulses'],2,4005,2,861.0,Kg/Ha,Yield
West Bengal,Purba Bardhaman,2022,2022-23,5,Final Estimate,2,Rabi,13,Lentil,Food Grains,['Pulses'],2,4005,2,7331.0,Tonnes,Production
West Bengal,Purba Bardhaman,2022,2022-23,5,Final Estimate,2,Rabi,13,Lentil,Food Grains,['Pulses'],2,4005,2,7903.0,Ha,Area
West Bengal,Purba Bardhaman,2023,2023-24,5,Final Estimate,99999,Total,13,Lentil,Food Grains,['Pulses'],2,4005,99999,6665.21,Tonnes,Production
West Bengal,Purba Bardhaman,2022,2022-23,5,Final Estimate,99999,Total,13,Lentil,Food Grains,['Pulses'],2,4005,99999,7331.0,Tonnes,Production
West Bengal,Purba Bardhaman,2022,2022-23,5,Final Estimate,99999,Total,13,Lentil,Food Grains,['Pulses'],2,4005,99999,7903.0,Ha,Area
West Bengal,Purba Bardhaman,2023,2023-24,5,Final Estimate,99999,Total,13,Lentil,Food Grains,['Pulses'],2,4005,99999,7738.0,Ha,Area
West Bengal,Purba Bardhaman,2022,2022-23,5,Final Estimate,99999,Total,13,Lentil,Food Grains,['Pulses'],2,4005,99999,928.0,Kg/Ha,Yield
West Bengal,Purba Bardhaman,2023,2023-24,5,Final Estimate,99999,Total,13,Lentil,Food Grains,['Pulses'],2,4005,99999,861.0,Kg/Ha,Yield
West Bengal,Purba Bardhaman,2022,2022-23,5,Final Estimate,2,Rabi,14,Other Pulses,Food Grains,['Pulses'],2,4006,2,1418.0,Kg/Ha,Yield
West Bengal,Purba Bardhaman,2023,2023-24,5,Final Estimate,2,Rabi,14,Other Pulses,Food Grains,['Pulses'],2,4006,2,2423.48,Tonnes,Production
West Bengal,Purba Bardhaman,2023,2023-24,5,Final Estimate,2,Rabi,14,Other Pulses,Food Grains,['Pulses'],2,4006,2,1236.0,Kg/Ha,Yield
West Bengal,Purba Bardhaman,2023,2023-24,5,Final Estimate,2,Rabi,14,Other Pulses,Food Grains,['Pulses'],2,4006,2,1961.0,Ha,Area
West Bengal,Purba Bardhaman,2022,2022-23,5,Final Estimate,2,Rabi,14,Other Pulses,Food Grains,['Pulses'],2,4006,2,2442.0,Tonnes,Production
West Bengal,Purba Bardhaman,2022,2022-23,5,Final Estimate,2,Rabi,14,Other Pulses,Food Grains,['Pulses'],2,4006,2,1722.0,Ha,Area
West Bengal,Purba Bardhaman,2022,2022-23,5,Final Estimate,99999,Total,14,Other Pulses,Food Grains,['Pulses'],2,4006,99999,2442.0,Tonnes,Production
West Bengal,Purba Bardhaman,2023,2023-24,5,Final Estimate,99999,Total,14,Other Pulses,Food Grains,['Pulses'],2,4006,99999,1961.0,Ha,Area
West Bengal,Purba Bardhaman,2023,2023-24,5,Final Estimate,99999,Total,14,Other Pulses,Food Grains,['Pulses'],2,4006,99999,2423.48,Tonnes,Production
West Bengal,Purba Bardhaman,2023,2023-24,5,Final Estimate,99999,Total,14,Other Pulses,Food Grains,['Pulses'],2,4006,99999,1236.0,Kg/Ha,Yield
West Bengal,Purba Bardhaman,2022,2022-23,5,Final Estimate,99999,Total,14,Other Pulses,Food Grains,['Pulses'],2,4006,99999,1418.0,Kg/Ha,Yield
West Bengal,Purba Bardhaman,2022,2022-23,5,Final Estimate,99999,Total,14,Other Pulses,Food Grains,['Pulses'],2,4006,99999,1722.0,Ha,Area
West Bengal,Purba Bardhaman,2022,2022-23,5,Final Estimate,99999,Total,4998,Total Pulses,Food Grains,['Pulses'],2,4998,99999,13300.0,Tonnes,Production
West Bengal,Purba Bardhaman,2023,2023-24,5,Final Estimate,99999,Total,4998,Total Pulses,Food Grains,['Pulses'],2,4998,99999,12914.33,Tonnes,Production
West Bengal,Purba Bardhaman,2023,2023-24,5,Final Estimate,99999,Total,4998,Total Pulses,Food Grains,['Pulses'],2,4998,99999,12602.0,Ha,Area
West Bengal,Purba Bardhaman,2023,2023-24,5,Final Estimate,99999,Total,4998,Total Pulses,Food Grains,['Pulses'],2,4998,99999,1025.0,Kg/Ha,Yield
West Bengal,Purba Bardhaman,2022,2022-23,5,Final Estimate,99999,Total,4998,Total Pulses,Food Grains,['Pulses'],2,4998,99999,12673.0,Ha,Area
West Bengal,Purba Bardhaman,2022,2022-23,5,Final Estimate,99999,Total,4998,Total Pulses,Food Grains,['Pulses'],2,4998,99999,1049.0,Kg/Ha,Yield
West Bengal,Purba Bardhaman,2023,2023-24,5,Final Estimate,1,Kharif,4999,Total Food Grains,Food Grains,"['Cereals', 'Pulses']",2,4999,1,3386.0,Kg/Ha,Yield
West Bengal,Purba Bardhaman,2022,2022-23,5,Final Estimate,1,Kharif,4999,Total Food Grains,Food Grains,"['Cereals', 'Pulses']",2,4999,1,26396.0,Tonnes,Production
West Bengal,Purba Bardhaman,2022,2022-23,5,Final Estimate,1,Kharif,4999,Total Food Grains,Food Grains,"['Cereals', 'Pulses']",2,4999,1,9557.0,Ha,Area
West Bengal,Purba Bardhaman,2022,2022-23,5,Final Estimate,1,Kharif,4999,Total Food Grains,Food Grains,"['Cereals', 'Pulses']",2,4999,1,2762.0,Kg/Ha,Yield
West Bengal,Purba Bardhaman,2023,2023-24,5,Final Estimate,1,Kharif,4999,Total Food Grains,Food Grains,"['Cereals', 'Pulses']",2,4999,1,359043.69,Ha,Area
West Bengal,Purba Bardhaman,2023,2023-24,5,Final Estimate,1,Kharif,4999,Total Food Grains,Food Grains,"['Cereals', 'Pulses']",2,4999,1,1215548.1,Tonnes,Production
West Bengal,Purba Bardhaman,2022,2022-23,5,Final Estimate,2,Rabi,4999,Total Food Grains,Food Grains,"['Cereals', 'Pulses']",2,4999,2,1087235.0,Tonnes,Production
West Bengal,Purba Bardhaman,2022,2022-23,5,Final Estimate,2,Rabi,4999,Total Food Grains,Food Grains,"['Cereals', 'Pulses']",2,4999,2,380937.0,Ha,Area
West Bengal,Purba Bardhaman,2022,2022-23,5,Final Estimate,2,Rabi,4999,Total Food Grains,Food Grains,"['Cereals', 'Pulses']",2,4999,2,2854.0,Kg/Ha,Yield
West Bengal,Purba Bardhaman,2023,2023-24,5,Final Estimate,2,Rabi,4999,Total Food Grains,Food Grains,"['Cereals', 'Pulses']",2,4999,2,14996.06,Tonnes,Production
West Bengal,Purba Bardhaman,2023,2023-24,5,Final Estimate,2,Rabi,4999,Total Food Grains,Food Grains,"['Cereals', 'Pulses']",2,4999,2,12731.0,Ha,Area
West Bengal,Purba Bardhaman,2023,2023-24,5,Final Estimate,2,Rabi,4999,Total Food Grains,Food Grains,"['Cereals', 'Pulses']",2,4999,2,1178.0,Kg/Ha,Yield
West Bengal,Purba Bardhaman,2023,2023-24,5,Final Estimate,3,Summer,4999,Total Food Grains,Food Grains,"['Cereals', 'Pulses']",2,4999,3,168903.41,Ha,Area
West Bengal,Purba Bardhaman,2023,2023-24,5,Final Estimate,3,Summer,4999,Total Food Grains,Food Grains,"['Cereals', 'Pulses']",2,4999,3,639917.2,Tonnes,Production
West Bengal,Purba Bardhaman,2023,2023-24,5,Final Estimate,3,Summer,4999,Total Food Grains,Food Grains,"['Cereals', 'Pulses']",2,4999,3,3789.0,Kg/Ha,Yield
West Bengal,Purba Bardhaman,2022,2022-23,5,Final Estimate,3,Summer,4999,Total Food Grains,Food Grains,"['Cereals', 'Pulses']",2,4999,3,602013.0,Tonnes,Production
West Bengal,Purba Bardhaman,2022,2022-23,5,Final Estimate,3,Summer,4999,Total Food Grains,Food Grains,"['Cereals', 'Pulses']",2,4999,3,162028.0,Ha,Area
West Bengal,Purba Bardhaman,2022,2022-23,5,Final Estimate,3,Summer,4999,Total Food Grains,Food Grains,"['Cereals', 'Pulses']",2,4999,3,3715.0,Kg/Ha,Yield
West Bengal,Purba Bardhaman,2022,2022-23,5,Final Estimate,99999,Total,4999,Total Food Grains,Food Grains,"['Cereals', 'Pulses']",2,4999,99999,1715644.0,Tonnes,Production
West Bengal,Purba Bardhaman,2023,2023-24,5,Final Estimate,99999,Total,4999,Total Food Grains,Food Grains,"['Cereals', 'Pulses']",2,4999,99999,540678.1,Ha,Area
West Bengal,Purba Bardhaman,2023,2023-24,5,Final Estimate,99999,Total,4999,Total Food Grains,Food Grains,"['Cereals', 'Pulses']",2,4999,99999,1870461.36,Tonnes,Production
West Bengal,Purba Bardhaman,2023,2023-24,5,Final Estimate,99999,Total,4999,Total Food Grains,Food Grains,"['Cereals', 'Pulses']",2,4999,99999,3459.0,Kg/Ha,Yield
West Bengal,Purba Bardhaman,2022,2022-23,5,Final Estimate,99999,Total,4999,Total Food Grains,Food Grains,"['Cereals', 'Pulses']",2,4999,99999,552522.0,Ha,Area
West Bengal,Purba Bardhaman,2022,2022-23,5,Final Estimate,99999,Total,4999,Total Food Grains,Food Grains,"['Cereals', 'Pulses']",2,4999,99999,3105.0,Kg/Ha,Yield
West Bengal,Purba Bardhaman,2022,2022-23,5,Final Estimate,1,Kharif,15,Groundnut,Oilseeds,['Oil Seeds'],3,1,1,1604.0,Kg/Ha,Yield
West Bengal,Purba Bardhaman,2022,2022-23,5,Final Estimate,1,Kharif,15,Groundnut,Oilseeds,['Oil Seeds'],3,1,1,235.0,Ha,Area
West Bengal,Purba Bardhaman,2023,2023-24,5,Final Estimate,1,Kharif,15,Groundnut,Oilseeds,['Oil Seeds'],3,1,1,1609.0,Kg/Ha,Yield
West Bengal,Purba Bardhaman,2023,2023-24,5,Final Estimate,1,Kharif,15,Groundnut,Oilseeds,['Oil Seeds'],3,1,1,242.0,Ha,Area
West Bengal,Purba Bardhaman,2023,2023-24,5,Final Estimate,1,Kharif,15,Groundnut,Oilseeds,['Oil Seeds'],3,1,1,389.3,Tonnes,Production
West Bengal,Purba Bardhaman,2022,2022-23,5,Final Estimate,1,Kharif,15,Groundnut,Oilseeds,['Oil Seeds'],3,1,1,377.0,Tonnes,Production
West Bengal,Purba Bardhaman,2022,2022-23,5,Final Estimate,2,Rabi,15,Groundnut,Oilseeds,['Oil Seeds'],3,1,2,19.0,Ha,Area
West Bengal,Purba Bardhaman,2022,2022-23,5,Final Estimate,2,Rabi,15,Groundnut,Oilseeds,['Oil Seeds'],3,1,2,1895.0,Kg/Ha,Yield
West Bengal,Purba Bardhaman,2022,2022-23,5,Final Estimate,2,Rabi,15,Groundnut,Oilseeds,['Oil Seeds'],3,1,2,36.0,Tonnes,Production
West Bengal,Purba Bardhaman,2023,2023-24,5,Final Estimate,2,Rabi,15,Groundnut,Oilseeds,['Oil Seeds'],3,1,2,1366.0,Kg/Ha,Yield
West Bengal,Purba Bardhaman,2023,2023-24,5,Final Estimate,2,Rabi,15,Groundnut,Oilseeds,['Oil Seeds'],3,1,2,42.35,Tonnes,Production
West Bengal,Purba Bardhaman,2023,2023-24,5,Final Estimate,2,Rabi,15,Groundnut,Oilseeds,['Oil Seeds'],3,1,2,31.0,Ha,Area
West Bengal,Purba Bardhaman,2023,2023-24,5,Final Estimate,3,Summer,15,Groundnut,Oilseeds,['Oil Seeds'],3,1,3,1212.85,Ha,Area
West Bengal,Purba Bardhaman,2023,2023-24,5,Final Estimate,3,Summer,15,Groundnut,Oilseeds,['Oil Seeds'],3,1,3,2331.0,Kg/Ha,Yield
West Bengal,Purba Bardhaman,2023,2023-24,5,Final Estimate,3,Summer,15,Groundnut,Oilseeds,['Oil Seeds'],3,1,3,2827.38,Tonnes,Production
West Bengal,Purba Bardhaman,2022,2022-23,5,Final Estimate,3,Summer,15,Groundnut,Oilseeds,['Oil Seeds'],3,1,3,739.0,Ha,Area
West Bengal,Purba Bardhaman,2022,2022-23,5,Final Estimate,3,Summer,15,Groundnut,Oilseeds,['Oil Seeds'],3,1,3,2111.0,Kg/Ha,Yield
West Bengal,Purba Bardhaman,2022,2022-23,5,Final Estimate,3,Summer,15,Groundnut,Oilseeds,['Oil Seeds'],3,1,3,1560.0,Tonnes,Production
West Bengal,Purba Bardhaman,2023,2023-24,5,Final Estimate,99999,Total,15,Groundnut,Oilseeds,['Oil Seeds'],3,1,99999,3259.02,Tonnes,Production
West Bengal,Purba Bardhaman,2022,2022-23,5,Final Estimate,99999,Total,15,Groundnut,Oilseeds,['Oil Seeds'],3,1,99999,993.0,Ha,Area
West Bengal,Purba Bardhaman,2022,2022-23,5,Final Estimate,99999,Total,15,Groundnut,Oilseeds,['Oil Seeds'],3,1,99999,1973.0,Tonnes,Production
West Bengal,Purba Bardhaman,2022,2022-23,5,Final Estimate,99999,Total,15,Groundnut,Oilseeds,['Oil Seeds'],3,1,99999,1987.0,Kg/Ha,Yield
West Bengal,Purba Bardhaman,2023,2023-24,5,Final Estimate,99999,Total,15,Groundnut,Oilseeds,['Oil Seeds'],3,1,99999,1485.85,Ha,Area
West Bengal,Purba Bardhaman,2023,2023-24,5,Final Estimate,99999,Total,15,Groundnut,Oilseeds,['Oil Seeds'],3,1,99999,2193.0,Kg/Ha,Yield
West Bengal,Purba Bardhaman,2023,2023-24,5,Final Estimate,3,Summer,17,Sesamum,Oilseeds,['Oil Seeds'],3,3,3,988.0,Kg/Ha,Yield
West Bengal,Purba Bardhaman,2022,2022-23,5,Final Estimate,3,Summer,17,Sesamum,Oilseeds,['Oil Seeds'],3,3,3,877.0,Kg/Ha,Yield
West Bengal,Purba Bardhaman,2023,2023-24,5,Final Estimate,3,Summer,17,Sesamum,Oilseeds,['Oil Seeds'],3,3,3,26141.0,Ha,Area
West Bengal,Purba Bardhaman,2022,2022-23,5,Final Estimate,3,Summer,17,Sesamum,Oilseeds,['Oil Seeds'],3,3,3,23066.0,Ha,Area
West Bengal,Purba Bardhaman,2022,2022-23,5,Final Estimate,3,Summer,17,Sesamum,Oilseeds,['Oil Seeds'],3,3,3,20236.0,Tonnes,Production
West Bengal,Purba Bardhaman,2023,2023-24,5,Final Estimate,3,Summer,17,Sesamum,Oilseeds,['Oil Seeds'],3,3,3,25822.85,Tonnes,Production
West Bengal,Purba Bardhaman,2022,2022-23,5,Final Estimate,99999,Total,17,Sesamum,Oilseeds,['Oil Seeds'],3,3,99999,877.0,Kg/Ha,Yield
West Bengal,Purba Bardhaman,2022,2022-23,5,Final Estimate,99999,Total,17,Sesamum,Oilseeds,['Oil Seeds'],3,3,99999,20236.0,Tonnes,Production
West Bengal,Purba Bardhaman,2022,2022-23,5,Final Estimate,99999,Total,17,Sesamum,Oilseeds,['Oil Seeds'],3,3,99999,23066.0,Ha,Area
West Bengal,Purba Bardhaman,2023,2023-24,5,Final Estimate,99999,Total,17,Sesamum,Oilseeds,['Oil Seeds'],3,3,99999,26141.0,Ha,Area
West Bengal,Purba Bardhaman,2023,2023-24,5,Final Estimate,99999,Total,17,Sesamum,Oilseeds,['Oil Seeds'],3,3,99999,25822.85,Tonnes,Production
West Bengal,Purba Bardhaman,2023,2023-24,5,Final Estimate,99999,Total,17,Sesamum,Oilseeds,['Oil Seeds'],3,3,99999,988.0,Kg/Ha,Yield
West Bengal,Purba Bardhaman,2022,2022-23,5,Final Estimate,1,Kharif,20,Sunflower,Oilseeds,['Oil Seeds'],3,6,1,2.0,Tonnes,Production
West Bengal,Purba Bardhaman,2022,2022-23,5,Final Estimate,1,Kharif,20,Sunflower,Oilseeds,['Oil Seeds'],3,6,1,1000.0,Kg/Ha,Yield
West Bengal,Purba Bardhaman,2022,2022-23,5,Final Estimate,1,Kharif,20,Sunflower,Oilseeds,['Oil Seeds'],3,6,1,2.0,Ha,Area
West Bengal,Purba Bardhaman,2023,2023-24,5,Final Estimate,3,Summer,20,Sunflower,Oilseeds,['Oil Seeds'],3,6,3,780.0,Kg/Ha,Yield
West Bengal,Purba Bardhaman,2023,2023-24,5,Final Estimate,3,Summer,20,Sunflower,Oilseeds,['Oil Seeds'],3,6,3,5.0,Ha,Area
West Bengal,Purba Bardhaman,2023,2023-24,5,Final Estimate,3,Summer,20,Sunflower,Oilseeds,['Oil Seeds'],3,6,3,3.9,Tonnes,Production
West Bengal,Purba Bardhaman,2022,2022-23,5,Final Estimate,99999,Total,20,Sunflower,Oilseeds,['Oil Seeds'],3,6,99999,1000.0,Kg/Ha,Yield
West Bengal,Purba Bardhaman,2022,2022-23,5,Final Estimate,99999,Total,20,Sunflower,Oilseeds,['Oil Seeds'],3,6,99999,2.0,Ha,Area
West Bengal,Purba Bardhaman,2022,2022-23,5,Final Estimate,99999,Total,20,Sunflower,Oilseeds,['Oil Seeds'],3,6,99999,2.0,Tonnes,Production
West Bengal,Purba Bardhaman,2023,2023-24,5,Final Estimate,99999,Total,20,Sunflower,Oilseeds,['Oil Seeds'],3,6,99999,3.9,Tonnes,Production
West Bengal,Purba Bardhaman,2023,2023-24,5,Final Estimate,99999,Total,20,Sunflower,Oilseeds,['Oil Seeds'],3,6,99999,5.0,Ha,Area
West Bengal,Purba Bardhaman,2023,2023-24,5,Final Estimate,99999,Total,20,Sunflower,Oilseeds,['Oil Seeds'],3,6,99999,780.0,Kg/Ha,Yield
West Bengal,Purba Bardhaman,2022,2022-23,5,Final Estimate,2,Rabi,21,Rapeseed & Mustard,Oilseeds,['Oil Seeds'],3,7,2,31279.0,Ha,Area
West Bengal,Purba Bardhaman,2023,2023-24,5,Final Estimate,2,Rabi,21,Rapeseed & Mustard,Oilseeds,['Oil Seeds'],3,7,2,1122.0,Kg/Ha,Yield
West Bengal,Purba Bardhaman,2022,2022-23,5,Final Estimate,2,Rabi,21,Rapeseed & Mustard,Oilseeds,['Oil Seeds'],3,7,2,33160.0,Tonnes,Production
West Bengal,Purba Bardhaman,2022,2022-23,5,Final Estimate,2,Rabi,21,Rapeseed & Mustard,Oilseeds,['Oil Seeds'],3,7,2,1060.0,Kg/Ha,Yield
West Bengal,Purba Bardhaman,2023,2023-24,5,Final Estimate,2,Rabi,21,Rapeseed & Mustard,Oilseeds,['Oil Seeds'],3,7,2,30523.0,Ha,Area
West Bengal,Purba Bardhaman,2023,2023-24,5,Final Estimate,2,Rabi,21,Rapeseed & Mustard,Oilseeds,['Oil Seeds'],3,7,2,34240.64,Tonnes,Production
West Bengal,Purba Bardhaman,2023,2023-24,5,Final Estimate,99999,Total,21,Rapeseed & Mustard,Oilseeds,['Oil Seeds'],3,7,99999,34240.64,Tonnes,Production
West Bengal,Purba Bardhaman,2022,2022-23,5,Final Estimate,99999,Total,21,Rapeseed & Mustard,Oilseeds,['Oil Seeds'],3,7,99999,1060.0,Kg/Ha,Yield
West Bengal,Purba Bardhaman,2022,2022-23,5,Final Estimate,99999,Total,21,Rapeseed & Mustard,Oilseeds,['Oil Seeds'],3,7,99999,31279.0,Ha,Area
West Bengal,Purba Bardhaman,2022,2022-23,5,Final Estimate,99999,Total,21,Rapeseed & Mustard,Oilseeds,['Oil Seeds'],3,7,99999,33160.0,Tonnes,Production
West Bengal,Purba Bardhaman,2023,2023-24,5,Final Estimate,99999,Total,21,Rapeseed & Mustard,Oilseeds,['Oil Seeds'],3,7,99999,1122.0,Kg/Ha,Yield
West Bengal,Purba Bardhaman,2023,2023-24,5,Final Estimate,99999,Total,21,Rapeseed & Mustard,Oilseeds,['Oil Seeds'],3,7,99999,30523.0,Ha,Area
West Bengal,Purba Bardhaman,2022,2022-23,5,Final Estimate,2,Rabi,22,Linseed,Oilseeds,['Oil Seeds'],3,8,2,49.0,Ha,Area
West Bengal,Purba Bardhaman,2022,2022-23,5,Final Estimate,2,Rabi,22,Linseed,Oilseeds,['Oil Seeds'],3,8,2,16.0,Tonnes,Production
West Bengal,Purba Bardhaman,2022,2022-23,5,Final Estimate,2,Rabi,22,Linseed,Oilseeds,['Oil Seeds'],3,8,2,327.0,Kg/Ha,Yield
West Bengal,Purba Bardhaman,2022,2022-23,5,Final Estimate,99999,Total,22,Linseed,Oilseeds,['Oil Seeds'],3,8,99999,327.0,Kg/Ha,Yield
West Bengal,Purba Bardhaman,2022,2022-23,5,Final Estimate,99999,Total,22,Linseed,Oilseeds,['Oil Seeds'],3,8,99999,49.0,Ha,Area
West Bengal,Purba Bardhaman,2022,2022-23,5,Final Estimate,99999,Total,22,Linseed,Oilseeds,['Oil Seeds'],3,8,99999,16.0,Tonnes,Production
West Bengal,Purba Bardhaman,2023,2023-24,5,Final Estimate,99999,Total,999,Total Oil Seeds,Oilseeds,['Oil Seeds'],3,999,99999,1089.0,Kg/Ha,Yield
West Bengal,Purba Bardhaman,2022,2022-23,5,Final Estimate,99999,Total,999,Total Oil Seeds,Oilseeds,['Oil Seeds'],3,999,99999,55389.0,Ha,Area
West Bengal,Purba Bardhaman,2023,2023-24,5,Final Estimate,99999,Total,999,Total Oil Seeds,Oilseeds,['Oil Seeds'],3,999,99999,63326.41,Tonnes,Production
West Bengal,Purba Bardhaman,2023,2023-24,5,Final Estimate,99999,Total,999,Total Oil Seeds,Oilseeds,['Oil Seeds'],3,999,99999,58154.85,Ha,Area
West Bengal,Purba Bardhaman,2022,2022-23,5,Final Estimate,99999,Total,999,Total Oil Seeds,Oilseeds,['Oil Seeds'],3,999,99999,55387.0,Tonnes,Production
West Bengal,Purba Bardhaman,2022,2022-23,5,Final Estimate,99999,Total,999,Total Oil Seeds,Oilseeds,['Oil Seeds'],3,999,99999,1000.0,Kg/Ha,Yield
West Bengal,Purba Bardhaman,2023,2023-24,5,Final Estimate,1,Kharif,28,Sugarcane,Commercial Crops,['Commercial Crops'],4,1001,1,73384.0,Kg/Ha,Yield
West Bengal,Purba Bardhaman,2022,2022-23,5,Final Estimate,1,Kharif,28,Sugarcane,Commercial Crops,['Commercial Crops'],4,1001,1,122971.0,Tonnes,Production
West Bengal,Purba Bardhaman,2022,2022-23,5,Final Estimate,1,Kharif,28,Sugarcane,Commercial Crops,['Commercial Crops'],4,1001,1,76143.0,Kg/Ha,Yield
West Bengal,Purba Bardhaman,2022,2022-23,5,Final Estimate,1,Kharif,28,Sugarcane,Commercial Crops,['Commercial Crops'],4,1001,1,1615.0,Ha,Area
West Bengal,Purba Bardhaman,2023,2023-24,5,Final Estimate,1,Kharif,28,Sugarcane,Commercial Crops,['Commercial Crops'],4,1001,1,1519.0,Ha,Area
West Bengal,Purba Bardhaman,2023,2023-24,5,Final Estimate,1,Kharif,28,Sugarcane,Commercial Crops,['Commercial Crops'],4,1001,1,111470.77,Tonnes,Production
West Bengal,Purba Bardhaman,2023,2023-24,5,Final Estimate,99999,Total,28,Sugarcane,Commercial Crops,['Commercial Crops'],4,1001,99999,1519.0,Ha,Area
West Bengal,Purba Bardhaman,2023,2023-24,5,Final Estimate,99999,Total,28,Sugarcane,Commercial Crops,['Commercial Crops'],4,1001,99999,111470.77,Tonnes,Production
West Bengal,Purba Bardhaman,2022,2022-23,5,Final Estimate,99999,Total,28,Sugarcane,Commercial Crops,['Commercial Crops'],4,1001,99999,1615.0,Ha,Area
West Bengal,Purba Bardhaman,2022,2022-23,5,Final Estimate,99999,Total,28,Sugarcane,Commercial Crops,['Commercial Crops'],4,1001,99999,76143.0,Kg/Ha,Yield
West Bengal,Purba Bardhaman,2022,2022-23,5,Final Estimate,99999,Total,28,Sugarcane,Commercial Crops,['Commercial Crops'],4,1001,99999,122971.0,Tonnes,Production
West Bengal,Purba Bardhaman,2023,2023-24,5,Final Estimate,99999,Total,28,Sugarcane,Commercial Crops,['Commercial Crops'],4,1001,99999,73384.0,Kg/Ha,Yield
West Bengal,Purba Bardhaman,2022,2022-23,5,Final Estimate,1,Kharif,26,Jute,Commercial Crops,['Commercial Crops'],4,1003,1,224388.0,Tonnes,Production
West Bengal,Purba Bardhaman,2023,2023-24,5,Final Estimate,1,Kharif,26,Jute,Commercial Crops,['Commercial Crops'],4,1003,1,3880.0,Kg/Ha,Yield
West Bengal,Purba Bardhaman,2023,2023-24,5,Final Estimate,1,Kharif,26,Jute,Commercial Crops,['Commercial Crops'],4,1003,1,10308.0,Ha,Area
West Bengal,Purba Bardhaman,2023,2023-24,5,Final Estimate,1,Kharif,26,Jute,Commercial Crops,['Commercial Crops'],4,1003,1,222213.3,Tonnes,Production
West Bengal,Purba Bardhaman,2022,2022-23,5,Final Estimate,1,Kharif,26,Jute,Commercial Crops,['Commercial Crops'],4,1003,1,3666.0,Kg/Ha,Yield
West Bengal,Purba Bardhaman,2022,2022-23,5,Final Estimate,1,Kharif,26,Jute,Commercial Crops,['Commercial Crops'],4,1003,1,11018.0,Ha,Area
West Bengal,Purba Bardhaman,2023,2023-24,5,Final Estimate,99999,Total,26,Jute,Commercial Crops,['Commercial Crops'],4,1003,99999,222213.3,Tonnes,Production
West Bengal,Purba Bardhaman,2022,2022-23,5,Final Estimate,99999,Total,26,Jute,Commercial Crops,['Commercial Crops'],4,1003,99999,224388.0,Tonnes,Production
West Bengal,Purba Bardhaman,2022,2022-23,5,Final Estimate,99999,Total,26,Jute,Commercial Crops,['Commercial Crops'],4,1003,99999,11018.0,Ha,Area
West Bengal,Purba Bardhaman,2022,2022-23,5,Final Estimate,99999,Total,26,Jute,Commercial Crops,['Commercial Crops'],4,1003,99999,3666.0,Kg/Ha,Yield
West Bengal,Purba Bardhaman,2023,2023-24,5,Final Estimate,99999,Total,26,Jute,Commercial Crops,['Commercial Crops'],4,1003,99999,3880.0,Kg/Ha,Yield
West Bengal,Purba Bardhaman,2023,2023-24,5,Final Estimate,99999,Total,26,Jute,Commercial Crops,['Commercial Crops'],4,1003,99999,10308.0,Ha,Area
West Bengal,Purba Bardhaman,2023,2023-24,5,Final Estimate,1,Kharif,27,Mesta,Commercial Crops,['Commercial Crops'],4,1004,1,1246.9,Tonnes,Production
West Bengal,Purba Bardhaman,2023,2023-24,5,Final Estimate,1,Kharif,27,Mesta,Commercial Crops,['Commercial Crops'],4,1004,1,2580.0,Kg/Ha,Yield
West Bengal,Purba Bardhaman,2022,2022-23,5,Final Estimate,1,Kharif,27,Mesta,Commercial Crops,['Commercial Crops'],4,1004,1,1346.0,Tonnes,Production
West Bengal,Purba Bardhaman,2022,2022-23,5,Final Estimate,1,Kharif,27,Mesta,Commercial Crops,['Commercial Crops'],4,1004,1,95.0,Ha,Area
West Bengal,Purba Bardhaman,2022,2022-23,5,Final Estimate,1,Kharif,27,Mesta,Commercial Crops,['Commercial Crops'],4,1004,1,2550.0,Kg/Ha,Yield
West Bengal,Purba Bardhaman,2023,2023-24,5,Final Estimate,1,Kharif,27,Mesta,Commercial Crops,['Commercial Crops'],4,1004,1,87.0,Ha,Area
West Bengal,Purba Bardhaman,2022,2022-23,5,Final Estimate,99999,Total,27,Mesta,Commercial Crops,['Commercial Crops'],4,1004,99999,95.0,Ha,Area
West Bengal,Purba Bardhaman,2023,2023-24,5,Final Estimate,99999,Total,27,Mesta,Commercial Crops,['Commercial Crops'],4,1004,99999,87.0,Ha,Area
West Bengal,Purba Bardhaman,2023,2023-24,5,Final Estimate,99999,Total,27,Mesta,Commercial Crops,['Commercial Crops'],4,1004,99999,1246.9,Tonnes,Production
West Bengal,Purba Bardhaman,2023,2023-24,5,Final Estimate,99999,Total,27,Mesta,Commercial Crops,['Commercial Crops'],4,1004,99999,2580.0,Kg/Ha,Yield
West Bengal,Purba Bardhaman,2022,2022-23,5,Final Estimate,99999,Total,27,Mesta,Commercial Crops,['Commercial Crops'],4,1004,99999,1346.0,Tonnes,Production
West Bengal,Purba Bardhaman,2022,2022-23,5,Final Estimate,99999,Total,27,Mesta,Commercial Crops,['Commercial Crops'],4,1004,99999,2550.0,Kg/Ha,Yield
West Bengal,Purba Bardhaman,2023,2023-24,5,Final Estimate,1,Kharif,1999,Jute & Mesta,Commercial Crops,['Commercial Crops'],4,1999,1,223460.21,Tonnes,Production
West Bengal,Purba Bardhaman,2022,2022-23,5,Final Estimate,1,Kharif,1999,Jute & Mesta,Commercial Crops,['Commercial Crops'],4,1999,1,225734.0,Tonnes,Production
West Bengal,Purba Bardhaman,2022,2022-23,5,Final Estimate,1,Kharif,1999,Jute & Mesta,Commercial Crops,['Commercial Crops'],4,1999,1,11113.0,Ha,Area
West Bengal,Purba Bardhaman,2023,2023-24,5,Final Estimate,1,Kharif,1999,Jute & Mesta,Commercial Crops,['Commercial Crops'],4,1999,1,3869.0,Kg/Ha,Yield
West Bengal,Purba Bardhaman,2023,2023-24,5,Final Estimate,1,Kharif,1999,Jute & Mesta,Commercial Crops,['Commercial Crops'],4,1999,1,10395.0,Ha,Area
West Bengal,Purba Bardhaman,2022,2022-23,5,Final Estimate,1,Kharif,1999,Jute & Mesta,Commercial Crops,['Commercial Crops'],4,1999,1,3656.0,Kg/Ha,Yield
West Bengal,Purba Bardhaman,2023,2023-24,5,Final Estimate,99999,Total,1999,Jute & Mesta,Commercial Crops,['Commercial Crops'],4,1999,99999,223460.21,Tonnes,Production
West Bengal,Purba Bardhaman,2022,2022-23,5,Final Estimate,99999,Total,1999,Jute & Mesta,Commercial Crops,['Commercial Crops'],4,1999,99999,3656.0,Kg/Ha,Yield
West Bengal,Purba Bardhaman,2022,2022-23,5,Final Estimate,99999,Total,1999,Jute & Mesta,Commercial Crops,['Commercial Crops'],4,1999,99999,11113.0,Ha,Area
West Bengal,Purba Bardhaman,2023,2023-24,5,Final Estimate,99999,Total,1999,Jute & Mesta,Commercial Crops,['Commercial Crops'],4,1999,99999,3869.0,Kg/Ha,Yield
West Bengal,Purba Bardhaman,2022,2022-23,5,Final Estimate,99999,Total,1999,Jute & Mesta,Commercial Crops,['Commercial Crops'],4,1999,99999,225734.0,Tonnes,Production
West Bengal,Purba Bardhaman,2023,2023-24,5,Final Estimate,99999,Total,1999,Jute & Mesta,Commercial Crops,['Commercial Crops'],4,1999,99999,10395.0,Ha,Area
West Bengal,Purba Medinipur,2023,2023-24,5,Final Estimate,1,Kharif,1,Rice,Food Grains,['Cereals'],1,2001,1,633472.9,Tonnes,Production
West Bengal,Purba Medinipur,2023,2023-24,5,Final Estimate,1,Kharif,1,Rice,Food Grains,['Cereals'],1,2001,1,238505.82,Ha,Area
West Bengal,Purba Medinipur,2022,2022-23,5,Final Estimate,1,Kharif,1,Rice,Food Grains,['Cereals'],1,2001,1,2206.0,Kg/Ha,Yield
West Bengal,Purba Medinipur,2022,2022-23,5,Final Estimate,1,Kharif,1,Rice,Food Grains,['Cereals'],1,2001,1,9237.0,Ha,Area
West Bengal,Purba Medinipur,2022,2022-23,5,Final Estimate,1,Kharif,1,Rice,Food Grains,['Cereals'],1,2001,1,20376.0,Tonnes,Production
West Bengal,Purba Medinipur,2023,2023-24,5,Final Estimate,1,Kharif,1,Rice,Food Grains,['Cereals'],1,2001,1,2656.0,Kg/Ha,Yield
West Bengal,Purba Medinipur,2022,2022-23,5,Final Estimate,2,Rabi,1,Rice,Food Grains,['Cereals'],1,2001,2,248152.0,Ha,Area
West Bengal,Purba Medinipur,2022,2022-23,5,Final Estimate,2,Rabi,1,Rice,Food Grains,['Cereals'],1,2001,2,685677.0,Tonnes,Production
West Bengal,Purba Medinipur,2022,2022-23,5,Final Estimate,2,Rabi,1,Rice,Food Grains,['Cereals'],1,2001,2,2763.0,Kg/Ha,Yield
West Bengal,Purba Medinipur,2023,2023-24,5,Final Estimate,3,Summer,1,Rice,Food Grains,['Cereals'],1,2001,3,502243.15,Tonnes,Production
West Bengal,Purba Medinipur,2022,2022-23,5,Final Estimate,3,Summer,1,Rice,Food Grains,['Cereals'],1,2001,3,136889.0,Ha,Area
West Bengal,Purba Medinipur,2023,2023-24,5,Final Estimate,3,Summer,1,Rice,Food Grains,['Cereals'],1,2001,3,135247.08,Ha,Area
West Bengal,Purba Medinipur,2023,2023-24,5,Final Estimate,3,Summer,1,Rice,Food Grains,['Cereals'],1,2001,3,3714.0,Kg/Ha,Yield
West Bengal,Purba Medinipur,2022,2022-23,5,Final Estimate,3,Summer,1,Rice,Food Grains,['Cereals'],1,2001,3,538009.0,Tonnes,Production
West Bengal,Purba Medinipur,2022,2022-23,5,Final Estimate,3,Summer,1,Rice,Food Grains,['Cereals'],1,2001,3,3930.0,Kg/Ha,Yield
West Bengal,Purba Medinipur,2023,2023-24,5,Final Estimate,99999,Total,1,Rice,Food Grains,['Cereals'],1,2001,99999,1135716.05,Tonnes,Production
West Bengal,Purba Medinipur,2023,2023-24,5,Final Estimate,99999,Total,1,Rice,Food Grains,['Cereals'],1,2001,99999,373752.91,Ha,Area
West Bengal,Purba Medinipur,2023,2023-24,5,Final Estimate,99999,Total,1,Rice,Food Grains,['Cereals'],1,2001,99999,3039.0,Kg/Ha,Yield
West Bengal,Purba Medinipur,2022,2022-23,5,Final Estimate,99999,Total,1,Rice,Food Grains,['Cereals'],1,2001,99999,1244062.0,Tonnes,Production
West Bengal,Purba Medinipur,2022,2022-23,5,Final Estimate,99999,Total,1,Rice,Food Grains,['Cereals'],1,2001,99999,394278.0,Ha,Area
West Bengal,Purba Medinipur,2022,2022-23,5,Final Estimate,99999,Total,1,Rice,Food Grains,['Cereals'],1,2001,99999,3155.0,Kg/Ha,Yield
West Bengal,Purba Medinipur,2023,2023-24,5,Final Estimate,1,Kharif,5,Maize,Food Grains,['Cereals'],1,3001,1,2634.0,Kg/Ha,Yield
West Bengal,Purba Medinipur,2023,2023-24,5,Final Estimate,1,Kharif,5,Maize,Food Grains,['Cereals'],1,3001,1,6.0,Ha,Area
West Bengal,Purba Medinipur,2023,2023-24,5,Final Estimate,1,Kharif,5,Maize,Food Grains,['Cereals'],1,3001,1,15.8,Tonnes,Production
West Bengal,Purba Medinipur,2022,2022-23,5,Final Estimate,3,Summer,5,Maize,Food Grains,['Cereals'],1,3001,3,161.0,Ha,Area
West Bengal,Purba Medinipur,2022,2022-23,5,Final Estimate,3,Summer,5,Maize,Food Grains,['Cereals'],1,3001,3,763.0,Tonnes,Production
West Bengal,Purba Medinipur,2022,2022-23,5,Final Estimate,3,Summer,5,Maize,Food Grains,['Cereals'],1,3001,3,4739.0,Kg/Ha,Yield
West Bengal,Purba Medinipur,2023,2023-24,5,Final Estimate,3,Summer,5,Maize,Food Grains,['Cereals'],1,3001,3,152.65,Ha,Area
West Bengal,Purba Medinipur,2023,2023-24,5,Final Estimate,3,Summer,5,Maize,Food Grains,['Cereals'],1,3001,3,752.25,Tonnes,Production
West Bengal,Purba Medinipur,2023,2023-24,5,Final Estimate,3,Summer,5,Maize,Food Grains,['Cereals'],1,3001,3,4928.0,Kg/Ha,Yield
West Bengal,Purba Medinipur,2022,2022-23,5,Final Estimate,99999,Total,5,Maize,Food Grains,['Cereals'],1,3001,99999,161.0,Ha,Area
West Bengal,Purba Medinipur,2022,2022-23,5,Final Estimate,99999,Total,5,Maize,Food Grains,['Cereals'],1,3001,99999,4739.0,Kg/Ha,Yield
West Bengal,Purba Medinipur,2022,2022-23,5,Final Estimate,99999,Total,5,Maize,Food Grains,['Cereals'],1,3001,99999,763.0,Tonnes,Production
West Bengal,Purba Medinipur,2023,2023-24,5,Final Estimate,99999,Total,5,Maize,Food Grains,['Cereals'],1,3001,99999,158.65,Ha,Area
West Bengal,Purba Medinipur,2023,2023-24,5,Final Estimate,99999,Total,5,Maize,Food Grains,['Cereals'],1,3001,99999,768.05,Tonnes,Production
West Bengal,Purba Medinipur,2023,2023-24,5,Final Estimate,99999,Total,5,Maize,Food Grains,['Cereals'],1,3001,99999,4841.0,Kg/Ha,Yield
West Bengal,Purba Medinipur,2023,2023-24,5,Final Estimate,1,Kharif,3998,Nutri/Coarse Cereals,Food Grains,['Cereals'],1,3998,1,2634.0,Kg/Ha,Yield
West Bengal,Purba Medinipur,2023,2023-24,5,Final Estimate,1,Kharif,3998,Nutri/Coarse Cereals,Food Grains,['Cereals'],1,3998,1,6.0,Ha,Area
West Bengal,Purba Medinipur,2023,2023-24,5,Final Estimate,1,Kharif,3998,Nutri/Coarse Cereals,Food Grains,['Cereals'],1,3998,1,15.8,Tonnes,Production
West Bengal,Purba Medinipur,2023,2023-24,5,Final Estimate,3,Summer,3998,Nutri/Coarse Cereals,Food Grains,['Cereals'],1,3998,3,152.65,Ha,Area
West Bengal,Purba Medinipur,2022,2022-23,5,Final Estimate,3,Summer,3998,Nutri/Coarse Cereals,Food Grains,['Cereals'],1,3998,3,161.0,Ha,Area
West Bengal,Purba Medinipur,2022,2022-23,5,Final Estimate,3,Summer,3998,Nutri/Coarse Cereals,Food Grains,['Cereals'],1,3998,3,4739.0,Kg/Ha,Yield
West Bengal,Purba Medinipur,2022,2022-23,5,Final Estimate,3,Summer,3998,Nutri/Coarse Cereals,Food Grains,['Cereals'],1,3998,3,763.0,Tonnes,Production
West Bengal,Purba Medinipur,2023,2023-24,5,Final Estimate,3,Summer,3998,Nutri/Coarse Cereals,Food Grains,['Cereals'],1,3998,3,4928.0,Kg/Ha,Yield
West Bengal,Purba Medinipur,2023,2023-24,5,Final Estimate,3,Summer,3998,Nutri/Coarse Cereals,Food Grains,['Cereals'],1,3998,3,752.25,Tonnes,Production
West Bengal,Purba Medinipur,2023,2023-24,5,Final Estimate,99999,Total,3998,Nutri/Coarse Cereals,Food Grains,['Cereals'],1,3998,99999,158.65,Ha,Area
West Bengal,Purba Medinipur,2023,2023-24,5,Final Estimate,99999,Total,3998,Nutri/Coarse Cereals,Food Grains,['Cereals'],1,3998,99999,768.05,Tonnes,Production
West Bengal,Purba Medinipur,2023,2023-24,5,Final Estimate,99999,Total,3998,Nutri/Coarse Cereals,Food Grains,['Cereals'],1,3998,99999,4841.0,Kg/Ha,Yield
West Bengal,Purba Medinipur,2022,2022-23,5,Final Estimate,99999,Total,3998,Nutri/Coarse Cereals,Food Grains,['Cereals'],1,3998,99999,161.0,Ha,Area
West Bengal,Purba Medinipur,2022,2022-23,5,Final Estimate,99999,Total,3998,Nutri/Coarse Cereals,Food Grains,['Cereals'],1,3998,99999,763.0,Tonnes,Production
West Bengal,Purba Medinipur,2022,2022-23,5,Final Estimate,99999,Total,3998,Nutri/Coarse Cereals,Food Grains,['Cereals'],1,3998,99999,4739.0,Kg/Ha,Yield
West Bengal,Purba Medinipur,2022,2022-23,5,Final Estimate,1,Kharif,3999,Cereals,Food Grains,['Cereals'],1,3999,1,20376.0,Tonnes,Production
West Bengal,Purba Medinipur,2023,2023-24,5,Final Estimate,1,Kharif,3999,Cereals,Food Grains,['Cereals'],1,3999,1,633488.7,Tonnes,Production
West Bengal,Purba Medinipur,2023,2023-24,5,Final Estimate,1,Kharif,3999,Cereals,Food Grains,['Cereals'],1,3999,1,238511.82,Ha,Area
West Bengal,Purba Medinipur,2023,2023-24,5,Final Estimate,1,Kharif,3999,Cereals,Food Grains,['Cereals'],1,3999,1,2656.0,Kg/Ha,Yield
West Bengal,Purba Medinipur,2022,2022-23,5,Final Estimate,1,Kharif,3999,Cereals,Food Grains,['Cereals'],1,3999,1,9237.0,Ha,Area
West Bengal,Purba Medinipur,2022,2022-23,5,Final Estimate,1,Kharif,3999,Cereals,Food Grains,['Cereals'],1,3999,1,2206.0,Kg/Ha,Yield
West Bengal,Purba Medinipur,2022,2022-23,5,Final Estimate,2,Rabi,3999,Cereals,Food Grains,['Cereals'],1,3999,2,2763.0,Kg/Ha,Yield
West Bengal,Purba Medinipur,2022,2022-23,5,Final Estimate,2,Rabi,3999,Cereals,Food Grains,['Cereals'],1,3999,2,685677.0,Tonnes,Production
West Bengal,Purba Medinipur,2022,2022-23,5,Final Estimate,2,Rabi,3999,Cereals,Food Grains,['Cereals'],1,3999,2,248152.0,Ha,Area
West Bengal,Purba Medinipur,2023,2023-24,5,Final Estimate,3,Summer,3999,Cereals,Food Grains,['Cereals'],1,3999,3,135399.73,Ha,Area
West Bengal,Purba Medinipur,2022,2022-23,5,Final Estimate,3,Summer,3999,Cereals,Food Grains,['Cereals'],1,3999,3,3931.0,Kg/Ha,Yield
West Bengal,Purba Medinipur,2022,2022-23,5,Final Estimate,3,Summer,3999,Cereals,Food Grains,['Cereals'],1,3999,3,137050.0,Ha,Area
West Bengal,Purba Medinipur,2022,2022-23,5,Final Estimate,3,Summer,3999,Cereals,Food Grains,['Cereals'],1,3999,3,538772.0,Tonnes,Production
West Bengal,Purba Medinipur,2023,2023-24,5,Final Estimate,3,Summer,3999,Cereals,Food Grains,['Cereals'],1,3999,3,3715.0,Kg/Ha,Yield
West Bengal,Purba Medinipur,2023,2023-24,5,Final Estimate,3,Summer,3999,Cereals,Food Grains,['Cereals'],1,3999,3,502995.4,Tonnes,Production
West Bengal,Purba Medinipur,2022,2022-23,5,Final Estimate,99999,Total,3999,Cereals,Food Grains,['Cereals'],1,3999,99999,1244825.0,Tonnes,Production
West Bengal,Purba Medinipur,2023,2023-24,5,Final Estimate,99999,Total,3999,Cereals,Food Grains,['Cereals'],1,3999,99999,1136484.1,Tonnes,Production
West Bengal,Purba Medinipur,2023,2023-24,5,Final Estimate,99999,Total,3999,Cereals,Food Grains,['Cereals'],1,3999,99999,373911.55,Ha,Area
West Bengal,Purba Medinipur,2023,2023-24,5,Final Estimate,99999,Total,3999,Cereals,Food Grains,['Cereals'],1,3999,99999,3039.0,Kg/Ha,Yield
West Bengal,Purba Medinipur,2022,2022-23,5,Final Estimate,99999,Total,3999,Cereals,Food Grains,['Cereals'],1,3999,99999,3156.0,Kg/Ha,Yield
West Bengal,Purba Medinipur,2022,2022-23,5,Final Estimate,99999,Total,3999,Cereals,Food Grains,['Cereals'],1,3999,99999,394439.0,Ha,Area
West Bengal,Purba Medinipur,2022,2022-23,5,Final Estimate,2,Rabi,10,Gram,Food Grains,['Pulses'],2,4002,2,519.0,Ha,Area
West Bengal,Purba Medinipur,2022,2022-23,5,Final Estimate,2,Rabi,10,Gram,Food Grains,['Pulses'],2,4002,2,1468.0,Kg/Ha,Yield
West Bengal,Purba Medinipur,2022,2022-23,5,Final Estimate,2,Rabi,10,Gram,Food Grains,['Pulses'],2,4002,2,762.0,Tonnes,Production
West Bengal,Purba Medinipur,2023,2023-24,5,Final Estimate,2,Rabi,10,Gram,Food Grains,['Pulses'],2,4002,2,459.0,Ha,Area
West Bengal,Purba Medinipur,2023,2023-24,5,Final Estimate,2,Rabi,10,Gram,Food Grains,['Pulses'],2,4002,2,1228.0,Kg/Ha,Yield
West Bengal,Purba Medinipur,2023,2023-24,5,Final Estimate,2,Rabi,10,Gram,Food Grains,['Pulses'],2,4002,2,563.45,Tonnes,Production
West Bengal,Purba Medinipur,2022,2022-23,5,Final Estimate,99999,Total,10,Gram,Food Grains,['Pulses'],2,4002,99999,762.0,Tonnes,Production
West Bengal,Purba Medinipur,2023,2023-24,5,Final Estimate,99999,Total,10,Gram,Food Grains,['Pulses'],2,4002,99999,1228.0,Kg/Ha,Yield
West Bengal,Purba Medinipur,2023,2023-24,5,Final Estimate,99999,Total,10,Gram,Food Grains,['Pulses'],2,4002,99999,563.45,Tonnes,Production
West Bengal,Purba Medinipur,2023,2023-24,5,Final Estimate,99999,Total,10,Gram,Food Grains,['Pulses'],2,4002,99999,459.0,Ha,Area
West Bengal,Purba Medinipur,2022,2022-23,5,Final Estimate,99999,Total,10,Gram,Food Grains,['Pulses'],2,4002,99999,519.0,Ha,Area
West Bengal,Purba Medinipur,2022,2022-23,5,Final Estimate,99999,Total,10,Gram,Food Grains,['Pulses'],2,4002,99999,1468.0,Kg/Ha,Yield
West Bengal,Purba Medinipur,2023,2023-24,5,Final Estimate,1,Kharif,11,Urad,Food Grains,['Pulses'],2,4003,1,512.79,Tonnes,Production
West Bengal,Purba Medinipur,2022,2022-23,5,Final Estimate,1,Kharif,11,Urad,Food Grains,['Pulses'],2,4003,1,481.0,Kg/Ha,Yield
West Bengal,Purba Medinipur,2022,2022-23,5,Final Estimate,1,Kharif,11,Urad,Food Grains,['Pulses'],2,4003,1,984.0,Ha,Area
West Bengal,Purba Medinipur,2022,2022-23,5,Final Estimate,1,Kharif,11,Urad,Food Grains,['Pulses'],2,4003,1,473.0,Tonnes,Production
West Bengal,Purba Medinipur,2023,2023-24,5,Final Estimate,1,Kharif,11,Urad,Food Grains,['Pulses'],2,4003,1,506.0,Kg/Ha,Yield
West Bengal,Purba Medinipur,2023,2023-24,5,Final Estimate,1,Kharif,11,Urad,Food Grains,['Pulses'],2,4003,1,1013.0,Ha,Area
West Bengal,Purba Medinipur,2022,2022-23,5,Final Estimate,99999,Total,11,Urad,Food Grains,['Pulses'],2,4003,99999,481.0,Kg/Ha,Yield
West Bengal,Purba Medinipur,2022,2022-23,5,Final Estimate,99999,Total,11,Urad,Food Grains,['Pulses'],2,4003,99999,984.0,Ha,Area
West Bengal,Purba Medinipur,2023,2023-24,5,Final Estimate,99999,Total,11,Urad,Food Grains,['Pulses'],2,4003,99999,1013.0,Ha,Area
West Bengal,Purba Medinipur,2023,2023-24,5,Final Estimate,99999,Total,11,Urad,Food Grains,['Pulses'],2,4003,99999,506.0,Kg/Ha,Yield
West Bengal,Purba Medinipur,2023,2023-24,5,Final Estimate,99999,Total,11,Urad,Food Grains,['Pulses'],2,4003,99999,512.79,Tonnes,Production
West Bengal,Purba Medinipur,2022,2022-23,5,Final Estimate,99999,Total,11,Urad,Food Grains,['Pulses'],2,4003,99999,473.0,Tonnes,Production
West Bengal,Purba Medinipur,2023,2023-24,5,Final Estimate,3,Summer,12,Moong,Food Grains,['Pulses'],2,4004,3,1186.0,Kg/Ha,Yield
West Bengal,Purba Medinipur,2022,2022-23,5,Final Estimate,3,Summer,12,Moong,Food Grains,['Pulses'],2,4004,3,2674.0,Tonnes,Production
West Bengal,Purba Medinipur,2022,2022-23,5,Final Estimate,3,Summer,12,Moong,Food Grains,['Pulses'],2,4004,3,1857.0,Ha,Area
West Bengal,Purba Medinipur,2022,2022-23,5,Final Estimate,3,Summer,12,Moong,Food Grains,['Pulses'],2,4004,3,1440.0,Kg/Ha,Yield
West Bengal,Purba Medinipur,2023,2023-24,5,Final Estimate,3,Summer,12,Moong,Food Grains,['Pulses'],2,4004,3,1951.93,Tonnes,Production
West Bengal,Purba Medinipur,2023,2023-24,5,Final Estimate,3,Summer,12,Moong,Food Grains,['Pulses'],2,4004,3,1646.0,Ha,Area
West Bengal,Purba Medinipur,2022,2022-23,5,Final Estimate,99999,Total,12,Moong,Food Grains,['Pulses'],2,4004,99999,1440.0,Kg/Ha,Yield
West Bengal,Purba Medinipur,2022,2022-23,5,Final Estimate,99999,Total,12,Moong,Food Grains,['Pulses'],2,4004,99999,1857.0,Ha,Area
West Bengal,Purba Medinipur,2023,2023-24,5,Final Estimate,99999,Total,12,Moong,Food Grains,['Pulses'],2,4004,99999,1951.93,Tonnes,Production
West Bengal,Purba Medinipur,2023,2023-24,5,Final Estimate,99999,Total,12,Moong,Food Grains,['Pulses'],2,4004,99999,1646.0,Ha,Area
West Bengal,Purba Medinipur,2022,2022-23,5,Final Estimate,99999,Total,12,Moong,Food Grains,['Pulses'],2,4004,99999,2674.0,Tonnes,Production
West Bengal,Purba Medinipur,2023,2023-24,5,Final Estimate,99999,Total,12,Moong,Food Grains,['Pulses'],2,4004,99999,1186.0,Kg/Ha,Yield
West Bengal,Purba Medinipur,2023,2023-24,5,Final Estimate,2,Rabi,13,Lentil,Food Grains,['Pulses'],2,4005,2,1068.45,Tonnes,Production
West Bengal,Purba Medinipur,2023,2023-24,5,Final Estimate,2,Rabi,13,Lentil,Food Grains,['Pulses'],2,4005,2,2136.0,Ha,Area
West Bengal,Purba Medinipur,2022,2022-23,5,Final Estimate,2,Rabi,13,Lentil,Food Grains,['Pulses'],2,4005,2,1354.0,Kg/Ha,Yield
West Bengal,Purba Medinipur,2023,2023-24,5,Final Estimate,2,Rabi,13,Lentil,Food Grains,['Pulses'],2,4005,2,500.0,Kg/Ha,Yield
West Bengal,Purba Medinipur,2022,2022-23,5,Final Estimate,2,Rabi,13,Lentil,Food Grains,['Pulses'],2,4005,2,2718.0,Tonnes,Production
West Bengal,Purba Medinipur,2022,2022-23,5,Final Estimate,2,Rabi,13,Lentil,Food Grains,['Pulses'],2,4005,2,2007.0,Ha,Area
West Bengal,Purba Medinipur,2022,2022-23,5,Final Estimate,99999,Total,13,Lentil,Food Grains,['Pulses'],2,4005,99999,1354.0,Kg/Ha,Yield
West Bengal,Purba Medinipur,2022,2022-23,5,Final Estimate,99999,Total,13,Lentil,Food Grains,['Pulses'],2,4005,99999,2718.0,Tonnes,Production
West Bengal,Purba Medinipur,2022,2022-23,5,Final Estimate,99999,Total,13,Lentil,Food Grains,['Pulses'],2,4005,99999,2007.0,Ha,Area
West Bengal,Purba Medinipur,2023,2023-24,5,Final Estimate,99999,Total,13,Lentil,Food Grains,['Pulses'],2,4005,99999,1068.45,Tonnes,Production
West Bengal,Purba Medinipur,2023,2023-24,5,Final Estimate,99999,Total,13,Lentil,Food Grains,['Pulses'],2,4005,99999,500.0,Kg/Ha,Yield
West Bengal,Purba Medinipur,2023,2023-24,5,Final Estimate,99999,Total,13,Lentil,Food Grains,['Pulses'],2,4005,99999,2136.0,Ha,Area
West Bengal,Purba Medinipur,2022,2022-23,5,Final Estimate,2,Rabi,14,Other Pulses,Food Grains,['Pulses'],2,4006,2,1128.0,Kg/Ha,Yield
West Bengal,Purba Medinipur,2022,2022-23,5,Final Estimate,2,Rabi,14,Other Pulses,Food Grains,['Pulses'],2,4006,2,15565.0,Tonnes,Production
West Bengal,Purba Medinipur,2022,2022-23,5,Final Estimate,2,Rabi,14,Other Pulses,Food Grains,['Pulses'],2,4006,2,13795.0,Ha,Area
West Bengal,Purba Medinipur,2023,2023-24,5,Final Estimate,2,Rabi,14,Other Pulses,Food Grains,['Pulses'],2,4006,2,13775.0,Ha,Area
West Bengal,Purba Medinipur,2023,2023-24,5,Final Estimate,2,Rabi,14,Other Pulses,Food Grains,['Pulses'],2,4006,2,12334.06,Tonnes,Production
West Bengal,Purba Medinipur,2023,2023-24,5,Final Estimate,2,Rabi,14,Other Pulses,Food Grains,['Pulses'],2,4006,2,895.0,Kg/Ha,Yield
West Bengal,Purba Medinipur,2022,2022-23,5,Final Estimate,99999,Total,14,Other Pulses,Food Grains,['Pulses'],2,4006,99999,1128.0,Kg/Ha,Yield
West Bengal,Purba Medinipur,2023,2023-24,5,Final Estimate,99999,Total,14,Other Pulses,Food Grains,['Pulses'],2,4006,99999,12334.06,Tonnes,Production
West Bengal,Purba Medinipur,2023,2023-24,5,Final Estimate,99999,Total,14,Other Pulses,Food Grains,['Pulses'],2,4006,99999,13775.0,Ha,Area
West Bengal,Purba Medinipur,2023,2023-24,5,Final Estimate,99999,Total,14,Other Pulses,Food Grains,['Pulses'],2,4006,99999,895.0,Kg/Ha,Yield
West Bengal,Purba Medinipur,2022,2022-23,5,Final Estimate,99999,Total,14,Other Pulses,Food Grains,['Pulses'],2,4006,99999,15565.0,Tonnes,Production
West Bengal,Purba Medinipur,2022,2022-23,5,Final Estimate,99999,Total,14,Other Pulses,Food Grains,['Pulses'],2,4006,99999,13795.0,Ha,Area
West Bengal,Purba Medinipur,2023,2023-24,5,Final Estimate,99999,Total,4998,Total Pulses,Food Grains,['Pulses'],2,4998,99999,863.0,Kg/Ha,Yield
West Bengal,Purba Medinipur,2023,2023-24,5,Final Estimate,99999,Total,4998,Total Pulses,Food Grains,['Pulses'],2,4998,99999,19029.0,Ha,Area
West Bengal,Purba Medinipur,2022,2022-23,5,Final Estimate,99999,Total,4998,Total Pulses,Food Grains,['Pulses'],2,4998,99999,1158.0,Kg/Ha,Yield
West Bengal,Purba Medinipur,2022,2022-23,5,Final Estimate,99999,Total,4998,Total Pulses,Food Grains,['Pulses'],2,4998,99999,19162.0,Ha,Area
West Bengal,Purba Medinipur,2022,2022-23,5,Final Estimate,99999,Total,4998,Total Pulses,Food Grains,['Pulses'],2,4998,99999,22192.0,Tonnes,Production
West Bengal,Purba Medinipur,2023,2023-24,5,Final Estimate,99999,Total,4998,Total Pulses,Food Grains,['Pulses'],2,4998,99999,16430.68,Tonnes,Production
West Bengal,Purba Medinipur,2023,2023-24,5,Final Estimate,1,Kharif,4999,Total Food Grains,Food Grains,"['Cereals', 'Pulses']",2,4999,1,634001.49,Tonnes,Production
West Bengal,Purba Medinipur,2022,2022-23,5,Final Estimate,1,Kharif,4999,Total Food Grains,Food Grains,"['Cereals', 'Pulses']",2,4999,1,20849.0,Tonnes,Production
West Bengal,Purba Medinipur,2023,2023-24,5,Final Estimate,1,Kharif,4999,Total Food Grains,Food Grains,"['Cereals', 'Pulses']",2,4999,1,2647.0,Kg/Ha,Yield
West Bengal,Purba Medinipur,2022,2022-23,5,Final Estimate,1,Kharif,4999,Total Food Grains,Food Grains,"['Cereals', 'Pulses']",2,4999,1,2040.0,Kg/Ha,Yield
West Bengal,Purba Medinipur,2022,2022-23,5,Final Estimate,1,Kharif,4999,Total Food Grains,Food Grains,"['Cereals', 'Pulses']",2,4999,1,10221.0,Ha,Area
West Bengal,Purba Medinipur,2023,2023-24,5,Final Estimate,1,Kharif,4999,Total Food Grains,Food Grains,"['Cereals', 'Pulses']",2,4999,1,239524.82,Ha,Area
West Bengal,Purba Medinipur,2023,2023-24,5,Final Estimate,2,Rabi,4999,Total Food Grains,Food Grains,['Pulses'],2,4999,2,853.0,Kg/Ha,Yield
West Bengal,Purba Medinipur,2022,2022-23,5,Final Estimate,2,Rabi,4999,Total Food Grains,Food Grains,"['Cereals', 'Pulses']",2,4999,2,2665.0,Kg/Ha,Yield
West Bengal,Purba Medinipur,2022,2022-23,5,Final Estimate,2,Rabi,4999,Total Food Grains,Food Grains,"['Cereals', 'Pulses']",2,4999,2,704722.0,Tonnes,Production
West Bengal,Purba Medinipur,2023,2023-24,5,Final Estimate,2,Rabi,4999,Total Food Grains,Food Grains,['Pulses'],2,4999,2,16370.0,Ha,Area
West Bengal,Purba Medinipur,2022,2022-23,5,Final Estimate,2,Rabi,4999,Total Food Grains,Food Grains,"['Cereals', 'Pulses']",2,4999,2,264473.0,Ha,Area
West Bengal,Purba Medinipur,2023,2023-24,5,Final Estimate,2,Rabi,4999,Total Food Grains,Food Grains,['Pulses'],2,4999,2,13965.96,Tonnes,Production
West Bengal,Purba Medinipur,2022,2022-23,5,Final Estimate,3,Summer,4999,Total Food Grains,Food Grains,"['Cereals', 'Pulses']",2,4999,3,3898.0,Kg/Ha,Yield
West Bengal,Purba Medinipur,2023,2023-24,5,Final Estimate,3,Summer,4999,Total Food Grains,Food Grains,"['Cereals', 'Pulses']",2,4999,3,137045.73,Ha,Area
West Bengal,Purba Medinipur,2023,2023-24,5,Final Estimate,3,Summer,4999,Total Food Grains,Food Grains,"['Cereals', 'Pulses']",2,4999,3,3685.0,Kg/Ha,Yield
West Bengal,Purba Medinipur,2023,2023-24,5,Final Estimate,3,Summer,4999,Total Food Grains,Food Grains,"['Cereals', 'Pulses']",2,4999,3,504947.33,Tonnes,Production
West Bengal,Purba Medinipur,2022,2022-23,5,Final Estimate,3,Summer,4999,Total Food Grains,Food Grains,"['Cereals', 'Pulses']",2,4999,3,541446.0,Tonnes,Production
West Bengal,Purba Medinipur,2022,2022-23,5,Final Estimate,3,Summer,4999,Total Food Grains,Food Grains,"['Cereals', 'Pulses']",2,4999,3,138907.0,Ha,Area
West Bengal,Purba Medinipur,2023,2023-24,5,Final Estimate,99999,Total,4999,Total Food Grains,Food Grains,"['Cereals', 'Pulses']",2,4999,99999,1152914.78,Tonnes,Production
West Bengal,Purba Medinipur,2022,2022-23,5,Final Estimate,99999,Total,4999,Total Food Grains,Food Grains,"['Cereals', 'Pulses']",2,4999,99999,1267017.0,Tonnes,Production
West Bengal,Purba Medinipur,2022,2022-23,5,Final Estimate,99999,Total,4999,Total Food Grains,Food Grains,"['Cereals', 'Pulses']",2,4999,99999,413601.0,Ha,Area
West Bengal,Purba Medinipur,2022,2022-23,5,Final Estimate,99999,Total,4999,Total Food Grains,Food Grains,"['Cereals', 'Pulses']",2,4999,99999,3063.0,Kg/Ha,Yield
West Bengal,Purba Medinipur,2023,2023-24,5,Final Estimate,99999,Total,4999,Total Food Grains,Food Grains,"['Cereals', 'Pulses']",2,4999,99999,2934.0,Kg/Ha,Yield
West Bengal,Purba Medinipur,2023,2023-24,5,Final Estimate,99999,Total,4999,Total Food Grains,Food Grains,"['Cereals', 'Pulses']",2,4999,99999,392940.55,Ha,Area
West Bengal,Purba Medinipur,2022,2022-23,5,Final Estimate,3,Summer,15,Groundnut,Oilseeds,['Oil Seeds'],3,1,3,78778.0,Tonnes,Production
West Bengal,Purba Medinipur,2023,2023-24,5,Final Estimate,3,Summer,15,Groundnut,Oilseeds,['Oil Seeds'],3,1,3,5764.0,Kg/Ha,Yield
West Bengal,Purba Medinipur,2022,2022-23,5,Final Estimate,3,Summer,15,Groundnut,Oilseeds,['Oil Seeds'],3,1,3,5147.0,Kg/Ha,Yield
West Bengal,Purba Medinipur,2022,2022-23,5,Final Estimate,3,Summer,15,Groundnut,Oilseeds,['Oil Seeds'],3,1,3,15306.0,Ha,Area
West Bengal,Purba Medinipur,2023,2023-24,5,Final Estimate,3,Summer,15,Groundnut,Oilseeds,['Oil Seeds'],3,1,3,91546.99,Tonnes,Production
West Bengal,Purba Medinipur,2023,2023-24,5,Final Estimate,3,Summer,15,Groundnut,Oilseeds,['Oil Seeds'],3,1,3,15883.04,Ha,Area
West Bengal,Purba Medinipur,2022,2022-23,5,Final Estimate,99999,Total,15,Groundnut,Oilseeds,['Oil Seeds'],3,1,99999,5147.0,Kg/Ha,Yield
West Bengal,Purba Medinipur,2023,2023-24,5,Final Estimate,99999,Total,15,Groundnut,Oilseeds,['Oil Seeds'],3,1,99999,91546.99,Tonnes,Production
West Bengal,Purba Medinipur,2023,2023-24,5,Final Estimate,99999,Total,15,Groundnut,Oilseeds,['Oil Seeds'],3,1,99999,15883.04,Ha,Area
West Bengal,Purba Medinipur,2023,2023-24,5,Final Estimate,99999,Total,15,Groundnut,Oilseeds,['Oil Seeds'],3,1,99999,5764.0,Kg/Ha,Yield
West Bengal,Purba Medinipur,2022,2022-23,5,Final Estimate,99999,Total,15,Groundnut,Oilseeds,['Oil Seeds'],3,1,99999,78778.0,Tonnes,Production
West Bengal,Purba Medinipur,2022,2022-23,5,Final Estimate,99999,Total,15,Groundnut,Oilseeds,['Oil Seeds'],3,1,99999,15306.0,Ha,Area
West Bengal,Purba Medinipur,2023,2023-24,5,Final Estimate,3,Summer,17,Sesamum,Oilseeds,['Oil Seeds'],3,3,3,354.0,Ha,Area
West Bengal,Purba Medinipur,2022,2022-23,5,Final Estimate,3,Summer,17,Sesamum,Oilseeds,['Oil Seeds'],3,3,3,1110.0,Kg/Ha,Yield
West Bengal,Purba Medinipur,2022,2022-23,5,Final Estimate,3,Summer,17,Sesamum,Oilseeds,['Oil Seeds'],3,3,3,352.0,Tonnes,Production
West Bengal,Purba Medinipur,2022,2022-23,5,Final Estimate,3,Summer,17,Sesamum,Oilseeds,['Oil Seeds'],3,3,3,317.0,Ha,Area
West Bengal,Purba Medinipur,2023,2023-24,5,Final Estimate,3,Summer,17,Sesamum,Oilseeds,['Oil Seeds'],3,3,3,1033.0,Kg/Ha,Yield
West Bengal,Purba Medinipur,2023,2023-24,5,Final Estimate,3,Summer,17,Sesamum,Oilseeds,['Oil Seeds'],3,3,3,365.57,Tonnes,Production
West Bengal,Purba Medinipur,2023,2023-24,5,Final Estimate,99999,Total,17,Sesamum,Oilseeds,['Oil Seeds'],3,3,99999,365.57,Tonnes,Production
West Bengal,Purba Medinipur,2022,2022-23,5,Final Estimate,99999,Total,17,Sesamum,Oilseeds,['Oil Seeds'],3,3,99999,317.0,Ha,Area
West Bengal,Purba Medinipur,2022,2022-23,5,Final Estimate,99999,Total,17,Sesamum,Oilseeds,['Oil Seeds'],3,3,99999,352.0,Tonnes,Production
West Bengal,Purba Medinipur,2022,2022-23,5,Final Estimate,99999,Total,17,Sesamum,Oilseeds,['Oil Seeds'],3,3,99999,1110.0,Kg/Ha,Yield
West Bengal,Purba Medinipur,2023,2023-24,5,Final Estimate,99999,Total,17,Sesamum,Oilseeds,['Oil Seeds'],3,3,99999,1033.0,Kg/Ha,Yield
West Bengal,Purba Medinipur,2023,2023-24,5,Final Estimate,99999,Total,17,Sesamum,Oilseeds,['Oil Seeds'],3,3,99999,354.0,Ha,Area
West Bengal,Purba Medinipur,2022,2022-23,5,Final Estimate,2,Rabi,21,Rapeseed & Mustard,Oilseeds,['Oil Seeds'],3,7,2,4242.0,Ha,Area
West Bengal,Purba Medinipur,2022,2022-23,5,Final Estimate,2,Rabi,21,Rapeseed & Mustard,Oilseeds,['Oil Seeds'],3,7,2,4206.0,Tonnes,Production
West Bengal,Purba Medinipur,2022,2022-23,5,Final Estimate,2,Rabi,21,Rapeseed & Mustard,Oilseeds,['Oil Seeds'],3,7,2,992.0,Kg/Ha,Yield
West Bengal,Purba Medinipur,2023,2023-24,5,Final Estimate,2,Rabi,21,Rapeseed & Mustard,Oilseeds,['Oil Seeds'],3,7,2,4214.0,Ha,Area
West Bengal,Purba Medinipur,2023,2023-24,5,Final Estimate,2,Rabi,21,Rapeseed & Mustard,Oilseeds,['Oil Seeds'],3,7,2,4364.92,Tonnes,Production
West Bengal,Purba Medinipur,2023,2023-24,5,Final Estimate,2,Rabi,21,Rapeseed & Mustard,Oilseeds,['Oil Seeds'],3,7,2,1036.0,Kg/Ha,Yield
West Bengal,Purba Medinipur,2022,2022-23,5,Final Estimate,99999,Total,21,Rapeseed & Mustard,Oilseeds,['Oil Seeds'],3,7,99999,4206.0,Tonnes,Production
West Bengal,Purba Medinipur,2023,2023-24,5,Final Estimate,99999,Total,21,Rapeseed & Mustard,Oilseeds,['Oil Seeds'],3,7,99999,1036.0,Kg/Ha,Yield
West Bengal,Purba Medinipur,2023,2023-24,5,Final Estimate,99999,Total,21,Rapeseed & Mustard,Oilseeds,['Oil Seeds'],3,7,99999,4214.0,Ha,Area
West Bengal,Purba Medinipur,2023,2023-24,5,Final Estimate,99999,Total,21,Rapeseed & Mustard,Oilseeds,['Oil Seeds'],3,7,99999,4364.92,Tonnes,Production
West Bengal,Purba Medinipur,2022,2022-23,5,Final Estimate,99999,Total,21,Rapeseed & Mustard,Oilseeds,['Oil Seeds'],3,7,99999,4242.0,Ha,Area
West Bengal,Purba Medinipur,2022,2022-23,5,Final Estimate,99999,Total,21,Rapeseed & Mustard,Oilseeds,['Oil Seeds'],3,7,99999,992.0,Kg/Ha,Yield
West Bengal,Purba Medinipur,2022,2022-23,5,Final Estimate,99999,Total,999,Total Oil Seeds,Oilseeds,['Oil Seeds'],3,999,99999,19865.0,Ha,Area
West Bengal,Purba Medinipur,2023,2023-24,5,Final Estimate,99999,Total,999,Total Oil Seeds,Oilseeds,['Oil Seeds'],3,999,99999,96277.48,Tonnes,Production
West Bengal,Purba Medinipur,2023,2023-24,5,Final Estimate,99999,Total,999,Total Oil Seeds,Oilseeds,['Oil Seeds'],3,999,99999,20451.04,Ha,Area
West Bengal,Purba Medinipur,2022,2022-23,5,Final Estimate,99999,Total,999,Total Oil Seeds,Oilseeds,['Oil Seeds'],3,999,99999,4195.0,Kg/Ha,Yield
West Bengal,Purba Medinipur,2022,2022-23,5,Final Estimate,99999,Total,999,Total Oil Seeds,Oilseeds,['Oil Seeds'],3,999,99999,83336.0,Tonnes,Production
West Bengal,Purba Medinipur,2023,2023-24,5,Final Estimate,99999,Total,999,Total Oil Seeds,Oilseeds,['Oil Seeds'],3,999,99999,4708.0,Kg/Ha,Yield
West Bengal,Purba Medinipur,2023,2023-24,5,Final Estimate,1,Kharif,28,Sugarcane,Commercial Crops,['Commercial Crops'],4,1001,1,85435.0,Kg/Ha,Yield
West Bengal,Purba Medinipur,2022,2022-23,5,Final Estimate,1,Kharif,28,Sugarcane,Commercial Crops,['Commercial Crops'],4,1001,1,6601.0,Tonnes,Production
West Bengal,Purba Medinipur,2022,2022-23,5,Final Estimate,1,Kharif,28,Sugarcane,Commercial Crops,['Commercial Crops'],4,1001,1,92.0,Ha,Area
West Bengal,Purba Medinipur,2022,2022-23,5,Final Estimate,1,Kharif,28,Sugarcane,Commercial Crops,['Commercial Crops'],4,1001,1,71750.0,Kg/Ha,Yield
West Bengal,Purba Medinipur,2023,2023-24,5,Final Estimate,1,Kharif,28,Sugarcane,Commercial Crops,['Commercial Crops'],4,1001,1,14011.4,Tonnes,Production
West Bengal,Purba Medinipur,2023,2023-24,5,Final Estimate,1,Kharif,28,Sugarcane,Commercial Crops,['Commercial Crops'],4,1001,1,164.0,Ha,Area
West Bengal,Purba Medinipur,2023,2023-24,5,Final Estimate,99999,Total,28,Sugarcane,Commercial Crops,['Commercial Crops'],4,1001,99999,164.0,Ha,Area
West Bengal,Purba Medinipur,2023,2023-24,5,Final Estimate,99999,Total,28,Sugarcane,Commercial Crops,['Commercial Crops'],4,1001,99999,85435.0,Kg/Ha,Yield
West Bengal,Purba Medinipur,2023,2023-24,5,Final Estimate,99999,Total,28,Sugarcane,Commercial Crops,['Commercial Crops'],4,1001,99999,14011.4,Tonnes,Production
West Bengal,Purba Medinipur,2022,2022-23,5,Final Estimate,99999,Total,28,Sugarcane,Commercial Crops,['Commercial Crops'],4,1001,99999,92.0,Ha,Area
West Bengal,Purba Medinipur,2022,2022-23,5,Final Estimate,99999,Total,28,Sugarcane,Commercial Crops,['Commercial Crops'],4,1001,99999,6601.0,Tonnes,Production
West Bengal,Purba Medinipur,2022,2022-23,5,Final Estimate,99999,Total,28,Sugarcane,Commercial Crops,['Commercial Crops'],4,1001,99999,71750.0,Kg/Ha,Yield
West Bengal,Purba Medinipur,2023,2023-24,5,Final Estimate,1,Kharif,26,Jute,Commercial Crops,['Commercial Crops'],4,1003,1,123.0,Ha,Area
West Bengal,Purba Medinipur,2022,2022-23,5,Final Estimate,1,Kharif,26,Jute,Commercial Crops,['Commercial Crops'],4,1003,1,3197.0,Kg/Ha,Yield
West Bengal,Purba Medinipur,2022,2022-23,5,Final Estimate,1,Kharif,26,Jute,Commercial Crops,['Commercial Crops'],4,1003,1,2327.0,Tonnes,Production
West Bengal,Purba Medinipur,2022,2022-23,5,Final Estimate,1,Kharif,26,Jute,Commercial Crops,['Commercial Crops'],4,1003,1,131.0,Ha,Area
West Bengal,Purba Medinipur,2023,2023-24,5,Final Estimate,1,Kharif,26,Jute,Commercial Crops,['Commercial Crops'],4,1003,1,3016.0,Kg/Ha,Yield
West Bengal,Purba Medinipur,2023,2023-24,5,Final Estimate,1,Kharif,26,Jute,Commercial Crops,['Commercial Crops'],4,1003,1,2061.23,Tonnes,Production
West Bengal,Purba Medinipur,2023,2023-24,5,Final Estimate,99999,Total,26,Jute,Commercial Crops,['Commercial Crops'],4,1003,99999,2061.23,Tonnes,Production
West Bengal,Purba Medinipur,2022,2022-23,5,Final Estimate,99999,Total,26,Jute,Commercial Crops,['Commercial Crops'],4,1003,99999,3197.0,Kg/Ha,Yield
West Bengal,Purba Medinipur,2022,2022-23,5,Final Estimate,99999,Total,26,Jute,Commercial Crops,['Commercial Crops'],4,1003,99999,2327.0,Tonnes,Production
West Bengal,Purba Medinipur,2022,2022-23,5,Final Estimate,99999,Total,26,Jute,Commercial Crops,['Commercial Crops'],4,1003,99999,131.0,Ha,Area
West Bengal,Purba Medinipur,2023,2023-24,5,Final Estimate,99999,Total,26,Jute,Commercial Crops,['Commercial Crops'],4,1003,99999,123.0,Ha,Area
West Bengal,Purba Medinipur,2023,2023-24,5,Final Estimate,99999,Total,26,Jute,Commercial Crops,['Commercial Crops'],4,1003,99999,3016.0,Kg/Ha,Yield
West Bengal,Purba Medinipur,2023,2023-24,5,Final Estimate,1,Kharif,1999,Jute & Mesta,Commercial Crops,['Commercial Crops'],4,1999,1,2061.23,Tonnes,Production
West Bengal,Purba Medinipur,2023,2023-24,5,Final Estimate,1,Kharif,1999,Jute & Mesta,Commercial Crops,['Commercial Crops'],4,1999,1,123.0,Ha,Area
West Bengal,Purba Medinipur,2022,2022-23,5,Final Estimate,1,Kharif,1999,Jute & Mesta,Commercial Crops,['Commercial Crops'],4,1999,1,131.0,Ha,Area
West Bengal,Purba Medinipur,2022,2022-23,5,Final Estimate,1,Kharif,1999,Jute & Mesta,Commercial Crops,['Commercial Crops'],4,1999,1,2327.0,Tonnes,Production
West Bengal,Purba Medinipur,2022,2022-23,5,Final Estimate,1,Kharif,1999,Jute & Mesta,Commercial Crops,['Commercial Crops'],4,1999,1,3197.0,Kg/Ha,Yield
West Bengal,Purba Medinipur,2023,2023-24,5,Final Estimate,1,Kharif,1999,Jute & Mesta,Commercial Crops,['Commercial Crops'],4,1999,1,3016.0,Kg/Ha,Yield
West Bengal,Purba Medinipur,2023,2023-24,5,Final Estimate,99999,Total,1999,Jute & Mesta,Commercial Crops,['Commercial Crops'],4,1999,99999,3016.0,Kg/Ha,Yield
West Bengal,Purba Medinipur,2022,2022-23,5,Final Estimate,99999,Total,1999,Jute & Mesta,Commercial Crops,['Commercial Crops'],4,1999,99999,3197.0,Kg/Ha,Yield
West Bengal,Purba Medinipur,2022,2022-23,5,Final Estimate,99999,Total,1999,Jute & Mesta,Commercial Crops,['Commercial Crops'],4,1999,99999,2327.0,Tonnes,Production
West Bengal,Purba Medinipur,2022,2022-23,5,Final Estimate,99999,Total,1999,Jute & Mesta,Commercial Crops,['Commercial Crops'],4,1999,99999,131.0,Ha,Area
West Bengal,Purba Medinipur,2023,2023-24,5,Final Estimate,99999,Total,1999,Jute & Mesta,Commercial Crops,['Commercial Crops'],4,1999,99999,123.0,Ha,Area
West Bengal,Purba Medinipur,2023,2023-24,5,Final Estimate,99999,Total,1999,Jute & Mesta,Commercial Crops,['Commercial Crops'],4,1999,99999,2061.23,Tonnes,Production
West Bengal,Purulia,2023,2023-24,5,Final Estimate,1,Kharif,1,Rice,Food Grains,['Cereals'],1,2001,1,2055.0,Kg/Ha,Yield
West Bengal,Purulia,2023,2023-24,5,Final Estimate,1,Kharif,1,Rice,Food Grains,['Cereals'],1,2001,1,190873.05,Ha,Area
West Bengal,Purulia,2023,2023-24,5,Final Estimate,1,Kharif,1,Rice,Food Grains,['Cereals'],1,2001,1,392201.8,Tonnes,Production
West Bengal,Purulia,2022,2022-23,5,Final Estimate,1,Kharif,1,Rice,Food Grains,['Cereals'],1,2001,1,414.0,Tonnes,Production
West Bengal,Purulia,2022,2022-23,5,Final Estimate,1,Kharif,1,Rice,Food Grains,['Cereals'],1,2001,1,2706.0,Kg/Ha,Yield
West Bengal,Purulia,2022,2022-23,5,Final Estimate,1,Kharif,1,Rice,Food Grains,['Cereals'],1,2001,1,153.0,Ha,Area
West Bengal,Purulia,2022,2022-23,5,Final Estimate,2,Rabi,1,Rice,Food Grains,['Cereals'],1,2001,2,248051.0,Ha,Area
West Bengal,Purulia,2022,2022-23,5,Final Estimate,2,Rabi,1,Rice,Food Grains,['Cereals'],1,2001,2,590199.0,Tonnes,Production
West Bengal,Purulia,2022,2022-23,5,Final Estimate,2,Rabi,1,Rice,Food Grains,['Cereals'],1,2001,2,2379.0,Kg/Ha,Yield
West Bengal,Purulia,2023,2023-24,5,Final Estimate,3,Summer,1,Rice,Food Grains,['Cereals'],1,2001,3,2258.29,Tonnes,Production
West Bengal,Purulia,2022,2022-23,5,Final Estimate,3,Summer,1,Rice,Food Grains,['Cereals'],1,2001,3,1989.0,Tonnes,Production
West Bengal,Purulia,2022,2022-23,5,Final Estimate,3,Summer,1,Rice,Food Grains,['Cereals'],1,2001,3,667.0,Ha,Area
West Bengal,Purulia,2023,2023-24,5,Final Estimate,3,Summer,1,Rice,Food Grains,['Cereals'],1,2001,3,2923.0,Kg/Ha,Yield
West Bengal,Purulia,2022,2022-23,5,Final Estimate,3,Summer,1,Rice,Food Grains,['Cereals'],1,2001,3,2982.0,Kg/Ha,Yield
West Bengal,Purulia,2023,2023-24,5,Final Estimate,3,Summer,1,Rice,Food Grains,['Cereals'],1,2001,3,772.65,Ha,Area
West Bengal,Purulia,2022,2022-23,5,Final Estimate,99999,Total,1,Rice,Food Grains,['Cereals'],1,2001,99999,592602.0,Tonnes,Production
West Bengal,Purulia,2022,2022-23,5,Final Estimate,99999,Total,1,Rice,Food Grains,['Cereals'],1,2001,99999,248871.0,Ha,Area
West Bengal,Purulia,2022,2022-23,5,Final Estimate,99999,Total,1,Rice,Food Grains,['Cereals'],1,2001,99999,2381.0,Kg/Ha,Yield
West Bengal,Purulia,2023,2023-24,5,Final Estimate,99999,Total,1,Rice,Food Grains,['Cereals'],1,2001,99999,2058.0,Kg/Ha,Yield
West Bengal,Purulia,2023,2023-24,5,Final Estimate,99999,Total,1,Rice,Food Grains,['Cereals'],1,2001,99999,191645.7,Ha,Area
West Bengal,Purulia,2023,2023-24,5,Final Estimate,99999,Total,1,Rice,Food Grains,['Cereals'],1,2001,99999,394460.1,Tonnes,Production
West Bengal,Purulia,2023,2023-24,5,Final Estimate,2,Rabi,2,Wheat,Food Grains,['Cereals'],1,2002,2,106.0,Ha,Area
West Bengal,Purulia,2022,2022-23,5,Final Estimate,2,Rabi,2,Wheat,Food Grains,['Cereals'],1,2002,2,2450.0,Kg/Ha,Yield
West Bengal,Purulia,2022,2022-23,5,Final Estimate,2,Rabi,2,Wheat,Food Grains,['Cereals'],1,2002,2,784.0,Tonnes,Production
West Bengal,Purulia,2022,2022-23,5,Final Estimate,2,Rabi,2,Wheat,Food Grains,['Cereals'],1,2002,2,320.0,Ha,Area
West Bengal,Purulia,2023,2023-24,5,Final Estimate,2,Rabi,2,Wheat,Food Grains,['Cereals'],1,2002,2,2374.0,Kg/Ha,Yield
West Bengal,Purulia,2023,2023-24,5,Final Estimate,2,Rabi,2,Wheat,Food Grains,['Cereals'],1,2002,2,251.66,Tonnes,Production
West Bengal,Purulia,2022,2022-23,5,Final Estimate,99999,Total,2,Wheat,Food Grains,['Cereals'],1,2002,99999,320.0,Ha,Area
West Bengal,Purulia,2022,2022-23,5,Final Estimate,99999,Total,2,Wheat,Food Grains,['Cereals'],1,2002,99999,2450.0,Kg/Ha,Yield
West Bengal,Purulia,2022,2022-23,5,Final Estimate,99999,Total,2,Wheat,Food Grains,['Cereals'],1,2002,99999,784.0,Tonnes,Production
West Bengal,Purulia,2023,2023-24,5,Final Estimate,99999,Total,2,Wheat,Food Grains,['Cereals'],1,2002,99999,106.0,Ha,Area
West Bengal,Purulia,2023,2023-24,5,Final Estimate,99999,Total,2,Wheat,Food Grains,['Cereals'],1,2002,99999,251.66,Tonnes,Production
West Bengal,Purulia,2023,2023-24,5,Final Estimate,99999,Total,2,Wheat,Food Grains,['Cereals'],1,2002,99999,2374.0,Kg/Ha,Yield
West Bengal,Purulia,2022,2022-23,5,Final Estimate,1,Kharif,5,Maize,Food Grains,['Cereals'],1,3001,1,16473.0,Tonnes,Production
West Bengal,Purulia,2023,2023-24,5,Final Estimate,1,Kharif,5,Maize,Food Grains,['Cereals'],1,3001,1,11237.05,Tonnes,Production
West Bengal,Purulia,2022,2022-23,5,Final Estimate,1,Kharif,5,Maize,Food Grains,['Cereals'],1,3001,1,2467.0,Kg/Ha,Yield
West Bengal,Purulia,2022,2022-23,5,Final Estimate,1,Kharif,5,Maize,Food Grains,['Cereals'],1,3001,1,6676.0,Ha,Area
West Bengal,Purulia,2023,2023-24,5,Final Estimate,1,Kharif,5,Maize,Food Grains,['Cereals'],1,3001,1,1918.0,Kg/Ha,Yield
West Bengal,Purulia,2023,2023-24,5,Final Estimate,1,Kharif,5,Maize,Food Grains,['Cereals'],1,3001,1,5858.84,Ha,Area
West Bengal,Purulia,2022,2022-23,5,Final Estimate,2,Rabi,5,Maize,Food Grains,['Cereals'],1,3001,2,1751.0,Kg/Ha,Yield
West Bengal,Purulia,2023,2023-24,5,Final Estimate,2,Rabi,5,Maize,Food Grains,['Cereals'],1,3001,2,7270.0,Kg/Ha,Yield
West Bengal,Purulia,2023,2023-24,5,Final Estimate,2,Rabi,5,Maize,Food Grains,['Cereals'],1,3001,2,668.84,Tonnes,Production
West Bengal,Purulia,2022,2022-23,5,Final Estimate,2,Rabi,5,Maize,Food Grains,['Cereals'],1,3001,2,296.0,Tonnes,Production
West Bengal,Purulia,2023,2023-24,5,Final Estimate,2,Rabi,5,Maize,Food Grains,['Cereals'],1,3001,2,92.0,Ha,Area
West Bengal,Purulia,2022,2022-23,5,Final Estimate,2,Rabi,5,Maize,Food Grains,['Cereals'],1,3001,2,169.0,Ha,Area
West Bengal,Purulia,2023,2023-24,5,Final Estimate,3,Summer,5,Maize,Food Grains,['Cereals'],1,3001,3,419.97,Tonnes,Production
West Bengal,Purulia,2023,2023-24,5,Final Estimate,3,Summer,5,Maize,Food Grains,['Cereals'],1,3001,3,211.07,Ha,Area
West Bengal,Purulia,2022,2022-23,5,Final Estimate,3,Summer,5,Maize,Food Grains,['Cereals'],1,3001,3,1979.0,Kg/Ha,Yield
West Bengal,Purulia,2022,2022-23,5,Final Estimate,3,Summer,5,Maize,Food Grains,['Cereals'],1,3001,3,473.0,Tonnes,Production
West Bengal,Purulia,2022,2022-23,5,Final Estimate,3,Summer,5,Maize,Food Grains,['Cereals'],1,3001,3,239.0,Ha,Area
West Bengal,Purulia,2023,2023-24,5,Final Estimate,3,Summer,5,Maize,Food Grains,['Cereals'],1,3001,3,1990.0,Kg/Ha,Yield
West Bengal,Purulia,2022,2022-23,5,Final Estimate,99999,Total,5,Maize,Food Grains,['Cereals'],1,3001,99999,7084.0,Ha,Area
West Bengal,Purulia,2022,2022-23,5,Final Estimate,99999,Total,5,Maize,Food Grains,['Cereals'],1,3001,99999,17242.0,Tonnes,Production
West Bengal,Purulia,2022,2022-23,5,Final Estimate,99999,Total,5,Maize,Food Grains,['Cereals'],1,3001,99999,2434.0,Kg/Ha,Yield
West Bengal,Purulia,2023,2023-24,5,Final Estimate,99999,Total,5,Maize,Food Grains,['Cereals'],1,3001,99999,2000.0,Kg/Ha,Yield
West Bengal,Purulia,2023,2023-24,5,Final Estimate,99999,Total,5,Maize,Food Grains,['Cereals'],1,3001,99999,6161.91,Ha,Area
West Bengal,Purulia,2023,2023-24,5,Final Estimate,99999,Total,5,Maize,Food Grains,['Cereals'],1,3001,99999,12325.87,Tonnes,Production
West Bengal,Purulia,2022,2022-23,5,Final Estimate,1,Kharif,3,Jowar,Food Grains,['Cereals'],1,3003,1,517.0,Kg/Ha,Yield
West Bengal,Purulia,2022,2022-23,5,Final Estimate,1,Kharif,3,Jowar,Food Grains,['Cereals'],1,3003,1,60.0,Ha,Area
West Bengal,Purulia,2022,2022-23,5,Final Estimate,1,Kharif,3,Jowar,Food Grains,['Cereals'],1,3003,1,31.0,Tonnes,Production
West Bengal,Purulia,2023,2023-24,5,Final Estimate,1,Kharif,3,Jowar,Food Grains,['Cereals'],1,3003,1,24.86,Tonnes,Production
West Bengal,Purulia,2023,2023-24,5,Final Estimate,1,Kharif,3,Jowar,Food Grains,['Cereals'],1,3003,1,50.0,Ha,Area
West Bengal,Purulia,2023,2023-24,5,Final Estimate,1,Kharif,3,Jowar,Food Grains,['Cereals'],1,3003,1,497.0,Kg/Ha,Yield
West Bengal,Purulia,2023,2023-24,5,Final Estimate,99999,Total,3,Jowar,Food Grains,['Cereals'],1,3003,99999,50.0,Ha,Area
West Bengal,Purulia,2022,2022-23,5,Final Estimate,99999,Total,3,Jowar,Food Grains,['Cereals'],1,3003,99999,517.0,Kg/Ha,Yield
West Bengal,Purulia,2022,2022-23,5,Final Estimate,99999,Total,3,Jowar,Food Grains,['Cereals'],1,3003,99999,60.0,Ha,Area
West Bengal,Purulia,2022,2022-23,5,Final Estimate,99999,Total,3,Jowar,Food Grains,['Cereals'],1,3003,99999,31.0,Tonnes,Production
West Bengal,Purulia,2023,2023-24,5,Final Estimate,99999,Total,3,Jowar,Food Grains,['Cereals'],1,3003,99999,497.0,Kg/Ha,Yield
West Bengal,Purulia,2023,2023-24,5,Final Estimate,99999,Total,3,Jowar,Food Grains,['Cereals'],1,3003,99999,24.86,Tonnes,Production
West Bengal,Purulia,2022,2022-23,5,Final Estimate,1,Kharif,4,Bajra,Food Grains,['Cereals'],1,3004,1,30.0,Tonnes,Production
West Bengal,Purulia,2023,2023-24,5,Final Estimate,1,Kharif,4,Bajra,Food Grains,['Cereals'],1,3004,1,65.0,Ha,Area
West Bengal,Purulia,2023,2023-24,5,Final Estimate,1,Kharif,4,Bajra,Food Grains,['Cereals'],1,3004,1,26.65,Tonnes,Production
West Bengal,Purulia,2022,2022-23,5,Final Estimate,1,Kharif,4,Bajra,Food Grains,['Cereals'],1,3004,1,70.0,Ha,Area
West Bengal,Purulia,2022,2022-23,5,Final Estimate,1,Kharif,4,Bajra,Food Grains,['Cereals'],1,3004,1,429.0,Kg/Ha,Yield
West Bengal,Purulia,2023,2023-24,5,Final Estimate,1,Kharif,4,Bajra,Food Grains,['Cereals'],1,3004,1,410.0,Kg/Ha,Yield
West Bengal,Purulia,2023,2023-24,5,Final Estimate,99999,Total,4,Bajra,Food Grains,['Cereals'],1,3004,99999,26.65,Tonnes,Production
West Bengal,Purulia,2023,2023-24,5,Final Estimate,99999,Total,4,Bajra,Food Grains,['Cereals'],1,3004,99999,410.0,Kg/Ha,Yield
West Bengal,Purulia,2022,2022-23,5,Final Estimate,99999,Total,4,Bajra,Food Grains,['Cereals'],1,3004,99999,429.0,Kg/Ha,Yield
West Bengal,Purulia,2022,2022-23,5,Final Estimate,99999,Total,4,Bajra,Food Grains,['Cereals'],1,3004,99999,30.0,Tonnes,Production
West Bengal,Purulia,2022,2022-23,5,Final Estimate,99999,Total,4,Bajra,Food Grains,['Cereals'],1,3004,99999,70.0,Ha,Area
West Bengal,Purulia,2023,2023-24,5,Final Estimate,99999,Total,4,Bajra,Food Grains,['Cereals'],1,3004,99999,65.0,Ha,Area
West Bengal,Purulia,2022,2022-23,5,Final Estimate,1,Kharif,6,Ragi,Food Grains,['Cereals'],1,3005,1,26.0,Tonnes,Production
West Bengal,Purulia,2022,2022-23,5,Final Estimate,1,Kharif,6,Ragi,Food Grains,['Cereals'],1,3005,1,448.0,Kg/Ha,Yield
West Bengal,Purulia,2022,2022-23,5,Final Estimate,1,Kharif,6,Ragi,Food Grains,['Cereals'],1,3005,1,58.0,Ha,Area
West Bengal,Purulia,2023,2023-24,5,Final Estimate,1,Kharif,6,Ragi,Food Grains,['Cereals'],1,3005,1,389.93,Tonnes,Production
West Bengal,Purulia,2023,2023-24,5,Final Estimate,1,Kharif,6,Ragi,Food Grains,['Cereals'],1,3005,1,600.0,Ha,Area
West Bengal,Purulia,2023,2023-24,5,Final Estimate,1,Kharif,6,Ragi,Food Grains,['Cereals'],1,3005,1,650.0,Kg/Ha,Yield
West Bengal,Purulia,2022,2022-23,5,Final Estimate,99999,Total,6,Ragi,Food Grains,['Cereals'],1,3005,99999,448.0,Kg/Ha,Yield
West Bengal,Purulia,2022,2022-23,5,Final Estimate,99999,Total,6,Ragi,Food Grains,['Cereals'],1,3005,99999,26.0,Tonnes,Production
West Bengal,Purulia,2022,2022-23,5,Final Estimate,99999,Total,6,Ragi,Food Grains,['Cereals'],1,3005,99999,58.0,Ha,Area
West Bengal,Purulia,2023,2023-24,5,Final Estimate,99999,Total,6,Ragi,Food Grains,['Cereals'],1,3005,99999,389.93,Tonnes,Production
West Bengal,Purulia,2023,2023-24,5,Final Estimate,99999,Total,6,Ragi,Food Grains,['Cereals'],1,3005,99999,600.0,Ha,Area
West Bengal,Purulia,2023,2023-24,5,Final Estimate,99999,Total,6,Ragi,Food Grains,['Cereals'],1,3005,99999,650.0,Kg/Ha,Yield
West Bengal,Purulia,2022,2022-23,5,Final Estimate,1,Kharif,8,Small Millets,Food Grains,['Cereals'],1,3006,1,192.0,Tonnes,Production
West Bengal,Purulia,2023,2023-24,5,Final Estimate,1,Kharif,8,Small Millets,Food Grains,['Cereals'],1,3006,1,450.0,Ha,Area
West Bengal,Purulia,2023,2023-24,5,Final Estimate,1,Kharif,8,Small Millets,Food Grains,['Cereals'],1,3006,1,424.0,Kg/Ha,Yield
West Bengal,Purulia,2023,2023-24,5,Final Estimate,1,Kharif,8,Small Millets,Food Grains,['Cereals'],1,3006,1,190.68,Tonnes,Production
West Bengal,Purulia,2022,2022-23,5,Final Estimate,1,Kharif,8,Small Millets,Food Grains,['Cereals'],1,3006,1,490.0,Ha,Area
West Bengal,Purulia,2022,2022-23,5,Final Estimate,1,Kharif,8,Small Millets,Food Grains,['Cereals'],1,3006,1,392.0,Kg/Ha,Yield
West Bengal,Purulia,2022,2022-23,5,Final Estimate,99999,Total,8,Small Millets,Food Grains,['Cereals'],1,3006,99999,490.0,Ha,Area
West Bengal,Purulia,2023,2023-24,5,Final Estimate,99999,Total,8,Small Millets,Food Grains,['Cereals'],1,3006,99999,424.0,Kg/Ha,Yield
West Bengal,Purulia,2023,2023-24,5,Final Estimate,99999,Total,8,Small Millets,Food Grains,['Cereals'],1,3006,99999,450.0,Ha,Area
West Bengal,Purulia,2022,2022-23,5,Final Estimate,99999,Total,8,Small Millets,Food Grains,['Cereals'],1,3006,99999,192.0,Tonnes,Production
West Bengal,Purulia,2023,2023-24,5,Final Estimate,99999,Total,8,Small Millets,Food Grains,['Cereals'],1,3006,99999,190.68,Tonnes,Production
West Bengal,Purulia,2022,2022-23,5,Final Estimate,99999,Total,8,Small Millets,Food Grains,['Cereals'],1,3006,99999,392.0,Kg/Ha,Yield
West Bengal,Purulia,2022,2022-23,5,Final Estimate,1,Kharif,3997,Shree Anna /Nutri Cereals,Food Grains,['Cereals'],1,3997,1,678.0,Ha,Area
West Bengal,Purulia,2023,2023-24,5,Final Estimate,1,Kharif,3997,Shree Anna /Nutri Cereals,Food Grains,['Cereals'],1,3997,1,632.13,Tonnes,Production
West Bengal,Purulia,2023,2023-24,5,Final Estimate,1,Kharif,3997,Shree Anna /Nutri Cereals,Food Grains,['Cereals'],1,3997,1,543.0,Kg/Ha,Yield
West Bengal,Purulia,2022,2022-23,5,Final Estimate,1,Kharif,3997,Shree Anna /Nutri Cereals,Food Grains,['Cereals'],1,3997,1,412.0,Kg/Ha,Yield
West Bengal,Purulia,2022,2022-23,5,Final Estimate,1,Kharif,3997,Shree Anna /Nutri Cereals,Food Grains,['Cereals'],1,3997,1,279.0,Tonnes,Production
West Bengal,Purulia,2023,2023-24,5,Final Estimate,1,Kharif,3997,Shree Anna /Nutri Cereals,Food Grains,['Cereals'],1,3997,1,1165.0,Ha,Area
West Bengal,Purulia,2022,2022-23,5,Final Estimate,99999,Total,3997,Shree Anna /Nutri Cereals,Food Grains,['Cereals'],1,3997,99999,279.0,Tonnes,Production
West Bengal,Purulia,2023,2023-24,5,Final Estimate,99999,Total,3997,Shree Anna /Nutri Cereals,Food Grains,['Cereals'],1,3997,99999,543.0,Kg/Ha,Yield
West Bengal,Purulia,2023,2023-24,5,Final Estimate,99999,Total,3997,Shree Anna /Nutri Cereals,Food Grains,['Cereals'],1,3997,99999,632.13,Tonnes,Production
West Bengal,Purulia,2023,2023-24,5,Final Estimate,99999,Total,3997,Shree Anna /Nutri Cereals,Food Grains,['Cereals'],1,3997,99999,1165.0,Ha,Area
West Bengal,Purulia,2022,2022-23,5,Final Estimate,99999,Total,3997,Shree Anna /Nutri Cereals,Food Grains,['Cereals'],1,3997,99999,678.0,Ha,Area
West Bengal,Purulia,2022,2022-23,5,Final Estimate,99999,Total,3997,Shree Anna /Nutri Cereals,Food Grains,['Cereals'],1,3997,99999,412.0,Kg/Ha,Yield
West Bengal,Purulia,2023,2023-24,5,Final Estimate,1,Kharif,3998,Nutri/Coarse Cereals,Food Grains,['Cereals'],1,3998,1,1690.0,Kg/Ha,Yield
West Bengal,Purulia,2023,2023-24,5,Final Estimate,1,Kharif,3998,Nutri/Coarse Cereals,Food Grains,['Cereals'],1,3998,1,11869.18,Tonnes,Production
West Bengal,Purulia,2022,2022-23,5,Final Estimate,1,Kharif,3998,Nutri/Coarse Cereals,Food Grains,['Cereals'],1,3998,1,2278.0,Kg/Ha,Yield
West Bengal,Purulia,2022,2022-23,5,Final Estimate,1,Kharif,3998,Nutri/Coarse Cereals,Food Grains,['Cereals'],1,3998,1,7354.0,Ha,Area
West Bengal,Purulia,2022,2022-23,5,Final Estimate,1,Kharif,3998,Nutri/Coarse Cereals,Food Grains,['Cereals'],1,3998,1,16752.0,Tonnes,Production
West Bengal,Purulia,2023,2023-24,5,Final Estimate,1,Kharif,3998,Nutri/Coarse Cereals,Food Grains,['Cereals'],1,3998,1,7023.84,Ha,Area
West Bengal,Purulia,2022,2022-23,5,Final Estimate,2,Rabi,3998,Nutri/Coarse Cereals,Food Grains,['Cereals'],1,3998,2,169.0,Ha,Area
West Bengal,Purulia,2022,2022-23,5,Final Estimate,2,Rabi,3998,Nutri/Coarse Cereals,Food Grains,['Cereals'],1,3998,2,1751.0,Kg/Ha,Yield
West Bengal,Purulia,2023,2023-24,5,Final Estimate,2,Rabi,3998,Nutri/Coarse Cereals,Food Grains,['Cereals'],1,3998,2,7270.0,Kg/Ha,Yield
West Bengal,Purulia,2022,2022-23,5,Final Estimate,2,Rabi,3998,Nutri/Coarse Cereals,Food Grains,['Cereals'],1,3998,2,296.0,Tonnes,Production
West Bengal,Purulia,2023,2023-24,5,Final Estimate,2,Rabi,3998,Nutri/Coarse Cereals,Food Grains,['Cereals'],1,3998,2,92.0,Ha,Area
West Bengal,Purulia,2023,2023-24,5,Final Estimate,2,Rabi,3998,Nutri/Coarse Cereals,Food Grains,['Cereals'],1,3998,2,668.84,Tonnes,Production
West Bengal,Purulia,2022,2022-23,5,Final Estimate,3,Summer,3998,Nutri/Coarse Cereals,Food Grains,['Cereals'],1,3998,3,239.0,Ha,Area
West Bengal,Purulia,2023,2023-24,5,Final Estimate,3,Summer,3998,Nutri/Coarse Cereals,Food Grains,['Cereals'],1,3998,3,1990.0,Kg/Ha,Yield
West Bengal,Purulia,2023,2023-24,5,Final Estimate,3,Summer,3998,Nutri/Coarse Cereals,Food Grains,['Cereals'],1,3998,3,419.97,Tonnes,Production
West Bengal,Purulia,2023,2023-24,5,Final Estimate,3,Summer,3998,Nutri/Coarse Cereals,Food Grains,['Cereals'],1,3998,3,211.07,Ha,Area
West Bengal,Purulia,2022,2022-23,5,Final Estimate,3,Summer,3998,Nutri/Coarse Cereals,Food Grains,['Cereals'],1,3998,3,1979.0,Kg/Ha,Yield
West Bengal,Purulia,2022,2022-23,5,Final Estimate,3,Summer,3998,Nutri/Coarse Cereals,Food Grains,['Cereals'],1,3998,3,473.0,Tonnes,Production
West Bengal,Purulia,2022,2022-23,5,Final Estimate,99999,Total,3998,Nutri/Coarse Cereals,Food Grains,['Cereals'],1,3998,99999,2257.0,Kg/Ha,Yield
West Bengal,Purulia,2023,2023-24,5,Final Estimate,99999,Total,3998,Nutri/Coarse Cereals,Food Grains,['Cereals'],1,3998,99999,12957.99,Tonnes,Production
West Bengal,Purulia,2023,2023-24,5,Final Estimate,99999,Total,3998,Nutri/Coarse Cereals,Food Grains,['Cereals'],1,3998,99999,1769.0,Kg/Ha,Yield
West Bengal,Purulia,2023,2023-24,5,Final Estimate,99999,Total,3998,Nutri/Coarse Cereals,Food Grains,['Cereals'],1,3998,99999,7326.91,Ha,Area
West Bengal,Purulia,2022,2022-23,5,Final Estimate,99999,Total,3998,Nutri/Coarse Cereals,Food Grains,['Cereals'],1,3998,99999,17521.0,Tonnes,Production
West Bengal,Purulia,2022,2022-23,5,Final Estimate,99999,Total,3998,Nutri/Coarse Cereals,Food Grains,['Cereals'],1,3998,99999,7762.0,Ha,Area
West Bengal,Purulia,2023,2023-24,5,Final Estimate,1,Kharif,3999,Cereals,Food Grains,['Cereals'],1,3999,1,197896.89,Ha,Area
West Bengal,Purulia,2022,2022-23,5,Final Estimate,1,Kharif,3999,Cereals,Food Grains,['Cereals'],1,3999,1,2287.0,Kg/Ha,Yield
West Bengal,Purulia,2022,2022-23,5,Final Estimate,1,Kharif,3999,Cereals,Food Grains,['Cereals'],1,3999,1,7507.0,Ha,Area
West Bengal,Purulia,2022,2022-23,5,Final Estimate,1,Kharif,3999,Cereals,Food Grains,['Cereals'],1,3999,1,17166.0,Tonnes,Production
West Bengal,Purulia,2023,2023-24,5,Final Estimate,1,Kharif,3999,Cereals,Food Grains,['Cereals'],1,3999,1,2042.0,Kg/Ha,Yield
West Bengal,Purulia,2023,2023-24,5,Final Estimate,1,Kharif,3999,Cereals,Food Grains,['Cereals'],1,3999,1,404070.98,Tonnes,Production
West Bengal,Purulia,2023,2023-24,5,Final Estimate,2,Rabi,3999,Cereals,Food Grains,['Cereals'],1,3999,2,4649.0,Kg/Ha,Yield
West Bengal,Purulia,2023,2023-24,5,Final Estimate,2,Rabi,3999,Cereals,Food Grains,['Cereals'],1,3999,2,920.49,Tonnes,Production
West Bengal,Purulia,2023,2023-24,5,Final Estimate,2,Rabi,3999,Cereals,Food Grains,['Cereals'],1,3999,2,198.0,Ha,Area
West Bengal,Purulia,2022,2022-23,5,Final Estimate,2,Rabi,3999,Cereals,Food Grains,['Cereals'],1,3999,2,591279.0,Tonnes,Production
West Bengal,Purulia,2022,2022-23,5,Final Estimate,2,Rabi,3999,Cereals,Food Grains,['Cereals'],1,3999,2,2379.0,Kg/Ha,Yield
West Bengal,Purulia,2022,2022-23,5,Final Estimate,2,Rabi,3999,Cereals,Food Grains,['Cereals'],1,3999,2,248540.0,Ha,Area
West Bengal,Purulia,2022,2022-23,5,Final Estimate,3,Summer,3999,Cereals,Food Grains,['Cereals'],1,3999,3,906.0,Ha,Area
West Bengal,Purulia,2022,2022-23,5,Final Estimate,3,Summer,3999,Cereals,Food Grains,['Cereals'],1,3999,3,2462.0,Tonnes,Production
West Bengal,Purulia,2022,2022-23,5,Final Estimate,3,Summer,3999,Cereals,Food Grains,['Cereals'],1,3999,3,2717.0,Kg/Ha,Yield
West Bengal,Purulia,2023,2023-24,5,Final Estimate,3,Summer,3999,Cereals,Food Grains,['Cereals'],1,3999,3,983.72,Ha,Area
West Bengal,Purulia,2023,2023-24,5,Final Estimate,3,Summer,3999,Cereals,Food Grains,['Cereals'],1,3999,3,2678.27,Tonnes,Production
West Bengal,Purulia,2023,2023-24,5,Final Estimate,3,Summer,3999,Cereals,Food Grains,['Cereals'],1,3999,3,2723.0,Kg/Ha,Yield
West Bengal,Purulia,2023,2023-24,5,Final Estimate,99999,Total,3999,Cereals,Food Grains,['Cereals'],1,3999,99999,407669.75,Tonnes,Production
West Bengal,Purulia,2023,2023-24,5,Final Estimate,99999,Total,3999,Cereals,Food Grains,['Cereals'],1,3999,99999,199078.61,Ha,Area
West Bengal,Purulia,2023,2023-24,5,Final Estimate,99999,Total,3999,Cereals,Food Grains,['Cereals'],1,3999,99999,2048.0,Kg/Ha,Yield
West Bengal,Purulia,2022,2022-23,5,Final Estimate,99999,Total,3999,Cereals,Food Grains,['Cereals'],1,3999,99999,2378.0,Kg/Ha,Yield
West Bengal,Purulia,2022,2022-23,5,Final Estimate,99999,Total,3999,Cereals,Food Grains,['Cereals'],1,3999,99999,256953.0,Ha,Area
West Bengal,Purulia,2022,2022-23,5,Final Estimate,99999,Total,3999,Cereals,Food Grains,['Cereals'],1,3999,99999,610907.0,Tonnes,Production
West Bengal,Purulia,2022,2022-23,5,Final Estimate,2,Rabi,9,Tur,Food Grains,['Pulses'],2,4001,2,571.0,Tonnes,Production
West Bengal,Purulia,2022,2022-23,5,Final Estimate,2,Rabi,9,Tur,Food Grains,['Pulses'],2,4001,2,1258.0,Kg/Ha,Yield
West Bengal,Purulia,2022,2022-23,5,Final Estimate,2,Rabi,9,Tur,Food Grains,['Pulses'],2,4001,2,454.0,Ha,Area
West Bengal,Purulia,2022,2022-23,5,Final Estimate,99999,Total,9,Tur,Food Grains,['Pulses'],2,4001,99999,571.0,Tonnes,Production
West Bengal,Purulia,2022,2022-23,5,Final Estimate,99999,Total,9,Tur,Food Grains,['Pulses'],2,4001,99999,454.0,Ha,Area
West Bengal,Purulia,2022,2022-23,5,Final Estimate,99999,Total,9,Tur,Food Grains,['Pulses'],2,4001,99999,1258.0,Kg/Ha,Yield
West Bengal,Purulia,2023,2023-24,5,Final Estimate,2,Rabi,10,Gram,Food Grains,['Pulses'],2,4002,2,4041.0,Ha,Area
West Bengal,Purulia,2023,2023-24,5,Final Estimate,2,Rabi,10,Gram,Food Grains,['Pulses'],2,4002,2,1098.0,Kg/Ha,Yield
West Bengal,Purulia,2022,2022-23,5,Final Estimate,2,Rabi,10,Gram,Food Grains,['Pulses'],2,4002,2,3158.0,Ha,Area
West Bengal,Purulia,2022,2022-23,5,Final Estimate,2,Rabi,10,Gram,Food Grains,['Pulses'],2,4002,2,1454.0,Kg/Ha,Yield
West Bengal,Purulia,2022,2022-23,5,Final Estimate,2,Rabi,10,Gram,Food Grains,['Pulses'],2,4002,2,4593.0,Tonnes,Production
West Bengal,Purulia,2023,2023-24,5,Final Estimate,2,Rabi,10,Gram,Food Grains,['Pulses'],2,4002,2,4435.45,Tonnes,Production
West Bengal,Purulia,2022,2022-23,5,Final Estimate,99999,Total,10,Gram,Food Grains,['Pulses'],2,4002,99999,1454.0,Kg/Ha,Yield
West Bengal,Purulia,2023,2023-24,5,Final Estimate,99999,Total,10,Gram,Food Grains,['Pulses'],2,4002,99999,1098.0,Kg/Ha,Yield
West Bengal,Purulia,2022,2022-23,5,Final Estimate,99999,Total,10,Gram,Food Grains,['Pulses'],2,4002,99999,3158.0,Ha,Area
West Bengal,Purulia,2023,2023-24,5,Final Estimate,99999,Total,10,Gram,Food Grains,['Pulses'],2,4002,99999,4041.0,Ha,Area
West Bengal,Purulia,2022,2022-23,5,Final Estimate,99999,Total,10,Gram,Food Grains,['Pulses'],2,4002,99999,4593.0,Tonnes,Production
West Bengal,Purulia,2023,2023-24,5,Final Estimate,99999,Total,10,Gram,Food Grains,['Pulses'],2,4002,99999,4435.45,Tonnes,Production
West Bengal,Purulia,2022,2022-23,5,Final Estimate,1,Kharif,11,Urad,Food Grains,['Pulses'],2,4003,1,10156.0,Ha,Area
West Bengal,Purulia,2022,2022-23,5,Final Estimate,1,Kharif,11,Urad,Food Grains,['Pulses'],2,4003,1,5341.0,Tonnes,Production
West Bengal,Purulia,2022,2022-23,5,Final Estimate,1,Kharif,11,Urad,Food Grains,['Pulses'],2,4003,1,526.0,Kg/Ha,Yield
West Bengal,Purulia,2023,2023-24,5,Final Estimate,1,Kharif,11,Urad,Food Grains,['Pulses'],2,4003,1,552.0,Kg/Ha,Yield
West Bengal,Purulia,2023,2023-24,5,Final Estimate,1,Kharif,11,Urad,Food Grains,['Pulses'],2,4003,1,5528.4,Tonnes,Production
West Bengal,Purulia,2023,2023-24,5,Final Estimate,1,Kharif,11,Urad,Food Grains,['Pulses'],2,4003,1,10011.0,Ha,Area
West Bengal,Purulia,2023,2023-24,5,Final Estimate,99999,Total,11,Urad,Food Grains,['Pulses'],2,4003,99999,5528.4,Tonnes,Production
West Bengal,Purulia,2022,2022-23,5,Final Estimate,99999,Total,11,Urad,Food Grains,['Pulses'],2,4003,99999,10156.0,Ha,Area
West Bengal,Purulia,2022,2022-23,5,Final Estimate,99999,Total,11,Urad,Food Grains,['Pulses'],2,4003,99999,5341.0,Tonnes,Production
West Bengal,Purulia,2022,2022-23,5,Final Estimate,99999,Total,11,Urad,Food Grains,['Pulses'],2,4003,99999,526.0,Kg/Ha,Yield
West Bengal,Purulia,2023,2023-24,5,Final Estimate,99999,Total,11,Urad,Food Grains,['Pulses'],2,4003,99999,552.0,Kg/Ha,Yield
West Bengal,Purulia,2023,2023-24,5,Final Estimate,99999,Total,11,Urad,Food Grains,['Pulses'],2,4003,99999,10011.0,Ha,Area
West Bengal,Purulia,2023,2023-24,5,Final Estimate,1,Kharif,12,Moong,Food Grains,['Pulses'],2,4004,1,358.26,Tonnes,Production
West Bengal,Purulia,2023,2023-24,5,Final Estimate,1,Kharif,12,Moong,Food Grains,['Pulses'],2,4004,1,597.0,Kg/Ha,Yield
West Bengal,Purulia,2023,2023-24,5,Final Estimate,1,Kharif,12,Moong,Food Grains,['Pulses'],2,4004,1,600.0,Ha,Area
West Bengal,Purulia,2022,2022-23,5,Final Estimate,1,Kharif,12,Moong,Food Grains,['Pulses'],2,4004,1,590.0,Kg/Ha,Yield
West Bengal,Purulia,2022,2022-23,5,Final Estimate,1,Kharif,12,Moong,Food Grains,['Pulses'],2,4004,1,416.0,Tonnes,Production
West Bengal,Purulia,2022,2022-23,5,Final Estimate,1,Kharif,12,Moong,Food Grains,['Pulses'],2,4004,1,705.0,Ha,Area
West Bengal,Purulia,2023,2023-24,5,Final Estimate,2,Rabi,12,Moong,Food Grains,['Pulses'],2,4004,2,59.66,Tonnes,Production
West Bengal,Purulia,2022,2022-23,5,Final Estimate,2,Rabi,12,Moong,Food Grains,['Pulses'],2,4004,2,92.0,Ha,Area
West Bengal,Purulia,2022,2022-23,5,Final Estimate,2,Rabi,12,Moong,Food Grains,['Pulses'],2,4004,2,62.0,Tonnes,Production
West Bengal,Purulia,2023,2023-24,5,Final Estimate,2,Rabi,12,Moong,Food Grains,['Pulses'],2,4004,2,663.0,Kg/Ha,Yield
West Bengal,Purulia,2023,2023-24,5,Final Estimate,2,Rabi,12,Moong,Food Grains,['Pulses'],2,4004,2,90.0,Ha,Area
West Bengal,Purulia,2022,2022-23,5,Final Estimate,2,Rabi,12,Moong,Food Grains,['Pulses'],2,4004,2,674.0,Kg/Ha,Yield
West Bengal,Purulia,2022,2022-23,5,Final Estimate,3,Summer,12,Moong,Food Grains,['Pulses'],2,4004,3,639.0,Ha,Area
West Bengal,Purulia,2023,2023-24,5,Final Estimate,3,Summer,12,Moong,Food Grains,['Pulses'],2,4004,3,755.0,Ha,Area
West Bengal,Purulia,2023,2023-24,5,Final Estimate,3,Summer,12,Moong,Food Grains,['Pulses'],2,4004,3,1235.84,Tonnes,Production
West Bengal,Purulia,2023,2023-24,5,Final Estimate,3,Summer,12,Moong,Food Grains,['Pulses'],2,4004,3,1637.0,Kg/Ha,Yield
West Bengal,Purulia,2022,2022-23,5,Final Estimate,3,Summer,12,Moong,Food Grains,['Pulses'],2,4004,3,1158.0,Kg/Ha,Yield
West Bengal,Purulia,2022,2022-23,5,Final Estimate,3,Summer,12,Moong,Food Grains,['Pulses'],2,4004,3,740.0,Tonnes,Production
West Bengal,Purulia,2022,2022-23,5,Final Estimate,99999,Total,12,Moong,Food Grains,['Pulses'],2,4004,99999,848.0,Kg/Ha,Yield
West Bengal,Purulia,2022,2022-23,5,Final Estimate,99999,Total,12,Moong,Food Grains,['Pulses'],2,4004,99999,1218.0,Tonnes,Production
West Bengal,Purulia,2023,2023-24,5,Final Estimate,99999,Total,12,Moong,Food Grains,['Pulses'],2,4004,99999,1144.0,Kg/Ha,Yield
West Bengal,Purulia,2023,2023-24,5,Final Estimate,99999,Total,12,Moong,Food Grains,['Pulses'],2,4004,99999,1445.0,Ha,Area
West Bengal,Purulia,2023,2023-24,5,Final Estimate,99999,Total,12,Moong,Food Grains,['Pulses'],2,4004,99999,1653.75,Tonnes,Production
West Bengal,Purulia,2022,2022-23,5,Final Estimate,99999,Total,12,Moong,Food Grains,['Pulses'],2,4004,99999,1436.0,Ha,Area
West Bengal,Purulia,2023,2023-24,5,Final Estimate,2,Rabi,13,Lentil,Food Grains,['Pulses'],2,4005,2,3826.0,Ha,Area
West Bengal,Purulia,2023,2023-24,5,Final Estimate,2,Rabi,13,Lentil,Food Grains,['Pulses'],2,4005,2,468.0,Kg/Ha,Yield
West Bengal,Purulia,2023,2023-24,5,Final Estimate,2,Rabi,13,Lentil,Food Grains,['Pulses'],2,4005,2,1791.32,Tonnes,Production
West Bengal,Purulia,2022,2022-23,5,Final Estimate,2,Rabi,13,Lentil,Food Grains,['Pulses'],2,4005,2,3707.0,Ha,Area
West Bengal,Purulia,2022,2022-23,5,Final Estimate,2,Rabi,13,Lentil,Food Grains,['Pulses'],2,4005,2,1475.0,Tonnes,Production
West Bengal,Purulia,2022,2022-23,5,Final Estimate,2,Rabi,13,Lentil,Food Grains,['Pulses'],2,4005,2,398.0,Kg/Ha,Yield
West Bengal,Purulia,2023,2023-24,5,Final Estimate,99999,Total,13,Lentil,Food Grains,['Pulses'],2,4005,99999,3826.0,Ha,Area
West Bengal,Purulia,2022,2022-23,5,Final Estimate,99999,Total,13,Lentil,Food Grains,['Pulses'],2,4005,99999,3707.0,Ha,Area
West Bengal,Purulia,2022,2022-23,5,Final Estimate,99999,Total,13,Lentil,Food Grains,['Pulses'],2,4005,99999,1475.0,Tonnes,Production
West Bengal,Purulia,2022,2022-23,5,Final Estimate,99999,Total,13,Lentil,Food Grains,['Pulses'],2,4005,99999,398.0,Kg/Ha,Yield
West Bengal,Purulia,2023,2023-24,5,Final Estimate,99999,Total,13,Lentil,Food Grains,['Pulses'],2,4005,99999,468.0,Kg/Ha,Yield
West Bengal,Purulia,2023,2023-24,5,Final Estimate,99999,Total,13,Lentil,Food Grains,['Pulses'],2,4005,99999,1791.32,Tonnes,Production
West Bengal,Purulia,2022,2022-23,5,Final Estimate,2,Rabi,14,Other Pulses,Food Grains,['Pulses'],2,4006,2,1319.0,Kg/Ha,Yield
West Bengal,Purulia,2023,2023-24,5,Final Estimate,2,Rabi,14,Other Pulses,Food Grains,['Pulses'],2,4006,2,1152.0,Kg/Ha,Yield
West Bengal,Purulia,2023,2023-24,5,Final Estimate,2,Rabi,14,Other Pulses,Food Grains,['Pulses'],2,4006,2,6723.0,Ha,Area
West Bengal,Purulia,2023,2023-24,5,Final Estimate,2,Rabi,14,Other Pulses,Food Grains,['Pulses'],2,4006,2,7741.56,Tonnes,Production
West Bengal,Purulia,2022,2022-23,5,Final Estimate,2,Rabi,14,Other Pulses,Food Grains,['Pulses'],2,4006,2,8812.0,Tonnes,Production
West Bengal,Purulia,2022,2022-23,5,Final Estimate,2,Rabi,14,Other Pulses,Food Grains,['Pulses'],2,4006,2,6679.0,Ha,Area
West Bengal,Purulia,2022,2022-23,5,Final Estimate,99999,Total,14,Other Pulses,Food Grains,['Pulses'],2,4006,99999,8812.0,Tonnes,Production
West Bengal,Purulia,2023,2023-24,5,Final Estimate,99999,Total,14,Other Pulses,Food Grains,['Pulses'],2,4006,99999,7741.56,Tonnes,Production
West Bengal,Purulia,2023,2023-24,5,Final Estimate,99999,Total,14,Other Pulses,Food Grains,['Pulses'],2,4006,99999,6723.0,Ha,Area
West Bengal,Purulia,2023,2023-24,5,Final Estimate,99999,Total,14,Other Pulses,Food Grains,['Pulses'],2,4006,99999,1152.0,Kg/Ha,Yield
West Bengal,Purulia,2022,2022-23,5,Final Estimate,99999,Total,14,Other Pulses,Food Grains,['Pulses'],2,4006,99999,1319.0,Kg/Ha,Yield
West Bengal,Purulia,2022,2022-23,5,Final Estimate,99999,Total,14,Other Pulses,Food Grains,['Pulses'],2,4006,99999,6679.0,Ha,Area
West Bengal,Purulia,2022,2022-23,5,Final Estimate,99999,Total,4998,Total Pulses,Food Grains,['Pulses'],2,4998,99999,25590.0,Ha,Area
West Bengal,Purulia,2022,2022-23,5,Final Estimate,99999,Total,4998,Total Pulses,Food Grains,['Pulses'],2,4998,99999,860.0,Kg/Ha,Yield
West Bengal,Purulia,2023,2023-24,5,Final Estimate,99999,Total,4998,Total Pulses,Food Grains,['Pulses'],2,4998,99999,26046.0,Ha,Area
West Bengal,Purulia,2023,2023-24,5,Final Estimate,99999,Total,4998,Total Pulses,Food Grains,['Pulses'],2,4998,99999,21150.48,Tonnes,Production
West Bengal,Purulia,2023,2023-24,5,Final Estimate,99999,Total,4998,Total Pulses,Food Grains,['Pulses'],2,4998,99999,812.0,Kg/Ha,Yield
West Bengal,Purulia,2022,2022-23,5,Final Estimate,99999,Total,4998,Total Pulses,Food Grains,['Pulses'],2,4998,99999,22010.0,Tonnes,Production
West Bengal,Purulia,2022,2022-23,5,Final Estimate,1,Kharif,4999,Total Food Grains,Food Grains,"['Cereals', 'Pulses']",2,4999,1,18368.0,Ha,Area
West Bengal,Purulia,2023,2023-24,5,Final Estimate,1,Kharif,4999,Total Food Grains,Food Grains,"['Cereals', 'Pulses']",2,4999,1,1966.0,Kg/Ha,Yield
West Bengal,Purulia,2023,2023-24,5,Final Estimate,1,Kharif,4999,Total Food Grains,Food Grains,"['Cereals', 'Pulses']",2,4999,1,208507.89,Ha,Area
West Bengal,Purulia,2023,2023-24,5,Final Estimate,1,Kharif,4999,Total Food Grains,Food Grains,"['Cereals', 'Pulses']",2,4999,1,409957.64,Tonnes,Production
West Bengal,Purulia,2022,2022-23,5,Final Estimate,1,Kharif,4999,Total Food Grains,Food Grains,"['Cereals', 'Pulses']",2,4999,1,22923.0,Tonnes,Production
West Bengal,Purulia,2022,2022-23,5,Final Estimate,1,Kharif,4999,Total Food Grains,Food Grains,"['Cereals', 'Pulses']",2,4999,1,1248.0,Kg/Ha,Yield
West Bengal,Purulia,2023,2023-24,5,Final Estimate,2,Rabi,4999,Total Food Grains,Food Grains,"['Cereals', 'Pulses']",2,4999,2,14948.48,Tonnes,Production
West Bengal,Purulia,2023,2023-24,5,Final Estimate,2,Rabi,4999,Total Food Grains,Food Grains,"['Cereals', 'Pulses']",2,4999,2,1005.0,Kg/Ha,Yield
West Bengal,Purulia,2022,2022-23,5,Final Estimate,2,Rabi,4999,Total Food Grains,Food Grains,"['Cereals', 'Pulses']",2,4999,2,262630.0,Ha,Area
West Bengal,Purulia,2022,2022-23,5,Final Estimate,2,Rabi,4999,Total Food Grains,Food Grains,"['Cereals', 'Pulses']",2,4999,2,2310.0,Kg/Ha,Yield
West Bengal,Purulia,2022,2022-23,5,Final Estimate,2,Rabi,4999,Total Food Grains,Food Grains,"['Cereals', 'Pulses']",2,4999,2,606792.0,Tonnes,Production
West Bengal,Purulia,2023,2023-24,5,Final Estimate,2,Rabi,4999,Total Food Grains,Food Grains,"['Cereals', 'Pulses']",2,4999,2,14878.0,Ha,Area
West Bengal,Purulia,2023,2023-24,5,Final Estimate,3,Summer,4999,Total Food Grains,Food Grains,"['Cereals', 'Pulses']",2,4999,3,1738.72,Ha,Area
West Bengal,Purulia,2022,2022-23,5,Final Estimate,3,Summer,4999,Total Food Grains,Food Grains,"['Cereals', 'Pulses']",2,4999,3,1545.0,Ha,Area
West Bengal,Purulia,2023,2023-24,5,Final Estimate,3,Summer,4999,Total Food Grains,Food Grains,"['Cereals', 'Pulses']",2,4999,3,3914.11,Tonnes,Production
West Bengal,Purulia,2023,2023-24,5,Final Estimate,3,Summer,4999,Total Food Grains,Food Grains,"['Cereals', 'Pulses']",2,4999,3,2251.0,Kg/Ha,Yield
West Bengal,Purulia,2022,2022-23,5,Final Estimate,3,Summer,4999,Total Food Grains,Food Grains,"['Cereals', 'Pulses']",2,4999,3,3202.0,Tonnes,Production
West Bengal,Purulia,2022,2022-23,5,Final Estimate,3,Summer,4999,Total Food Grains,Food Grains,"['Cereals', 'Pulses']",2,4999,3,2072.0,Kg/Ha,Yield
West Bengal,Purulia,2023,2023-24,5,Final Estimate,99999,Total,4999,Total Food Grains,Food Grains,"['Cereals', 'Pulses']",2,4999,99999,428820.23,Tonnes,Production
West Bengal,Purulia,2023,2023-24,5,Final Estimate,99999,Total,4999,Total Food Grains,Food Grains,"['Cereals', 'Pulses']",2,4999,99999,1905.0,Kg/Ha,Yield
West Bengal,Purulia,2022,2022-23,5,Final Estimate,99999,Total,4999,Total Food Grains,Food Grains,"['Cereals', 'Pulses']",2,4999,99999,632917.0,Tonnes,Production
West Bengal,Purulia,2022,2022-23,5,Final Estimate,99999,Total,4999,Total Food Grains,Food Grains,"['Cereals', 'Pulses']",2,4999,99999,282543.0,Ha,Area
West Bengal,Purulia,2022,2022-23,5,Final Estimate,99999,Total,4999,Total Food Grains,Food Grains,"['Cereals', 'Pulses']",2,4999,99999,2240.0,Kg/Ha,Yield
West Bengal,Purulia,2023,2023-24,5,Final Estimate,99999,Total,4999,Total Food Grains,Food Grains,"['Cereals', 'Pulses']",2,4999,99999,225124.61,Ha,Area
West Bengal,Purulia,2023,2023-24,5,Final Estimate,1,Kharif,15,Groundnut,Oilseeds,['Oil Seeds'],3,1,1,3400.0,Ha,Area
West Bengal,Purulia,2022,2022-23,5,Final Estimate,1,Kharif,15,Groundnut,Oilseeds,['Oil Seeds'],3,1,1,3260.0,Ha,Area
West Bengal,Purulia,2022,2022-23,5,Final Estimate,1,Kharif,15,Groundnut,Oilseeds,['Oil Seeds'],3,1,1,4426.0,Tonnes,Production
West Bengal,Purulia,2023,2023-24,5,Final Estimate,1,Kharif,15,Groundnut,Oilseeds,['Oil Seeds'],3,1,1,4419.06,Tonnes,Production
West Bengal,Purulia,2022,2022-23,5,Final Estimate,1,Kharif,15,Groundnut,Oilseeds,['Oil Seeds'],3,1,1,1358.0,Kg/Ha,Yield
West Bengal,Purulia,2023,2023-24,5,Final Estimate,1,Kharif,15,Groundnut,Oilseeds,['Oil Seeds'],3,1,1,1300.0,Kg/Ha,Yield
West Bengal,Purulia,2022,2022-23,5,Final Estimate,2,Rabi,15,Groundnut,Oilseeds,['Oil Seeds'],3,1,2,1890.0,Kg/Ha,Yield
West Bengal,Purulia,2022,2022-23,5,Final Estimate,2,Rabi,15,Groundnut,Oilseeds,['Oil Seeds'],3,1,2,100.0,Ha,Area
West Bengal,Purulia,2022,2022-23,5,Final Estimate,2,Rabi,15,Groundnut,Oilseeds,['Oil Seeds'],3,1,2,189.0,Tonnes,Production
West Bengal,Purulia,2022,2022-23,5,Final Estimate,3,Summer,15,Groundnut,Oilseeds,['Oil Seeds'],3,1,3,1387.0,Kg/Ha,Yield
West Bengal,Purulia,2022,2022-23,5,Final Estimate,3,Summer,15,Groundnut,Oilseeds,['Oil Seeds'],3,1,3,86.0,Tonnes,Production
West Bengal,Purulia,2022,2022-23,5,Final Estimate,3,Summer,15,Groundnut,Oilseeds,['Oil Seeds'],3,1,3,62.0,Ha,Area
West Bengal,Purulia,2023,2023-24,5,Final Estimate,3,Summer,15,Groundnut,Oilseeds,['Oil Seeds'],3,1,3,1081.0,Kg/Ha,Yield
West Bengal,Purulia,2023,2023-24,5,Final Estimate,3,Summer,15,Groundnut,Oilseeds,['Oil Seeds'],3,1,3,92.99,Tonnes,Production
West Bengal,Purulia,2023,2023-24,5,Final Estimate,3,Summer,15,Groundnut,Oilseeds,['Oil Seeds'],3,1,3,85.99,Ha,Area
West Bengal,Purulia,2022,2022-23,5,Final Estimate,99999,Total,15,Groundnut,Oilseeds,['Oil Seeds'],3,1,99999,4701.0,Tonnes,Production
West Bengal,Purulia,2023,2023-24,5,Final Estimate,99999,Total,15,Groundnut,Oilseeds,['Oil Seeds'],3,1,99999,4512.05,Tonnes,Production
West Bengal,Purulia,2023,2023-24,5,Final Estimate,99999,Total,15,Groundnut,Oilseeds,['Oil Seeds'],3,1,99999,3485.99,Ha,Area
West Bengal,Purulia,2023,2023-24,5,Final Estimate,99999,Total,15,Groundnut,Oilseeds,['Oil Seeds'],3,1,99999,1294.0,Kg/Ha,Yield
West Bengal,Purulia,2022,2022-23,5,Final Estimate,99999,Total,15,Groundnut,Oilseeds,['Oil Seeds'],3,1,99999,1374.0,Kg/Ha,Yield
West Bengal,Purulia,2022,2022-23,5,Final Estimate,99999,Total,15,Groundnut,Oilseeds,['Oil Seeds'],3,1,99999,3422.0,Ha,Area
West Bengal,Purulia,2022,2022-23,5,Final Estimate,1,Kharif,17,Sesamum,Oilseeds,['Oil Seeds'],3,3,1,352.0,Ha,Area
West Bengal,Purulia,2023,2023-24,5,Final Estimate,1,Kharif,17,Sesamum,Oilseeds,['Oil Seeds'],3,3,1,349.0,Ha,Area
West Bengal,Purulia,2023,2023-24,5,Final Estimate,1,Kharif,17,Sesamum,Oilseeds,['Oil Seeds'],3,3,1,691.0,Kg/Ha,Yield
West Bengal,Purulia,2022,2022-23,5,Final Estimate,1,Kharif,17,Sesamum,Oilseeds,['Oil Seeds'],3,3,1,244.0,Tonnes,Production
West Bengal,Purulia,2023,2023-24,5,Final Estimate,1,Kharif,17,Sesamum,Oilseeds,['Oil Seeds'],3,3,1,241.05,Tonnes,Production
West Bengal,Purulia,2022,2022-23,5,Final Estimate,1,Kharif,17,Sesamum,Oilseeds,['Oil Seeds'],3,3,1,693.0,Kg/Ha,Yield
West Bengal,Purulia,2022,2022-23,5,Final Estimate,3,Summer,17,Sesamum,Oilseeds,['Oil Seeds'],3,3,3,182.0,Tonnes,Production
West Bengal,Purulia,2022,2022-23,5,Final Estimate,3,Summer,17,Sesamum,Oilseeds,['Oil Seeds'],3,3,3,1034.0,Kg/Ha,Yield
West Bengal,Purulia,2022,2022-23,5,Final Estimate,3,Summer,17,Sesamum,Oilseeds,['Oil Seeds'],3,3,3,176.0,Ha,Area
West Bengal,Purulia,2023,2023-24,5,Final Estimate,3,Summer,17,Sesamum,Oilseeds,['Oil Seeds'],3,3,3,1058.0,Kg/Ha,Yield
West Bengal,Purulia,2023,2023-24,5,Final Estimate,3,Summer,17,Sesamum,Oilseeds,['Oil Seeds'],3,3,3,688.0,Ha,Area
West Bengal,Purulia,2023,2023-24,5,Final Estimate,3,Summer,17,Sesamum,Oilseeds,['Oil Seeds'],3,3,3,727.63,Tonnes,Production
West Bengal,Purulia,2023,2023-24,5,Final Estimate,99999,Total,17,Sesamum,Oilseeds,['Oil Seeds'],3,3,99999,1037.0,Ha,Area
West Bengal,Purulia,2023,2023-24,5,Final Estimate,99999,Total,17,Sesamum,Oilseeds,['Oil Seeds'],3,3,99999,968.68,Tonnes,Production
West Bengal,Purulia,2023,2023-24,5,Final Estimate,99999,Total,17,Sesamum,Oilseeds,['Oil Seeds'],3,3,99999,934.0,Kg/Ha,Yield
West Bengal,Purulia,2022,2022-23,5,Final Estimate,99999,Total,17,Sesamum,Oilseeds,['Oil Seeds'],3,3,99999,807.0,Kg/Ha,Yield
West Bengal,Purulia,2022,2022-23,5,Final Estimate,99999,Total,17,Sesamum,Oilseeds,['Oil Seeds'],3,3,99999,528.0,Ha,Area
West Bengal,Purulia,2022,2022-23,5,Final Estimate,99999,Total,17,Sesamum,Oilseeds,['Oil Seeds'],3,3,99999,426.0,Tonnes,Production
West Bengal,Purulia,2022,2022-23,5,Final Estimate,1,Kharif,18,Nigerseed,Oilseeds,['Oil Seeds'],3,4,1,410.0,Kg/Ha,Yield
West Bengal,Purulia,2022,2022-23,5,Final Estimate,1,Kharif,18,Nigerseed,Oilseeds,['Oil Seeds'],3,4,1,354.0,Ha,Area
West Bengal,Purulia,2022,2022-23,5,Final Estimate,1,Kharif,18,Nigerseed,Oilseeds,['Oil Seeds'],3,4,1,145.0,Tonnes,Production
West Bengal,Purulia,2023,2023-24,5,Final Estimate,1,Kharif,18,Nigerseed,Oilseeds,['Oil Seeds'],3,4,1,146.12,Tonnes,Production
West Bengal,Purulia,2023,2023-24,5,Final Estimate,1,Kharif,18,Nigerseed,Oilseeds,['Oil Seeds'],3,4,1,340.0,Ha,Area
West Bengal,Purulia,2023,2023-24,5,Final Estimate,1,Kharif,18,Nigerseed,Oilseeds,['Oil Seeds'],3,4,1,430.0,Kg/Ha,Yield
West Bengal,Purulia,2022,2022-23,5,Final Estimate,99999,Total,18,Nigerseed,Oilseeds,['Oil Seeds'],3,4,99999,410.0,Kg/Ha,Yield
West Bengal,Purulia,2023,2023-24,5,Final Estimate,99999,Total,18,Nigerseed,Oilseeds,['Oil Seeds'],3,4,99999,430.0,Kg/Ha,Yield
West Bengal,Purulia,2023,2023-24,5,Final Estimate,99999,Total,18,Nigerseed,Oilseeds,['Oil Seeds'],3,4,99999,340.0,Ha,Area
West Bengal,Purulia,2023,2023-24,5,Final Estimate,99999,Total,18,Nigerseed,Oilseeds,['Oil Seeds'],3,4,99999,146.12,Tonnes,Production
West Bengal,Purulia,2022,2022-23,5,Final Estimate,99999,Total,18,Nigerseed,Oilseeds,['Oil Seeds'],3,4,99999,145.0,Tonnes,Production
West Bengal,Purulia,2022,2022-23,5,Final Estimate,99999,Total,18,Nigerseed,Oilseeds,['Oil Seeds'],3,4,99999,354.0,Ha,Area
West Bengal,Purulia,2022,2022-23,5,Final Estimate,1,Kharif,20,Sunflower,Oilseeds,['Oil Seeds'],3,6,1,22.0,Ha,Area
West Bengal,Purulia,2022,2022-23,5,Final Estimate,1,Kharif,20,Sunflower,Oilseeds,['Oil Seeds'],3,6,1,1182.0,Kg/Ha,Yield
West Bengal,Purulia,2022,2022-23,5,Final Estimate,1,Kharif,20,Sunflower,Oilseeds,['Oil Seeds'],3,6,1,26.0,Tonnes,Production
West Bengal,Purulia,2023,2023-24,5,Final Estimate,3,Summer,20,Sunflower,Oilseeds,['Oil Seeds'],3,6,3,1199.0,Kg/Ha,Yield
West Bengal,Purulia,2023,2023-24,5,Final Estimate,3,Summer,20,Sunflower,Oilseeds,['Oil Seeds'],3,6,3,10.0,Ha,Area
West Bengal,Purulia,2023,2023-24,5,Final Estimate,3,Summer,20,Sunflower,Oilseeds,['Oil Seeds'],3,6,3,11.99,Tonnes,Production
West Bengal,Purulia,2022,2022-23,5,Final Estimate,99999,Total,20,Sunflower,Oilseeds,['Oil Seeds'],3,6,99999,22.0,Ha,Area
West Bengal,Purulia,2022,2022-23,5,Final Estimate,99999,Total,20,Sunflower,Oilseeds,['Oil Seeds'],3,6,99999,26.0,Tonnes,Production
West Bengal,Purulia,2022,2022-23,5,Final Estimate,99999,Total,20,Sunflower,Oilseeds,['Oil Seeds'],3,6,99999,1182.0,Kg/Ha,Yield
West Bengal,Purulia,2023,2023-24,5,Final Estimate,99999,Total,20,Sunflower,Oilseeds,['Oil Seeds'],3,6,99999,1199.0,Kg/Ha,Yield
West Bengal,Purulia,2023,2023-24,5,Final Estimate,99999,Total,20,Sunflower,Oilseeds,['Oil Seeds'],3,6,99999,11.99,Tonnes,Production
West Bengal,Purulia,2023,2023-24,5,Final Estimate,99999,Total,20,Sunflower,Oilseeds,['Oil Seeds'],3,6,99999,10.0,Ha,Area
West Bengal,Purulia,2022,2022-23,5,Final Estimate,2,Rabi,21,Rapeseed & Mustard,Oilseeds,['Oil Seeds'],3,7,2,14443.0,Tonnes,Production
West Bengal,Purulia,2023,2023-24,5,Final Estimate,2,Rabi,21,Rapeseed & Mustard,Oilseeds,['Oil Seeds'],3,7,2,17501.34,Tonnes,Production
West Bengal,Purulia,2023,2023-24,5,Final Estimate,2,Rabi,21,Rapeseed & Mustard,Oilseeds,['Oil Seeds'],3,7,2,17487.0,Ha,Area
West Bengal,Purulia,2023,2023-24,5,Final Estimate,2,Rabi,21,Rapeseed & Mustard,Oilseeds,['Oil Seeds'],3,7,2,1001.0,Kg/Ha,Yield
West Bengal,Purulia,2022,2022-23,5,Final Estimate,2,Rabi,21,Rapeseed & Mustard,Oilseeds,['Oil Seeds'],3,7,2,1128.0,Kg/Ha,Yield
West Bengal,Purulia,2022,2022-23,5,Final Estimate,2,Rabi,21,Rapeseed & Mustard,Oilseeds,['Oil Seeds'],3,7,2,12805.0,Ha,Area
West Bengal,Purulia,2023,2023-24,5,Final Estimate,99999,Total,21,Rapeseed & Mustard,Oilseeds,['Oil Seeds'],3,7,99999,1001.0,Kg/Ha,Yield
West Bengal,Purulia,2023,2023-24,5,Final Estimate,99999,Total,21,Rapeseed & Mustard,Oilseeds,['Oil Seeds'],3,7,99999,17487.0,Ha,Area
West Bengal,Purulia,2023,2023-24,5,Final Estimate,99999,Total,21,Rapeseed & Mustard,Oilseeds,['Oil Seeds'],3,7,99999,17501.34,Tonnes,Production
West Bengal,Purulia,2022,2022-23,5,Final Estimate,99999,Total,21,Rapeseed & Mustard,Oilseeds,['Oil Seeds'],3,7,99999,14443.0,Tonnes,Production
West Bengal,Purulia,2022,2022-23,5,Final Estimate,99999,Total,21,Rapeseed & Mustard,Oilseeds,['Oil Seeds'],3,7,99999,12805.0,Ha,Area
West Bengal,Purulia,2022,2022-23,5,Final Estimate,99999,Total,21,Rapeseed & Mustard,Oilseeds,['Oil Seeds'],3,7,99999,1128.0,Kg/Ha,Yield
West Bengal,Purulia,2022,2022-23,5,Final Estimate,2,Rabi,22,Linseed,Oilseeds,['Oil Seeds'],3,8,2,617.0,Ha,Area
West Bengal,Purulia,2023,2023-24,5,Final Estimate,2,Rabi,22,Linseed,Oilseeds,['Oil Seeds'],3,8,2,519.0,Kg/Ha,Yield
West Bengal,Purulia,2022,2022-23,5,Final Estimate,2,Rabi,22,Linseed,Oilseeds,['Oil Seeds'],3,8,2,460.0,Kg/Ha,Yield
West Bengal,Purulia,2022,2022-23,5,Final Estimate,2,Rabi,22,Linseed,Oilseeds,['Oil Seeds'],3,8,2,284.0,Tonnes,Production
West Bengal,Purulia,2023,2023-24,5,Final Estimate,2,Rabi,22,Linseed,Oilseeds,['Oil Seeds'],3,8,2,392.23,Tonnes,Production
West Bengal,Purulia,2023,2023-24,5,Final Estimate,2,Rabi,22,Linseed,Oilseeds,['Oil Seeds'],3,8,2,756.0,Ha,Area
West Bengal,Purulia,2023,2023-24,5,Final Estimate,99999,Total,22,Linseed,Oilseeds,['Oil Seeds'],3,8,99999,392.23,Tonnes,Production
West Bengal,Purulia,2022,2022-23,5,Final Estimate,99999,Total,22,Linseed,Oilseeds,['Oil Seeds'],3,8,99999,617.0,Ha,Area
West Bengal,Purulia,2022,2022-23,5,Final Estimate,99999,Total,22,Linseed,Oilseeds,['Oil Seeds'],3,8,99999,460.0,Kg/Ha,Yield
West Bengal,Purulia,2022,2022-23,5,Final Estimate,99999,Total,22,Linseed,Oilseeds,['Oil Seeds'],3,8,99999,284.0,Tonnes,Production
West Bengal,Purulia,2023,2023-24,5,Final Estimate,99999,Total,22,Linseed,Oilseeds,['Oil Seeds'],3,8,99999,756.0,Ha,Area
West Bengal,Purulia,2023,2023-24,5,Final Estimate,99999,Total,22,Linseed,Oilseeds,['Oil Seeds'],3,8,99999,519.0,Kg/Ha,Yield
West Bengal,Purulia,2023,2023-24,5,Final Estimate,99999,Total,999,Total Oil Seeds,Oilseeds,['Oil Seeds'],3,999,99999,1018.0,Kg/Ha,Yield
West Bengal,Purulia,2022,2022-23,5,Final Estimate,99999,Total,999,Total Oil Seeds,Oilseeds,['Oil Seeds'],3,999,99999,1128.0,Kg/Ha,Yield
West Bengal,Purulia,2022,2022-23,5,Final Estimate,99999,Total,999,Total Oil Seeds,Oilseeds,['Oil Seeds'],3,999,99999,20025.0,Tonnes,Production
West Bengal,Purulia,2022,2022-23,5,Final Estimate,99999,Total,999,Total Oil Seeds,Oilseeds,['Oil Seeds'],3,999,99999,17748.0,Ha,Area
West Bengal,Purulia,2023,2023-24,5,Final Estimate,99999,Total,999,Total Oil Seeds,Oilseeds,['Oil Seeds'],3,999,99999,23532.41,Tonnes,Production
West Bengal,Purulia,2023,2023-24,5,Final Estimate,99999,Total,999,Total Oil Seeds,Oilseeds,['Oil Seeds'],3,999,99999,23115.99,Ha,Area
West Bengal,Purulia,2023,2023-24,5,Final Estimate,1,Kharif,28,Sugarcane,Commercial Crops,['Commercial Crops'],4,1001,1,892.0,Ha,Area
West Bengal,Purulia,2023,2023-24,5,Final Estimate,1,Kharif,28,Sugarcane,Commercial Crops,['Commercial Crops'],4,1001,1,98041.92,Tonnes,Production
West Bengal,Purulia,2023,2023-24,5,Final Estimate,1,Kharif,28,Sugarcane,Commercial Crops,['Commercial Crops'],4,1001,1,109912.0,Kg/Ha,Yield
West Bengal,Purulia,2022,2022-23,5,Final Estimate,1,Kharif,28,Sugarcane,Commercial Crops,['Commercial Crops'],4,1001,1,87909.0,Tonnes,Production
West Bengal,Purulia,2022,2022-23,5,Final Estimate,1,Kharif,28,Sugarcane,Commercial Crops,['Commercial Crops'],4,1001,1,841.0,Ha,Area
West Bengal,Purulia,2022,2022-23,5,Final Estimate,1,Kharif,28,Sugarcane,Commercial Crops,['Commercial Crops'],4,1001,1,104529.0,Kg/Ha,Yield
West Bengal,Purulia,2023,2023-24,5,Final Estimate,99999,Total,28,Sugarcane,Commercial Crops,['Commercial Crops'],4,1001,99999,109912.0,Kg/Ha,Yield
West Bengal,Purulia,2022,2022-23,5,Final Estimate,99999,Total,28,Sugarcane,Commercial Crops,['Commercial Crops'],4,1001,99999,87909.0,Tonnes,Production
West Bengal,Purulia,2022,2022-23,5,Final Estimate,99999,Total,28,Sugarcane,Commercial Crops,['Commercial Crops'],4,1001,99999,841.0,Ha,Area
West Bengal,Purulia,2022,2022-23,5,Final Estimate,99999,Total,28,Sugarcane,Commercial Crops,['Commercial Crops'],4,1001,99999,104529.0,Kg/Ha,Yield
West Bengal,Purulia,2023,2023-24,5,Final Estimate,99999,Total,28,Sugarcane,Commercial Crops,['Commercial Crops'],4,1001,99999,892.0,Ha,Area
West Bengal,Purulia,2023,2023-24,5,Final Estimate,99999,Total,28,Sugarcane,Commercial Crops,['Commercial Crops'],4,1001,99999,98041.92,Tonnes,Production
West Bengal,Purulia,2022,2022-23,5,Final Estimate,1,Kharif,27,Mesta,Commercial Crops,['Commercial Crops'],4,1004,1,1061.0,Tonnes,Production
West Bengal,Purulia,2022,2022-23,5,Final Estimate,1,Kharif,27,Mesta,Commercial Crops,['Commercial Crops'],4,1004,1,296.0,Ha,Area
West Bengal,Purulia,2023,2023-24,5,Final Estimate,1,Kharif,27,Mesta,Commercial Crops,['Commercial Crops'],4,1004,1,227.0,Ha,Area
West Bengal,Purulia,2023,2023-24,5,Final Estimate,1,Kharif,27,Mesta,Commercial Crops,['Commercial Crops'],4,1004,1,729.0,Kg/Ha,Yield
West Bengal,Purulia,2023,2023-24,5,Final Estimate,1,Kharif,27,Mesta,Commercial Crops,['Commercial Crops'],4,1004,1,918.94,Tonnes,Production
West Bengal,Purulia,2022,2022-23,5,Final Estimate,1,Kharif,27,Mesta,Commercial Crops,['Commercial Crops'],4,1004,1,645.0,Kg/Ha,Yield
West Bengal,Purulia,2022,2022-23,5,Final Estimate,99999,Total,27,Mesta,Commercial Crops,['Commercial Crops'],4,1004,99999,1061.0,Tonnes,Production
West Bengal,Purulia,2022,2022-23,5,Final Estimate,99999,Total,27,Mesta,Commercial Crops,['Commercial Crops'],4,1004,99999,645.0,Kg/Ha,Yield
West Bengal,Purulia,2022,2022-23,5,Final Estimate,99999,Total,27,Mesta,Commercial Crops,['Commercial Crops'],4,1004,99999,296.0,Ha,Area
West Bengal,Purulia,2023,2023-24,5,Final Estimate,99999,Total,27,Mesta,Commercial Crops,['Commercial Crops'],4,1004,99999,729.0,Kg/Ha,Yield
West Bengal,Purulia,2023,2023-24,5,Final Estimate,99999,Total,27,Mesta,Commercial Crops,['Commercial Crops'],4,1004,99999,227.0,Ha,Area
West Bengal,Purulia,2023,2023-24,5,Final Estimate,99999,Total,27,Mesta,Commercial Crops,['Commercial Crops'],4,1004,99999,918.94,Tonnes,Production
West Bengal,Purulia,2023,2023-24,5,Final Estimate,1,Kharif,1999,Jute & Mesta,Commercial Crops,['Commercial Crops'],4,1999,1,227.0,Ha,Area
West Bengal,Purulia,2023,2023-24,5,Final Estimate,1,Kharif,1999,Jute & Mesta,Commercial Crops,['Commercial Crops'],4,1999,1,729.0,Kg/Ha,Yield
West Bengal,Purulia,2023,2023-24,5,Final Estimate,1,Kharif,1999,Jute & Mesta,Commercial Crops,['Commercial Crops'],4,1999,1,918.94,Tonnes,Production
West Bengal,Purulia,2022,2022-23,5,Final Estimate,1,Kharif,1999,Jute & Mesta,Commercial Crops,['Commercial Crops'],4,1999,1,1061.0,Tonnes,Production
West Bengal,Purulia,2022,2022-23,5,Final Estimate,1,Kharif,1999,Jute & Mesta,Commercial Crops,['Commercial Crops'],4,1999,1,296.0,Ha,Area
West Bengal,Purulia,2022,2022-23,5,Final Estimate,1,Kharif,1999,Jute & Mesta,Commercial Crops,['Commercial Crops'],4,1999,1,645.0,Kg/Ha,Yield
West Bengal,Purulia,2022,2022-23,5,Final Estimate,99999,Total,1999,Jute & Mesta,Commercial Crops,['Commercial Crops'],4,1999,99999,296.0,Ha,Area
West Bengal,Purulia,2023,2023-24,5,Final Estimate,99999,Total,1999,Jute & Mesta,Commercial Crops,['Commercial Crops'],4,1999,99999,918.94,Tonnes,Production
West Bengal,Purulia,2023,2023-24,5,Final Estimate,99999,Total,1999,Jute & Mesta,Commercial Crops,['Commercial Crops'],4,1999,99999,729.0,Kg/Ha,Yield
West Bengal,Purulia,2023,2023-24,5,Final Estimate,99999,Total,1999,Jute & Mesta,Commercial Crops,['Commercial Crops'],4,1999,99999,227.0,Ha,Area
West Bengal,Purulia,2022,2022-23,5,Final Estimate,99999,Total,1999,Jute & Mesta,Commercial Crops,['Commercial Crops'],4,1999,99999,1061.0,Tonnes,Production
West Bengal,Purulia,2022,2022-23,5,Final Estimate,99999,Total,1999,Jute & Mesta,Commercial Crops,['Commercial Crops'],4,1999,99999,645.0,Kg/Ha,Yield
West Bengal,Purulia,2023,2023-24,5,Final Estimate,1,Kharif,30,Sannhemp,Commercial Crops,['Commercial Crops'],4,5002,1,598.63,Tonnes,Production
West Bengal,Purulia,2022,2022-23,5,Final Estimate,1,Kharif,30,Sannhemp,Commercial Crops,['Commercial Crops'],4,5002,1,3277.78,Tonnes,Production
West Bengal,Purulia,2022,2022-23,5,Final Estimate,1,Kharif,30,Sannhemp,Commercial Crops,['Commercial Crops'],4,5002,1,4720.0,Kg/Ha,Yield
West Bengal,Purulia,2023,2023-24,5,Final Estimate,1,Kharif,30,Sannhemp,Commercial Crops,['Commercial Crops'],4,5002,1,126.0,Ha,Area
West Bengal,Purulia,2023,2023-24,5,Final Estimate,1,Kharif,30,Sannhemp,Commercial Crops,['Commercial Crops'],4,5002,1,855.0,Kg/Ha,Yield
West Bengal,Purulia,2022,2022-23,5,Final Estimate,1,Kharif,30,Sannhemp,Commercial Crops,['Commercial Crops'],4,5002,1,125.0,Ha,Area
West Bengal,Purulia,2022,2022-23,5,Final Estimate,99999,Total,30,Sannhemp,Commercial Crops,['Commercial Crops'],4,5002,99999,125.0,Ha,Area
West Bengal,Purulia,2023,2023-24,5,Final Estimate,99999,Total,30,Sannhemp,Commercial Crops,['Commercial Crops'],4,5002,99999,598.63,Tonnes,Production
West Bengal,Purulia,2023,2023-24,5,Final Estimate,99999,Total,30,Sannhemp,Commercial Crops,['Commercial Crops'],4,5002,99999,855.0,Kg/Ha,Yield
West Bengal,Purulia,2023,2023-24,5,Final Estimate,99999,Total,30,Sannhemp,Commercial Crops,['Commercial Crops'],4,5002,99999,126.0,Ha,Area
West Bengal,Purulia,2022,2022-23,5,Final Estimate,99999,Total,30,Sannhemp,Commercial Crops,['Commercial Crops'],4,5002,99999,3277.78,Tonnes,Production
West Bengal,Purulia,2022,2022-23,5,Final Estimate,99999,Total,30,Sannhemp,Commercial Crops,['Commercial Crops'],4,5002,99999,4720.0,Kg/Ha,Yield
West Bengal,South 24 Parganas,2023,2023-24,5,Final Estimate,1,Kharif,1,Rice,Food Grains,['Cereals'],1,2001,1,2596.0,Kg/Ha,Yield
West Bengal,South 24 Parganas,2022,2022-23,5,Final Estimate,1,Kharif,1,Rice,Food Grains,['Cereals'],1,2001,1,2515.0,Kg/Ha,Yield
West Bengal,South 24 Parganas,2022,2022-23,5,Final Estimate,1,Kharif,1,Rice,Food Grains,['Cereals'],1,2001,1,3196.0,Ha,Area
West Bengal,South 24 Parganas,2022,2022-23,5,Final Estimate,1,Kharif,1,Rice,Food Grains,['Cereals'],1,2001,1,8039.0,Tonnes,Production
West Bengal,South 24 Parganas,2023,2023-24,5,Final Estimate,1,Kharif,1,Rice,Food Grains,['Cereals'],1,2001,1,815486.51,Tonnes,Production
West Bengal,South 24 Parganas,2023,2023-24,5,Final Estimate,1,Kharif,1,Rice,Food Grains,['Cereals'],1,2001,1,314133.96,Ha,Area
West Bengal,South 24 Parganas,2022,2022-23,5,Final Estimate,2,Rabi,1,Rice,Food Grains,['Cereals'],1,2001,2,2497.0,Kg/Ha,Yield
West Bengal,South 24 Parganas,2022,2022-23,5,Final Estimate,2,Rabi,1,Rice,Food Grains,['Cereals'],1,2001,2,815556.0,Tonnes,Production
West Bengal,South 24 Parganas,2022,2022-23,5,Final Estimate,2,Rabi,1,Rice,Food Grains,['Cereals'],1,2001,2,326581.0,Ha,Area
West Bengal,South 24 Parganas,2022,2022-23,5,Final Estimate,3,Summer,1,Rice,Food Grains,['Cereals'],1,2001,3,95411.0,Ha,Area
West Bengal,South 24 Parganas,2023,2023-24,5,Final Estimate,3,Summer,1,Rice,Food Grains,['Cereals'],1,2001,3,407335.55,Tonnes,Production
West Bengal,South 24 Parganas,2023,2023-24,5,Final Estimate,3,Summer,1,Rice,Food Grains,['Cereals'],1,2001,3,3902.0,Kg/Ha,Yield
West Bengal,South 24 Parganas,2022,2022-23,5,Final Estimate,3,Summer,1,Rice,Food Grains,['Cereals'],1,2001,3,4099.0,Kg/Ha,Yield
West Bengal,South 24 Parganas,2023,2023-24,5,Final Estimate,3,Summer,1,Rice,Food Grains,['Cereals'],1,2001,3,104390.77,Ha,Area
West Bengal,South 24 Parganas,2022,2022-23,5,Final Estimate,3,Summer,1,Rice,Food Grains,['Cereals'],1,2001,3,391135.0,Tonnes,Production
West Bengal,South 24 Parganas,2022,2022-23,5,Final Estimate,99999,Total,1,Rice,Food Grains,['Cereals'],1,2001,99999,425188.0,Ha,Area
West Bengal,South 24 Parganas,2023,2023-24,5,Final Estimate,99999,Total,1,Rice,Food Grains,['Cereals'],1,2001,99999,1222822.06,Tonnes,Production
West Bengal,South 24 Parganas,2023,2023-24,5,Final Estimate,99999,Total,1,Rice,Food Grains,['Cereals'],1,2001,99999,418524.73,Ha,Area
West Bengal,South 24 Parganas,2023,2023-24,5,Final Estimate,99999,Total,1,Rice,Food Grains,['Cereals'],1,2001,99999,2922.0,Kg/Ha,Yield
West Bengal,South 24 Parganas,2022,2022-23,5,Final Estimate,99999,Total,1,Rice,Food Grains,['Cereals'],1,2001,99999,2857.0,Kg/Ha,Yield
West Bengal,South 24 Parganas,2022,2022-23,5,Final Estimate,99999,Total,1,Rice,Food Grains,['Cereals'],1,2001,99999,1214730.0,Tonnes,Production
West Bengal,South 24 Parganas,2023,2023-24,5,Final Estimate,2,Rabi,2,Wheat,Food Grains,['Cereals'],1,2002,2,109.0,Ha,Area
West Bengal,South 24 Parganas,2022,2022-23,5,Final Estimate,2,Rabi,2,Wheat,Food Grains,['Cereals'],1,2002,2,3289.0,Kg/Ha,Yield
West Bengal,South 24 Parganas,2022,2022-23,5,Final Estimate,2,Rabi,2,Wheat,Food Grains,['Cereals'],1,2002,2,1036.0,Tonnes,Production
West Bengal,South 24 Parganas,2022,2022-23,5,Final Estimate,2,Rabi,2,Wheat,Food Grains,['Cereals'],1,2002,2,315.0,Ha,Area
West Bengal,South 24 Parganas,2023,2023-24,5,Final Estimate,2,Rabi,2,Wheat,Food Grains,['Cereals'],1,2002,2,3241.0,Kg/Ha,Yield
West Bengal,South 24 Parganas,2023,2023-24,5,Final Estimate,2,Rabi,2,Wheat,Food Grains,['Cereals'],1,2002,2,353.29,Tonnes,Production
West Bengal,South 24 Parganas,2023,2023-24,5,Final Estimate,99999,Total,2,Wheat,Food Grains,['Cereals'],1,2002,99999,3241.0,Kg/Ha,Yield
West Bengal,South 24 Parganas,2023,2023-24,5,Final Estimate,99999,Total,2,Wheat,Food Grains,['Cereals'],1,2002,99999,353.29,Tonnes,Production
West Bengal,South 24 Parganas,2022,2022-23,5,Final Estimate,99999,Total,2,Wheat,Food Grains,['Cereals'],1,2002,99999,3289.0,Kg/Ha,Yield
West Bengal,South 24 Parganas,2023,2023-24,5,Final Estimate,99999,Total,2,Wheat,Food Grains,['Cereals'],1,2002,99999,109.0,Ha,Area
West Bengal,South 24 Parganas,2022,2022-23,5,Final Estimate,99999,Total,2,Wheat,Food Grains,['Cereals'],1,2002,99999,315.0,Ha,Area
West Bengal,South 24 Parganas,2022,2022-23,5,Final Estimate,99999,Total,2,Wheat,Food Grains,['Cereals'],1,2002,99999,1036.0,Tonnes,Production
West Bengal,South 24 Parganas,2022,2022-23,5,Final Estimate,1,Kharif,5,Maize,Food Grains,['Cereals'],1,3001,1,29.0,Ha,Area
West Bengal,South 24 Parganas,2023,2023-24,5,Final Estimate,1,Kharif,5,Maize,Food Grains,['Cereals'],1,3001,1,81.98,Ha,Area
West Bengal,South 24 Parganas,2023,2023-24,5,Final Estimate,1,Kharif,5,Maize,Food Grains,['Cereals'],1,3001,1,692.42,Tonnes,Production
West Bengal,South 24 Parganas,2023,2023-24,5,Final Estimate,1,Kharif,5,Maize,Food Grains,['Cereals'],1,3001,1,8446.0,Kg/Ha,Yield
West Bengal,South 24 Parganas,2022,2022-23,5,Final Estimate,1,Kharif,5,Maize,Food Grains,['Cereals'],1,3001,1,6310.0,Kg/Ha,Yield
West Bengal,South 24 Parganas,2022,2022-23,5,Final Estimate,1,Kharif,5,Maize,Food Grains,['Cereals'],1,3001,1,183.0,Tonnes,Production
West Bengal,South 24 Parganas,2022,2022-23,5,Final Estimate,2,Rabi,5,Maize,Food Grains,['Cereals'],1,3001,2,867.0,Tonnes,Production
West Bengal,South 24 Parganas,2023,2023-24,5,Final Estimate,2,Rabi,5,Maize,Food Grains,['Cereals'],1,3001,2,8003.0,Kg/Ha,Yield
West Bengal,South 24 Parganas,2023,2023-24,5,Final Estimate,2,Rabi,5,Maize,Food Grains,['Cereals'],1,3001,2,1392.56,Tonnes,Production
West Bengal,South 24 Parganas,2023,2023-24,5,Final Estimate,2,Rabi,5,Maize,Food Grains,['Cereals'],1,3001,2,174.0,Ha,Area
West Bengal,South 24 Parganas,2022,2022-23,5,Final Estimate,2,Rabi,5,Maize,Food Grains,['Cereals'],1,3001,2,92.0,Ha,Area
West Bengal,South 24 Parganas,2022,2022-23,5,Final Estimate,2,Rabi,5,Maize,Food Grains,['Cereals'],1,3001,2,9424.0,Kg/Ha,Yield
West Bengal,South 24 Parganas,2022,2022-23,5,Final Estimate,3,Summer,5,Maize,Food Grains,['Cereals'],1,3001,3,124.0,Ha,Area
West Bengal,South 24 Parganas,2023,2023-24,5,Final Estimate,3,Summer,5,Maize,Food Grains,['Cereals'],1,3001,3,98.94,Ha,Area
West Bengal,South 24 Parganas,2023,2023-24,5,Final Estimate,3,Summer,5,Maize,Food Grains,['Cereals'],1,3001,3,664.62,Tonnes,Production
West Bengal,South 24 Parganas,2023,2023-24,5,Final Estimate,3,Summer,5,Maize,Food Grains,['Cereals'],1,3001,3,6717.0,Kg/Ha,Yield
West Bengal,South 24 Parganas,2022,2022-23,5,Final Estimate,3,Summer,5,Maize,Food Grains,['Cereals'],1,3001,3,7855.0,Kg/Ha,Yield
West Bengal,South 24 Parganas,2022,2022-23,5,Final Estimate,3,Summer,5,Maize,Food Grains,['Cereals'],1,3001,3,974.0,Tonnes,Production
West Bengal,South 24 Parganas,2023,2023-24,5,Final Estimate,99999,Total,5,Maize,Food Grains,['Cereals'],1,3001,99999,2749.6,Tonnes,Production
West Bengal,South 24 Parganas,2023,2023-24,5,Final Estimate,99999,Total,5,Maize,Food Grains,['Cereals'],1,3001,99999,7747.0,Kg/Ha,Yield
West Bengal,South 24 Parganas,2022,2022-23,5,Final Estimate,99999,Total,5,Maize,Food Grains,['Cereals'],1,3001,99999,8261.0,Kg/Ha,Yield
West Bengal,South 24 Parganas,2022,2022-23,5,Final Estimate,99999,Total,5,Maize,Food Grains,['Cereals'],1,3001,99999,2024.0,Tonnes,Production
West Bengal,South 24 Parganas,2022,2022-23,5,Final Estimate,99999,Total,5,Maize,Food Grains,['Cereals'],1,3001,99999,245.0,Ha,Area
West Bengal,South 24 Parganas,2023,2023-24,5,Final Estimate,99999,Total,5,Maize,Food Grains,['Cereals'],1,3001,99999,354.92,Ha,Area
West Bengal,South 24 Parganas,2022,2022-23,5,Final Estimate,1,Kharif,3998,Nutri/Coarse Cereals,Food Grains,['Cereals'],1,3998,1,6310.0,Kg/Ha,Yield
West Bengal,South 24 Parganas,2023,2023-24,5,Final Estimate,1,Kharif,3998,Nutri/Coarse Cereals,Food Grains,['Cereals'],1,3998,1,692.42,Tonnes,Production
West Bengal,South 24 Parganas,2023,2023-24,5,Final Estimate,1,Kharif,3998,Nutri/Coarse Cereals,Food Grains,['Cereals'],1,3998,1,8446.0,Kg/Ha,Yield
West Bengal,South 24 Parganas,2022,2022-23,5,Final Estimate,1,Kharif,3998,Nutri/Coarse Cereals,Food Grains,['Cereals'],1,3998,1,29.0,Ha,Area
West Bengal,South 24 Parganas,2022,2022-23,5,Final Estimate,1,Kharif,3998,Nutri/Coarse Cereals,Food Grains,['Cereals'],1,3998,1,183.0,Tonnes,Production
West Bengal,South 24 Parganas,2023,2023-24,5,Final Estimate,1,Kharif,3998,Nutri/Coarse Cereals,Food Grains,['Cereals'],1,3998,1,81.98,Ha,Area
West Bengal,South 24 Parganas,2022,2022-23,5,Final Estimate,2,Rabi,3998,Nutri/Coarse Cereals,Food Grains,['Cereals'],1,3998,2,867.0,Tonnes,Production
West Bengal,South 24 Parganas,2023,2023-24,5,Final Estimate,2,Rabi,3998,Nutri/Coarse Cereals,Food Grains,['Cereals'],1,3998,2,174.0,Ha,Area
West Bengal,South 24 Parganas,2023,2023-24,5,Final Estimate,2,Rabi,3998,Nutri/Coarse Cereals,Food Grains,['Cereals'],1,3998,2,1392.56,Tonnes,Production
West Bengal,South 24 Parganas,2023,2023-24,5,Final Estimate,2,Rabi,3998,Nutri/Coarse Cereals,Food Grains,['Cereals'],1,3998,2,8003.0,Kg/Ha,Yield
West Bengal,South 24 Parganas,2022,2022-23,5,Final Estimate,2,Rabi,3998,Nutri/Coarse Cereals,Food Grains,['Cereals'],1,3998,2,9424.0,Kg/Ha,Yield
West Bengal,South 24 Parganas,2022,2022-23,5,Final Estimate,2,Rabi,3998,Nutri/Coarse Cereals,Food Grains,['Cereals'],1,3998,2,92.0,Ha,Area
West Bengal,South 24 Parganas,2022,2022-23,5,Final Estimate,3,Summer,3998,Nutri/Coarse Cereals,Food Grains,['Cereals'],1,3998,3,974.0,Tonnes,Production
West Bengal,South 24 Parganas,2022,2022-23,5,Final Estimate,3,Summer,3998,Nutri/Coarse Cereals,Food Grains,['Cereals'],1,3998,3,7855.0,Kg/Ha,Yield
West Bengal,South 24 Parganas,2022,2022-23,5,Final Estimate,3,Summer,3998,Nutri/Coarse Cereals,Food Grains,['Cereals'],1,3998,3,124.0,Ha,Area
West Bengal,South 24 Parganas,2023,2023-24,5,Final Estimate,3,Summer,3998,Nutri/Coarse Cereals,Food Grains,['Cereals'],1,3998,3,98.94,Ha,Area
West Bengal,South 24 Parganas,2023,2023-24,5,Final Estimate,3,Summer,3998,Nutri/Coarse Cereals,Food Grains,['Cereals'],1,3998,3,6717.0,Kg/Ha,Yield
West Bengal,South 24 Parganas,2023,2023-24,5,Final Estimate,3,Summer,3998,Nutri/Coarse Cereals,Food Grains,['Cereals'],1,3998,3,664.62,Tonnes,Production
West Bengal,South 24 Parganas,2023,2023-24,5,Final Estimate,99999,Total,3998,Nutri/Coarse Cereals,Food Grains,['Cereals'],1,3998,99999,2749.6,Tonnes,Production
West Bengal,South 24 Parganas,2022,2022-23,5,Final Estimate,99999,Total,3998,Nutri/Coarse Cereals,Food Grains,['Cereals'],1,3998,99999,8261.0,Kg/Ha,Yield
West Bengal,South 24 Parganas,2022,2022-23,5,Final Estimate,99999,Total,3998,Nutri/Coarse Cereals,Food Grains,['Cereals'],1,3998,99999,245.0,Ha,Area
West Bengal,South 24 Parganas,2023,2023-24,5,Final Estimate,99999,Total,3998,Nutri/Coarse Cereals,Food Grains,['Cereals'],1,3998,99999,354.92,Ha,Area
West Bengal,South 24 Parganas,2022,2022-23,5,Final Estimate,99999,Total,3998,Nutri/Coarse Cereals,Food Grains,['Cereals'],1,3998,99999,2024.0,Tonnes,Production
West Bengal,South 24 Parganas,2023,2023-24,5,Final Estimate,99999,Total,3998,Nutri/Coarse Cereals,Food Grains,['Cereals'],1,3998,99999,7747.0,Kg/Ha,Yield
West Bengal,South 24 Parganas,2022,2022-23,5,Final Estimate,1,Kharif,3999,Cereals,Food Grains,['Cereals'],1,3999,1,3225.0,Ha,Area
West Bengal,South 24 Parganas,2022,2022-23,5,Final Estimate,1,Kharif,3999,Cereals,Food Grains,['Cereals'],1,3999,1,8222.0,Tonnes,Production
West Bengal,South 24 Parganas,2023,2023-24,5,Final Estimate,1,Kharif,3999,Cereals,Food Grains,['Cereals'],1,3999,1,2598.0,Kg/Ha,Yield
West Bengal,South 24 Parganas,2023,2023-24,5,Final Estimate,1,Kharif,3999,Cereals,Food Grains,['Cereals'],1,3999,1,314215.95,Ha,Area
West Bengal,South 24 Parganas,2023,2023-24,5,Final Estimate,1,Kharif,3999,Cereals,Food Grains,['Cereals'],1,3999,1,816178.94,Tonnes,Production
West Bengal,South 24 Parganas,2022,2022-23,5,Final Estimate,1,Kharif,3999,Cereals,Food Grains,['Cereals'],1,3999,1,2549.0,Kg/Ha,Yield
West Bengal,South 24 Parganas,2022,2022-23,5,Final Estimate,2,Rabi,3999,Cereals,Food Grains,['Cereals'],1,3999,2,326988.0,Ha,Area
West Bengal,South 24 Parganas,2023,2023-24,5,Final Estimate,2,Rabi,3999,Cereals,Food Grains,['Cereals'],1,3999,2,283.0,Ha,Area
West Bengal,South 24 Parganas,2023,2023-24,5,Final Estimate,2,Rabi,3999,Cereals,Food Grains,['Cereals'],1,3999,2,1745.85,Tonnes,Production
West Bengal,South 24 Parganas,2023,2023-24,5,Final Estimate,2,Rabi,3999,Cereals,Food Grains,['Cereals'],1,3999,2,6169.0,Kg/Ha,Yield
West Bengal,South 24 Parganas,2022,2022-23,5,Final Estimate,2,Rabi,3999,Cereals,Food Grains,['Cereals'],1,3999,2,817459.0,Tonnes,Production
West Bengal,South 24 Parganas,2022,2022-23,5,Final Estimate,2,Rabi,3999,Cereals,Food Grains,['Cereals'],1,3999,2,2500.0,Kg/Ha,Yield
West Bengal,South 24 Parganas,2023,2023-24,5,Final Estimate,3,Summer,3999,Cereals,Food Grains,['Cereals'],1,3999,3,3905.0,Kg/Ha,Yield
West Bengal,South 24 Parganas,2023,2023-24,5,Final Estimate,3,Summer,3999,Cereals,Food Grains,['Cereals'],1,3999,3,408000.17,Tonnes,Production
West Bengal,South 24 Parganas,2023,2023-24,5,Final Estimate,3,Summer,3999,Cereals,Food Grains,['Cereals'],1,3999,3,104489.71,Ha,Area
West Bengal,South 24 Parganas,2022,2022-23,5,Final Estimate,3,Summer,3999,Cereals,Food Grains,['Cereals'],1,3999,3,4104.0,Kg/Ha,Yield
West Bengal,South 24 Parganas,2022,2022-23,5,Final Estimate,3,Summer,3999,Cereals,Food Grains,['Cereals'],1,3999,3,95535.0,Ha,Area
West Bengal,South 24 Parganas,2022,2022-23,5,Final Estimate,3,Summer,3999,Cereals,Food Grains,['Cereals'],1,3999,3,392109.0,Tonnes,Production
West Bengal,South 24 Parganas,2022,2022-23,5,Final Estimate,99999,Total,3999,Cereals,Food Grains,['Cereals'],1,3999,99999,2860.0,Kg/Ha,Yield
West Bengal,South 24 Parganas,2022,2022-23,5,Final Estimate,99999,Total,3999,Cereals,Food Grains,['Cereals'],1,3999,99999,425748.0,Ha,Area
West Bengal,South 24 Parganas,2022,2022-23,5,Final Estimate,99999,Total,3999,Cereals,Food Grains,['Cereals'],1,3999,99999,1217790.0,Tonnes,Production
West Bengal,South 24 Parganas,2023,2023-24,5,Final Estimate,99999,Total,3999,Cereals,Food Grains,['Cereals'],1,3999,99999,418988.65,Ha,Area
West Bengal,South 24 Parganas,2023,2023-24,5,Final Estimate,99999,Total,3999,Cereals,Food Grains,['Cereals'],1,3999,99999,2926.0,Kg/Ha,Yield
West Bengal,South 24 Parganas,2023,2023-24,5,Final Estimate,99999,Total,3999,Cereals,Food Grains,['Cereals'],1,3999,99999,1225924.95,Tonnes,Production
West Bengal,South 24 Parganas,2023,2023-24,5,Final Estimate,1,Kharif,9,Tur,Food Grains,['Pulses'],2,4001,1,156.36,Tonnes,Production
West Bengal,South 24 Parganas,2023,2023-24,5,Final Estimate,1,Kharif,9,Tur,Food Grains,['Pulses'],2,4001,1,1336.0,Kg/Ha,Yield
West Bengal,South 24 Parganas,2023,2023-24,5,Final Estimate,1,Kharif,9,Tur,Food Grains,['Pulses'],2,4001,1,117.0,Ha,Area
West Bengal,South 24 Parganas,2022,2022-23,5,Final Estimate,2,Rabi,9,Tur,Food Grains,['Pulses'],2,4001,2,245.0,Ha,Area
West Bengal,South 24 Parganas,2022,2022-23,5,Final Estimate,2,Rabi,9,Tur,Food Grains,['Pulses'],2,4001,2,386.0,Tonnes,Production
West Bengal,South 24 Parganas,2022,2022-23,5,Final Estimate,2,Rabi,9,Tur,Food Grains,['Pulses'],2,4001,2,1576.0,Kg/Ha,Yield
West Bengal,South 24 Parganas,2023,2023-24,5,Final Estimate,99999,Total,9,Tur,Food Grains,['Pulses'],2,4001,99999,117.0,Ha,Area
West Bengal,South 24 Parganas,2023,2023-24,5,Final Estimate,99999,Total,9,Tur,Food Grains,['Pulses'],2,4001,99999,1336.0,Kg/Ha,Yield
West Bengal,South 24 Parganas,2023,2023-24,5,Final Estimate,99999,Total,9,Tur,Food Grains,['Pulses'],2,4001,99999,156.36,Tonnes,Production
West Bengal,South 24 Parganas,2022,2022-23,5,Final Estimate,99999,Total,9,Tur,Food Grains,['Pulses'],2,4001,99999,1576.0,Kg/Ha,Yield
West Bengal,South 24 Parganas,2022,2022-23,5,Final Estimate,99999,Total,9,Tur,Food Grains,['Pulses'],2,4001,99999,386.0,Tonnes,Production
West Bengal,South 24 Parganas,2022,2022-23,5,Final Estimate,99999,Total,9,Tur,Food Grains,['Pulses'],2,4001,99999,245.0,Ha,Area
West Bengal,South 24 Parganas,2022,2022-23,5,Final Estimate,2,Rabi,10,Gram,Food Grains,['Pulses'],2,4002,2,50.0,Tonnes,Production
West Bengal,South 24 Parganas,2023,2023-24,5,Final Estimate,2,Rabi,10,Gram,Food Grains,['Pulses'],2,4002,2,38.0,Ha,Area
West Bengal,South 24 Parganas,2023,2023-24,5,Final Estimate,2,Rabi,10,Gram,Food Grains,['Pulses'],2,4002,2,38.14,Tonnes,Production
West Bengal,South 24 Parganas,2023,2023-24,5,Final Estimate,2,Rabi,10,Gram,Food Grains,['Pulses'],2,4002,2,1004.0,Kg/Ha,Yield
West Bengal,South 24 Parganas,2022,2022-23,5,Final Estimate,2,Rabi,10,Gram,Food Grains,['Pulses'],2,4002,2,48.0,Ha,Area
West Bengal,South 24 Parganas,2022,2022-23,5,Final Estimate,2,Rabi,10,Gram,Food Grains,['Pulses'],2,4002,2,1042.0,Kg/Ha,Yield
West Bengal,South 24 Parganas,2022,2022-23,5,Final Estimate,99999,Total,10,Gram,Food Grains,['Pulses'],2,4002,99999,1042.0,Kg/Ha,Yield
West Bengal,South 24 Parganas,2023,2023-24,5,Final Estimate,99999,Total,10,Gram,Food Grains,['Pulses'],2,4002,99999,38.0,Ha,Area
West Bengal,South 24 Parganas,2023,2023-24,5,Final Estimate,99999,Total,10,Gram,Food Grains,['Pulses'],2,4002,99999,38.14,Tonnes,Production
West Bengal,South 24 Parganas,2023,2023-24,5,Final Estimate,99999,Total,10,Gram,Food Grains,['Pulses'],2,4002,99999,1004.0,Kg/Ha,Yield
West Bengal,South 24 Parganas,2022,2022-23,5,Final Estimate,99999,Total,10,Gram,Food Grains,['Pulses'],2,4002,99999,48.0,Ha,Area
West Bengal,South 24 Parganas,2022,2022-23,5,Final Estimate,99999,Total,10,Gram,Food Grains,['Pulses'],2,4002,99999,50.0,Tonnes,Production
West Bengal,South 24 Parganas,2023,2023-24,5,Final Estimate,1,Kharif,11,Urad,Food Grains,['Pulses'],2,4003,1,278.44,Tonnes,Production
West Bengal,South 24 Parganas,2023,2023-24,5,Final Estimate,1,Kharif,11,Urad,Food Grains,['Pulses'],2,4003,1,710.0,Kg/Ha,Yield
West Bengal,South 24 Parganas,2022,2022-23,5,Final Estimate,1,Kharif,11,Urad,Food Grains,['Pulses'],2,4003,1,704.0,Kg/Ha,Yield
West Bengal,South 24 Parganas,2022,2022-23,5,Final Estimate,1,Kharif,11,Urad,Food Grains,['Pulses'],2,4003,1,425.0,Ha,Area
West Bengal,South 24 Parganas,2022,2022-23,5,Final Estimate,1,Kharif,11,Urad,Food Grains,['Pulses'],2,4003,1,299.0,Tonnes,Production
West Bengal,South 24 Parganas,2023,2023-24,5,Final Estimate,1,Kharif,11,Urad,Food Grains,['Pulses'],2,4003,1,392.0,Ha,Area
West Bengal,South 24 Parganas,2023,2023-24,5,Final Estimate,99999,Total,11,Urad,Food Grains,['Pulses'],2,4003,99999,278.44,Tonnes,Production
West Bengal,South 24 Parganas,2022,2022-23,5,Final Estimate,99999,Total,11,Urad,Food Grains,['Pulses'],2,4003,99999,299.0,Tonnes,Production
West Bengal,South 24 Parganas,2022,2022-23,5,Final Estimate,99999,Total,11,Urad,Food Grains,['Pulses'],2,4003,99999,425.0,Ha,Area
West Bengal,South 24 Parganas,2022,2022-23,5,Final Estimate,99999,Total,11,Urad,Food Grains,['Pulses'],2,4003,99999,704.0,Kg/Ha,Yield
West Bengal,South 24 Parganas,2023,2023-24,5,Final Estimate,99999,Total,11,Urad,Food Grains,['Pulses'],2,4003,99999,392.0,Ha,Area
West Bengal,South 24 Parganas,2023,2023-24,5,Final Estimate,99999,Total,11,Urad,Food Grains,['Pulses'],2,4003,99999,710.0,Kg/Ha,Yield
West Bengal,South 24 Parganas,2022,2022-23,5,Final Estimate,3,Summer,12,Moong,Food Grains,['Pulses'],2,4004,3,672.0,Kg/Ha,Yield
West Bengal,South 24 Parganas,2023,2023-24,5,Final Estimate,3,Summer,12,Moong,Food Grains,['Pulses'],2,4004,3,721.0,Kg/Ha,Yield
West Bengal,South 24 Parganas,2023,2023-24,5,Final Estimate,3,Summer,12,Moong,Food Grains,['Pulses'],2,4004,3,44425.0,Ha,Area
West Bengal,South 24 Parganas,2023,2023-24,5,Final Estimate,3,Summer,12,Moong,Food Grains,['Pulses'],2,4004,3,32038.85,Tonnes,Production
West Bengal,South 24 Parganas,2022,2022-23,5,Final Estimate,3,Summer,12,Moong,Food Grains,['Pulses'],2,4004,3,30036.0,Tonnes,Production
West Bengal,South 24 Parganas,2022,2022-23,5,Final Estimate,3,Summer,12,Moong,Food Grains,['Pulses'],2,4004,3,44690.0,Ha,Area
West Bengal,South 24 Parganas,2022,2022-23,5,Final Estimate,99999,Total,12,Moong,Food Grains,['Pulses'],2,4004,99999,30036.0,Tonnes,Production
West Bengal,South 24 Parganas,2022,2022-23,5,Final Estimate,99999,Total,12,Moong,Food Grains,['Pulses'],2,4004,99999,44690.0,Ha,Area
West Bengal,South 24 Parganas,2023,2023-24,5,Final Estimate,99999,Total,12,Moong,Food Grains,['Pulses'],2,4004,99999,32038.85,Tonnes,Production
West Bengal,South 24 Parganas,2023,2023-24,5,Final Estimate,99999,Total,12,Moong,Food Grains,['Pulses'],2,4004,99999,721.0,Kg/Ha,Yield
West Bengal,South 24 Parganas,2022,2022-23,5,Final Estimate,99999,Total,12,Moong,Food Grains,['Pulses'],2,4004,99999,672.0,Kg/Ha,Yield
West Bengal,South 24 Parganas,2023,2023-24,5,Final Estimate,99999,Total,12,Moong,Food Grains,['Pulses'],2,4004,99999,44425.0,Ha,Area
West Bengal,South 24 Parganas,2023,2023-24,5,Final Estimate,2,Rabi,13,Lentil,Food Grains,['Pulses'],2,4005,2,795.0,Ha,Area
West Bengal,South 24 Parganas,2022,2022-23,5,Final Estimate,2,Rabi,13,Lentil,Food Grains,['Pulses'],2,4005,2,810.0,Ha,Area
West Bengal,South 24 Parganas,2022,2022-23,5,Final Estimate,2,Rabi,13,Lentil,Food Grains,['Pulses'],2,4005,2,793.0,Kg/Ha,Yield
West Bengal,South 24 Parganas,2022,2022-23,5,Final Estimate,2,Rabi,13,Lentil,Food Grains,['Pulses'],2,4005,2,642.0,Tonnes,Production
West Bengal,South 24 Parganas,2023,2023-24,5,Final Estimate,2,Rabi,13,Lentil,Food Grains,['Pulses'],2,4005,2,1044.0,Kg/Ha,Yield
West Bengal,South 24 Parganas,2023,2023-24,5,Final Estimate,2,Rabi,13,Lentil,Food Grains,['Pulses'],2,4005,2,830.33,Tonnes,Production
West Bengal,South 24 Parganas,2022,2022-23,5,Final Estimate,99999,Total,13,Lentil,Food Grains,['Pulses'],2,4005,99999,810.0,Ha,Area
West Bengal,South 24 Parganas,2023,2023-24,5,Final Estimate,99999,Total,13,Lentil,Food Grains,['Pulses'],2,4005,99999,830.33,Tonnes,Production
West Bengal,South 24 Parganas,2023,2023-24,5,Final Estimate,99999,Total,13,Lentil,Food Grains,['Pulses'],2,4005,99999,1044.0,Kg/Ha,Yield
West Bengal,South 24 Parganas,2022,2022-23,5,Final Estimate,99999,Total,13,Lentil,Food Grains,['Pulses'],2,4005,99999,642.0,Tonnes,Production
West Bengal,South 24 Parganas,2022,2022-23,5,Final Estimate,99999,Total,13,Lentil,Food Grains,['Pulses'],2,4005,99999,793.0,Kg/Ha,Yield
West Bengal,South 24 Parganas,2023,2023-24,5,Final Estimate,99999,Total,13,Lentil,Food Grains,['Pulses'],2,4005,99999,795.0,Ha,Area
West Bengal,South 24 Parganas,2022,2022-23,5,Final Estimate,2,Rabi,14,Other Pulses,Food Grains,['Pulses'],2,4006,2,40551.0,Tonnes,Production
West Bengal,South 24 Parganas,2023,2023-24,5,Final Estimate,2,Rabi,14,Other Pulses,Food Grains,['Pulses'],2,4006,2,1657.0,Kg/Ha,Yield
West Bengal,South 24 Parganas,2023,2023-24,5,Final Estimate,2,Rabi,14,Other Pulses,Food Grains,['Pulses'],2,4006,2,28848.0,Ha,Area
West Bengal,South 24 Parganas,2023,2023-24,5,Final Estimate,2,Rabi,14,Other Pulses,Food Grains,['Pulses'],2,4006,2,47797.56,Tonnes,Production
West Bengal,South 24 Parganas,2022,2022-23,5,Final Estimate,2,Rabi,14,Other Pulses,Food Grains,['Pulses'],2,4006,2,1504.0,Kg/Ha,Yield
West Bengal,South 24 Parganas,2022,2022-23,5,Final Estimate,2,Rabi,14,Other Pulses,Food Grains,['Pulses'],2,4006,2,26958.0,Ha,Area
West Bengal,South 24 Parganas,2023,2023-24,5,Final Estimate,99999,Total,14,Other Pulses,Food Grains,['Pulses'],2,4006,99999,47797.56,Tonnes,Production
West Bengal,South 24 Parganas,2023,2023-24,5,Final Estimate,99999,Total,14,Other Pulses,Food Grains,['Pulses'],2,4006,99999,28848.0,Ha,Area
West Bengal,South 24 Parganas,2023,2023-24,5,Final Estimate,99999,Total,14,Other Pulses,Food Grains,['Pulses'],2,4006,99999,1657.0,Kg/Ha,Yield
West Bengal,South 24 Parganas,2022,2022-23,5,Final Estimate,99999,Total,14,Other Pulses,Food Grains,['Pulses'],2,4006,99999,40551.0,Tonnes,Production
West Bengal,South 24 Parganas,2022,2022-23,5,Final Estimate,99999,Total,14,Other Pulses,Food Grains,['Pulses'],2,4006,99999,26958.0,Ha,Area
West Bengal,South 24 Parganas,2022,2022-23,5,Final Estimate,99999,Total,14,Other Pulses,Food Grains,['Pulses'],2,4006,99999,1504.0,Kg/Ha,Yield
West Bengal,South 24 Parganas,2022,2022-23,5,Final Estimate,99999,Total,4998,Total Pulses,Food Grains,['Pulses'],2,4998,99999,983.0,Kg/Ha,Yield
West Bengal,South 24 Parganas,2022,2022-23,5,Final Estimate,99999,Total,4998,Total Pulses,Food Grains,['Pulses'],2,4998,99999,71964.0,Tonnes,Production
West Bengal,South 24 Parganas,2022,2022-23,5,Final Estimate,99999,Total,4998,Total Pulses,Food Grains,['Pulses'],2,4998,99999,73176.0,Ha,Area
West Bengal,South 24 Parganas,2023,2023-24,5,Final Estimate,99999,Total,4998,Total Pulses,Food Grains,['Pulses'],2,4998,99999,1087.0,Kg/Ha,Yield
West Bengal,South 24 Parganas,2023,2023-24,5,Final Estimate,99999,Total,4998,Total Pulses,Food Grains,['Pulses'],2,4998,99999,74615.0,Ha,Area
West Bengal,South 24 Parganas,2023,2023-24,5,Final Estimate,99999,Total,4998,Total Pulses,Food Grains,['Pulses'],2,4998,99999,81139.67,Tonnes,Production
West Bengal,South 24 Parganas,2023,2023-24,5,Final Estimate,1,Kharif,4999,Total Food Grains,Food Grains,"['Cereals', 'Pulses']",2,4999,1,816613.74,Tonnes,Production
West Bengal,South 24 Parganas,2023,2023-24,5,Final Estimate,1,Kharif,4999,Total Food Grains,Food Grains,"['Cereals', 'Pulses']",2,4999,1,2595.0,Kg/Ha,Yield
West Bengal,South 24 Parganas,2022,2022-23,5,Final Estimate,1,Kharif,4999,Total Food Grains,Food Grains,"['Cereals', 'Pulses']",2,4999,1,3650.0,Ha,Area
West Bengal,South 24 Parganas,2022,2022-23,5,Final Estimate,1,Kharif,4999,Total Food Grains,Food Grains,"['Cereals', 'Pulses']",2,4999,1,8521.0,Tonnes,Production
West Bengal,South 24 Parganas,2022,2022-23,5,Final Estimate,1,Kharif,4999,Total Food Grains,Food Grains,"['Cereals', 'Pulses']",2,4999,1,2335.0,Kg/Ha,Yield
West Bengal,South 24 Parganas,2023,2023-24,5,Final Estimate,1,Kharif,4999,Total Food Grains,Food Grains,"['Cereals', 'Pulses']",2,4999,1,314724.95,Ha,Area
West Bengal,South 24 Parganas,2022,2022-23,5,Final Estimate,2,Rabi,4999,Total Food Grains,Food Grains,"['Cereals', 'Pulses']",2,4999,2,2420.0,Kg/Ha,Yield
West Bengal,South 24 Parganas,2022,2022-23,5,Final Estimate,2,Rabi,4999,Total Food Grains,Food Grains,"['Cereals', 'Pulses']",2,4999,2,859088.0,Tonnes,Production
West Bengal,South 24 Parganas,2023,2023-24,5,Final Estimate,2,Rabi,4999,Total Food Grains,Food Grains,"['Cereals', 'Pulses']",2,4999,2,1682.0,Kg/Ha,Yield
West Bengal,South 24 Parganas,2023,2023-24,5,Final Estimate,2,Rabi,4999,Total Food Grains,Food Grains,"['Cereals', 'Pulses']",2,4999,2,29964.0,Ha,Area
West Bengal,South 24 Parganas,2023,2023-24,5,Final Estimate,2,Rabi,4999,Total Food Grains,Food Grains,"['Cereals', 'Pulses']",2,4999,2,50411.87,Tonnes,Production
West Bengal,South 24 Parganas,2022,2022-23,5,Final Estimate,2,Rabi,4999,Total Food Grains,Food Grains,"['Cereals', 'Pulses']",2,4999,2,355049.0,Ha,Area
West Bengal,South 24 Parganas,2022,2022-23,5,Final Estimate,3,Summer,4999,Total Food Grains,Food Grains,"['Cereals', 'Pulses']",2,4999,3,140225.0,Ha,Area
West Bengal,South 24 Parganas,2023,2023-24,5,Final Estimate,3,Summer,4999,Total Food Grains,Food Grains,"['Cereals', 'Pulses']",2,4999,3,2955.0,Kg/Ha,Yield
West Bengal,South 24 Parganas,2022,2022-23,5,Final Estimate,3,Summer,4999,Total Food Grains,Food Grains,"['Cereals', 'Pulses']",2,4999,3,422145.0,Tonnes,Production
West Bengal,South 24 Parganas,2023,2023-24,5,Final Estimate,3,Summer,4999,Total Food Grains,Food Grains,"['Cereals', 'Pulses']",2,4999,3,148914.71,Ha,Area
West Bengal,South 24 Parganas,2022,2022-23,5,Final Estimate,3,Summer,4999,Total Food Grains,Food Grains,"['Cereals', 'Pulses']",2,4999,3,3010.0,Kg/Ha,Yield
West Bengal,South 24 Parganas,2023,2023-24,5,Final Estimate,3,Summer,4999,Total Food Grains,Food Grains,"['Cereals', 'Pulses']",2,4999,3,440039.02,Tonnes,Production
West Bengal,South 24 Parganas,2022,2022-23,5,Final Estimate,99999,Total,4999,Total Food Grains,Food Grains,"['Cereals', 'Pulses']",2,4999,99999,2585.0,Kg/Ha,Yield
West Bengal,South 24 Parganas,2022,2022-23,5,Final Estimate,99999,Total,4999,Total Food Grains,Food Grains,"['Cereals', 'Pulses']",2,4999,99999,498924.0,Ha,Area
West Bengal,South 24 Parganas,2022,2022-23,5,Final Estimate,99999,Total,4999,Total Food Grains,Food Grains,"['Cereals', 'Pulses']",2,4999,99999,1289754.0,Tonnes,Production
West Bengal,South 24 Parganas,2023,2023-24,5,Final Estimate,99999,Total,4999,Total Food Grains,Food Grains,"['Cereals', 'Pulses']",2,4999,99999,2648.0,Kg/Ha,Yield
West Bengal,South 24 Parganas,2023,2023-24,5,Final Estimate,99999,Total,4999,Total Food Grains,Food Grains,"['Cereals', 'Pulses']",2,4999,99999,1307064.63,Tonnes,Production
West Bengal,South 24 Parganas,2023,2023-24,5,Final Estimate,99999,Total,4999,Total Food Grains,Food Grains,"['Cereals', 'Pulses']",2,4999,99999,493603.65,Ha,Area
West Bengal,South 24 Parganas,2022,2022-23,5,Final Estimate,3,Summer,15,Groundnut,Oilseeds,['Oil Seeds'],3,1,3,179.0,Tonnes,Production
West Bengal,South 24 Parganas,2023,2023-24,5,Final Estimate,3,Summer,15,Groundnut,Oilseeds,['Oil Seeds'],3,1,3,47.99,Ha,Area
West Bengal,South 24 Parganas,2023,2023-24,5,Final Estimate,3,Summer,15,Groundnut,Oilseeds,['Oil Seeds'],3,1,3,106.16,Tonnes,Production
West Bengal,South 24 Parganas,2023,2023-24,5,Final Estimate,3,Summer,15,Groundnut,Oilseeds,['Oil Seeds'],3,1,3,2212.0,Kg/Ha,Yield
West Bengal,South 24 Parganas,2022,2022-23,5,Final Estimate,3,Summer,15,Groundnut,Oilseeds,['Oil Seeds'],3,1,3,68.0,Ha,Area
West Bengal,South 24 Parganas,2022,2022-23,5,Final Estimate,3,Summer,15,Groundnut,Oilseeds,['Oil Seeds'],3,1,3,2632.0,Kg/Ha,Yield
West Bengal,South 24 Parganas,2022,2022-23,5,Final Estimate,99999,Total,15,Groundnut,Oilseeds,['Oil Seeds'],3,1,99999,68.0,Ha,Area
West Bengal,South 24 Parganas,2023,2023-24,5,Final Estimate,99999,Total,15,Groundnut,Oilseeds,['Oil Seeds'],3,1,99999,106.16,Tonnes,Production
West Bengal,South 24 Parganas,2023,2023-24,5,Final Estimate,99999,Total,15,Groundnut,Oilseeds,['Oil Seeds'],3,1,99999,2212.0,Kg/Ha,Yield
West Bengal,South 24 Parganas,2023,2023-24,5,Final Estimate,99999,Total,15,Groundnut,Oilseeds,['Oil Seeds'],3,1,99999,47.99,Ha,Area
West Bengal,South 24 Parganas,2022,2022-23,5,Final Estimate,99999,Total,15,Groundnut,Oilseeds,['Oil Seeds'],3,1,99999,179.0,Tonnes,Production
West Bengal,South 24 Parganas,2022,2022-23,5,Final Estimate,99999,Total,15,Groundnut,Oilseeds,['Oil Seeds'],3,1,99999,2632.0,Kg/Ha,Yield
West Bengal,South 24 Parganas,2023,2023-24,5,Final Estimate,3,Summer,17,Sesamum,Oilseeds,['Oil Seeds'],3,3,3,3893.46,Tonnes,Production
West Bengal,South 24 Parganas,2023,2023-24,5,Final Estimate,3,Summer,17,Sesamum,Oilseeds,['Oil Seeds'],3,3,3,2784.0,Ha,Area
West Bengal,South 24 Parganas,2023,2023-24,5,Final Estimate,3,Summer,17,Sesamum,Oilseeds,['Oil Seeds'],3,3,3,1399.0,Kg/Ha,Yield
West Bengal,South 24 Parganas,2022,2022-23,5,Final Estimate,3,Summer,17,Sesamum,Oilseeds,['Oil Seeds'],3,3,3,2794.0,Ha,Area
West Bengal,South 24 Parganas,2022,2022-23,5,Final Estimate,3,Summer,17,Sesamum,Oilseeds,['Oil Seeds'],3,3,3,2443.0,Tonnes,Production
West Bengal,South 24 Parganas,2022,2022-23,5,Final Estimate,3,Summer,17,Sesamum,Oilseeds,['Oil Seeds'],3,3,3,874.0,Kg/Ha,Yield
West Bengal,South 24 Parganas,2023,2023-24,5,Final Estimate,99999,Total,17,Sesamum,Oilseeds,['Oil Seeds'],3,3,99999,2784.0,Ha,Area
West Bengal,South 24 Parganas,2023,2023-24,5,Final Estimate,99999,Total,17,Sesamum,Oilseeds,['Oil Seeds'],3,3,99999,3893.46,Tonnes,Production
West Bengal,South 24 Parganas,2023,2023-24,5,Final Estimate,99999,Total,17,Sesamum,Oilseeds,['Oil Seeds'],3,3,99999,1399.0,Kg/Ha,Yield
West Bengal,South 24 Parganas,2022,2022-23,5,Final Estimate,99999,Total,17,Sesamum,Oilseeds,['Oil Seeds'],3,3,99999,874.0,Kg/Ha,Yield
West Bengal,South 24 Parganas,2022,2022-23,5,Final Estimate,99999,Total,17,Sesamum,Oilseeds,['Oil Seeds'],3,3,99999,2443.0,Tonnes,Production
West Bengal,South 24 Parganas,2022,2022-23,5,Final Estimate,99999,Total,17,Sesamum,Oilseeds,['Oil Seeds'],3,3,99999,2794.0,Ha,Area
West Bengal,South 24 Parganas,2022,2022-23,5,Final Estimate,1,Kharif,20,Sunflower,Oilseeds,['Oil Seeds'],3,6,1,4020.0,Ha,Area
West Bengal,South 24 Parganas,2022,2022-23,5,Final Estimate,1,Kharif,20,Sunflower,Oilseeds,['Oil Seeds'],3,6,1,4904.0,Tonnes,Production
West Bengal,South 24 Parganas,2022,2022-23,5,Final Estimate,1,Kharif,20,Sunflower,Oilseeds,['Oil Seeds'],3,6,1,1220.0,Kg/Ha,Yield
West Bengal,South 24 Parganas,2023,2023-24,5,Final Estimate,3,Summer,20,Sunflower,Oilseeds,['Oil Seeds'],3,6,3,4542.78,Tonnes,Production
West Bengal,South 24 Parganas,2023,2023-24,5,Final Estimate,3,Summer,20,Sunflower,Oilseeds,['Oil Seeds'],3,6,3,4040.0,Ha,Area
West Bengal,South 24 Parganas,2023,2023-24,5,Final Estimate,3,Summer,20,Sunflower,Oilseeds,['Oil Seeds'],3,6,3,1124.0,Kg/Ha,Yield
West Bengal,South 24 Parganas,2022,2022-23,5,Final Estimate,99999,Total,20,Sunflower,Oilseeds,['Oil Seeds'],3,6,99999,4020.0,Ha,Area
West Bengal,South 24 Parganas,2023,2023-24,5,Final Estimate,99999,Total,20,Sunflower,Oilseeds,['Oil Seeds'],3,6,99999,4542.78,Tonnes,Production
West Bengal,South 24 Parganas,2023,2023-24,5,Final Estimate,99999,Total,20,Sunflower,Oilseeds,['Oil Seeds'],3,6,99999,1124.0,Kg/Ha,Yield
West Bengal,South 24 Parganas,2023,2023-24,5,Final Estimate,99999,Total,20,Sunflower,Oilseeds,['Oil Seeds'],3,6,99999,4040.0,Ha,Area
West Bengal,South 24 Parganas,2022,2022-23,5,Final Estimate,99999,Total,20,Sunflower,Oilseeds,['Oil Seeds'],3,6,99999,4904.0,Tonnes,Production
West Bengal,South 24 Parganas,2022,2022-23,5,Final Estimate,99999,Total,20,Sunflower,Oilseeds,['Oil Seeds'],3,6,99999,1220.0,Kg/Ha,Yield
West Bengal,South 24 Parganas,2023,2023-24,5,Final Estimate,2,Rabi,21,Rapeseed & Mustard,Oilseeds,['Oil Seeds'],3,7,2,4805.85,Tonnes,Production
West Bengal,South 24 Parganas,2022,2022-23,5,Final Estimate,2,Rabi,21,Rapeseed & Mustard,Oilseeds,['Oil Seeds'],3,7,2,4227.0,Ha,Area
West Bengal,South 24 Parganas,2022,2022-23,5,Final Estimate,2,Rabi,21,Rapeseed & Mustard,Oilseeds,['Oil Seeds'],3,7,2,4721.0,Tonnes,Production
West Bengal,South 24 Parganas,2022,2022-23,5,Final Estimate,2,Rabi,21,Rapeseed & Mustard,Oilseeds,['Oil Seeds'],3,7,2,1117.0,Kg/Ha,Yield
West Bengal,South 24 Parganas,2023,2023-24,5,Final Estimate,2,Rabi,21,Rapeseed & Mustard,Oilseeds,['Oil Seeds'],3,7,2,3827.0,Ha,Area
West Bengal,South 24 Parganas,2023,2023-24,5,Final Estimate,2,Rabi,21,Rapeseed & Mustard,Oilseeds,['Oil Seeds'],3,7,2,1256.0,Kg/Ha,Yield
West Bengal,South 24 Parganas,2022,2022-23,5,Final Estimate,99999,Total,21,Rapeseed & Mustard,Oilseeds,['Oil Seeds'],3,7,99999,4721.0,Tonnes,Production
West Bengal,South 24 Parganas,2023,2023-24,5,Final Estimate,99999,Total,21,Rapeseed & Mustard,Oilseeds,['Oil Seeds'],3,7,99999,4805.85,Tonnes,Production
West Bengal,South 24 Parganas,2023,2023-24,5,Final Estimate,99999,Total,21,Rapeseed & Mustard,Oilseeds,['Oil Seeds'],3,7,99999,3827.0,Ha,Area
West Bengal,South 24 Parganas,2023,2023-24,5,Final Estimate,99999,Total,21,Rapeseed & Mustard,Oilseeds,['Oil Seeds'],3,7,99999,1256.0,Kg/Ha,Yield
West Bengal,South 24 Parganas,2022,2022-23,5,Final Estimate,99999,Total,21,Rapeseed & Mustard,Oilseeds,['Oil Seeds'],3,7,99999,1117.0,Kg/Ha,Yield
West Bengal,South 24 Parganas,2022,2022-23,5,Final Estimate,99999,Total,21,Rapeseed & Mustard,Oilseeds,['Oil Seeds'],3,7,99999,4227.0,Ha,Area
West Bengal,South 24 Parganas,2022,2022-23,5,Final Estimate,2,Rabi,22,Linseed,Oilseeds,['Oil Seeds'],3,8,2,52.0,Tonnes,Production
West Bengal,South 24 Parganas,2023,2023-24,5,Final Estimate,2,Rabi,22,Linseed,Oilseeds,['Oil Seeds'],3,8,2,33.72,Tonnes,Production
West Bengal,South 24 Parganas,2023,2023-24,5,Final Estimate,2,Rabi,22,Linseed,Oilseeds,['Oil Seeds'],3,8,2,68.0,Ha,Area
West Bengal,South 24 Parganas,2023,2023-24,5,Final Estimate,2,Rabi,22,Linseed,Oilseeds,['Oil Seeds'],3,8,2,496.0,Kg/Ha,Yield
West Bengal,South 24 Parganas,2022,2022-23,5,Final Estimate,2,Rabi,22,Linseed,Oilseeds,['Oil Seeds'],3,8,2,406.0,Kg/Ha,Yield
West Bengal,South 24 Parganas,2022,2022-23,5,Final Estimate,2,Rabi,22,Linseed,Oilseeds,['Oil Seeds'],3,8,2,128.0,Ha,Area
West Bengal,South 24 Parganas,2023,2023-24,5,Final Estimate,99999,Total,22,Linseed,Oilseeds,['Oil Seeds'],3,8,99999,496.0,Kg/Ha,Yield
West Bengal,South 24 Parganas,2022,2022-23,5,Final Estimate,99999,Total,22,Linseed,Oilseeds,['Oil Seeds'],3,8,99999,52.0,Tonnes,Production
West Bengal,South 24 Parganas,2022,2022-23,5,Final Estimate,99999,Total,22,Linseed,Oilseeds,['Oil Seeds'],3,8,99999,128.0,Ha,Area
West Bengal,South 24 Parganas,2023,2023-24,5,Final Estimate,99999,Total,22,Linseed,Oilseeds,['Oil Seeds'],3,8,99999,33.72,Tonnes,Production
West Bengal,South 24 Parganas,2023,2023-24,5,Final Estimate,99999,Total,22,Linseed,Oilseeds,['Oil Seeds'],3,8,99999,68.0,Ha,Area
West Bengal,South 24 Parganas,2022,2022-23,5,Final Estimate,99999,Total,22,Linseed,Oilseeds,['Oil Seeds'],3,8,99999,406.0,Kg/Ha,Yield
West Bengal,South 24 Parganas,2023,2023-24,5,Final Estimate,99999,Total,999,Total Oil Seeds,Oilseeds,['Oil Seeds'],3,999,99999,13381.96,Tonnes,Production
West Bengal,South 24 Parganas,2022,2022-23,5,Final Estimate,99999,Total,999,Total Oil Seeds,Oilseeds,['Oil Seeds'],3,999,99999,12299.0,Tonnes,Production
West Bengal,South 24 Parganas,2022,2022-23,5,Final Estimate,99999,Total,999,Total Oil Seeds,Oilseeds,['Oil Seeds'],3,999,99999,11237.0,Ha,Area
West Bengal,South 24 Parganas,2022,2022-23,5,Final Estimate,99999,Total,999,Total Oil Seeds,Oilseeds,['Oil Seeds'],3,999,99999,1095.0,Kg/Ha,Yield
West Bengal,South 24 Parganas,2023,2023-24,5,Final Estimate,99999,Total,999,Total Oil Seeds,Oilseeds,['Oil Seeds'],3,999,99999,1243.0,Kg/Ha,Yield
West Bengal,South 24 Parganas,2023,2023-24,5,Final Estimate,99999,Total,999,Total Oil Seeds,Oilseeds,['Oil Seeds'],3,999,99999,10766.99,Ha,Area
West Bengal,South 24 Parganas,2022,2022-23,5,Final Estimate,1,Kharif,28,Sugarcane,Commercial Crops,['Commercial Crops'],4,1001,1,7336.0,Tonnes,Production
West Bengal,South 24 Parganas,2023,2023-24,5,Final Estimate,1,Kharif,28,Sugarcane,Commercial Crops,['Commercial Crops'],4,1001,1,44564.0,Kg/Ha,Yield
West Bengal,South 24 Parganas,2023,2023-24,5,Final Estimate,1,Kharif,28,Sugarcane,Commercial Crops,['Commercial Crops'],4,1001,1,4812.93,Tonnes,Production
West Bengal,South 24 Parganas,2023,2023-24,5,Final Estimate,1,Kharif,28,Sugarcane,Commercial Crops,['Commercial Crops'],4,1001,1,108.0,Ha,Area
West Bengal,South 24 Parganas,2022,2022-23,5,Final Estimate,1,Kharif,28,Sugarcane,Commercial Crops,['Commercial Crops'],4,1001,1,78043.0,Kg/Ha,Yield
West Bengal,South 24 Parganas,2022,2022-23,5,Final Estimate,1,Kharif,28,Sugarcane,Commercial Crops,['Commercial Crops'],4,1001,1,94.0,Ha,Area
West Bengal,South 24 Parganas,2022,2022-23,5,Final Estimate,99999,Total,28,Sugarcane,Commercial Crops,['Commercial Crops'],4,1001,99999,78043.0,Kg/Ha,Yield
West Bengal,South 24 Parganas,2023,2023-24,5,Final Estimate,99999,Total,28,Sugarcane,Commercial Crops,['Commercial Crops'],4,1001,99999,108.0,Ha,Area
West Bengal,South 24 Parganas,2023,2023-24,5,Final Estimate,99999,Total,28,Sugarcane,Commercial Crops,['Commercial Crops'],4,1001,99999,4812.93,Tonnes,Production
West Bengal,South 24 Parganas,2023,2023-24,5,Final Estimate,99999,Total,28,Sugarcane,Commercial Crops,['Commercial Crops'],4,1001,99999,44564.0,Kg/Ha,Yield
West Bengal,South 24 Parganas,2022,2022-23,5,Final Estimate,99999,Total,28,Sugarcane,Commercial Crops,['Commercial Crops'],4,1001,99999,94.0,Ha,Area
West Bengal,South 24 Parganas,2022,2022-23,5,Final Estimate,99999,Total,28,Sugarcane,Commercial Crops,['Commercial Crops'],4,1001,99999,7336.0,Tonnes,Production
West Bengal,South 24 Parganas,2023,2023-24,5,Final Estimate,1,Kharif,25,Cotton,Commercial Crops,['Commercial Crops'],4,1002,1,830.0,Kg/Ha,Yield
West Bengal,South 24 Parganas,2022,2022-23,5,Final Estimate,1,Kharif,25,Cotton,Commercial Crops,['Commercial Crops'],4,1002,1,859.0,Kg/Ha,Yield
West Bengal,South 24 Parganas,2022,2022-23,5,Final Estimate,1,Kharif,25,Cotton,Commercial Crops,['Commercial Crops'],4,1002,1,80.0,Ha,Area
West Bengal,South 24 Parganas,2022,2022-23,5,Final Estimate,1,Kharif,25,Cotton,Commercial Crops,['Commercial Crops'],4,1002,1,404.0,Tonnes,Production
West Bengal,South 24 Parganas,2023,2023-24,5,Final Estimate,1,Kharif,25,Cotton,Commercial Crops,['Commercial Crops'],4,1002,1,366.18,Tonnes,Production
West Bengal,South 24 Parganas,2023,2023-24,5,Final Estimate,1,Kharif,25,Cotton,Commercial Crops,['Commercial Crops'],4,1002,1,75.0,Ha,Area
West Bengal,South 24 Parganas,2023,2023-24,5,Final Estimate,99999,Total,25,Cotton,Commercial Crops,['Commercial Crops'],4,1002,99999,366.18,Tonnes,Production
West Bengal,South 24 Parganas,2023,2023-24,5,Final Estimate,99999,Total,25,Cotton,Commercial Crops,['Commercial Crops'],4,1002,99999,75.0,Ha,Area
West Bengal,South 24 Parganas,2022,2022-23,5,Final Estimate,99999,Total,25,Cotton,Commercial Crops,['Commercial Crops'],4,1002,99999,859.0,Kg/Ha,Yield
West Bengal,South 24 Parganas,2022,2022-23,5,Final Estimate,99999,Total,25,Cotton,Commercial Crops,['Commercial Crops'],4,1002,99999,404.0,Tonnes,Production
West Bengal,South 24 Parganas,2022,2022-23,5,Final Estimate,99999,Total,25,Cotton,Commercial Crops,['Commercial Crops'],4,1002,99999,80.0,Ha,Area
West Bengal,South 24 Parganas,2023,2023-24,5,Final Estimate,99999,Total,25,Cotton,Commercial Crops,['Commercial Crops'],4,1002,99999,830.0,Kg/Ha,Yield
West Bengal,South 24 Parganas,2023,2023-24,5,Final Estimate,1,Kharif,26,Jute,Commercial Crops,['Commercial Crops'],4,1003,1,13345.07,Tonnes,Production
West Bengal,South 24 Parganas,2023,2023-24,5,Final Estimate,1,Kharif,26,Jute,Commercial Crops,['Commercial Crops'],4,1003,1,4710.0,Kg/Ha,Yield
West Bengal,South 24 Parganas,2023,2023-24,5,Final Estimate,1,Kharif,26,Jute,Commercial Crops,['Commercial Crops'],4,1003,1,510.0,Ha,Area
West Bengal,South 24 Parganas,2022,2022-23,5,Final Estimate,1,Kharif,26,Jute,Commercial Crops,['Commercial Crops'],4,1003,1,13871.0,Tonnes,Production
West Bengal,South 24 Parganas,2022,2022-23,5,Final Estimate,1,Kharif,26,Jute,Commercial Crops,['Commercial Crops'],4,1003,1,5598.0,Kg/Ha,Yield
West Bengal,South 24 Parganas,2022,2022-23,5,Final Estimate,1,Kharif,26,Jute,Commercial Crops,['Commercial Crops'],4,1003,1,446.0,Ha,Area
West Bengal,South 24 Parganas,2023,2023-24,5,Final Estimate,99999,Total,26,Jute,Commercial Crops,['Commercial Crops'],4,1003,99999,13345.07,Tonnes,Production
West Bengal,South 24 Parganas,2022,2022-23,5,Final Estimate,99999,Total,26,Jute,Commercial Crops,['Commercial Crops'],4,1003,99999,446.0,Ha,Area
West Bengal,South 24 Parganas,2022,2022-23,5,Final Estimate,99999,Total,26,Jute,Commercial Crops,['Commercial Crops'],4,1003,99999,13871.0,Tonnes,Production
West Bengal,South 24 Parganas,2022,2022-23,5,Final Estimate,99999,Total,26,Jute,Commercial Crops,['Commercial Crops'],4,1003,99999,5598.0,Kg/Ha,Yield
West Bengal,South 24 Parganas,2023,2023-24,5,Final Estimate,99999,Total,26,Jute,Commercial Crops,['Commercial Crops'],4,1003,99999,510.0,Ha,Area
West Bengal,South 24 Parganas,2023,2023-24,5,Final Estimate,99999,Total,26,Jute,Commercial Crops,['Commercial Crops'],4,1003,99999,4710.0,Kg/Ha,Yield
West Bengal,South 24 Parganas,2023,2023-24,5,Final Estimate,1,Kharif,1999,Jute & Mesta,Commercial Crops,['Commercial Crops'],4,1999,1,13345.07,Tonnes,Production
West Bengal,South 24 Parganas,2022,2022-23,5,Final Estimate,1,Kharif,1999,Jute & Mesta,Commercial Crops,['Commercial Crops'],4,1999,1,13871.0,Tonnes,Production
West Bengal,South 24 Parganas,2022,2022-23,5,Final Estimate,1,Kharif,1999,Jute & Mesta,Commercial Crops,['Commercial Crops'],4,1999,1,5598.0,Kg/Ha,Yield
West Bengal,South 24 Parganas,2022,2022-23,5,Final Estimate,1,Kharif,1999,Jute & Mesta,Commercial Crops,['Commercial Crops'],4,1999,1,446.0,Ha,Area
West Bengal,South 24 Parganas,2023,2023-24,5,Final Estimate,1,Kharif,1999,Jute & Mesta,Commercial Crops,['Commercial Crops'],4,1999,1,510.0,Ha,Area
West Bengal,South 24 Parganas,2023,2023-24,5,Final Estimate,1,Kharif,1999,Jute & Mesta,Commercial Crops,['Commercial Crops'],4,1999,1,4710.0,Kg/Ha,Yield
West Bengal,South 24 Parganas,2023,2023-24,5,Final Estimate,99999,Total,1999,Jute & Mesta,Commercial Crops,['Commercial Crops'],4,1999,99999,510.0,Ha,Area
West Bengal,South 24 Parganas,2022,2022-23,5,Final Estimate,99999,Total,1999,Jute & Mesta,Commercial Crops,['Commercial Crops'],4,1999,99999,13871.0,Tonnes,Production
West Bengal,South 24 Parganas,2022,2022-23,5,Final Estimate,99999,Total,1999,Jute & Mesta,Commercial Crops,['Commercial Crops'],4,1999,99999,5598.0,Kg/Ha,Yield
West Bengal,South 24 Parganas,2023,2023-24,5,Final Estimate,99999,Total,1999,Jute & Mesta,Commercial Crops,['Commercial Crops'],4,1999,99999,4710.0,Kg/Ha,Yield
West Bengal,South 24 Parganas,2022,2022-23,5,Final Estimate,99999,Total,1999,Jute & Mesta,Commercial Crops,['Commercial Crops'],4,1999,99999,446.0,Ha,Area
West Bengal,South 24 Parganas,2023,2023-24,5,Final Estimate,99999,Total,1999,Jute & Mesta,Commercial Crops,['Commercial Crops'],4,1999,99999,13345.07,Tonnes,Production
West Bengal,Uttar Dinajpur,2023,2023-24,5,Final Estimate,1,Kharif,1,Rice,Food Grains,['Cereals'],1,2001,1,2890.0,Kg/Ha,Yield
West Bengal,Uttar Dinajpur,2023,2023-24,5,Final Estimate,1,Kharif,1,Rice,Food Grains,['Cereals'],1,2001,1,554461.09,Tonnes,Production
West Bengal,Uttar Dinajpur,2022,2022-23,5,Final Estimate,1,Kharif,1,Rice,Food Grains,['Cereals'],1,2001,1,999.0,Ha,Area
West Bengal,Uttar Dinajpur,2022,2022-23,5,Final Estimate,1,Kharif,1,Rice,Food Grains,['Cereals'],1,2001,1,1990.0,Tonnes,Production
West Bengal,Uttar Dinajpur,2022,2022-23,5,Final Estimate,1,Kharif,1,Rice,Food Grains,['Cereals'],1,2001,1,1992.0,Kg/Ha,Yield
West Bengal,Uttar Dinajpur,2023,2023-24,5,Final Estimate,1,Kharif,1,Rice,Food Grains,['Cereals'],1,2001,1,191848.76,Ha,Area
West Bengal,Uttar Dinajpur,2022,2022-23,5,Final Estimate,2,Rabi,1,Rice,Food Grains,['Cereals'],1,2001,2,2808.0,Kg/Ha,Yield
West Bengal,Uttar Dinajpur,2022,2022-23,5,Final Estimate,2,Rabi,1,Rice,Food Grains,['Cereals'],1,2001,2,197826.0,Ha,Area
West Bengal,Uttar Dinajpur,2022,2022-23,5,Final Estimate,2,Rabi,1,Rice,Food Grains,['Cereals'],1,2001,2,555409.0,Tonnes,Production
West Bengal,Uttar Dinajpur,2022,2022-23,5,Final Estimate,3,Summer,1,Rice,Food Grains,['Cereals'],1,2001,3,149369.0,Tonnes,Production
West Bengal,Uttar Dinajpur,2023,2023-24,5,Final Estimate,3,Summer,1,Rice,Food Grains,['Cereals'],1,2001,3,162037.35,Tonnes,Production
West Bengal,Uttar Dinajpur,2023,2023-24,5,Final Estimate,3,Summer,1,Rice,Food Grains,['Cereals'],1,2001,3,51554.15,Ha,Area
West Bengal,Uttar Dinajpur,2023,2023-24,5,Final Estimate,3,Summer,1,Rice,Food Grains,['Cereals'],1,2001,3,3143.0,Kg/Ha,Yield
West Bengal,Uttar Dinajpur,2022,2022-23,5,Final Estimate,3,Summer,1,Rice,Food Grains,['Cereals'],1,2001,3,3119.0,Kg/Ha,Yield
West Bengal,Uttar Dinajpur,2022,2022-23,5,Final Estimate,3,Summer,1,Rice,Food Grains,['Cereals'],1,2001,3,47885.0,Ha,Area
West Bengal,Uttar Dinajpur,2023,2023-24,5,Final Estimate,99999,Total,1,Rice,Food Grains,['Cereals'],1,2001,99999,243402.92,Ha,Area
West Bengal,Uttar Dinajpur,2022,2022-23,5,Final Estimate,99999,Total,1,Rice,Food Grains,['Cereals'],1,2001,99999,2865.0,Kg/Ha,Yield
West Bengal,Uttar Dinajpur,2022,2022-23,5,Final Estimate,99999,Total,1,Rice,Food Grains,['Cereals'],1,2001,99999,246710.0,Ha,Area
West Bengal,Uttar Dinajpur,2022,2022-23,5,Final Estimate,99999,Total,1,Rice,Food Grains,['Cereals'],1,2001,99999,706768.0,Tonnes,Production
West Bengal,Uttar Dinajpur,2023,2023-24,5,Final Estimate,99999,Total,1,Rice,Food Grains,['Cereals'],1,2001,99999,2944.0,Kg/Ha,Yield
West Bengal,Uttar Dinajpur,2023,2023-24,5,Final Estimate,99999,Total,1,Rice,Food Grains,['Cereals'],1,2001,99999,716498.44,Tonnes,Production
West Bengal,Uttar Dinajpur,2023,2023-24,5,Final Estimate,2,Rabi,2,Wheat,Food Grains,['Cereals'],1,2002,2,14629.0,Ha,Area
West Bengal,Uttar Dinajpur,2022,2022-23,5,Final Estimate,2,Rabi,2,Wheat,Food Grains,['Cereals'],1,2002,2,52794.0,Tonnes,Production
West Bengal,Uttar Dinajpur,2022,2022-23,5,Final Estimate,2,Rabi,2,Wheat,Food Grains,['Cereals'],1,2002,2,19247.0,Ha,Area
West Bengal,Uttar Dinajpur,2023,2023-24,5,Final Estimate,2,Rabi,2,Wheat,Food Grains,['Cereals'],1,2002,2,2924.0,Kg/Ha,Yield
West Bengal,Uttar Dinajpur,2023,2023-24,5,Final Estimate,2,Rabi,2,Wheat,Food Grains,['Cereals'],1,2002,2,42777.6,Tonnes,Production
West Bengal,Uttar Dinajpur,2022,2022-23,5,Final Estimate,2,Rabi,2,Wheat,Food Grains,['Cereals'],1,2002,2,2743.0,Kg/Ha,Yield
West Bengal,Uttar Dinajpur,2022,2022-23,5,Final Estimate,99999,Total,2,Wheat,Food Grains,['Cereals'],1,2002,99999,2743.0,Kg/Ha,Yield
West Bengal,Uttar Dinajpur,2022,2022-23,5,Final Estimate,99999,Total,2,Wheat,Food Grains,['Cereals'],1,2002,99999,52794.0,Tonnes,Production
West Bengal,Uttar Dinajpur,2023,2023-24,5,Final Estimate,99999,Total,2,Wheat,Food Grains,['Cereals'],1,2002,99999,42777.6,Tonnes,Production
West Bengal,Uttar Dinajpur,2023,2023-24,5,Final Estimate,99999,Total,2,Wheat,Food Grains,['Cereals'],1,2002,99999,14629.0,Ha,Area
West Bengal,Uttar Dinajpur,2023,2023-24,5,Final Estimate,99999,Total,2,Wheat,Food Grains,['Cereals'],1,2002,99999,2924.0,Kg/Ha,Yield
West Bengal,Uttar Dinajpur,2022,2022-23,5,Final Estimate,99999,Total,2,Wheat,Food Grains,['Cereals'],1,2002,99999,19247.0,Ha,Area
West Bengal,Uttar Dinajpur,2023,2023-24,5,Final Estimate,1,Kharif,5,Maize,Food Grains,['Cereals'],1,3001,1,19938.58,Tonnes,Production
West Bengal,Uttar Dinajpur,2023,2023-24,5,Final Estimate,1,Kharif,5,Maize,Food Grains,['Cereals'],1,3001,1,5031.0,Kg/Ha,Yield
West Bengal,Uttar Dinajpur,2023,2023-24,5,Final Estimate,1,Kharif,5,Maize,Food Grains,['Cereals'],1,3001,1,3963.21,Ha,Area
West Bengal,Uttar Dinajpur,2022,2022-23,5,Final Estimate,1,Kharif,5,Maize,Food Grains,['Cereals'],1,3001,1,32650.0,Tonnes,Production
West Bengal,Uttar Dinajpur,2022,2022-23,5,Final Estimate,1,Kharif,5,Maize,Food Grains,['Cereals'],1,3001,1,7496.0,Ha,Area
West Bengal,Uttar Dinajpur,2022,2022-23,5,Final Estimate,1,Kharif,5,Maize,Food Grains,['Cereals'],1,3001,1,4356.0,Kg/Ha,Yield
West Bengal,Uttar Dinajpur,2023,2023-24,5,Final Estimate,2,Rabi,5,Maize,Food Grains,['Cereals'],1,3001,2,64306.0,Ha,Area
West Bengal,Uttar Dinajpur,2022,2022-23,5,Final Estimate,2,Rabi,5,Maize,Food Grains,['Cereals'],1,3001,2,7502.0,Kg/Ha,Yield
West Bengal,Uttar Dinajpur,2022,2022-23,5,Final Estimate,2,Rabi,5,Maize,Food Grains,['Cereals'],1,3001,2,44581.0,Ha,Area
West Bengal,Uttar Dinajpur,2023,2023-24,5,Final Estimate,2,Rabi,5,Maize,Food Grains,['Cereals'],1,3001,2,434626.91,Tonnes,Production
West Bengal,Uttar Dinajpur,2022,2022-23,5,Final Estimate,2,Rabi,5,Maize,Food Grains,['Cereals'],1,3001,2,334453.0,Tonnes,Production
West Bengal,Uttar Dinajpur,2023,2023-24,5,Final Estimate,2,Rabi,5,Maize,Food Grains,['Cereals'],1,3001,2,6759.0,Kg/Ha,Yield
West Bengal,Uttar Dinajpur,2023,2023-24,5,Final Estimate,3,Summer,5,Maize,Food Grains,['Cereals'],1,3001,3,405060.93,Tonnes,Production
West Bengal,Uttar Dinajpur,2023,2023-24,5,Final Estimate,3,Summer,5,Maize,Food Grains,['Cereals'],1,3001,3,53130.57,Ha,Area
West Bengal,Uttar Dinajpur,2023,2023-24,5,Final Estimate,3,Summer,5,Maize,Food Grains,['Cereals'],1,3001,3,7624.0,Kg/Ha,Yield
West Bengal,Uttar Dinajpur,2022,2022-23,5,Final Estimate,3,Summer,5,Maize,Food Grains,['Cereals'],1,3001,3,7286.0,Kg/Ha,Yield
West Bengal,Uttar Dinajpur,2022,2022-23,5,Final Estimate,3,Summer,5,Maize,Food Grains,['Cereals'],1,3001,3,52554.0,Ha,Area
West Bengal,Uttar Dinajpur,2022,2022-23,5,Final Estimate,3,Summer,5,Maize,Food Grains,['Cereals'],1,3001,3,382930.0,Tonnes,Production
West Bengal,Uttar Dinajpur,2022,2022-23,5,Final Estimate,99999,Total,5,Maize,Food Grains,['Cereals'],1,3001,99999,750033.0,Tonnes,Production
West Bengal,Uttar Dinajpur,2023,2023-24,5,Final Estimate,99999,Total,5,Maize,Food Grains,['Cereals'],1,3001,99999,859626.41,Tonnes,Production
West Bengal,Uttar Dinajpur,2023,2023-24,5,Final Estimate,99999,Total,5,Maize,Food Grains,['Cereals'],1,3001,99999,7081.0,Kg/Ha,Yield
West Bengal,Uttar Dinajpur,2023,2023-24,5,Final Estimate,99999,Total,5,Maize,Food Grains,['Cereals'],1,3001,99999,121399.78,Ha,Area
West Bengal,Uttar Dinajpur,2022,2022-23,5,Final Estimate,99999,Total,5,Maize,Food Grains,['Cereals'],1,3001,99999,7168.0,Kg/Ha,Yield
West Bengal,Uttar Dinajpur,2022,2022-23,5,Final Estimate,99999,Total,5,Maize,Food Grains,['Cereals'],1,3001,99999,104631.0,Ha,Area
West Bengal,Uttar Dinajpur,2022,2022-23,5,Final Estimate,1,Kharif,3998,Nutri/Coarse Cereals,Food Grains,['Cereals'],1,3998,1,4356.0,Kg/Ha,Yield
West Bengal,Uttar Dinajpur,2023,2023-24,5,Final Estimate,1,Kharif,3998,Nutri/Coarse Cereals,Food Grains,['Cereals'],1,3998,1,5031.0,Kg/Ha,Yield
West Bengal,Uttar Dinajpur,2023,2023-24,5,Final Estimate,1,Kharif,3998,Nutri/Coarse Cereals,Food Grains,['Cereals'],1,3998,1,3963.21,Ha,Area
West Bengal,Uttar Dinajpur,2023,2023-24,5,Final Estimate,1,Kharif,3998,Nutri/Coarse Cereals,Food Grains,['Cereals'],1,3998,1,19938.58,Tonnes,Production
West Bengal,Uttar Dinajpur,2022,2022-23,5,Final Estimate,1,Kharif,3998,Nutri/Coarse Cereals,Food Grains,['Cereals'],1,3998,1,32650.0,Tonnes,Production
West Bengal,Uttar Dinajpur,2022,2022-23,5,Final Estimate,1,Kharif,3998,Nutri/Coarse Cereals,Food Grains,['Cereals'],1,3998,1,7496.0,Ha,Area
West Bengal,Uttar Dinajpur,2022,2022-23,5,Final Estimate,2,Rabi,3998,Nutri/Coarse Cereals,Food Grains,['Cereals'],1,3998,2,7502.0,Kg/Ha,Yield
West Bengal,Uttar Dinajpur,2022,2022-23,5,Final Estimate,2,Rabi,3998,Nutri/Coarse Cereals,Food Grains,['Cereals'],1,3998,2,334453.0,Tonnes,Production
West Bengal,Uttar Dinajpur,2023,2023-24,5,Final Estimate,2,Rabi,3998,Nutri/Coarse Cereals,Food Grains,['Cereals'],1,3998,2,64306.0,Ha,Area
West Bengal,Uttar Dinajpur,2023,2023-24,5,Final Estimate,2,Rabi,3998,Nutri/Coarse Cereals,Food Grains,['Cereals'],1,3998,2,6759.0,Kg/Ha,Yield
West Bengal,Uttar Dinajpur,2023,2023-24,5,Final Estimate,2,Rabi,3998,Nutri/Coarse Cereals,Food Grains,['Cereals'],1,3998,2,434626.91,Tonnes,Production
West Bengal,Uttar Dinajpur,2022,2022-23,5,Final Estimate,2,Rabi,3998,Nutri/Coarse Cereals,Food Grains,['Cereals'],1,3998,2,44581.0,Ha,Area
West Bengal,Uttar Dinajpur,2023,2023-24,5,Final Estimate,3,Summer,3998,Nutri/Coarse Cereals,Food Grains,['Cereals'],1,3998,3,53130.57,Ha,Area
West Bengal,Uttar Dinajpur,2023,2023-24,5,Final Estimate,3,Summer,3998,Nutri/Coarse Cereals,Food Grains,['Cereals'],1,3998,3,7624.0,Kg/Ha,Yield
West Bengal,Uttar Dinajpur,2023,2023-24,5,Final Estimate,3,Summer,3998,Nutri/Coarse Cereals,Food Grains,['Cereals'],1,3998,3,405060.93,Tonnes,Production
West Bengal,Uttar Dinajpur,2022,2022-23,5,Final Estimate,3,Summer,3998,Nutri/Coarse Cereals,Food Grains,['Cereals'],1,3998,3,382930.0,Tonnes,Production
West Bengal,Uttar Dinajpur,2022,2022-23,5,Final Estimate,3,Summer,3998,Nutri/Coarse Cereals,Food Grains,['Cereals'],1,3998,3,7286.0,Kg/Ha,Yield
West Bengal,Uttar Dinajpur,2022,2022-23,5,Final Estimate,3,Summer,3998,Nutri/Coarse Cereals,Food Grains,['Cereals'],1,3998,3,52554.0,Ha,Area
West Bengal,Uttar Dinajpur,2023,2023-24,5,Final Estimate,99999,Total,3998,Nutri/Coarse Cereals,Food Grains,['Cereals'],1,3998,99999,7081.0,Kg/Ha,Yield
West Bengal,Uttar Dinajpur,2022,2022-23,5,Final Estimate,99999,Total,3998,Nutri/Coarse Cereals,Food Grains,['Cereals'],1,3998,99999,750033.0,Tonnes,Production
West Bengal,Uttar Dinajpur,2022,2022-23,5,Final Estimate,99999,Total,3998,Nutri/Coarse Cereals,Food Grains,['Cereals'],1,3998,99999,104631.0,Ha,Area
West Bengal,Uttar Dinajpur,2022,2022-23,5,Final Estimate,99999,Total,3998,Nutri/Coarse Cereals,Food Grains,['Cereals'],1,3998,99999,7168.0,Kg/Ha,Yield
West Bengal,Uttar Dinajpur,2023,2023-24,5,Final Estimate,99999,Total,3998,Nutri/Coarse Cereals,Food Grains,['Cereals'],1,3998,99999,859626.41,Tonnes,Production
West Bengal,Uttar Dinajpur,2023,2023-24,5,Final Estimate,99999,Total,3998,Nutri/Coarse Cereals,Food Grains,['Cereals'],1,3998,99999,121399.78,Ha,Area
West Bengal,Uttar Dinajpur,2023,2023-24,5,Final Estimate,1,Kharif,3999,Cereals,Food Grains,['Cereals'],1,3999,1,195811.98,Ha,Area
West Bengal,Uttar Dinajpur,2023,2023-24,5,Final Estimate,1,Kharif,3999,Cereals,Food Grains,['Cereals'],1,3999,1,574399.67,Tonnes,Production
West Bengal,Uttar Dinajpur,2023,2023-24,5,Final Estimate,1,Kharif,3999,Cereals,Food Grains,['Cereals'],1,3999,1,2933.0,Kg/Ha,Yield
West Bengal,Uttar Dinajpur,2022,2022-23,5,Final Estimate,1,Kharif,3999,Cereals,Food Grains,['Cereals'],1,3999,1,34640.0,Tonnes,Production
West Bengal,Uttar Dinajpur,2022,2022-23,5,Final Estimate,1,Kharif,3999,Cereals,Food Grains,['Cereals'],1,3999,1,8495.0,Ha,Area
West Bengal,Uttar Dinajpur,2022,2022-23,5,Final Estimate,1,Kharif,3999,Cereals,Food Grains,['Cereals'],1,3999,1,4078.0,Kg/Ha,Yield
West Bengal,Uttar Dinajpur,2022,2022-23,5,Final Estimate,2,Rabi,3999,Cereals,Food Grains,['Cereals'],1,3999,2,3603.0,Kg/Ha,Yield
West Bengal,Uttar Dinajpur,2022,2022-23,5,Final Estimate,2,Rabi,3999,Cereals,Food Grains,['Cereals'],1,3999,2,261654.0,Ha,Area
West Bengal,Uttar Dinajpur,2022,2022-23,5,Final Estimate,2,Rabi,3999,Cereals,Food Grains,['Cereals'],1,3999,2,942656.0,Tonnes,Production
West Bengal,Uttar Dinajpur,2023,2023-24,5,Final Estimate,2,Rabi,3999,Cereals,Food Grains,['Cereals'],1,3999,2,6048.0,Kg/Ha,Yield
West Bengal,Uttar Dinajpur,2023,2023-24,5,Final Estimate,2,Rabi,3999,Cereals,Food Grains,['Cereals'],1,3999,2,477404.51,Tonnes,Production
West Bengal,Uttar Dinajpur,2023,2023-24,5,Final Estimate,2,Rabi,3999,Cereals,Food Grains,['Cereals'],1,3999,2,78935.0,Ha,Area
West Bengal,Uttar Dinajpur,2023,2023-24,5,Final Estimate,3,Summer,3999,Cereals,Food Grains,['Cereals'],1,3999,3,104684.72,Ha,Area
West Bengal,Uttar Dinajpur,2023,2023-24,5,Final Estimate,3,Summer,3999,Cereals,Food Grains,['Cereals'],1,3999,3,5417.0,Kg/Ha,Yield
West Bengal,Uttar Dinajpur,2023,2023-24,5,Final Estimate,3,Summer,3999,Cereals,Food Grains,['Cereals'],1,3999,3,567098.28,Tonnes,Production
West Bengal,Uttar Dinajpur,2022,2022-23,5,Final Estimate,3,Summer,3999,Cereals,Food Grains,['Cereals'],1,3999,3,5300.0,Kg/Ha,Yield
West Bengal,Uttar Dinajpur,2022,2022-23,5,Final Estimate,3,Summer,3999,Cereals,Food Grains,['Cereals'],1,3999,3,100439.0,Ha,Area
West Bengal,Uttar Dinajpur,2022,2022-23,5,Final Estimate,3,Summer,3999,Cereals,Food Grains,['Cereals'],1,3999,3,532299.0,Tonnes,Production
West Bengal,Uttar Dinajpur,2022,2022-23,5,Final Estimate,99999,Total,3999,Cereals,Food Grains,['Cereals'],1,3999,99999,4074.0,Kg/Ha,Yield
West Bengal,Uttar Dinajpur,2023,2023-24,5,Final Estimate,99999,Total,3999,Cereals,Food Grains,['Cereals'],1,3999,99999,4267.0,Kg/Ha,Yield
West Bengal,Uttar Dinajpur,2023,2023-24,5,Final Estimate,99999,Total,3999,Cereals,Food Grains,['Cereals'],1,3999,99999,379431.7,Ha,Area
West Bengal,Uttar Dinajpur,2023,2023-24,5,Final Estimate,99999,Total,3999,Cereals,Food Grains,['Cereals'],1,3999,99999,1618902.46,Tonnes,Production
West Bengal,Uttar Dinajpur,2022,2022-23,5,Final Estimate,99999,Total,3999,Cereals,Food Grains,['Cereals'],1,3999,99999,370588.0,Ha,Area
West Bengal,Uttar Dinajpur,2022,2022-23,5,Final Estimate,99999,Total,3999,Cereals,Food Grains,['Cereals'],1,3999,99999,1509595.0,Tonnes,Production
West Bengal,Uttar Dinajpur,2023,2023-24,5,Final Estimate,1,Kharif,9,Tur,Food Grains,['Pulses'],2,4001,1,362.0,Ha,Area
West Bengal,Uttar Dinajpur,2023,2023-24,5,Final Estimate,1,Kharif,9,Tur,Food Grains,['Pulses'],2,4001,1,2016.0,Kg/Ha,Yield
West Bengal,Uttar Dinajpur,2023,2023-24,5,Final Estimate,1,Kharif,9,Tur,Food Grains,['Pulses'],2,4001,1,729.73,Tonnes,Production
West Bengal,Uttar Dinajpur,2022,2022-23,5,Final Estimate,2,Rabi,9,Tur,Food Grains,['Pulses'],2,4001,2,533.0,Tonnes,Production
West Bengal,Uttar Dinajpur,2022,2022-23,5,Final Estimate,2,Rabi,9,Tur,Food Grains,['Pulses'],2,4001,2,253.0,Ha,Area
West Bengal,Uttar Dinajpur,2022,2022-23,5,Final Estimate,2,Rabi,9,Tur,Food Grains,['Pulses'],2,4001,2,2107.0,Kg/Ha,Yield
West Bengal,Uttar Dinajpur,2023,2023-24,5,Final Estimate,99999,Total,9,Tur,Food Grains,['Pulses'],2,4001,99999,729.73,Tonnes,Production
West Bengal,Uttar Dinajpur,2023,2023-24,5,Final Estimate,99999,Total,9,Tur,Food Grains,['Pulses'],2,4001,99999,362.0,Ha,Area
West Bengal,Uttar Dinajpur,2022,2022-23,5,Final Estimate,99999,Total,9,Tur,Food Grains,['Pulses'],2,4001,99999,533.0,Tonnes,Production
West Bengal,Uttar Dinajpur,2022,2022-23,5,Final Estimate,99999,Total,9,Tur,Food Grains,['Pulses'],2,4001,99999,253.0,Ha,Area
West Bengal,Uttar Dinajpur,2022,2022-23,5,Final Estimate,99999,Total,9,Tur,Food Grains,['Pulses'],2,4001,99999,2107.0,Kg/Ha,Yield
West Bengal,Uttar Dinajpur,2023,2023-24,5,Final Estimate,99999,Total,9,Tur,Food Grains,['Pulses'],2,4001,99999,2016.0,Kg/Ha,Yield
West Bengal,Uttar Dinajpur,2022,2022-23,5,Final Estimate,2,Rabi,10,Gram,Food Grains,['Pulses'],2,4002,2,344.0,Tonnes,Production
West Bengal,Uttar Dinajpur,2022,2022-23,5,Final Estimate,2,Rabi,10,Gram,Food Grains,['Pulses'],2,4002,2,1154.0,Kg/Ha,Yield
West Bengal,Uttar Dinajpur,2022,2022-23,5,Final Estimate,2,Rabi,10,Gram,Food Grains,['Pulses'],2,4002,2,298.0,Ha,Area
West Bengal,Uttar Dinajpur,2023,2023-24,5,Final Estimate,2,Rabi,10,Gram,Food Grains,['Pulses'],2,4002,2,427.0,Ha,Area
West Bengal,Uttar Dinajpur,2023,2023-24,5,Final Estimate,2,Rabi,10,Gram,Food Grains,['Pulses'],2,4002,2,478.92,Tonnes,Production
West Bengal,Uttar Dinajpur,2023,2023-24,5,Final Estimate,2,Rabi,10,Gram,Food Grains,['Pulses'],2,4002,2,1122.0,Kg/Ha,Yield
West Bengal,Uttar Dinajpur,2022,2022-23,5,Final Estimate,99999,Total,10,Gram,Food Grains,['Pulses'],2,4002,99999,298.0,Ha,Area
West Bengal,Uttar Dinajpur,2022,2022-23,5,Final Estimate,99999,Total,10,Gram,Food Grains,['Pulses'],2,4002,99999,1154.0,Kg/Ha,Yield
West Bengal,Uttar Dinajpur,2023,2023-24,5,Final Estimate,99999,Total,10,Gram,Food Grains,['Pulses'],2,4002,99999,427.0,Ha,Area
West Bengal,Uttar Dinajpur,2023,2023-24,5,Final Estimate,99999,Total,10,Gram,Food Grains,['Pulses'],2,4002,99999,478.92,Tonnes,Production
West Bengal,Uttar Dinajpur,2023,2023-24,5,Final Estimate,99999,Total,10,Gram,Food Grains,['Pulses'],2,4002,99999,1122.0,Kg/Ha,Yield
West Bengal,Uttar Dinajpur,2022,2022-23,5,Final Estimate,99999,Total,10,Gram,Food Grains,['Pulses'],2,4002,99999,344.0,Tonnes,Production
West Bengal,Uttar Dinajpur,2023,2023-24,5,Final Estimate,1,Kharif,11,Urad,Food Grains,['Pulses'],2,4003,1,718.0,Kg/Ha,Yield
West Bengal,Uttar Dinajpur,2023,2023-24,5,Final Estimate,1,Kharif,11,Urad,Food Grains,['Pulses'],2,4003,1,1223.27,Tonnes,Production
West Bengal,Uttar Dinajpur,2023,2023-24,5,Final Estimate,1,Kharif,11,Urad,Food Grains,['Pulses'],2,4003,1,1703.0,Ha,Area
West Bengal,Uttar Dinajpur,2022,2022-23,5,Final Estimate,1,Kharif,11,Urad,Food Grains,['Pulses'],2,4003,1,1755.0,Ha,Area
West Bengal,Uttar Dinajpur,2022,2022-23,5,Final Estimate,1,Kharif,11,Urad,Food Grains,['Pulses'],2,4003,1,1344.0,Tonnes,Production
West Bengal,Uttar Dinajpur,2022,2022-23,5,Final Estimate,1,Kharif,11,Urad,Food Grains,['Pulses'],2,4003,1,766.0,Kg/Ha,Yield
West Bengal,Uttar Dinajpur,2023,2023-24,5,Final Estimate,2,Rabi,11,Urad,Food Grains,['Pulses'],2,4003,2,458.29,Tonnes,Production
West Bengal,Uttar Dinajpur,2023,2023-24,5,Final Estimate,2,Rabi,11,Urad,Food Grains,['Pulses'],2,4003,2,475.0,Ha,Area
West Bengal,Uttar Dinajpur,2022,2022-23,5,Final Estimate,2,Rabi,11,Urad,Food Grains,['Pulses'],2,4003,2,847.0,Ha,Area
West Bengal,Uttar Dinajpur,2022,2022-23,5,Final Estimate,2,Rabi,11,Urad,Food Grains,['Pulses'],2,4003,2,809.0,Tonnes,Production
West Bengal,Uttar Dinajpur,2023,2023-24,5,Final Estimate,2,Rabi,11,Urad,Food Grains,['Pulses'],2,4003,2,965.0,Kg/Ha,Yield
West Bengal,Uttar Dinajpur,2022,2022-23,5,Final Estimate,2,Rabi,11,Urad,Food Grains,['Pulses'],2,4003,2,955.0,Kg/Ha,Yield
West Bengal,Uttar Dinajpur,2022,2022-23,5,Final Estimate,99999,Total,11,Urad,Food Grains,['Pulses'],2,4003,99999,827.0,Kg/Ha,Yield
West Bengal,Uttar Dinajpur,2023,2023-24,5,Final Estimate,99999,Total,11,Urad,Food Grains,['Pulses'],2,4003,99999,1681.56,Tonnes,Production
West Bengal,Uttar Dinajpur,2022,2022-23,5,Final Estimate,99999,Total,11,Urad,Food Grains,['Pulses'],2,4003,99999,2602.0,Ha,Area
West Bengal,Uttar Dinajpur,2022,2022-23,5,Final Estimate,99999,Total,11,Urad,Food Grains,['Pulses'],2,4003,99999,2153.0,Tonnes,Production
West Bengal,Uttar Dinajpur,2023,2023-24,5,Final Estimate,99999,Total,11,Urad,Food Grains,['Pulses'],2,4003,99999,772.0,Kg/Ha,Yield
West Bengal,Uttar Dinajpur,2023,2023-24,5,Final Estimate,99999,Total,11,Urad,Food Grains,['Pulses'],2,4003,99999,2178.0,Ha,Area
West Bengal,Uttar Dinajpur,2023,2023-24,5,Final Estimate,2,Rabi,12,Moong,Food Grains,['Pulses'],2,4004,2,680.0,Kg/Ha,Yield
West Bengal,Uttar Dinajpur,2022,2022-23,5,Final Estimate,2,Rabi,12,Moong,Food Grains,['Pulses'],2,4004,2,670.0,Kg/Ha,Yield
West Bengal,Uttar Dinajpur,2022,2022-23,5,Final Estimate,2,Rabi,12,Moong,Food Grains,['Pulses'],2,4004,2,200.0,Ha,Area
West Bengal,Uttar Dinajpur,2022,2022-23,5,Final Estimate,2,Rabi,12,Moong,Food Grains,['Pulses'],2,4004,2,134.0,Tonnes,Production
West Bengal,Uttar Dinajpur,2023,2023-24,5,Final Estimate,2,Rabi,12,Moong,Food Grains,['Pulses'],2,4004,2,155.0,Ha,Area
West Bengal,Uttar Dinajpur,2023,2023-24,5,Final Estimate,2,Rabi,12,Moong,Food Grains,['Pulses'],2,4004,2,105.38,Tonnes,Production
West Bengal,Uttar Dinajpur,2023,2023-24,5,Final Estimate,3,Summer,12,Moong,Food Grains,['Pulses'],2,4004,3,260.0,Ha,Area
West Bengal,Uttar Dinajpur,2023,2023-24,5,Final Estimate,3,Summer,12,Moong,Food Grains,['Pulses'],2,4004,3,287.0,Tonnes,Production
West Bengal,Uttar Dinajpur,2023,2023-24,5,Final Estimate,3,Summer,12,Moong,Food Grains,['Pulses'],2,4004,3,1104.0,Kg/Ha,Yield
West Bengal,Uttar Dinajpur,2022,2022-23,5,Final Estimate,3,Summer,12,Moong,Food Grains,['Pulses'],2,4004,3,1223.0,Ha,Area
West Bengal,Uttar Dinajpur,2022,2022-23,5,Final Estimate,3,Summer,12,Moong,Food Grains,['Pulses'],2,4004,3,1656.0,Kg/Ha,Yield
West Bengal,Uttar Dinajpur,2022,2022-23,5,Final Estimate,3,Summer,12,Moong,Food Grains,['Pulses'],2,4004,3,2025.0,Tonnes,Production
West Bengal,Uttar Dinajpur,2023,2023-24,5,Final Estimate,99999,Total,12,Moong,Food Grains,['Pulses'],2,4004,99999,415.0,Ha,Area
West Bengal,Uttar Dinajpur,2022,2022-23,5,Final Estimate,99999,Total,12,Moong,Food Grains,['Pulses'],2,4004,99999,1423.0,Ha,Area
West Bengal,Uttar Dinajpur,2022,2022-23,5,Final Estimate,99999,Total,12,Moong,Food Grains,['Pulses'],2,4004,99999,1517.0,Kg/Ha,Yield
West Bengal,Uttar Dinajpur,2022,2022-23,5,Final Estimate,99999,Total,12,Moong,Food Grains,['Pulses'],2,4004,99999,2159.0,Tonnes,Production
West Bengal,Uttar Dinajpur,2023,2023-24,5,Final Estimate,99999,Total,12,Moong,Food Grains,['Pulses'],2,4004,99999,945.0,Kg/Ha,Yield
West Bengal,Uttar Dinajpur,2023,2023-24,5,Final Estimate,99999,Total,12,Moong,Food Grains,['Pulses'],2,4004,99999,392.38,Tonnes,Production
West Bengal,Uttar Dinajpur,2023,2023-24,5,Final Estimate,2,Rabi,13,Lentil,Food Grains,['Pulses'],2,4005,2,612.0,Kg/Ha,Yield
West Bengal,Uttar Dinajpur,2022,2022-23,5,Final Estimate,2,Rabi,13,Lentil,Food Grains,['Pulses'],2,4005,2,2177.0,Ha,Area
West Bengal,Uttar Dinajpur,2022,2022-23,5,Final Estimate,2,Rabi,13,Lentil,Food Grains,['Pulses'],2,4005,2,1269.0,Tonnes,Production
West Bengal,Uttar Dinajpur,2022,2022-23,5,Final Estimate,2,Rabi,13,Lentil,Food Grains,['Pulses'],2,4005,2,583.0,Kg/Ha,Yield
West Bengal,Uttar Dinajpur,2023,2023-24,5,Final Estimate,2,Rabi,13,Lentil,Food Grains,['Pulses'],2,4005,2,2452.0,Ha,Area
West Bengal,Uttar Dinajpur,2023,2023-24,5,Final Estimate,2,Rabi,13,Lentil,Food Grains,['Pulses'],2,4005,2,1501.25,Tonnes,Production
West Bengal,Uttar Dinajpur,2022,2022-23,5,Final Estimate,99999,Total,13,Lentil,Food Grains,['Pulses'],2,4005,99999,2177.0,Ha,Area
West Bengal,Uttar Dinajpur,2023,2023-24,5,Final Estimate,99999,Total,13,Lentil,Food Grains,['Pulses'],2,4005,99999,2452.0,Ha,Area
West Bengal,Uttar Dinajpur,2022,2022-23,5,Final Estimate,99999,Total,13,Lentil,Food Grains,['Pulses'],2,4005,99999,1269.0,Tonnes,Production
West Bengal,Uttar Dinajpur,2022,2022-23,5,Final Estimate,99999,Total,13,Lentil,Food Grains,['Pulses'],2,4005,99999,583.0,Kg/Ha,Yield
West Bengal,Uttar Dinajpur,2023,2023-24,5,Final Estimate,99999,Total,13,Lentil,Food Grains,['Pulses'],2,4005,99999,612.0,Kg/Ha,Yield
West Bengal,Uttar Dinajpur,2023,2023-24,5,Final Estimate,99999,Total,13,Lentil,Food Grains,['Pulses'],2,4005,99999,1501.25,Tonnes,Production
West Bengal,Uttar Dinajpur,2023,2023-24,5,Final Estimate,2,Rabi,14,Other Pulses,Food Grains,['Pulses'],2,4006,2,1008.0,Kg/Ha,Yield
West Bengal,Uttar Dinajpur,2022,2022-23,5,Final Estimate,2,Rabi,14,Other Pulses,Food Grains,['Pulses'],2,4006,2,1579.0,Ha,Area
West Bengal,Uttar Dinajpur,2022,2022-23,5,Final Estimate,2,Rabi,14,Other Pulses,Food Grains,['Pulses'],2,4006,2,1613.0,Tonnes,Production
West Bengal,Uttar Dinajpur,2022,2022-23,5,Final Estimate,2,Rabi,14,Other Pulses,Food Grains,['Pulses'],2,4006,2,1022.0,Kg/Ha,Yield
West Bengal,Uttar Dinajpur,2023,2023-24,5,Final Estimate,2,Rabi,14,Other Pulses,Food Grains,['Pulses'],2,4006,2,1606.0,Ha,Area
West Bengal,Uttar Dinajpur,2023,2023-24,5,Final Estimate,2,Rabi,14,Other Pulses,Food Grains,['Pulses'],2,4006,2,1618.21,Tonnes,Production
West Bengal,Uttar Dinajpur,2022,2022-23,5,Final Estimate,99999,Total,14,Other Pulses,Food Grains,['Pulses'],2,4006,99999,1579.0,Ha,Area
West Bengal,Uttar Dinajpur,2023,2023-24,5,Final Estimate,99999,Total,14,Other Pulses,Food Grains,['Pulses'],2,4006,99999,1618.21,Tonnes,Production
West Bengal,Uttar Dinajpur,2023,2023-24,5,Final Estimate,99999,Total,14,Other Pulses,Food Grains,['Pulses'],2,4006,99999,1606.0,Ha,Area
West Bengal,Uttar Dinajpur,2023,2023-24,5,Final Estimate,99999,Total,14,Other Pulses,Food Grains,['Pulses'],2,4006,99999,1008.0,Kg/Ha,Yield
West Bengal,Uttar Dinajpur,2022,2022-23,5,Final Estimate,99999,Total,14,Other Pulses,Food Grains,['Pulses'],2,4006,99999,1022.0,Kg/Ha,Yield
West Bengal,Uttar Dinajpur,2022,2022-23,5,Final Estimate,99999,Total,14,Other Pulses,Food Grains,['Pulses'],2,4006,99999,1613.0,Tonnes,Production
West Bengal,Uttar Dinajpur,2023,2023-24,5,Final Estimate,99999,Total,4998,Total Pulses,Food Grains,['Pulses'],2,4998,99999,6402.07,Tonnes,Production
West Bengal,Uttar Dinajpur,2022,2022-23,5,Final Estimate,99999,Total,4998,Total Pulses,Food Grains,['Pulses'],2,4998,99999,969.0,Kg/Ha,Yield
West Bengal,Uttar Dinajpur,2022,2022-23,5,Final Estimate,99999,Total,4998,Total Pulses,Food Grains,['Pulses'],2,4998,99999,8071.0,Tonnes,Production
West Bengal,Uttar Dinajpur,2022,2022-23,5,Final Estimate,99999,Total,4998,Total Pulses,Food Grains,['Pulses'],2,4998,99999,8332.0,Ha,Area
West Bengal,Uttar Dinajpur,2023,2023-24,5,Final Estimate,99999,Total,4998,Total Pulses,Food Grains,['Pulses'],2,4998,99999,860.0,Kg/Ha,Yield
West Bengal,Uttar Dinajpur,2023,2023-24,5,Final Estimate,99999,Total,4998,Total Pulses,Food Grains,['Pulses'],2,4998,99999,7440.0,Ha,Area
West Bengal,Uttar Dinajpur,2022,2022-23,5,Final Estimate,1,Kharif,4999,Total Food Grains,Food Grains,"['Cereals', 'Pulses']",2,4999,1,10250.0,Ha,Area
West Bengal,Uttar Dinajpur,2022,2022-23,5,Final Estimate,1,Kharif,4999,Total Food Grains,Food Grains,"['Cereals', 'Pulses']",2,4999,1,3511.0,Kg/Ha,Yield
West Bengal,Uttar Dinajpur,2022,2022-23,5,Final Estimate,1,Kharif,4999,Total Food Grains,Food Grains,"['Cereals', 'Pulses']",2,4999,1,35984.0,Tonnes,Production
West Bengal,Uttar Dinajpur,2023,2023-24,5,Final Estimate,1,Kharif,4999,Total Food Grains,Food Grains,"['Cereals', 'Pulses']",2,4999,1,576352.68,Tonnes,Production
West Bengal,Uttar Dinajpur,2023,2023-24,5,Final Estimate,1,Kharif,4999,Total Food Grains,Food Grains,"['Cereals', 'Pulses']",2,4999,1,197876.98,Ha,Area
West Bengal,Uttar Dinajpur,2023,2023-24,5,Final Estimate,1,Kharif,4999,Total Food Grains,Food Grains,"['Cereals', 'Pulses']",2,4999,1,2913.0,Kg/Ha,Yield
West Bengal,Uttar Dinajpur,2022,2022-23,5,Final Estimate,2,Rabi,4999,Total Food Grains,Food Grains,"['Cereals', 'Pulses']",2,4999,2,3548.0,Kg/Ha,Yield
West Bengal,Uttar Dinajpur,2023,2023-24,5,Final Estimate,2,Rabi,4999,Total Food Grains,Food Grains,"['Cereals', 'Pulses']",2,4999,2,481566.57,Tonnes,Production
West Bengal,Uttar Dinajpur,2023,2023-24,5,Final Estimate,2,Rabi,4999,Total Food Grains,Food Grains,"['Cereals', 'Pulses']",2,4999,2,84050.0,Ha,Area
West Bengal,Uttar Dinajpur,2023,2023-24,5,Final Estimate,2,Rabi,4999,Total Food Grains,Food Grains,"['Cereals', 'Pulses']",2,4999,2,5730.0,Kg/Ha,Yield
West Bengal,Uttar Dinajpur,2022,2022-23,5,Final Estimate,2,Rabi,4999,Total Food Grains,Food Grains,"['Cereals', 'Pulses']",2,4999,2,267008.0,Ha,Area
West Bengal,Uttar Dinajpur,2022,2022-23,5,Final Estimate,2,Rabi,4999,Total Food Grains,Food Grains,"['Cereals', 'Pulses']",2,4999,2,947358.0,Tonnes,Production
West Bengal,Uttar Dinajpur,2023,2023-24,5,Final Estimate,3,Summer,4999,Total Food Grains,Food Grains,"['Cereals', 'Pulses']",2,4999,3,5407.0,Kg/Ha,Yield
West Bengal,Uttar Dinajpur,2022,2022-23,5,Final Estimate,3,Summer,4999,Total Food Grains,Food Grains,"['Cereals', 'Pulses']",2,4999,3,5256.0,Kg/Ha,Yield
West Bengal,Uttar Dinajpur,2022,2022-23,5,Final Estimate,3,Summer,4999,Total Food Grains,Food Grains,"['Cereals', 'Pulses']",2,4999,3,534324.0,Tonnes,Production
West Bengal,Uttar Dinajpur,2022,2022-23,5,Final Estimate,3,Summer,4999,Total Food Grains,Food Grains,"['Cereals', 'Pulses']",2,4999,3,101662.0,Ha,Area
West Bengal,Uttar Dinajpur,2023,2023-24,5,Final Estimate,3,Summer,4999,Total Food Grains,Food Grains,"['Cereals', 'Pulses']",2,4999,3,567385.28,Tonnes,Production
West Bengal,Uttar Dinajpur,2023,2023-24,5,Final Estimate,3,Summer,4999,Total Food Grains,Food Grains,"['Cereals', 'Pulses']",2,4999,3,104944.72,Ha,Area
West Bengal,Uttar Dinajpur,2023,2023-24,5,Final Estimate,99999,Total,4999,Total Food Grains,Food Grains,"['Cereals', 'Pulses']",2,4999,99999,386871.7,Ha,Area
West Bengal,Uttar Dinajpur,2022,2022-23,5,Final Estimate,99999,Total,4999,Total Food Grains,Food Grains,"['Cereals', 'Pulses']",2,4999,99999,1517666.0,Tonnes,Production
West Bengal,Uttar Dinajpur,2022,2022-23,5,Final Estimate,99999,Total,4999,Total Food Grains,Food Grains,"['Cereals', 'Pulses']",2,4999,99999,378920.0,Ha,Area
West Bengal,Uttar Dinajpur,2022,2022-23,5,Final Estimate,99999,Total,4999,Total Food Grains,Food Grains,"['Cereals', 'Pulses']",2,4999,99999,4005.0,Kg/Ha,Yield
West Bengal,Uttar Dinajpur,2023,2023-24,5,Final Estimate,99999,Total,4999,Total Food Grains,Food Grains,"['Cereals', 'Pulses']",2,4999,99999,4201.0,Kg/Ha,Yield
West Bengal,Uttar Dinajpur,2023,2023-24,5,Final Estimate,99999,Total,4999,Total Food Grains,Food Grains,"['Cereals', 'Pulses']",2,4999,99999,1625304.52,Tonnes,Production
West Bengal,Uttar Dinajpur,2022,2022-23,5,Final Estimate,2,Rabi,15,Groundnut,Oilseeds,['Oil Seeds'],3,1,2,65.0,Ha,Area
West Bengal,Uttar Dinajpur,2023,2023-24,5,Final Estimate,2,Rabi,15,Groundnut,Oilseeds,['Oil Seeds'],3,1,2,1905.0,Kg/Ha,Yield
West Bengal,Uttar Dinajpur,2023,2023-24,5,Final Estimate,2,Rabi,15,Groundnut,Oilseeds,['Oil Seeds'],3,1,2,213.38,Tonnes,Production
West Bengal,Uttar Dinajpur,2023,2023-24,5,Final Estimate,2,Rabi,15,Groundnut,Oilseeds,['Oil Seeds'],3,1,2,112.0,Ha,Area
West Bengal,Uttar Dinajpur,2022,2022-23,5,Final Estimate,2,Rabi,15,Groundnut,Oilseeds,['Oil Seeds'],3,1,2,1892.0,Kg/Ha,Yield
West Bengal,Uttar Dinajpur,2022,2022-23,5,Final Estimate,2,Rabi,15,Groundnut,Oilseeds,['Oil Seeds'],3,1,2,123.0,Tonnes,Production
West Bengal,Uttar Dinajpur,2022,2022-23,5,Final Estimate,99999,Total,15,Groundnut,Oilseeds,['Oil Seeds'],3,1,99999,65.0,Ha,Area
West Bengal,Uttar Dinajpur,2023,2023-24,5,Final Estimate,99999,Total,15,Groundnut,Oilseeds,['Oil Seeds'],3,1,99999,112.0,Ha,Area
West Bengal,Uttar Dinajpur,2023,2023-24,5,Final Estimate,99999,Total,15,Groundnut,Oilseeds,['Oil Seeds'],3,1,99999,1905.0,Kg/Ha,Yield
West Bengal,Uttar Dinajpur,2023,2023-24,5,Final Estimate,99999,Total,15,Groundnut,Oilseeds,['Oil Seeds'],3,1,99999,213.38,Tonnes,Production
West Bengal,Uttar Dinajpur,2022,2022-23,5,Final Estimate,99999,Total,15,Groundnut,Oilseeds,['Oil Seeds'],3,1,99999,1892.0,Kg/Ha,Yield
West Bengal,Uttar Dinajpur,2022,2022-23,5,Final Estimate,99999,Total,15,Groundnut,Oilseeds,['Oil Seeds'],3,1,99999,123.0,Tonnes,Production
West Bengal,Uttar Dinajpur,2023,2023-24,5,Final Estimate,3,Summer,17,Sesamum,Oilseeds,['Oil Seeds'],3,3,3,614.0,Kg/Ha,Yield
West Bengal,Uttar Dinajpur,2022,2022-23,5,Final Estimate,3,Summer,17,Sesamum,Oilseeds,['Oil Seeds'],3,3,3,696.0,Ha,Area
West Bengal,Uttar Dinajpur,2022,2022-23,5,Final Estimate,3,Summer,17,Sesamum,Oilseeds,['Oil Seeds'],3,3,3,687.0,Kg/Ha,Yield
West Bengal,Uttar Dinajpur,2022,2022-23,5,Final Estimate,3,Summer,17,Sesamum,Oilseeds,['Oil Seeds'],3,3,3,478.0,Tonnes,Production
West Bengal,Uttar Dinajpur,2023,2023-24,5,Final Estimate,3,Summer,17,Sesamum,Oilseeds,['Oil Seeds'],3,3,3,350.61,Tonnes,Production
West Bengal,Uttar Dinajpur,2023,2023-24,5,Final Estimate,3,Summer,17,Sesamum,Oilseeds,['Oil Seeds'],3,3,3,571.0,Ha,Area
West Bengal,Uttar Dinajpur,2022,2022-23,5,Final Estimate,99999,Total,17,Sesamum,Oilseeds,['Oil Seeds'],3,3,99999,696.0,Ha,Area
West Bengal,Uttar Dinajpur,2022,2022-23,5,Final Estimate,99999,Total,17,Sesamum,Oilseeds,['Oil Seeds'],3,3,99999,687.0,Kg/Ha,Yield
West Bengal,Uttar Dinajpur,2022,2022-23,5,Final Estimate,99999,Total,17,Sesamum,Oilseeds,['Oil Seeds'],3,3,99999,478.0,Tonnes,Production
West Bengal,Uttar Dinajpur,2023,2023-24,5,Final Estimate,99999,Total,17,Sesamum,Oilseeds,['Oil Seeds'],3,3,99999,350.61,Tonnes,Production
West Bengal,Uttar Dinajpur,2023,2023-24,5,Final Estimate,99999,Total,17,Sesamum,Oilseeds,['Oil Seeds'],3,3,99999,571.0,Ha,Area
West Bengal,Uttar Dinajpur,2023,2023-24,5,Final Estimate,99999,Total,17,Sesamum,Oilseeds,['Oil Seeds'],3,3,99999,614.0,Kg/Ha,Yield
West Bengal,Uttar Dinajpur,2022,2022-23,5,Final Estimate,1,Kharif,20,Sunflower,Oilseeds,['Oil Seeds'],3,6,1,4.0,Ha,Area
West Bengal,Uttar Dinajpur,2022,2022-23,5,Final Estimate,1,Kharif,20,Sunflower,Oilseeds,['Oil Seeds'],3,6,1,750.0,Kg/Ha,Yield
West Bengal,Uttar Dinajpur,2022,2022-23,5,Final Estimate,1,Kharif,20,Sunflower,Oilseeds,['Oil Seeds'],3,6,1,3.0,Tonnes,Production
West Bengal,Uttar Dinajpur,2023,2023-24,5,Final Estimate,3,Summer,20,Sunflower,Oilseeds,['Oil Seeds'],3,6,3,5.0,Ha,Area
West Bengal,Uttar Dinajpur,2023,2023-24,5,Final Estimate,3,Summer,20,Sunflower,Oilseeds,['Oil Seeds'],3,6,3,675.0,Kg/Ha,Yield
West Bengal,Uttar Dinajpur,2023,2023-24,5,Final Estimate,3,Summer,20,Sunflower,Oilseeds,['Oil Seeds'],3,6,3,3.37,Tonnes,Production
West Bengal,Uttar Dinajpur,2023,2023-24,5,Final Estimate,99999,Total,20,Sunflower,Oilseeds,['Oil Seeds'],3,6,99999,675.0,Kg/Ha,Yield
West Bengal,Uttar Dinajpur,2022,2022-23,5,Final Estimate,99999,Total,20,Sunflower,Oilseeds,['Oil Seeds'],3,6,99999,750.0,Kg/Ha,Yield
West Bengal,Uttar Dinajpur,2022,2022-23,5,Final Estimate,99999,Total,20,Sunflower,Oilseeds,['Oil Seeds'],3,6,99999,4.0,Ha,Area
West Bengal,Uttar Dinajpur,2022,2022-23,5,Final Estimate,99999,Total,20,Sunflower,Oilseeds,['Oil Seeds'],3,6,99999,3.0,Tonnes,Production
West Bengal,Uttar Dinajpur,2023,2023-24,5,Final Estimate,99999,Total,20,Sunflower,Oilseeds,['Oil Seeds'],3,6,99999,3.37,Tonnes,Production
West Bengal,Uttar Dinajpur,2023,2023-24,5,Final Estimate,99999,Total,20,Sunflower,Oilseeds,['Oil Seeds'],3,6,99999,5.0,Ha,Area
West Bengal,Uttar Dinajpur,2023,2023-24,5,Final Estimate,2,Rabi,21,Rapeseed & Mustard,Oilseeds,['Oil Seeds'],3,7,2,72874.73,Tonnes,Production
West Bengal,Uttar Dinajpur,2023,2023-24,5,Final Estimate,2,Rabi,21,Rapeseed & Mustard,Oilseeds,['Oil Seeds'],3,7,2,53991.0,Ha,Area
West Bengal,Uttar Dinajpur,2023,2023-24,5,Final Estimate,2,Rabi,21,Rapeseed & Mustard,Oilseeds,['Oil Seeds'],3,7,2,1350.0,Kg/Ha,Yield
West Bengal,Uttar Dinajpur,2022,2022-23,5,Final Estimate,2,Rabi,21,Rapeseed & Mustard,Oilseeds,['Oil Seeds'],3,7,2,69950.0,Ha,Area
West Bengal,Uttar Dinajpur,2022,2022-23,5,Final Estimate,2,Rabi,21,Rapeseed & Mustard,Oilseeds,['Oil Seeds'],3,7,2,1458.0,Kg/Ha,Yield
West Bengal,Uttar Dinajpur,2022,2022-23,5,Final Estimate,2,Rabi,21,Rapeseed & Mustard,Oilseeds,['Oil Seeds'],3,7,2,102003.0,Tonnes,Production
West Bengal,Uttar Dinajpur,2022,2022-23,5,Final Estimate,99999,Total,21,Rapeseed & Mustard,Oilseeds,['Oil Seeds'],3,7,99999,102003.0,Tonnes,Production
West Bengal,Uttar Dinajpur,2022,2022-23,5,Final Estimate,99999,Total,21,Rapeseed & Mustard,Oilseeds,['Oil Seeds'],3,7,99999,1458.0,Kg/Ha,Yield
West Bengal,Uttar Dinajpur,2023,2023-24,5,Final Estimate,99999,Total,21,Rapeseed & Mustard,Oilseeds,['Oil Seeds'],3,7,99999,72874.73,Tonnes,Production
West Bengal,Uttar Dinajpur,2023,2023-24,5,Final Estimate,99999,Total,21,Rapeseed & Mustard,Oilseeds,['Oil Seeds'],3,7,99999,1350.0,Kg/Ha,Yield
West Bengal,Uttar Dinajpur,2023,2023-24,5,Final Estimate,99999,Total,21,Rapeseed & Mustard,Oilseeds,['Oil Seeds'],3,7,99999,53991.0,Ha,Area
West Bengal,Uttar Dinajpur,2022,2022-23,5,Final Estimate,99999,Total,21,Rapeseed & Mustard,Oilseeds,['Oil Seeds'],3,7,99999,69950.0,Ha,Area
West Bengal,Uttar Dinajpur,2023,2023-24,5,Final Estimate,2,Rabi,22,Linseed,Oilseeds,['Oil Seeds'],3,8,2,202.0,Ha,Area
West Bengal,Uttar Dinajpur,2022,2022-23,5,Final Estimate,2,Rabi,22,Linseed,Oilseeds,['Oil Seeds'],3,8,2,405.0,Kg/Ha,Yield
West Bengal,Uttar Dinajpur,2022,2022-23,5,Final Estimate,2,Rabi,22,Linseed,Oilseeds,['Oil Seeds'],3,8,2,274.0,Ha,Area
West Bengal,Uttar Dinajpur,2022,2022-23,5,Final Estimate,2,Rabi,22,Linseed,Oilseeds,['Oil Seeds'],3,8,2,111.0,Tonnes,Production
West Bengal,Uttar Dinajpur,2023,2023-24,5,Final Estimate,2,Rabi,22,Linseed,Oilseeds,['Oil Seeds'],3,8,2,83.19,Tonnes,Production
West Bengal,Uttar Dinajpur,2023,2023-24,5,Final Estimate,2,Rabi,22,Linseed,Oilseeds,['Oil Seeds'],3,8,2,412.0,Kg/Ha,Yield
West Bengal,Uttar Dinajpur,2023,2023-24,5,Final Estimate,99999,Total,22,Linseed,Oilseeds,['Oil Seeds'],3,8,99999,83.19,Tonnes,Production
West Bengal,Uttar Dinajpur,2023,2023-24,5,Final Estimate,99999,Total,22,Linseed,Oilseeds,['Oil Seeds'],3,8,99999,412.0,Kg/Ha,Yield
West Bengal,Uttar Dinajpur,2022,2022-23,5,Final Estimate,99999,Total,22,Linseed,Oilseeds,['Oil Seeds'],3,8,99999,405.0,Kg/Ha,Yield
West Bengal,Uttar Dinajpur,2022,2022-23,5,Final Estimate,99999,Total,22,Linseed,Oilseeds,['Oil Seeds'],3,8,99999,274.0,Ha,Area
West Bengal,Uttar Dinajpur,2022,2022-23,5,Final Estimate,99999,Total,22,Linseed,Oilseeds,['Oil Seeds'],3,8,99999,111.0,Tonnes,Production
West Bengal,Uttar Dinajpur,2023,2023-24,5,Final Estimate,99999,Total,22,Linseed,Oilseeds,['Oil Seeds'],3,8,99999,202.0,Ha,Area
West Bengal,Uttar Dinajpur,2022,2022-23,5,Final Estimate,99999,Total,999,Total Oil Seeds,Oilseeds,['Oil Seeds'],3,999,99999,70989.0,Ha,Area
West Bengal,Uttar Dinajpur,2023,2023-24,5,Final Estimate,99999,Total,999,Total Oil Seeds,Oilseeds,['Oil Seeds'],3,999,99999,54881.0,Ha,Area
West Bengal,Uttar Dinajpur,2023,2023-24,5,Final Estimate,99999,Total,999,Total Oil Seeds,Oilseeds,['Oil Seeds'],3,999,99999,73525.29,Tonnes,Production
West Bengal,Uttar Dinajpur,2022,2022-23,5,Final Estimate,99999,Total,999,Total Oil Seeds,Oilseeds,['Oil Seeds'],3,999,99999,102718.0,Tonnes,Production
West Bengal,Uttar Dinajpur,2023,2023-24,5,Final Estimate,99999,Total,999,Total Oil Seeds,Oilseeds,['Oil Seeds'],3,999,99999,1340.0,Kg/Ha,Yield
West Bengal,Uttar Dinajpur,2022,2022-23,5,Final Estimate,99999,Total,999,Total Oil Seeds,Oilseeds,['Oil Seeds'],3,999,99999,1447.0,Kg/Ha,Yield
West Bengal,Uttar Dinajpur,2022,2022-23,5,Final Estimate,1,Kharif,28,Sugarcane,Commercial Crops,['Commercial Crops'],4,1001,1,51211.0,Tonnes,Production
West Bengal,Uttar Dinajpur,2023,2023-24,5,Final Estimate,1,Kharif,28,Sugarcane,Commercial Crops,['Commercial Crops'],4,1001,1,58300.0,Kg/Ha,Yield
West Bengal,Uttar Dinajpur,2023,2023-24,5,Final Estimate,1,Kharif,28,Sugarcane,Commercial Crops,['Commercial Crops'],4,1001,1,629.0,Ha,Area
West Bengal,Uttar Dinajpur,2023,2023-24,5,Final Estimate,1,Kharif,28,Sugarcane,Commercial Crops,['Commercial Crops'],4,1001,1,36670.86,Tonnes,Production
West Bengal,Uttar Dinajpur,2022,2022-23,5,Final Estimate,1,Kharif,28,Sugarcane,Commercial Crops,['Commercial Crops'],4,1001,1,617.0,Ha,Area
West Bengal,Uttar Dinajpur,2022,2022-23,5,Final Estimate,1,Kharif,28,Sugarcane,Commercial Crops,['Commercial Crops'],4,1001,1,83000.0,Kg/Ha,Yield
West Bengal,Uttar Dinajpur,2022,2022-23,5,Final Estimate,99999,Total,28,Sugarcane,Commercial Crops,['Commercial Crops'],4,1001,99999,51211.0,Tonnes,Production
West Bengal,Uttar Dinajpur,2022,2022-23,5,Final Estimate,99999,Total,28,Sugarcane,Commercial Crops,['Commercial Crops'],4,1001,99999,617.0,Ha,Area
West Bengal,Uttar Dinajpur,2023,2023-24,5,Final Estimate,99999,Total,28,Sugarcane,Commercial Crops,['Commercial Crops'],4,1001,99999,36670.86,Tonnes,Production
West Bengal,Uttar Dinajpur,2023,2023-24,5,Final Estimate,99999,Total,28,Sugarcane,Commercial Crops,['Commercial Crops'],4,1001,99999,58300.0,Kg/Ha,Yield
West Bengal,Uttar Dinajpur,2023,2023-24,5,Final Estimate,99999,Total,28,Sugarcane,Commercial Crops,['Commercial Crops'],4,1001,99999,629.0,Ha,Area
West Bengal,Uttar Dinajpur,2022,2022-23,5,Final Estimate,99999,Total,28,Sugarcane,Commercial Crops,['Commercial Crops'],4,1001,99999,83000.0,Kg/Ha,Yield
West Bengal,Uttar Dinajpur,2023,2023-24,5,Final Estimate,1,Kharif,26,Jute,Commercial Crops,['Commercial Crops'],4,1003,1,520428.35,Tonnes,Production
West Bengal,Uttar Dinajpur,2022,2022-23,5,Final Estimate,1,Kharif,26,Jute,Commercial Crops,['Commercial Crops'],4,1003,1,2641.0,Kg/Ha,Yield
West Bengal,Uttar Dinajpur,2022,2022-23,5,Final Estimate,1,Kharif,26,Jute,Commercial Crops,['Commercial Crops'],4,1003,1,36010.0,Ha,Area
West Bengal,Uttar Dinajpur,2022,2022-23,5,Final Estimate,1,Kharif,26,Jute,Commercial Crops,['Commercial Crops'],4,1003,1,528254.0,Tonnes,Production
West Bengal,Uttar Dinajpur,2023,2023-24,5,Final Estimate,1,Kharif,26,Jute,Commercial Crops,['Commercial Crops'],4,1003,1,2520.0,Kg/Ha,Yield
West Bengal,Uttar Dinajpur,2023,2023-24,5,Final Estimate,1,Kharif,26,Jute,Commercial Crops,['Commercial Crops'],4,1003,1,37178.0,Ha,Area
West Bengal,Uttar Dinajpur,2022,2022-23,5,Final Estimate,99999,Total,26,Jute,Commercial Crops,['Commercial Crops'],4,1003,99999,2641.0,Kg/Ha,Yield
West Bengal,Uttar Dinajpur,2022,2022-23,5,Final Estimate,99999,Total,26,Jute,Commercial Crops,['Commercial Crops'],4,1003,99999,36010.0,Ha,Area
West Bengal,Uttar Dinajpur,2023,2023-24,5,Final Estimate,99999,Total,26,Jute,Commercial Crops,['Commercial Crops'],4,1003,99999,37178.0,Ha,Area
West Bengal,Uttar Dinajpur,2023,2023-24,5,Final Estimate,99999,Total,26,Jute,Commercial Crops,['Commercial Crops'],4,1003,99999,2520.0,Kg/Ha,Yield
West Bengal,Uttar Dinajpur,2023,2023-24,5,Final Estimate,99999,Total,26,Jute,Commercial Crops,['Commercial Crops'],4,1003,99999,520428.35,Tonnes,Production
West Bengal,Uttar Dinajpur,2022,2022-23,5,Final Estimate,99999,Total,26,Jute,Commercial Crops,['Commercial Crops'],4,1003,99999,528254.0,Tonnes,Production
West Bengal,Uttar Dinajpur,2023,2023-24,5,Final Estimate,1,Kharif,27,Mesta,Commercial Crops,['Commercial Crops'],4,1004,1,6493.77,Tonnes,Production
West Bengal,Uttar Dinajpur,2023,2023-24,5,Final Estimate,1,Kharif,27,Mesta,Commercial Crops,['Commercial Crops'],4,1004,1,641.0,Ha,Area
West Bengal,Uttar Dinajpur,2022,2022-23,5,Final Estimate,1,Kharif,27,Mesta,Commercial Crops,['Commercial Crops'],4,1004,1,1010.0,Ha,Area
West Bengal,Uttar Dinajpur,2022,2022-23,5,Final Estimate,1,Kharif,27,Mesta,Commercial Crops,['Commercial Crops'],4,1004,1,1667.0,Kg/Ha,Yield
West Bengal,Uttar Dinajpur,2022,2022-23,5,Final Estimate,1,Kharif,27,Mesta,Commercial Crops,['Commercial Crops'],4,1004,1,9355.0,Tonnes,Production
West Bengal,Uttar Dinajpur,2023,2023-24,5,Final Estimate,1,Kharif,27,Mesta,Commercial Crops,['Commercial Crops'],4,1004,1,1824.0,Kg/Ha,Yield
West Bengal,Uttar Dinajpur,2022,2022-23,5,Final Estimate,99999,Total,27,Mesta,Commercial Crops,['Commercial Crops'],4,1004,99999,9355.0,Tonnes,Production
West Bengal,Uttar Dinajpur,2023,2023-24,5,Final Estimate,99999,Total,27,Mesta,Commercial Crops,['Commercial Crops'],4,1004,99999,641.0,Ha,Area
West Bengal,Uttar Dinajpur,2023,2023-24,5,Final Estimate,99999,Total,27,Mesta,Commercial Crops,['Commercial Crops'],4,1004,99999,1824.0,Kg/Ha,Yield
West Bengal,Uttar Dinajpur,2022,2022-23,5,Final Estimate,99999,Total,27,Mesta,Commercial Crops,['Commercial Crops'],4,1004,99999,1010.0,Ha,Area
West Bengal,Uttar Dinajpur,2022,2022-23,5,Final Estimate,99999,Total,27,Mesta,Commercial Crops,['Commercial Crops'],4,1004,99999,1667.0,Kg/Ha,Yield
West Bengal,Uttar Dinajpur,2023,2023-24,5,Final Estimate,99999,Total,27,Mesta,Commercial Crops,['Commercial Crops'],4,1004,99999,6493.77,Tonnes,Production
West Bengal,Uttar Dinajpur,2023,2023-24,5,Final Estimate,1,Kharif,1999,Jute & Mesta,Commercial Crops,['Commercial Crops'],4,1999,1,2508.0,Kg/Ha,Yield
West Bengal,Uttar Dinajpur,2022,2022-23,5,Final Estimate,1,Kharif,1999,Jute & Mesta,Commercial Crops,['Commercial Crops'],4,1999,1,537609.0,Tonnes,Production
West Bengal,Uttar Dinajpur,2022,2022-23,5,Final Estimate,1,Kharif,1999,Jute & Mesta,Commercial Crops,['Commercial Crops'],4,1999,1,37020.0,Ha,Area
West Bengal,Uttar Dinajpur,2022,2022-23,5,Final Estimate,1,Kharif,1999,Jute & Mesta,Commercial Crops,['Commercial Crops'],4,1999,1,2614.0,Kg/Ha,Yield
West Bengal,Uttar Dinajpur,2023,2023-24,5,Final Estimate,1,Kharif,1999,Jute & Mesta,Commercial Crops,['Commercial Crops'],4,1999,1,526922.12,Tonnes,Production
West Bengal,Uttar Dinajpur,2023,2023-24,5,Final Estimate,1,Kharif,1999,Jute & Mesta,Commercial Crops,['Commercial Crops'],4,1999,1,37819.0,Ha,Area
West Bengal,Uttar Dinajpur,2023,2023-24,5,Final Estimate,99999,Total,1999,Jute & Mesta,Commercial Crops,['Commercial Crops'],4,1999,99999,526922.12,Tonnes,Production
West Bengal,Uttar Dinajpur,2023,2023-24,5,Final Estimate,99999,Total,1999,Jute & Mesta,Commercial Crops,['Commercial Crops'],4,1999,99999,2508.0,Kg/Ha,Yield
West Bengal,Uttar Dinajpur,2022,2022-23,5,Final Estimate,99999,Total,1999,Jute & Mesta,Commercial Crops,['Commercial Crops'],4,1999,99999,537609.0,Tonnes,Production
West Bengal,Uttar Dinajpur,2022,2022-23,5,Final Estimate,99999,Total,1999,Jute & Mesta,Commercial Crops,['Commercial Crops'],4,1999,99999,37020.0,Ha,Area
West Bengal,Uttar Dinajpur,2022,2022-23,5,Final Estimate,99999,Total,1999,Jute & Mesta,Commercial Crops,['Commercial Crops'],4,1999,99999,2614.0,Kg/Ha,Yield
West Bengal,Uttar Dinajpur,2023,2023-24,5,Final Estimate,99999,Total,1999,Jute & Mesta,Commercial Crops,['Commercial Crops'],4,1999,99999,37819.0,Ha,Area
