district,state,business_category,demand,demand_source,population,households,literacy_rate,workers,livestock_count,cattle_count,buffalo_count,goat_count,sheep_count,poultry_count,crop_area,paddy_area,jute_area,potato_area,road_connectivity,electricity_access,water_access,market_distance,nearest_town_distance,internet_access,population_density,households_per_person,livestock_per_household,workers_per_household,crop_area_per_household,livestock_density,literacy_ratio,infrastructure_score,market_access_score
Nicobars,ANDAMAN AND NICOBAR ISLANDS,general,1964.22,census-derived proxy: 0.10*households + 0.01*population,36842,15958,68.7585,17125,,,,,,,,,,,,58.2842,,,,0.3572,,0.4331469518484338,,1.0731294648452188,,,0.687585,29.3207,
North  AND Middle Andaman,ANDAMAN AND NICOBAR ISLANDS,general,5074.47,census-derived proxy: 0.10*households + 0.01*population,105597,40185,74.5125,38579,,,,,,,,,,,,46.388,,,,0.9655,,0.38055058382340406,,0.9600348388702252,,,0.745125,23.67675,
South Andaman,ANDAMAN AND NICOBAR ISLANDS,general,10934.62,census-derived proxy: 0.10*households + 0.01*population,238142,85532,79.896,96831,,,,,,,,,,,,61.356,,,,3.2608,,0.35916386021785324,,1.13210260487303,,,0.79896,32.3084,
Adilabad,ANDHRA PRADESH,general,109183.79,census-derived proxy: 0.10*households + 0.01*population,2741239,817714,54.1123,1323667,,,,,,,,,,,,69.2306,,,,0.6741,,0.29830087781473996,,1.6187407822294837,,,0.541123,34.952349999999996,
Anantapur,ANDHRA PRADESH,general,165254.28,census-derived proxy: 0.10*households + 0.01*population,4081148,1244428,56.6252,2036166,,,,,,,,,,,,72.1593,,,,0.6916,,0.3049210663274157,,1.6362264429922824,,,0.566252,36.42545,
Chittoor,ANDHRA PRADESH,general,172127.64,census-derived proxy: 0.10*households + 0.01*population,4174064,1303870,63.9156,1933357,,,,,,,,,,,,72.4424,,,,1.0556,,0.312374223298924,,1.4827835597107073,,,0.639156,36.749,
East Godavari,ANDHRA PRADESH,general,212127.06,census-derived proxy: 0.10*households + 0.01*population,5154296,1605841,63.8026,2093681,,,,,,,,,,,,80.7846,,,,1.3956,,0.3115538960121809,,1.303790973078904,,,0.638026,41.0901,
Guntur,ANDHRA PRADESH,general,207177.13,census-derived proxy: 0.10*households + 0.01*population,4887813,1582990,60.5678,2381624,,,,,,,,,,,,74.9233,,,,1.2245,,0.32386468140250046,,1.5045098200241316,,,0.6056779999999999,38.0739,
Hyderabad,ANDHRA PRADESH,general,146062.13,census-derived proxy: 0.10*households + 0.01*population,3943323,1066289,73.3431,1413297,,,,,,,,,,,,81.5652,,,,13.9769,,0.27040366716091985,,1.3254352244091423,,,0.733431,47.77105,
Karimnagar,ANDHRA PRADESH,general,154290.69,census-derived proxy: 0.10*households + 0.01*population,3776269,1165280,58.4394,1876768,,,,,,,,,,,,79.5318,,,,0.7578,,0.3085797118796357,,1.6105725662501715,,,0.584394,40.144800000000004,
Khammam,ANDHRA PRADESH,general,115036.2,census-derived proxy: 0.10*households + 0.01*population,2797370,870625,58.2774,1410062,,,,,,,,,,,,76.7861,,,,0.991,,0.3112298337366884,,1.6195974156496769,,,0.582774,38.88855,
Krishna,ANDHRA PRADESH,general,192807.38,census-derived proxy: 0.10*households + 0.01*population,4517398,1476334,66.625,2048880,,,,,,,,,,,,78.8393,,,,2.0617,,0.326810699433612,,1.3878160362086087,,,0.66625,40.4505,
Kurnool,ANDHRA PRADESH,general,149618.13,census-derived proxy: 0.10*households + 0.01*population,4053463,1090835,52.4776,2029425,,,,,,,,,,,,74.8712,,,,0.9242,,0.26911186804961584,,1.8604326043810475,,,0.524776,37.8977,
Mahbubnagar,ANDHRA PRADESH,general,141531.78,census-derived proxy: 0.10*households + 0.01*population,4053028,1010015,47.8814,2082501,,,,,,,,,,,,75.0307,,,,0.6092,,0.249200104218377,,2.0618515566600495,,,0.478814,37.81995,
Medak,ANDHRA PRADESH,general,109246.08,census-derived proxy: 0.10*households + 0.01*population,3033288,789132,53.9724,1442203,,,,,,,,,,,,76.6309,,,,1.0942,,0.2601572946584696,,1.8275814439155933,,,0.539724,38.86255,
Nalgonda,ANDHRA PRADESH,general,137981.79,census-derived proxy: 0.10*households + 0.01*population,3488809,1030937,57.3554,1741693,,,,,,,,,,,,76.5541,,,,0.7483,,0.29549826316086664,,1.689427190992272,,,0.573554,38.6512,
Nizamabad,ANDHRA PRADESH,general,97543.15,census-derived proxy: 0.10*households + 0.01*population,2551335,720298,54.4738,1261076,,,,,,,,,,,,75.7899,,,,0.7304,,0.2823220000509537,,1.750769820268833,,,0.5447379999999999,38.26015,
Prakasam,ANDHRA PRADESH,general,142731.98,census-derived proxy: 0.10*households + 0.01*population,3397448,1087575,56.0549,1700567,,,,,,,,,,,,70.2247,,,,0.5656,,0.3201152747591722,,1.5636319334298785,,,0.5605490000000001,35.39515,
Rangareddy,ANDHRA PRADESH,general,209099.61,census-derived proxy: 0.10*households + 0.01*population,5296741,1561322,66.7963,2196078,,,,,,,,,,,,77.585,,,,9.1512,,0.29477031253746405,,1.406550346437186,,,0.667963,43.3681,
Sri Potti Sriramulu Nellore,ANDHRA PRADESH,general,124986.87,census-derived proxy: 0.10*households + 0.01*population,2963557,953513,61.824,1314561,,,,,,,,,,,,72.9958,,,,1.0698,,0.32174613142247643,,1.378650317300341,,,0.61824,37.0328,
Srikakulam,ANDHRA PRADESH,general,117274.74,census-derived proxy: 0.10*households + 0.01*population,2703114,902436,55.3207,1290288,,,,,,,,,,,,68.1967,,,,0.4419,,0.3338505146286838,,1.4297833863010785,,,0.553207,34.319300000000005,
Visakhapatnam,ANDHRA PRADESH,general,180839.89,census-derived proxy: 0.10*households + 0.01*population,4290589,1379340,59.8577,1889879,,,,,,,,,,,,73.2416,,,,3.2981,,0.3214803375480616,,1.3701328171444314,,,0.598577,38.269850000000005,
Vizianagaram,ANDHRA PRADESH,general,98396.14,census-derived proxy: 0.10*households + 0.01*population,2344474,749514,52.8216,1157962,,,,,,,,,,,,70.4104,,,,0.5941,,0.31969388442780766,,1.5449504612322118,,,0.528216,35.50225,
Warangal,ANDHRA PRADESH,general,139824.46,census-derived proxy: 0.10*households + 0.01*population,3512576,1046987,58.7894,1705655,,,,,,,,,,,,79.0914,,,,1.2371,,0.2980681414437723,,1.6291080978082821,,,0.587894,40.164249999999996,
West Godavari,ANDHRA PRADESH,general,164932.46,census-derived proxy: 0.10*households + 0.01*population,3936966,1255628,67.3714,1773112,,,,,,,,,,,,81.0406,,,,0.9597,,0.31893290417036874,,1.4121316186004136,,,0.6737139999999999,41.00015,
Y.S.R.,ANDHRA PRADESH,general,117233.99,census-derived proxy: 0.10*households + 0.01*population,2882469,884093,59.5589,1320404,,,,,,,,,,,,75.9834,,,,0.7541,,0.30671379293237844,,1.4935125603301915,,,0.595589,38.36875,
Anjaw,ARUNACHAL PRADESH,general,856.97,census-derived proxy: 0.10*households + 0.01*population,21167,6453,47.1961,10501,,,,,,,,,,,,30.203,,,,0.4184,,0.3048613407662871,,1.6273051293971796,,,0.471961,15.310699999999999,
Changlang,ARUNACHAL PRADESH,general,5474.26,census-derived proxy: 0.10*households + 0.01*population,148226,39920,49.3665,62966,,,,,,,,,,,,36.5556,,,,0.4259,,0.2693184731423637,,1.5773046092184368,,,0.493665,18.49075,
Dibang Valley,ARUNACHAL PRADESH,general,403.04,census-derived proxy: 0.10*households + 0.01*population,8004,3230,55.4223,3555,,,,,,,,,,,,33.2508,,,,0.5263,,0.40354822588705647,,1.1006191950464397,,,0.554223,16.88855,
East Kameng,ARUNACHAL PRADESH,general,2758.7,census-derived proxy: 0.10*households + 0.01*population,78690,19718,48.8614,31710,,,,,,,,,,,,26.9703,,,,0.2891,,0.2505782183250731,,1.6081752713256923,,,0.48861400000000005,13.629700000000001,
East Siang,ARUNACHAL PRADESH,general,3894.24,census-derived proxy: 0.10*households + 0.01*population,99214,29021,63.0717,40222,,,,,,,,,,,,49.0369,,,,1.5506,,0.29250912169653476,,1.385961889666104,,,0.630717,25.293750000000003,
Kurung Kumey,ARUNACHAL PRADESH,general,2890.26,census-derived proxy: 0.10*households + 0.01*population,92076,19695,39.7563,38044,,,,,,,,,,,,19.8578,,,,0.4824,,0.21389938746253095,,1.9316577811627316,,,0.39756300000000006,10.1701,
Lohit,ARUNACHAL PRADESH,general,5954.36,census-derived proxy: 0.10*households + 0.01*population,145726,44971,56.9988,60945,,,,,,,,,,,,38.1513,,,,0.6938,,0.3085997008083664,,1.3552066887549754,,,0.569988,19.42255,
Lower Dibang Valley,ARUNACHAL PRADESH,general,2135.8,census-derived proxy: 0.10*households + 0.01*population,54080,15950,58.8924,22326,,,,,,,,,,,,37.1912,,,,1.2978,,0.2949334319526627,,1.3997492163009404,,,0.588924,19.244500000000002,
Lower Subansiri,ARUNACHAL PRADESH,general,3178.0,census-derived proxy: 0.10*households + 0.01*population,83030,23477,65.1054,30202,,,,,,,,,,,,53.2138,,,,1.6229,,0.2827532217270866,,1.2864505686416492,,,0.651054,27.41835,
Papum Pare,ARUNACHAL PRADESH,general,6814.53,census-derived proxy: 0.10*households + 0.01*population,176573,50488,68.5541,65772,,,,,,,,,,,,60.4876,,,,4.9061,,0.2859327303721407,,1.302725400095072,,,0.6855410000000001,32.69685,
Tawang,ARUNACHAL PRADESH,general,1817.97,census-derived proxy: 0.10*households + 0.01*population,49977,13182,52.17,28561,,,,,,,,,,,,65.506,,,,0.7283,,0.26376133021189746,,2.1666666666666665,,,0.5217,33.11715,
Tirap,ARUNACHAL PRADESH,general,3611.75,census-derived proxy: 0.10*households + 0.01*population,111975,24920,42.8435,50169,,,,,,,,,,,,64.3098,,,,0.3933,,0.22254967626702388,,2.0132022471910114,,,0.428435,32.351549999999996,
Upper Siang,ARUNACHAL PRADESH,general,1428.3,census-derived proxy: 0.10*households + 0.01*population,35320,10751,51.5147,17644,,,,,,,,,,,,57.6505,,,,0.9022,,0.3043884484711212,,1.641149660496698,,,0.515147,29.27635,
Upper Subansiri,ARUNACHAL PRADESH,general,2755.88,census-derived proxy: 0.10*households + 0.01*population,83448,19214,54.2589,33370,,,,,,,,,,,,27.964,,,,0.7234,,0.23025117438404755,,1.7367544498802956,,,0.542589,14.3437,
West Kameng,ARUNACHAL PRADESH,general,3258.97,census-derived proxy: 0.10*households + 0.01*population,83947,24195,57.765,42493,,,,,,,,,,,,58.6402,,,,0.8349,,0.28821756584511654,,1.7562719570159124,,,0.57765,29.73755,
West Siang,ARUNACHAL PRADESH,general,4200.24,census-derived proxy: 0.10*households + 0.01*population,112274,30775,57.6678,49177,,,,,,,,,,,,46.1543,,,,0.9846,,0.27410620446407896,,1.5979528838342811,,,0.576678,23.56945,
Baksa,ASSAM,general,39022.85,census-derived proxy: 0.10*households + 0.01*population,950075,295221,60.2939,406756,,,,,,,,,,,,15.048,,,,0.398,,0.3107344157040234,,1.3778017146476707,,,0.602939,7.723,
Barpeta,ASSAM,general,66874.32,census-derived proxy: 0.10*households + 0.01*population,1693622,499381,52.9668,561824,,,,,,,,,,,,16.9818,,,,0.4161,,0.29485977390468476,,1.1250408005110326,,,0.529668,8.69895,
Bongaigaon,ASSAM,general,29427.34,census-derived proxy: 0.10*households + 0.01*population,738804,220393,58.7541,255806,,,,,,,,,,,,22.6259,,,,1.1448,,0.2983105126664176,,1.1606811468603813,,,0.587541,11.88535,
Cachar,ASSAM,general,60882.17,census-derived proxy: 0.10*households + 0.01*population,1736617,435160,67.6101,608062,,,,,,,,,,,,32.2192,,,,1.2216,,0.25057914324229236,,1.3973297178049453,,,0.6761010000000001,16.7204,
Chirang,ASSAM,general,18884.72,census-derived proxy: 0.10*households + 0.01*population,482162,140631,53.9035,193894,,,,,,,,,,,,16.0007,,,,0.5312,,0.29166753082988706,,1.3787429514118508,,,0.539035,8.265949999999998,
Darrang,ASSAM,general,38155.6,census-derived proxy: 0.10*households + 0.01*population,928500,288706,52.4544,324843,,,,,,,,,,,,15.7406,,,,0.4039,,0.3109380721593969,,1.1251688568994063,,,0.524544,8.07225,
Dhemaji,ASSAM,general,29687.53,census-derived proxy: 0.10*households + 0.01*population,686133,228262,61.6539,316800,,,,,,,,,,,,12.352,,,,0.5222,,0.3326789412548296,,1.387878840980978,,,0.616539,6.4371,
Dhubri,ASSAM,general,71594.48,census-derived proxy: 0.10*households + 0.01*population,1949258,521019,47.3175,669819,,,,,,,,,,,,13.8636,,,,0.3509,,0.26729093839809814,,1.2855941913826558,,,0.473175,7.10725,
Dibrugarh,ASSAM,general,50964.85,census-derived proxy: 0.10*households + 0.01*population,1326335,377015,66.6899,560557,,,,,,,,,,,,36.2545,,,,2.3386,,0.2842532241100476,,1.4868294364945691,,,0.6668989999999999,19.29655,
Dima Hasao,ASSAM,general,8032.92,census-derived proxy: 0.10*households + 0.01*population,214102,58919,65.7971,85028,,,,,,,,,,,,32.9079,,,,0.8894,,0.27519126397698296,,1.4431337938525772,,,0.657971,16.89865,
Goalpara,ASSAM,general,36893.23,census-derived proxy: 0.10*households + 0.01*population,1008183,268114,55.9003,362573,,,,,,,,,,,,29.3312,,,,0.5087,,0.2659378307311272,,1.3523090924009935,,,0.559003,14.91995,
Golaghat,ASSAM,general,43377.18,census-derived proxy: 0.10*households + 0.01*population,1066888,327083,67.6513,479928,,,,,,,,,,,,25.1756,,,,0.9395,,0.3065766978351992,,1.4672972915131632,,,0.676513,13.057549999999999,
Hailakandi,ASSAM,general,24134.66,census-derived proxy: 0.10*households + 0.01*population,659296,175417,61.788,214240,,,,,,,,,,,,25.1646,,,,0.6904,,0.2660671382808329,,1.2213183442881819,,,0.61788,12.9275,
Jorhat,ASSAM,general,47637.96,census-derived proxy: 0.10*households + 0.01*population,1092256,367154,72.7786,498618,,,,,,,,,,,,33.2457,,,,1.5391,,0.33614280901180676,,1.3580622844909764,,,0.7277859999999999,17.3924,
Kamrup,ASSAM,general,58619.92,census-derived proxy: 0.10*households + 0.01*population,1517542,434445,65.5876,628954,,,,,,,,,,,,28.1258,,,,0.7156,,0.286282027120172,,1.4477183533013385,,,0.6558759999999999,14.4207,
Kamrup Metropolitan,ASSAM,general,55358.58,census-derived proxy: 0.10*households + 0.01*population,1253938,428192,79.8437,490932,,,,,,,,,,,,58.5861,,,,6.8,,0.3414778083126917,,1.1465230550780958,,,0.798437,32.69305,
Karbi Anglong,ASSAM,general,34850.73,census-derived proxy: 0.10*households + 0.01*population,956313,252876,58.2669,383441,,,,,,,,,,,,21.3219,,,,0.7605,,0.26442806905270555,,1.5163202518230279,,,0.582669,11.0412,
Karimganj,ASSAM,general,41750.86,census-derived proxy: 0.10*households + 0.01*population,1228686,294640,64.7274,399171,,,,,,,,,,,,24.0806,,,,0.6561,,0.23980089298649127,,1.3547753190333967,,,0.647274,12.36835,
Kokrajhar,ASSAM,general,31072.52,census-derived proxy: 0.10*households + 0.01*population,887142,222011,55.1552,341131,,,,,,,,,,,,18.6356,,,,0.5486,,0.2502541870410825,,1.5365499907662232,,,0.551552,9.5921,
Lakhimpur,ASSAM,general,43214.67,census-derived proxy: 0.10*households + 0.01*population,1042137,327933,65.585,429995,,,,,,,,,,,,18.3867,,,,0.594,,0.31467359857677063,,1.3112282082010656,,,0.6558499999999999,9.490350000000001,
Morigaon,ASSAM,general,35322.33,census-derived proxy: 0.10*households + 0.01*population,957423,257481,56.3912,351148,,,,,,,,,,,,20.3526,,,,0.5519,,0.26893128742468064,,1.3637821819862437,,,0.563912,10.45225,
Nagaon,ASSAM,general,108156.18,census-derived proxy: 0.10*households + 0.01*population,2823768,799185,60.5827,979998,,,,,,,,,,,,24.4788,,,,0.6408,,0.2830207722447453,,1.226246738865219,,,0.605827,12.5598,
Nalbari,ASSAM,general,31610.79,census-derived proxy: 0.10*households + 0.01*population,771639,238944,68.9145,267623,,,,,,,,,,,,28.5895,,,,0.6826,,0.30965775446808674,,1.1200239386634525,,,0.689145,14.636050000000001,
Sivasagar,ASSAM,general,52033.4,census-derived proxy: 0.10*households + 0.01*population,1151050,405229,70.675,485717,,,,,,,,,,,,30.4593,,,,1.2699,,0.352051605056253,,1.1986234943698502,,,0.70675,15.8646,
Sonitpur,ASSAM,general,74026.4,census-derived proxy: 0.10*households + 0.01*population,1924110,547853,57.6148,770606,,,,,,,,,,,,24.3438,,,,0.7955,,0.2847306027202187,,1.4065926443772325,,,0.576148,12.569650000000001,
Tinsukia,ASSAM,general,51440.69,census-derived proxy: 0.10*households + 0.01*population,1327929,381614,60.1178,557196,,,,,,,,,,,,42.3774,,,,1.3456,,0.28737530395073835,,1.4601036649598809,,,0.601178,21.8615,
Udalguri,ASSAM,general,36479.18,census-derived proxy: 0.10*households + 0.01*population,831668,281625,56.504,345030,,,,,,,,,,,,18.9994,,,,0.5142,,0.3386267116205024,,1.2251398135818907,,,0.56504,9.7568,
Araria,BIHAR,general,98443.09,census-derived proxy: 0.10*households + 0.01*population,2811569,703274,42.5303,1069893,,,,,,,,,,,,6.1555,,,,0.3642,,0.25013577827896094,,1.5213032189445366,,,0.425303,3.25985,
Arwal,BIHAR,general,21437.83,census-derived proxy: 0.10*households + 0.01*population,700843,144294,55.1266,236354,,,,,,,,,,,,1.5267,,,,0.2862,,0.2058863397365744,,1.6380029661662994,,,0.551266,0.90645,
Aurangabad,BIHAR,general,73130.43,census-derived proxy: 0.10*households + 0.01*population,2540073,477297,57.715,837770,,,,,,,,,,,,9.3141,,,,0.4949,,0.1879068042532636,,1.7552383526399704,,,0.57715,4.9045,
Banka,BIHAR,general,64757.23,census-derived proxy: 0.10*households + 0.01*population,2034763,444096,47.4414,771080,,,,,,,,,,,,14.0418,,,,0.3837,,0.21825441095596884,,1.736291252341836,,,0.474414,7.21275,
Begusarai,BIHAR,general,103067.91,census-derived proxy: 0.10*households + 0.01*population,2970541,733625,52.1344,938182,,,,,,,,,,,,16.408,,,,0.633,,0.24696679830374332,,1.278830465155904,,,0.521344,8.5205,
Bhagalpur,BIHAR,general,95693.76,census-derived proxy: 0.10*households + 0.01*population,3037766,653161,51.7836,983528,,,,,,,,,,,,26.7214,,,,1.0356,,0.21501359880912485,,1.5057971924226952,,,0.517836,13.878499999999999,
Bhojpur,BIHAR,general,78476.77,census-derived proxy: 0.10*households + 0.01*population,2728407,511927,58.6112,822493,,,,,,,,,,,,12.141,,,,0.7151,,0.18762853196022442,,1.6066607152972983,,,0.586112,6.42805,
Buxar,BIHAR,general,50529.22,census-derived proxy: 0.10*households + 0.01*population,1706352,334657,58.0072,538322,,,,,,,,,,,,13.9725,,,,0.5331,,0.19612424634541994,,1.6085783354300074,,,0.5800719999999999,7.2528,
Darbhanga,BIHAR,general,139645.15,census-derived proxy: 0.10*households + 0.01*population,3937385,1002713,46.1381,1223640,,,,,,,,,,,,12.7097,,,,0.6263,,0.25466470766765253,,1.2203292467535576,,,0.46138100000000004,6.668,
Gaya,BIHAR,general,124671.28,census-derived proxy: 0.10*households + 0.01*population,4391418,807571,52.3205,1664062,,,,,,,,,,,,13.9452,,,,0.849,,0.1838975474436731,,2.0605767170936056,,,0.523205,7.3971,
Gopalganj,BIHAR,general,81025.92,census-derived proxy: 0.10*households + 0.01*population,2562012,554058,53.9809,728201,,,,,,,,,,,,12.5213,,,,0.6691,,0.2162589402391558,,1.3143046395864693,,,0.539809,6.5952,
Jamui,BIHAR,general,53280.05,census-derived proxy: 0.10*households + 0.01*population,1760405,356760,48.7722,727571,,,,,,,,,,,,9.147,,,,0.5155,,0.20265791110568307,,2.0393850207422357,,,0.487722,4.83125,
Jehanabad,BIHAR,general,32732.33,census-derived proxy: 0.10*households + 0.01*population,1125313,214792,54.9963,365378,,,,,,,,,,,,12.8687,,,,0.5149,,0.1908731170794259,,1.7010782524488808,,,0.549963,6.691800000000001,
Kaimur (Bhabua),BIHAR,general,50308.04,census-derived proxy: 0.10*households + 0.01*population,1626384,340442,56.5842,511163,,,,,,,,,,,,15.5383,,,,0.6168,,0.20932448917352853,,1.5014686789526557,,,0.5658420000000001,8.07755,
Katihar,BIHAR,general,104517.29,census-derived proxy: 0.10*households + 0.01*population,3071029,738070,41.686,1013566,,,,,,,,,,,,8.2512,,,,0.3985,,0.2403331261280828,,1.3732654084300948,,,0.41686,4.3248500000000005,
Khagaria,BIHAR,general,56139.16,census-derived proxy: 0.10*households + 0.01*population,1666886,394703,46.0756,560805,,,,,,,,,,,,10.2966,,,,0.4003,,0.23679063835199288,,1.4208278123044416,,,0.460756,5.34845,
Kishanganj,BIHAR,general,61419.0,census-derived proxy: 0.10*households + 0.01*population,1690400,445150,44.0757,529064,,,,,,,,,,,,13.1906,,,,0.2455,,0.26334003786086135,,1.188507244748961,,,0.44075699999999995,6.71805,
Lakhisarai,BIHAR,general,30773.62,census-derived proxy: 0.10*households + 0.01*population,1000912,207645,50.6808,326576,,,,,,,,,,,,21.4265,,,,0.5712,,0.20745580031011718,,1.5727612030147609,,,0.5068079999999999,10.998850000000001,
Madhepura,BIHAR,general,71045.42,census-derived proxy: 0.10*households + 0.01*population,2001762,510278,41.6921,777546,,,,,,,,,,,,4.5536,,,,0.2738,,0.25491442039563145,,1.5237693962898655,,,0.41692100000000004,2.4137,
Madhubani,BIHAR,general,153752.39,census-derived proxy: 0.10*households + 0.01*population,4487379,1088786,48.0311,1636938,,,,,,,,,,,,10.4043,,,,0.4885,,0.2426329489887081,,1.5034524690802418,,,0.48031100000000004,5.4464,
Munger,BIHAR,general,44483.95,census-derived proxy: 0.10*households + 0.01*population,1367765,308063,58.6224,426658,,,,,,,,,,,,29.3644,,,,0.8612,,0.22523094244990916,,1.3849699574437697,,,0.586224,15.1128,
Muzaffarpur,BIHAR,general,159950.02,census-derived proxy: 0.10*households + 0.01*population,4801062,1119394,52.2641,1547586,,,,,,,,,,,,16.1383,,,,0.9192,,0.23315549767947175,,1.3825212570372898,,,0.522641,8.52875,
Nalanda,BIHAR,general,90442.83,census-derived proxy: 0.10*households + 0.01*population,2877653,616663,52.8185,1045420,,,,,,,,,,,,16.4398,,,,0.6739,,0.21429373173207472,,1.6952857557531422,,,0.528185,8.55685,
Nawada,BIHAR,general,64678.86,census-derived proxy: 0.10*households + 0.01*population,2219146,424874,49.1636,817041,,,,,,,,,,,,7.3344,,,,0.4333,,0.19145833577421223,,1.9230195304961,,,0.491636,3.88385,
Pashchim Champaran,BIHAR,general,132963.82,census-derived proxy: 0.10*households + 0.01*population,3935042,936134,44.7131,1478947,,,,,,,,,,,,6.1472,,,,0.3733,,0.2378968254976694,,1.5798454067473247,,,0.44713099999999995,3.26025,
Patna,BIHAR,general,179394.05,census-derived proxy: 0.10*households + 0.01*population,5838465,1210094,59.2567,1881886,,,,,,,,,,,,45.1914,,,,3.3627,,0.2072623540605279,,1.5551568721107616,,,0.5925670000000001,24.27705,
Purba Champaran,BIHAR,general,175376.21,census-derived proxy: 0.10*households + 0.01*population,5099371,1243825,44.6517,1737539,,,,,,,,,,,,6.0281,,,,0.6206,,0.2439173380403191,,1.3969320442988362,,,0.446517,3.32435,
Purnia,BIHAR,general,112505.79,census-derived proxy: 0.10*households + 0.01*population,3264619,798596,40.8111,1143318,,,,,,,,,,,,10.7762,,,,0.5222,,0.24462150100823404,,1.4316600634112868,,,0.40811100000000006,5.6491999999999996,
Rohtas,BIHAR,general,90405.28,census-derived proxy: 0.10*households + 0.01*population,2959918,608061,60.8068,924879,,,,,,,,,,,,18.895,,,,0.7555,,0.20543170452694973,,1.5210299624544248,,,0.608068,9.82525,
Saharsa,BIHAR,general,66076.31,census-derived proxy: 0.10*households + 0.01*population,1900661,470697,42.3535,649898,,,,,,,,,,,,8.7831,,,,0.3544,,0.2476491073368686,,1.3807141324461383,,,0.423535,4.56875,
Samastipur,BIHAR,general,148262.16,census-derived proxy: 0.10*households + 0.01*population,4261566,1056465,50.2839,1343400,,,,,,,,,,,,8.3317,,,,0.5092,,0.2479053474708593,,1.2715991537817155,,,0.502839,4.42045,
Saran,BIHAR,general,117280.82,census-derived proxy: 0.10*households + 0.01*population,3951862,777622,54.5934,1040231,,,,,,,,,,,,12.1893,,,,0.5798,,0.1967735715467797,,1.3377077809012605,,,0.545934,6.38455,
Sheikhpura,BIHAR,general,19627.22,census-derived proxy: 0.10*households + 0.01*population,636342,132638,51.6508,224655,,,,,,,,,,,,15.1276,,,,0.4757,,0.20843822975695458,,1.6937453821680062,,,0.516508,7.8016499999999995,
Sheohar,BIHAR,general,23162.46,census-derived proxy: 0.10*households + 0.01*population,656246,166000,43.2304,216372,,,,,,,,,,,,6.0265,,,,0.288,,0.2529539227667673,,1.3034457831325301,,,0.432304,3.1572500000000003,
Sitamarhi,BIHAR,general,119932.14,census-derived proxy: 0.10*households + 0.01*population,3423574,856964,41.9677,1114583,,,,,,,,,,,,7.7323,,,,0.4038,,0.25031268493101066,,1.3006182290037855,,,0.419677,4.06805,
Siwan,BIHAR,general,100741.84,census-derived proxy: 0.10*households + 0.01*population,3330464,674372,57.9551,932416,,,,,,,,,,,,7.8495,,,,0.5685,,0.20248589986260174,,1.3826434074961593,,,0.579551,4.209,
Supaul,BIHAR,general,82300.96,census-derived proxy: 0.10*households + 0.01*population,2229076,600102,46.3548,877682,,,,,,,,,,,,8.5032,,,,0.3074,,0.2692155852918429,,1.4625546990344975,,,0.46354799999999996,4.4052999999999995,
Vaishali,BIHAR,general,110031.31,census-derived proxy: 0.10*households + 0.01*population,3495021,750811,55.1281,1060344,,,,,,,,,,,,9.3234,,,,0.6406,,0.2148230296756443,,1.4122648709195789,,,0.551281,4.981999999999999,
Chandigarh,CHANDIGARH,general,40391.2,census-derived proxy: 0.10*households + 0.01*population,1055450,298367,76.3123,404136,,,,,,,,,,,,77.4898,,,,14.8418,,0.28269174285849635,,1.3544929566607566,,,0.7631229999999999,46.165800000000004,
Bastar,CHHATTISGARH,general,51263.89,census-derived proxy: 0.10*households + 0.01*population,1413199,371319,46.056,726531,,,,,,,,,,,,42.4557,,,,0.4799,,0.26275068125578915,,1.9566222035500473,,,0.46055999999999997,21.4678,
Bijapur,CHHATTISGARH,general,8391.4,census-derived proxy: 0.10*households + 0.01*population,255230,58391,34.0552,134525,,,,,,,,,,,,21.4348,,,,0.2004,,0.22877796497276967,,2.3038653217105374,,,0.34055199999999997,10.817599999999999,
Bilaspur,CHHATTISGARH,general,100416.89,census-derived proxy: 0.10*households + 0.01*population,2663629,737806,59.9393,1203197,,,,,,,,,,,,70.4391,,,,1.161,,0.27699277939983385,,1.6307769250995519,,,0.5993930000000001,35.80005,
Dakshin Bastar Dantewada,CHHATTISGARH,general,19121.28,census-derived proxy: 0.10*households + 0.01*population,533638,137849,35.8365,286595,,,,,,,,,,,,31.6346,,,,0.6928,,0.25831931009410875,,2.079050265145195,,,0.358365,16.1637,
Dhamtari,CHHATTISGARH,general,29045.91,census-derived proxy: 0.10*households + 0.01*population,799781,210481,68.3728,402895,,,,,,,,,,,,70.7551,,,,0.4827,,0.2631732936891474,,1.914163273644652,,,0.683728,35.6189,
Durg,CHHATTISGARH,general,121757.62,census-derived proxy: 0.10*households + 0.01*population,3343872,883189,68.8836,1496805,,,,,,,,,,,,69.5331,,,,1.8276,,0.2641216529819323,,1.6947731459517725,,,0.688836,35.680350000000004,
Janjgir - Champa,CHHATTISGARH,general,60274.37,census-derived proxy: 0.10*households + 0.01*population,1619707,440773,62.9518,846466,,,,,,,,,,,,76.9308,,,,0.387,,0.27213131757780884,,1.9204125479555236,,,0.629518,38.6589,
Jashpur,CHHATTISGARH,general,31155.89,census-derived proxy: 0.10*households + 0.01*population,851669,226392,58.1699,487360,,,,,,,,,,,,33.916,,,,0.2505,,0.26582158091934777,,2.1527262447436306,,,0.581699,17.08325,
Kabeerdham,CHHATTISGARH,general,29343.16,census-derived proxy: 0.10*households + 0.01*population,822526,211179,50.3531,404156,,,,,,,,,,,,71.3371,,,,0.3229,,0.25674446765208636,,1.913807717623438,,,0.503531,35.830000000000005,
Korba,CHHATTISGARH,general,45331.7,census-derived proxy: 0.10*households + 0.01*population,1206640,332653,62.0532,521186,,,,,,,,,,,,60.8382,,,,1.366,,0.27568537426241463,,1.566755748482653,,,0.620532,31.1021,
Koriya,CHHATTISGARH,general,24750.67,census-derived proxy: 0.10*households + 0.01*population,658917,181615,60.3753,307071,,,,,,,,,,,,44.0619,,,,0.9179,,0.2756265204874058,,1.6907799465903146,,,0.603753,22.489900000000002,
Mahasamund,CHHATTISGARH,general,41384.24,census-derived proxy: 0.10*households + 0.01*population,1032754,310567,61.773,499260,,,,,,,,,,,,68.4191,,,,0.3094,,0.3007173053795967,,1.6075758209983675,,,0.61773,34.36425,
Narayanpur,CHHATTISGARH,general,4707.7,census-derived proxy: 0.10*households + 0.01*population,139820,33095,40.4956,71089,,,,,,,,,,,,28.1493,,,,0.2599,,0.2366971820912602,,2.1480284030820367,,,0.40495600000000004,14.2046,
Raigarh,CHHATTISGARH,general,57031.44,census-derived proxy: 0.10*households + 0.01*population,1493984,420916,63.6981,690167,,,,,,,,,,,,70.6336,,,,0.794,,0.2817406344378521,,1.6396787007383895,,,0.636981,35.7138,
Raipur,CHHATTISGARH,general,147488.72,census-derived proxy: 0.10*households + 0.01*population,4063872,1068500,64.7104,1757664,,,,,,,,,,,,68.1849,,,,1.8962,,0.26292658823899967,,1.6449826860084231,,,0.6471040000000001,35.040549999999996,
Rajnandgaon,CHHATTISGARH,general,54384.53,census-derived proxy: 0.10*households + 0.01*population,1537133,390132,65.6013,800092,,,,,,,,,,,,70.6174,,,,0.5411,,0.25380497328468,,2.050823823731455,,,0.656013,35.57925,
Surguja,CHHATTISGARH,general,82675.16,census-derived proxy: 0.10*households + 0.01*population,2359886,590763,50.3389,1155807,,,,,,,,,,,,42.8481,,,,0.4633,,0.25033539755733963,,1.9564647752144262,,,0.503389,21.6557,
Uttar Bastar Kanker,CHHATTISGARH,general,26896.31,census-derived proxy: 0.10*households + 0.01*population,748941,194069,60.8916,389359,,,,,,,,,,,,56.788,,,,0.2983,,0.2591245505320179,,2.0062915767072536,,,0.608916,28.543149999999997,
Dadra AND Nagar Haveli,DADRA AND NAGAR HAVELI,general,14315.39,census-derived proxy: 0.10*households + 0.01*population,343709,108783,64.9474,157161,,,,,,,,,,,,63.942,,,,1.8505,,0.3164973858700238,,1.4447202228289346,,,0.649474,32.89625,
Daman,DAMAN AND DIU,general,9019.63,census-derived proxy: 0.10*households + 0.01*population,191173,71079,78.645,105521,,,,,,,,,,,,69.2877,,,,1.8515,,0.37180459583727826,,1.4845594338693566,,,0.78645,35.5696,
Diu,DAMAN AND DIU,general,2405.74,census-derived proxy: 0.10*households + 0.01*population,52074,18850,73.0845,15750,,,,,,,,,,,,56.1008,,,,1.9523,,0.36198486768828975,,0.8355437665782494,,,0.7308450000000001,29.02655,
North Goa,GOA,general,40688.98,census-derived proxy: 0.10*households + 0.01*population,818008,325089,81.0579,327658,,,,,,,,,,,,53.5087,,,,7.2103,,0.3974154286999638,,1.0079024513287131,,,0.810579,30.359499999999997,
South Goa,GOA,general,31554.67,census-derived proxy: 0.10*households + 0.01*population,640537,251493,78.4384,249590,,,,,,,,,,,,55.1944,,,,7.0077,,0.39262837275598444,,0.99243318899532,,,0.784384,31.10105,
Ahmadabad,GUJARAT,general,291997.45,census-derived proxy: 0.10*households + 0.01*population,7214225,2198552,75.3478,2594952,,,,,,,,,,,,66.2275,,,,5.7466,,0.304752346925692,,1.1803004886852801,,,0.7534780000000001,35.98705,
Amreli,GUJARAT,general,58203.2,census-derived proxy: 0.10*households + 0.01*population,1514190,430613,65.742,657139,,,,,,,,,,,,63.4749,,,,0.5894,,0.28438505075320797,,1.5260547173448085,,,0.65742,32.03215,
Anand,GUJARAT,general,83126.15,census-derived proxy: 0.10*households + 0.01*population,2092745,621987,74.1253,844794,,,,,,,,,,,,60.8228,,,,1.592,,0.29721107922847745,,1.3582180978059026,,,0.7412529999999999,31.2074,
Banas Kantha,GUJARAT,general,111624.76,census-derived proxy: 0.10*households + 0.01*population,3120506,804197,54.6361,1248600,,,,,,,,,,,,49.3502,,,,0.4258,,0.2577136528498904,,1.5526046478661324,,,0.546361,24.888,
Bharuch,GUJARAT,general,63709.79,census-derived proxy: 0.10*households + 0.01*population,1551019,481996,72.0994,627124,,,,,,,,,,,,64.1273,,,,2.128,,0.3107608610855186,,1.3010979344226923,,,0.720994,33.12765,
Bhavnagar,GUJARAT,general,103211.35,census-derived proxy: 0.10*households + 0.01*population,2880365,744077,65.5214,1150632,,,,,,,,,,,,67.2991,,,,0.9807,,0.25832733004324104,,1.5463883442170636,,,0.655214,34.1399,
Dohad,GUJARAT,general,58921.26,census-derived proxy: 0.10*households + 0.01*population,2127086,376504,47.3498,999124,,,,,,,,,,,,64.041,,,,0.4603,,0.1770045968992321,,2.6536876102245928,,,0.47349800000000003,32.25065,
Gandhinagar,GUJARAT,general,57243.33,census-derived proxy: 0.10*households + 0.01*population,1391753,433258,74.0429,534976,,,,,,,,,,,,60.5965,,,,2.7944,,0.31130380175217875,,1.2347746608256511,,,0.740429,31.69545,
Jamnagar,GUJARAT,general,86233.69,census-derived proxy: 0.10*households + 0.01*population,2160119,646325,64.6508,847440,,,,,,,,,,,,59.8055,,,,1.7906,,0.2992080528896788,,1.3111669825552161,,,0.6465080000000001,30.79805,
Junagadh,GUJARAT,general,105105.12,census-derived proxy: 0.10*households + 0.01*population,2743082,776743,67.1806,1123709,,,,,,,,,,,,64.1558,,,,0.8533,,0.2831643385068328,,1.4466934365678223,,,0.671806,32.50455,
Kachchh,GUJARAT,general,94851.21,census-derived proxy: 0.10*households + 0.01*population,2092371,739275,59.8517,776228,,,,,,,,,,,,54.5526,,,,1.3028,,0.3533192727293582,,1.049985458726455,,,0.598517,27.927699999999998,
Kheda,GUJARAT,general,85201.45,census-derived proxy: 0.10*households + 0.01*population,2299885,622026,72.1881,933983,,,,,,,,,,,,59.8409,,,,0.918,,0.27045960993701856,,1.5015176214499073,,,0.7218810000000001,30.37945,
Mahesana,GUJARAT,general,86324.94,census-derived proxy: 0.10*households + 0.01*population,2035064,659743,73.8377,812064,,,,,,,,,,,,58.4484,,,,1.1761,,0.32418783880998336,,1.2308792969383533,,,0.738377,29.81225,
Narmada,GUJARAT,general,21939.87,census-derived proxy: 0.10*households + 0.01*population,590297,160369,62.7372,294795,,,,,,,,,,,,63.5659,,,,0.3592,,0.2716751059212566,,1.8382293335993865,,,0.627372,31.96255,
Navsari,GUJARAT,general,54212.32,census-derived proxy: 0.10*households + 0.01*population,1329672,409156,75.3501,591834,,,,,,,,,,,,65.4222,,,,1.6439,,0.30771197708908665,,1.446475183059762,,,0.753501,33.53305,
Panch Mahals,GUJARAT,general,80667.86,census-derived proxy: 0.10*households + 0.01*population,2390776,567601,60.2652,1097507,,,,,,,,,,,,70.2848,,,,0.6089,,0.23741287347706352,,1.9335889119293306,,,0.602652,35.446850000000005,
Patan,GUJARAT,general,53851.14,census-derived proxy: 0.10*households + 0.01*population,1343734,404138,62.3571,554830,,,,,,,,,,,,55.2841,,,,0.552,,0.30075744157697876,,1.3728726326155918,,,0.623571,27.91805,
Porbandar,GUJARAT,general,24211.69,census-derived proxy: 0.10*households + 0.01*population,585449,183572,67.2438,231169,,,,,,,,,,,,63.757,,,,0.9005,,0.3135576284185301,,1.2592824613775522,,,0.672438,32.32875,
Rajkot,GUJARAT,general,156146.18,census-derived proxy: 0.10*households + 0.01*population,3804558,1181006,71.6261,1479050,,,,,,,,,,,,63.281,,,,1.8446,,0.3104187135535849,,1.2523645095791216,,,0.7162609999999999,32.5628,
Sabar Kantha,GUJARAT,general,90839.19,census-derived proxy: 0.10*households + 0.01*population,2428589,665533,65.0062,1084878,,,,,,,,,,,,65.903,,,,0.7906,,0.27404101723264,,1.6300889662871714,,,0.650062,33.3468,
Surat,GUJARAT,general,250797.02,census-derived proxy: 0.10*households + 0.01*population,6081322,1899838,75.1713,2553542,,,,,,,,,,,,65.9241,,,,2.9315,,0.3124054276356358,,1.3440840745368816,,,0.7517130000000001,34.4278,
Surendranagar,GUJARAT,general,67622.48,census-derived proxy: 0.10*households + 0.01*population,1756268,500598,62.2699,723500,,,,,,,,,,,,60.3414,,,,0.5943,,0.2850350857613986,,1.4452714553394141,,,0.622699,30.46785,
Tapi,GUJARAT,general,29919.12,census-derived proxy: 0.10*households + 0.01*population,807022,218489,60.7215,450902,,,,,,,,,,,,65.1612,,,,0.7328,,0.2707348746378661,,2.0637286087629128,,,0.607215,32.946999999999996,
The Dangs,GUJARAT,general,8244.71,census-derived proxy: 0.10*households + 0.01*population,228291,59618,61.7493,118257,,,,,,,,,,,,49.9748,,,,0.2298,,0.26114914736016753,,1.9835787849307256,,,0.617493,25.1023,
Vadodara,GUJARAT,general,165698.76,census-derived proxy: 0.10*households + 0.01*population,4165626,1240425,69.4513,1693473,,,,,,,,,,,,64.3551,,,,4.3216,,0.29777637262682727,,1.3652361085918132,,,0.694513,34.33835,
Valsad,GUJARAT,general,66895.88,census-derived proxy: 0.10*households + 0.01*population,1705678,498391,68.6329,743245,,,,,,,,,,,,66.0562,,,,2.2111,,0.2921952443544444,,1.491288967898698,,,0.6863290000000001,34.13365,
Ambala,HARYANA,general,42809.1,census-derived proxy: 0.10*households + 0.01*population,1128350,315256,72.4975,372139,,,,,,,,,,,,63.3393,,,,4.0916,,0.27939557761332917,,1.1804343137006115,,,0.724975,33.715450000000004,
Bhiwani,HARYANA,general,61972.65,census-derived proxy: 0.10*households + 0.01*population,1634445,456282,65.4578,623006,,,,,,,,,,,,58.3508,,,,1.1598,,0.27916632251314666,,1.365396837920409,,,0.6545780000000001,29.7553,
Faridabad,HARYANA,general,65165.43,census-derived proxy: 0.10*households + 0.01*population,1809733,470681,70.3274,579229,,,,,,,,,,,,70.7849,,,,9.2285,,0.2600831172333156,,1.2306190392218934,,,0.703274,40.006699999999995,
Fatehabad,HARYANA,general,35258.11,census-derived proxy: 0.10*households + 0.01*population,942011,258380,59.1902,369083,,,,,,,,,,,,59.3316,,,,1.2424,,0.27428554443631764,,1.4284503444539052,,,0.5919019999999999,30.287,
Gurgaon,HARYANA,general,67513.42,census-derived proxy: 0.10*households + 0.01*population,1514432,523691,73.3685,544716,,,,,,,,,,,,58.3839,,,,12.8104,,0.3458002736339433,,1.0401477206978924,,,0.7336849999999999,35.59715,
Hisar,HARYANA,general,63051.91,census-derived proxy: 0.10*households + 0.01*population,1743931,456126,63.8965,691621,,,,,,,,,,,,62.4836,,,,2.2213,,0.26155048565568245,,1.5162937433954653,,,0.638965,32.352450000000005,
Jhajjar,HARYANA,general,38598.45,census-derived proxy: 0.10*households + 0.01*population,958405,290144,70.5434,326534,,,,,,,,,,,,58.0946,,,,1.735,,0.3027363171101987,,1.1254204808646742,,,0.705434,29.9148,
Jind,HARYANA,general,50141.52,census-derived proxy: 0.10*households + 0.01*population,1334152,368000,62.4185,523422,,,,,,,,,,,,60.4516,,,,1.4302,,0.27583063998704793,,1.4223423913043478,,,0.624185,30.9409,
Kaithal,HARYANA,general,41421.74,census-derived proxy: 0.10*households + 0.01*population,1074304,306787,60.1812,373899,,,,,,,,,,,,61.0681,,,,1.2139,,0.28556814458477303,,1.2187576396653053,,,0.601812,31.141000000000002,
Karnal,HARYANA,general,57913.44,census-derived proxy: 0.10*households + 0.01*population,1505324,428602,64.9703,516062,,,,,,,,,,,,62.3476,,,,2.6045,,0.28472408597750387,,1.204058777140564,,,0.6497029999999999,32.47605,
Kurukshetra,HARYANA,general,38828.65,census-derived proxy: 0.10*households + 0.01*population,964655,291821,67.0595,336780,,,,,,,,,,,,58.9087,,,,2.5207,,0.302513333782544,,1.1540636211924433,,,0.670595,30.7147,
Mahendragarh,HARYANA,general,36015.08,census-derived proxy: 0.10*households + 0.01*population,922088,267942,68.3509,338584,,,,,,,,,,,,50.5539,,,,0.9793,,0.29058180997909094,,1.2636466100872576,,,0.6835089999999999,25.7666,
Mewat,HARYANA,general,33256.13,census-derived proxy: 0.10*households + 0.01*population,1089263,223635,41.7619,289964,,,,,,,,,,,,43.0653,,,,0.4181,,0.20530854348307068,,1.2965948979363695,,,0.41761899999999996,21.7417,
Palwal,HARYANA,general,35342.98,census-derived proxy: 0.10*households + 0.01*population,1042708,249159,57.5229,309563,,,,,,,,,,,,53.2214,,,,1.719,,0.23895376270250157,,1.2424315396995493,,,0.575229,27.470200000000002,
Panchkula,HARYANA,general,22068.03,census-derived proxy: 0.10*households + 0.01*population,561293,164551,72.2115,211479,,,,,,,,,,,,62.8711,,,,11.3126,,0.29316417628582575,,1.2851881787409374,,,0.7221150000000001,37.09185,
Panipat,HARYANA,general,44784.97,census-derived proxy: 0.10*households + 0.01*population,1205437,327306,65.2543,412318,,,,,,,,,,,,64.1495,,,,3.0626,,0.27152476653694885,,1.2597324827531424,,,0.652543,33.60605,
Rewari,HARYANA,general,35878.72,census-derived proxy: 0.10*households + 0.01*population,900332,268754,70.7458,337727,,,,,,,,,,,,56.7995,,,,1.9055,,0.2985054402153872,,1.2566399011735638,,,0.707458,29.3525,
Rohtak,HARYANA,general,41306.24,census-derived proxy: 0.10*households + 0.01*population,1061204,306942,70.4466,345967,,,,,,,,,,,,62.9174,,,,2.7634,,0.2892393922374963,,1.1271412840210855,,,0.704466,32.8404,
Sirsa,HARYANA,general,46831.09,census-derived proxy: 0.10*households + 0.01*population,1295189,338792,60.4465,502003,,,,,,,,,,,,63.6163,,,,1.8557,,0.2615772678736462,,1.4817439608963612,,,0.604465,32.736000000000004,
Sonipat,HARYANA,general,56243.41,census-derived proxy: 0.10*households + 0.01*population,1450001,417434,68.8493,523179,,,,,,,,,,,,60.6213,,,,2.163,,0.2878853186997802,,1.2533214831566188,,,0.688493,31.392149999999997,
Yamunanagar,HARYANA,general,47914.35,census-derived proxy: 0.10*households + 0.01*population,1214205,357723,68.5598,389233,,,,,,,,,,,,60.8021,,,,2.2585,,0.2946149949967263,,1.0880849148642944,,,0.6855979999999999,31.5303,
Bilaspur,HIMACHAL PRADESH,general,20264.06,census-derived proxy: 0.10*households + 0.01*population,381956,164445,75.3019,205871,,,,,,,,,,,,48.1292,,,,0.9572,,0.4305338834839615,,1.2519140138040075,,,0.753019,24.5432,
Chamba,HIMACHAL PRADESH,general,25213.9,census-derived proxy: 0.10*households + 0.01*population,519080,200231,62.3877,294035,,,,,,,,,,,,47.9856,,,,0.8066,,0.38574208214533406,,1.4684789068625737,,,0.623877,24.3961,
Hamirpur,HIMACHAL PRADESH,general,25682.48,census-derived proxy: 0.10*households + 0.01*population,454768,211348,78.7415,241931,,,,,,,,,,,,49.2647,,,,1.1928,,0.46473806424374625,,1.1447044684596022,,,0.787415,25.228749999999998,
Kangra,HIMACHAL PRADESH,general,77833.55,census-derived proxy: 0.10*households + 0.01*population,1510075,627328,76.33,675170,,,,,,,,,,,,52.617,,,,1.2837,,0.41542837276294226,,1.0762631350744747,,,0.7633,26.95035,
Kinnaur,HIMACHAL PRADESH,general,5292.61,census-derived proxy: 0.10*households + 0.01*population,84121,44514,72.1568,56273,,,,,,,,,,,,40.1334,,,,0.7953,,0.5291663199438903,,1.2641640832097767,,,0.721568,20.46435,
Kullu,HIMACHAL PRADESH,general,23249.43,census-derived proxy: 0.10*households + 0.01*population,437903,188704,70.2603,269084,,,,,,,,,,,,48.3943,,,,1.39,,0.4309264837189971,,1.4259581142954045,,,0.702603,24.89215,
Lahul AND Spiti,HIMACHAL PRADESH,general,2059.04,census-derived proxy: 0.10*households + 0.01*population,31564,17434,69.2086,19295,,,,,,,,,,,,32.2244,,,,0.3499,,0.5523381067038399,,1.1067454399449352,,,0.6920860000000001,16.28715,
Mandi,HIMACHAL PRADESH,general,56280.27,census-derived proxy: 0.10*households + 0.01*population,999777,462825,72.3908,572671,,,,,,,,,,,,46.3439,,,,1.1523,,0.4629282329959581,,1.2373380867498514,,,0.723908,23.748099999999997,
Shimla,HIMACHAL PRADESH,general,45656.6,census-derived proxy: 0.10*households + 0.01*population,814010,375165,75.2622,430926,,,,,,,,,,,,46.0475,,,,2.4461,,0.46088500141275907,,1.1486306025348847,,,0.7526220000000001,24.2468,
Sirmaur,HIMACHAL PRADESH,general,24514.15,census-derived proxy: 0.10*households + 0.01*population,529855,192156,68.4423,280083,,,,,,,,,,,,47.6222,,,,1.1553,,0.36265770824093385,,1.457581340161119,,,0.684423,24.388749999999998,
Solan,HIMACHAL PRADESH,general,30232.8,census-derived proxy: 0.10*households + 0.01*population,580320,244296,73.852,298737,,,,,,,,,,,,49.0659,,,,2.149,,0.42096774193548386,,1.222848511641615,,,0.7385200000000001,25.60745,
Una,HIMACHAL PRADESH,general,25733.43,census-derived proxy: 0.10*households + 0.01*population,521173,205217,76.6953,215346,,,,,,,,,,,,51.618,,,,1.1753,,0.39375984557910715,,1.0493575093681322,,,0.766953,26.39665,
Anantnag,JAMMU AND KASHMIR,general,38560.22,census-derived proxy: 0.10*households + 0.01*population,1078692,277733,50.5735,389684,,,,,,,,,,,,41.3703,,,,0.9765,,0.25747201240020323,,1.403088577878754,,,0.505735,21.1734,
Badgam,JAMMU AND KASHMIR,general,26321.35,census-derived proxy: 0.10*households + 0.01*population,753745,187839,44.5308,214866,,,,,,,,,,,,48.0145,,,,1.0642,,0.24920762326781604,,1.1438838579847634,,,0.445308,24.53935,
Bandipore,JAMMU AND KASHMIR,general,13729.92,census-derived proxy: 0.10*households + 0.01*population,392232,98076,47.4156,149317,,,,,,,,,,,,46.361,,,,1.0043,,0.2500458912072447,,1.5224621721929932,,,0.47415599999999997,23.68265,
Baramula,JAMMU AND KASHMIR,general,36027.89,census-derived proxy: 0.10*households + 0.01*population,1008039,259475,54.0801,304200,,,,,,,,,,,,53.2537,,,,1.4252,,0.2574057154534696,,1.1723672800847866,,,0.540801,27.33945,
Doda,JAMMU AND KASHMIR,general,17461.06,census-derived proxy: 0.10*households + 0.01*population,409936,133617,53.4432,151912,,,,,,,,,,,,46.2748,,,,0.4461,,0.32594600132703644,,1.136921200146688,,,0.534432,23.36045,
Ganderbal,JAMMU AND KASHMIR,general,10709.06,census-derived proxy: 0.10*households + 0.01*population,297446,77346,48.1687,100890,,,,,,,,,,,,49.7595,,,,1.1352,,0.26003375402594087,,1.3043984175005818,,,0.48168700000000003,25.44735,
Jammu,JAMMU AND KASHMIR,general,65560.48,census-derived proxy: 0.10*households + 0.01*population,1529958,502609,74.3246,508622,,,,,,,,,,,,58.6418,,,,3.9603,,0.3285116323454631,,1.0119635740705002,,,0.7432460000000001,31.301050000000004,
Kargil,JAMMU AND KASHMIR,general,6222.42,census-derived proxy: 0.10*households + 0.01*population,140802,48144,61.2463,51873,,,,,,,,,,,,32.8681,,,,0.4881,,0.34192696126475475,,1.0774551345962113,,,0.612463,16.6781,
Kathua,JAMMU AND KASHMIR,general,27649.05,census-derived proxy: 0.10*households + 0.01*population,616435,214847,63.1379,200431,,,,,,,,,,,,50.9302,,,,0.6716,,0.3485314753380324,,0.932901087750818,,,0.631379,25.8009,
Kishtwar,JAMMU AND KASHMIR,general,10144.06,census-derived proxy: 0.10*households + 0.01*population,230696,78371,46.6007,82974,,,,,,,,,,,,30.7091,,,,0.3496,,0.33971546970905436,,1.0587334600808973,,,0.46600700000000006,15.529349999999999,
Kulgam,JAMMU AND KASHMIR,general,16357.83,census-derived proxy: 0.10*households + 0.01*population,424483,121130,49.2564,159990,,,,,,,,,,,,39.555,,,,0.6918,,0.285358895409239,,1.3208123503673739,,,0.492564,20.1234,
Kupwara,JAMMU AND KASHMIR,general,26869.94,census-derived proxy: 0.10*households + 0.01*population,870354,181664,50.5144,229064,,,,,,,,,,,,45.7278,,,,0.4195,,0.20872426621811355,,1.2609212612295226,,,0.505144,23.07365,
Leh(Ladakh),JAMMU AND KASHMIR,general,6774.27,census-derived proxy: 0.10*households + 0.01*population,133487,54394,70.2465,75079,,,,,,,,,,,,31.7131,,,,1.0553,,0.4074853731074936,,1.3802809133360296,,,0.702465,16.3842,
Pulwama,JAMMU AND KASHMIR,general,22526.7,census-derived proxy: 0.10*households + 0.01*population,560440,169223,52.4513,188420,,,,,,,,,,,,43.51,,,,0.9083,,0.30194668474769826,,1.113442026202112,,,0.524513,22.209149999999998,
Punch,JAMMU AND KASHMIR,general,19509.15,census-derived proxy: 0.10*households + 0.01*population,476835,147408,54.8877,161393,,,,,,,,,,,,42.6707,,,,0.2347,,0.30913838120104437,,1.0948727341799631,,,0.5488770000000001,21.452699999999997,
Rajouri,JAMMU AND KASHMIR,general,27781.95,census-derived proxy: 0.10*households + 0.01*population,642415,213578,56.6782,290912,,,,,,,,,,,,44.9541,,,,0.3151,,0.33246110380361604,,1.362087855490734,,,0.566782,22.6346,
Ramban,JAMMU AND KASHMIR,general,11799.33,census-derived proxy: 0.10*households + 0.01*population,283713,89622,43.7291,87212,,,,,,,,,,,,38.2083,,,,0.4653,,0.31588964904674793,,0.973109281203276,,,0.43729100000000004,19.3368,
Reasi,JAMMU AND KASHMIR,general,13929.97,census-derived proxy: 0.10*households + 0.01*population,314667,107833,47.8417,144767,,,,,,,,,,,,29.2934,,,,0.5583,,0.34268925562578856,,1.3425111051347918,,,0.47841700000000004,14.925849999999999,
Samba,JAMMU AND KASHMIR,general,14612.58,census-derived proxy: 0.10*households + 0.01*population,318898,114236,71.5398,92526,,,,,,,,,,,,53.5374,,,,0.8684,,0.3582211239957604,,0.8099548303512027,,,0.715398,27.2029,
Shupiyan,JAMMU AND KASHMIR,general,10750.95,census-derived proxy: 0.10*households + 0.01*population,266215,80888,51.2743,87721,,,,,,,,,,,,43.6183,,,,1.0929,,0.3038446368536709,,1.0844748293937296,,,0.512743,22.3556,
Srinagar,JAMMU AND KASHMIR,general,38592.19,census-derived proxy: 0.10*households + 0.01*population,1236829,262239,60.5245,407188,,,,,,,,,,,,63.0734,,,,6.2588,,0.2120252678421997,,1.5527362444182597,,,0.605245,34.6661,
Udhampur,JAMMU AND KASHMIR,general,23885.85,census-derived proxy: 0.10*households + 0.01*population,554985,183360,58.0834,243672,,,,,,,,,,,,40.3572,,,,0.6621,,0.33038730776507474,,1.3289267015706807,,,0.580834,20.50965,
Bokaro,JHARKHAND,general,71499.7,census-derived proxy: 0.10*households + 0.01*population,2062330,508764,61.7515,685368,,,,,,,,,,,,53.9987,,,,1.9172,,0.24669378809404896,,1.3471236172370686,,,0.617515,27.95795,
Chatra,JHARKHAND,general,31979.06,census-derived proxy: 0.10*households + 0.01*population,1042886,215502,48.9086,397690,,,,,,,,,,,,12.5461,,,,0.2738,,0.20664003544011522,,1.8454121075442456,,,0.489086,6.409949999999999,
Deoghar,JHARKHAND,general,47091.73,census-derived proxy: 0.10*households + 0.01*population,1492073,321710,53.1836,551467,,,,,,,,,,,,40.4691,,,,0.6043,,0.21561277497816797,,1.7141742563178017,,,0.531836,20.5367,
Dhanbad,JHARKHAND,general,93266.77,census-derived proxy: 0.10*households + 0.01*population,2684487,664219,64.1539,844504,,,,,,,,,,,,64.3121,,,,1.7416,,0.24742865210373527,,1.271424033338402,,,0.641539,33.02685,
Dumka,JHARKHAND,general,45912.22,census-derived proxy: 0.10*households + 0.01*population,1321442,326978,50.8845,624779,,,,,,,,,,,,18.9952,,,,0.3649,,0.24744029628239453,,1.9107676969092722,,,0.508845,9.68005,
Garhwa,JHARKHAND,general,42433.04,census-derived proxy: 0.10*households + 0.01*population,1322784,292052,49.4016,571431,,,,,,,,,,,,10.0575,,,,0.1935,,0.22078585770617123,,1.9566070425814581,,,0.494016,5.1255,
Giridih,JHARKHAND,general,74399.74,census-derived proxy: 0.10*households + 0.01*population,2445474,499450,51.2569,1036277,,,,,,,,,,,,25.1138,,,,0.3892,,0.204234434714906,,2.074836319951947,,,0.512569,12.7515,
Godda,JHARKHAND,general,42338.51,census-derived proxy: 0.10*households + 0.01*population,1313551,292030,46.0217,552191,,,,,,,,,,,,14.8033,,,,0.2993,,0.22232102141447116,,1.8908708009451083,,,0.46021700000000004,7.5513,
Gumla,JHARKHAND,general,33559.53,census-derived proxy: 0.10*households + 0.01*population,1025213,233074,54.5955,487508,,,,,,,,,,,,13.5953,,,,0.3565,,0.2273420255107963,,2.091644713696079,,,0.545955,6.9759,
Hazaribagh,JHARKHAND,general,55519.75,census-derived proxy: 0.10*households + 0.01*population,1734495,381748,58.4175,654636,,,,,,,,,,,,46.3363,,,,0.9252,,0.22009172698681748,,1.7148380607102067,,,0.584175,23.63075,
Jamtara,JHARKHAND,general,26477.22,census-derived proxy: 0.10*households + 0.01*population,791042,185668,53.8925,326631,,,,,,,,,,,,26.6169,,,,0.4352,,0.23471320106896978,,1.7592207596354783,,,0.538925,13.52605,
Khunti,JHARKHAND,general,18890.75,census-derived proxy: 0.10*households + 0.01*population,531885,135719,53.5031,259984,,,,,,,,,,,,21.4834,,,,0.3073,,0.2551660603325907,,1.9156050368776663,,,0.535031,10.89535,
Kodarma,JHARKHAND,general,22311.09,census-derived proxy: 0.10*households + 0.01*population,716259,151485,54.4843,257418,,,,,,,,,,,,41.1381,,,,0.5578,,0.21149472467361666,,1.699296960095059,,,0.544843,20.84795,
Latehar,JHARKHAND,general,23321.18,census-derived proxy: 0.10*households + 0.01*population,726978,160514,48.2383,313379,,,,,,,,,,,,23.7948,,,,0.2118,,0.22079622767126378,,1.9523468357900244,,,0.482383,12.0033,
Lohardaga,JHARKHAND,general,15766.3,census-derived proxy: 0.10*households + 0.01*population,461790,111484,56.2392,221332,,,,,,,,,,,,25.8055,,,,0.3148,,0.24141709435024578,,1.9853252484661477,,,0.562392,13.06015,
Pakur,JHARKHAND,general,30721.72,census-derived proxy: 0.10*households + 0.01*population,900422,217175,39.1906,404584,,,,,,,,,,,,14.4648,,,,0.151,,0.24119246308952913,,1.8629400253251986,,,0.39190600000000003,7.3079,
Palamu,JHARKHAND,general,60189.09,census-derived proxy: 0.10*households + 0.01*population,1939869,407904,52.8161,713175,,,,,,,,,,,,16.7289,,,,0.5283,,0.21027399272837496,,1.7483893269004471,,,0.528161,8.6286,
Pashchimi Singhbhum,JHARKHAND,general,55055.78,census-derived proxy: 0.10*households + 0.01*population,1502338,400324,48.4286,694863,,,,,,,,,,,,30.4641,,,,0.4894,,0.26646733291709324,,1.7357515412515863,,,0.48428600000000005,15.47675,
Purbi Singhbhum,JHARKHAND,general,83405.49,census-derived proxy: 0.10*households + 0.01*population,2293919,604663,65.7259,837167,,,,,,,,,,,,63.2595,,,,3.6453,,0.26359387580816934,,1.3845183184683039,,,0.6572589999999999,33.452400000000004,
Ramgarh,JHARKHAND,general,34756.93,census-derived proxy: 0.10*households + 0.01*population,949443,252625,62.826,312125,,,,,,,,,,,,59.0856,,,,1.1384,,0.2660770578117907,,1.235526966848095,,,0.62826,30.112,
Ranchi,JHARKHAND,general,102240.73,census-derived proxy: 0.10*households + 0.01*population,2914253,730982,65.5891,1142867,,,,,,,,,,,,48.005,,,,3.0832,,0.25082997255214284,,1.5634680470928148,,,0.655891,25.5441,
Sahibganj,JHARKHAND,general,37604.97,census-derived proxy: 0.10*households + 0.01*population,1150567,260993,42.0022,490202,,,,,,,,,,,,13.364,,,,0.2264,,0.22683859349346888,,1.8782189560639557,,,0.420022,6.7952,
Saraikela-Kharsawan,JHARKHAND,general,39219.26,census-derived proxy: 0.10*households + 0.01*population,1065056,285687,57.555,430051,,,,,,,,,,,,48.3505,,,,0.9122,,0.2682365997656461,,1.5053222582756653,,,0.57555,24.631349999999998,
Simdega,JHARKHAND,general,21524.08,census-derived proxy: 0.10*households + 0.01*population,599578,155283,57.2875,288645,,,,,,,,,,,,10.8608,,,,0.2724,,0.2589871542985233,,1.8588319391047314,,,0.572875,5.566599999999999,
Bagalkot,KARNATAKA,general,67963.22,census-derived proxy: 0.10*households + 0.01*population,1889752,490657,58.9184,818081,,,,,,,,,,,,61.4256,,,,0.7633,,0.25964094759524003,,1.6673174947060778,,,0.5891839999999999,31.094450000000002,
Bangalore,KARNATAKA,general,423011.51,census-derived proxy: 0.10*households + 0.01*population,9621551,3267960,78.0776,4246927,,,,,,,,,,,,71.3176,,,,13.185,,0.33965002108287945,,1.29956517215633,,,0.780776,42.2513,
Bangalore Rural,KARNATAKA,general,42555.43,census-derived proxy: 0.10*households + 0.01*population,990923,326462,69.5058,459891,,,,,,,,,,,,65.6288,,,,1.1422,,0.32945243979602856,,1.4087121931495856,,,0.695058,33.3855,
Belgaum,KARNATAKA,general,179694.11,census-derived proxy: 0.10*households + 0.01*population,4779661,1318975,63.8546,2105668,,,,,,,,,,,,61.3224,,,,1.3313,,0.27595576338991407,,1.596442692242082,,,0.638546,31.32685,
Bellary,KARNATAKA,general,86873.95,census-derived proxy: 0.10*households + 0.01*population,2452595,623480,57.964,1116880,,,,,,,,,,,,70.6316,,,,1.5439,,0.25421237505580824,,1.7913645987040483,,,0.5796399999999999,36.08775,
Bidar,KARNATAKA,general,55973.3,census-derived proxy: 0.10*households + 0.01*population,1703300,389403,61.2149,702608,,,,,,,,,,,,69.7064,,,,1.0198,,0.22861680267715612,,1.8043209733874674,,,0.612149,35.3631,
Bijapur,KARNATAKA,general,74522.31,census-derived proxy: 0.10*households + 0.01*population,2177331,527490,57.3302,927722,,,,,,,,,,,,61.9147,,,,0.9454,,0.24226449722159837,,1.758748033138069,,,0.573302,31.43005,
Chamarajanagar,KARNATAKA,general,42195.91,census-derived proxy: 0.10*households + 0.01*population,1020791,319880,55.3766,481693,,,,,,,,,,,,66.3236,,,,0.417,,0.31336483178241187,,1.5058553207452794,,,0.553766,33.3703,
Chikkaballapura,KARNATAKA,general,53521.24,census-derived proxy: 0.10*households + 0.01*population,1255104,409702,62.403,639778,,,,,,,,,,,,62.7878,,,,0.6522,,0.32642872622507774,,1.5615691404972394,,,0.62403,31.72,
Chikmagalur,KARNATAKA,general,50622.21,census-derived proxy: 0.10*households + 0.01*population,1137961,392426,71.9133,565774,,,,,,,,,,,,60.7771,,,,1.1493,,0.3448501310677607,,1.441734237792603,,,0.719133,30.963199999999997,
Chitradurga,KARNATAKA,general,61329.36,census-derived proxy: 0.10*households + 0.01*population,1659456,447348,65.527,856587,,,,,,,,,,,,68.6841,,,,1.2766,,0.26957508966793936,,1.9148112878564338,,,0.65527,34.98035,
Dakshina Kannada,KARNATAKA,general,85925.69,census-derived proxy: 0.10*households + 0.01*population,2089649,650292,79.7418,997721,,,,,,,,,,,,59.4041,,,,3.5838,,0.31119676079571257,,1.534266145054837,,,0.797418,31.493949999999998,
Davanagere,KARNATAKA,general,72524.07,census-derived proxy: 0.10*households + 0.01*population,1945497,530691,67.2599,875207,,,,,,,,,,,,70.2237,,,,1.3793,,0.27277914075426485,,1.6491837999890708,,,0.6725990000000001,35.8015,
Dharwad,KARNATAKA,general,66780.63,census-derived proxy: 0.10*households + 0.01*population,1847023,483104,70.4736,784833,,,,,,,,,,,,72.0263,,,,3.1076,,0.2615581939152896,,1.6245632410412665,,,0.704736,37.566950000000006,
Gadag,KARNATAKA,general,39842.9,census-derived proxy: 0.10*households + 0.01*population,1064570,291972,65.7709,495722,,,,,,,,,,,,67.8366,,,,1.1552,,0.27426284791042393,,1.6978408888523557,,,0.657709,34.4959,
Gulbarga,KARNATAKA,general,85663.96,census-derived proxy: 0.10*households + 0.01*population,2566326,600007,55.6191,1087028,,,,,,,,,,,,67.4604,,,,1.6253,,0.23379999267435236,,1.8116921969243691,,,0.556191,34.54285,
Hassan,KARNATAKA,general,80662.31,census-derived proxy: 0.10*households + 0.01*population,1776421,628981,68.9733,903580,,,,,,,,,,,,63.7065,,,,0.7712,,0.3540720358518617,,1.4365775754752528,,,0.6897329999999999,32.23885,
Haveri,KARNATAKA,general,57333.08,census-derived proxy: 0.10*households + 0.01*population,1597668,413564,67.9392,730066,,,,,,,,,,,,71.5577,,,,0.5939,,0.2588547808430788,,1.765303556402395,,,0.679392,36.0758,
Kodagu,KARNATAKA,general,26842.59,census-derived proxy: 0.10*households + 0.01*population,554519,212974,74.4568,278938,,,,,,,,,,,,53.4953,,,,1.5532,,0.38406979742804126,,1.3097279480124335,,,0.744568,27.52425,
Kolar,KARNATAKA,general,63124.91,census-derived proxy: 0.10*households + 0.01*population,1536401,477609,66.1428,717872,,,,,,,,,,,,64.8007,,,,1.0576,,0.3108622032919791,,1.503053753174668,,,0.6614279999999999,32.92915,
Koppal,KARNATAKA,general,47664.1,census-derived proxy: 0.10*households + 0.01*population,1389920,337649,58.2109,654766,,,,,,,,,,,,66.0941,,,,0.6323,,0.24292693104639115,,1.9391912903636617,,,0.582109,33.3632,
Mandya,KARNATAKA,general,74287.89,census-derived proxy: 0.10*households + 0.01*population,1805769,562302,63.6653,871408,,,,,,,,,,,,69.5415,,,,0.5988,,0.3113919886762925,,1.5497152775554772,,,0.636653,35.07015,
Mysore,KARNATAKA,general,122109.47,census-derived proxy: 0.10*households + 0.01*population,3001127,920982,65.3814,1314268,,,,,,,,,,,,69.5853,,,,3.0833,,0.3068787158957285,,1.4270289755934427,,,0.653814,36.3343,
Raichur,KARNATAKA,general,64872.92,census-derived proxy: 0.10*households + 0.01*population,1928812,455848,50.7965,903413,,,,,,,,,,,,69.0026,,,,1.1407,,0.2363361488833541,,1.9818294694722802,,,0.507965,35.07165,
Ramanagara,KARNATAKA,general,46004.76,census-derived proxy: 0.10*households + 0.01*population,1082636,351784,62.3255,531459,,,,,,,,,,,,67.9184,,,,0.8085,,0.32493284908316367,,1.5107537579878563,,,0.623255,34.36345,
Shimoga,KARNATAKA,general,72938.13,census-derived proxy: 0.10*households + 0.01*population,1752753,554106,72.059,780598,,,,,,,,,,,,65.6616,,,,1.5865,,0.3161346749941378,,1.4087521160211223,,,0.72059,33.624050000000004,
Tumkur,KARNATAKA,general,115814.0,census-derived proxy: 0.10*households + 0.01*population,2678980,890242,67.6896,1354646,,,,,,,,,,,,63.2153,,,,0.8954,,0.33230632554181067,,1.5216604024523668,,,0.6768959999999999,32.05535,
Udupi,KARNATAKA,general,50312.51,census-derived proxy: 0.10*households + 0.01*population,1177361,385389,78.6869,513241,,,,,,,,,,,,58.3343,,,,2.3535,,0.32733290808851323,,1.331747922229228,,,0.7868689999999999,30.343899999999998,
Uttara Kannada,KARNATAKA,general,61850.89,census-derived proxy: 0.10*households + 0.01*population,1437169,474792,75.2804,608526,,,,,,,,,,,,61.246,,,,1.2909,,0.33036615735518926,,1.2816686043572765,,,0.752804,31.26845,
Yadgir,KARNATAKA,general,38042.21,census-derived proxy: 0.10*households + 0.01*population,1174271,262995,43.4315,547696,,,,,,,,,,,,59.4011,,,,0.5361,,0.22396448519975373,,2.0825338884769673,,,0.434315,29.9686,
Alappuzha,KERALA,general,93631.49,census-derived proxy: 0.10*households + 0.01*population,2127789,723536,87.0762,804471,,,,,,,,,,,,70.1987,,,,3.9863,,0.3400412352916572,,1.1118603635479092,,,0.870762,37.0925,
Ernakulam,KERALA,general,150292.98,census-derived proxy: 0.10*households + 0.01*population,3282388,1174691,87.0,1249343,,,,,,,,,,,,65.6587,,,,7.5541,,0.3578769481243534,,1.0635503294057755,,,0.87,36.6064,
Idukki,KERALA,general,52333.04,census-derived proxy: 0.10*households + 0.01*population,1108974,412433,83.231,516363,,,,,,,,,,,,59.3658,,,,2.0003,,0.37190502211954474,,1.2519924448334638,,,0.83231,30.68305,
Kannur,KERALA,general,112477.93,census-derived proxy: 0.10*households + 0.01*population,2523003,872479,84.7575,824116,,,,,,,,,,,,58.5879,,,,3.7426,,0.34580973546206645,,0.9445682933342808,,,0.847575,31.16525,
Kasaragod,KERALA,general,54854.25,census-derived proxy: 0.10*households + 0.01*population,1307375,417805,79.3569,462998,,,,,,,,,,,,56.8854,,,,2.4839,,0.31957548522803325,,1.1081676858821699,,,0.793569,29.684649999999998,
Kollam,KERALA,general,118866.75,census-derived proxy: 0.10*households + 0.01*population,2635375,925130,85.0078,912025,,,,,,,,,,,,68.1814,,,,3.4095,,0.35104302044301094,,0.9858344232702431,,,0.850078,35.795449999999995,
Kottayam,KERALA,general,87561.61,census-derived proxy: 0.10*households + 0.01*population,1974551,678161,88.6175,735735,,,,,,,,,,,,68.4261,,,,5.5811,,0.34345073892748273,,1.0848972441647338,,,0.886175,37.003600000000006,
Kozhikode,KERALA,general,129896.53,census-derived proxy: 0.10*households + 0.01*population,3086293,990336,84.7438,948981,,,,,,,,,,,,64.7922,,,,3.715,,0.3208820419837002,,0.9582414453276463,,,0.8474379999999999,34.2536,
Malappuram,KERALA,general,156842.1,census-derived proxy: 0.10*households + 0.01*population,4112920,1157129,80.5101,1062424,,,,,,,,,,,,63.0975,,,,2.4119,,0.28134002120148216,,0.9181551927226783,,,0.805101,32.7547,
Palakkad,KERALA,general,117533.44,census-derived proxy: 0.10*households + 0.01*population,2809934,894341,79.6991,1042340,,,,,,,,,,,,65.7001,,,,3.0371,,0.3182782940809286,,1.1654838590649428,,,0.796991,34.3686,
Pathanamthitta,KERALA,general,59258.12,census-derived proxy: 0.10*households + 0.01*population,1197412,472840,88.7375,392794,,,,,,,,,,,,63.932,,,,4.4444,,0.39488496858224237,,0.8307122916842906,,,0.887375,34.1882,
Thiruvananthapuram,KERALA,general,149925.97,census-derived proxy: 0.10*households + 0.01*population,3301427,1169117,84.3698,1231669,,,,,,,,,,,,67.0482,,,,6.1261,,0.35412474666257954,,1.0535036270963472,,,0.843698,36.587149999999994,
Thrissur,KERALA,general,136398.7,census-derived proxy: 0.10*households + 0.01*population,3121200,1051867,85.8179,1095727,,,,,,,,,,,,68.6042,,,,5.3379,,0.33700724080481864,,1.0416972868242849,,,0.8581789999999999,36.971050000000005,
Wayanad,KERALA,general,35973.0,census-derived proxy: 0.10*households + 0.01*population,817420,277988,78.9784,340077,,,,,,,,,,,,53.9102,,,,1.695,,0.34007976315725086,,1.2233513676849361,,,0.7897839999999999,27.8026,
Lakshadweep,LAKSHADWEEP,general,2768.93,census-derived proxy: 0.10*households + 0.01*population,64473,21242,81.5116,18753,,,,,,,,,,,,50.226,,,,1.5394,,0.3294712515316489,,0.8828264758497316,,,0.8151160000000001,25.8827,
Alirajpur,MADHYA PRADESH,general,22342.79,census-derived proxy: 0.10*households + 0.01*population,728999,150528,28.7729,366797,,,,,,,,,,,,53.8146,,,,0.1973,,0.2064858799531961,,2.4367360225340136,,,0.287729,27.00595,
Anuppur,MADHYA PRADESH,general,28263.67,census-derived proxy: 0.10*households + 0.01*population,749237,207713,58.2719,346471,,,,,,,,,,,,39.1588,,,,0.621,,0.2772327047382871,,1.6680275187397997,,,0.582719,19.8899,
Ashoknagar,MADHYA PRADESH,general,29124.81,census-derived proxy: 0.10*households + 0.01*population,845071,206741,55.5112,315270,,,,,,,,,,,,40.9788,,,,0.2994,,0.2446433494937112,,1.5249515093764663,,,0.555112,20.6391,
Balaghat,MADHYA PRADESH,general,64103.68,census-derived proxy: 0.10*households + 0.01*population,1701698,470867,67.4399,893014,,,,,,,,,,,,59.0245,,,,0.3636,,0.2767042095600982,,1.8965312922757382,,,0.674399,29.69405,
Barwani,MADHYA PRADESH,general,43785.81,census-derived proxy: 0.10*households + 0.01*population,1385881,299270,39.6806,653897,,,,,,,,,,,,60.5269,,,,0.3869,,0.21594206140354041,,2.1849734353593746,,,0.396806,30.456899999999997,
Betul,MADHYA PRADESH,general,56418.52,census-derived proxy: 0.10*households + 0.01*population,1575362,406649,59.6542,786980,,,,,,,,,,,,56.7994,,,,0.5186,,0.2581305122251267,,1.9352807949853559,,,0.596542,28.659,
Bhind,MADHYA PRADESH,general,52989.65,census-derived proxy: 0.10*households + 0.01*population,1703005,359596,64.2932,520768,,,,,,,,,,,,29.9834,,,,0.3243,,0.21115381340630238,,1.4482029833479795,,,0.642932,15.15385,
Bhopal,MADHYA PRADESH,general,93782.51,census-derived proxy: 0.10*households + 0.01*population,2371061,700719,70.04,867457,,,,,,,,,,,,64.6353,,,,5.8209,,0.2955297227696799,,1.2379527314087388,,,0.7004,35.2281,
Burhanpur,MADHYA PRADESH,general,25462.47,census-derived proxy: 0.10*households + 0.01*population,757847,178840,53.9263,328339,,,,,,,,,,,,62.8607,,,,0.5513,,0.23598430817829985,,1.8359371505256095,,,0.5392629999999999,31.706,
Chhatarpur,MADHYA PRADESH,general,64715.45,census-derived proxy: 0.10*households + 0.01*population,1762375,470917,53.5092,751797,,,,,,,,,,,,37.3858,,,,0.3992,,0.26720590112773956,,1.5964533028113235,,,0.535092,18.892500000000002,
Chhindwara,MADHYA PRADESH,general,76303.62,census-derived proxy: 0.10*households + 0.01*population,2090922,553944,61.896,957984,,,,,,,,,,,,62.2581,,,,0.6477,,0.26492810348736107,,1.7293878081538927,,,0.61896,31.4529,
Damoh,MADHYA PRADESH,general,49632.29,census-derived proxy: 0.10*households + 0.01*population,1264219,369901,59.1444,574595,,,,,,,,,,,,50.7517,,,,0.3871,,0.2925925017738224,,1.553375092254414,,,0.591444,25.569399999999998,
Datia,MADHYA PRADESH,general,28252.94,census-derived proxy: 0.10*households + 0.01*population,786754,203854,62.4649,321160,,,,,,,,,,,,47.9245,,,,0.3022,,0.2591076753343485,,1.5754412471670902,,,0.624649,24.11335,
Dewas,MADHYA PRADESH,general,53238.05,census-derived proxy: 0.10*households + 0.01*population,1563715,376009,59.1776,742676,,,,,,,,,,,,71.9283,,,,0.9356,,0.24045877925325268,,1.9751548500168878,,,0.591776,36.43194999999999,
Dhar,MADHYA PRADESH,general,73429.13,census-derived proxy: 0.10*households + 0.01*population,2185793,515712,49.2882,1027974,,,,,,,,,,,,67.7973,,,,0.463,,0.2359381698083945,,1.9933102196574832,,,0.49288200000000004,34.13015,
Dindori,MADHYA PRADESH,general,29824.74,census-derived proxy: 0.10*households + 0.01*population,704524,227795,53.7546,389925,,,,,,,,,,,,27.3808,,,,0.2432,,0.32333178145811925,,1.7117364296845847,,,0.5375460000000001,13.812000000000001,
Guna,MADHYA PRADESH,general,40923.69,census-derived proxy: 0.10*households + 0.01*population,1241519,285085,52.6758,514897,,,,,,,,,,,,50.5982,,,,0.8706,,0.22962596625585271,,1.8061174737359034,,,0.5267580000000001,25.7344,
Gwalior,MADHYA PRADESH,general,64809.56,census-derived proxy: 0.10*households + 0.01*population,2032036,444892,66.7906,685311,,,,,,,,,,,,68.9738,,,,3.5467,,0.21893903454466357,,1.5403985686413781,,,0.667906,36.26025,
Harda,MADHYA PRADESH,general,20160.55,census-derived proxy: 0.10*households + 0.01*population,570465,144559,61.8005,230979,,,,,,,,,,,,65.7628,,,,0.6821,,0.25340555511731655,,1.597818191880132,,,0.618005,33.22245,
Hoshangabad,MADHYA PRADESH,general,43953.1,census-derived proxy: 0.10*households + 0.01*population,1241350,315396,65.3034,478082,,,,,,,,,,,,62.8023,,,,0.9103,,0.25407499899303176,,1.5158150388717675,,,0.653034,31.8563,
Indore,MADHYA PRADESH,general,111598.77,census-derived proxy: 0.10*households + 0.01*population,3276697,788318,70.4713,1268195,,,,,,,,,,,,75.2965,,,,6.1766,,0.24058312379814184,,1.6087353073252164,,,0.704713,40.736549999999994,
Jabalpur,MADHYA PRADESH,general,87108.99,census-derived proxy: 0.10*households + 0.01*population,2463289,624761,71.3058,1005624,,,,,,,,,,,,72.3513,,,,3.2721,,0.2536287865532627,,1.6096139163616168,,,0.7130580000000001,37.811699999999995,
Jhabua,MADHYA PRADESH,general,33829.78,census-derived proxy: 0.10*households + 0.01*population,1025048,235793,34.3478,515121,,,,,,,,,,,,53.1869,,,,0.3155,,0.23003117902771383,,2.1846322834011187,,,0.343478,26.7512,
Katni,MADHYA PRADESH,general,47823.52,census-derived proxy: 0.10*households + 0.01*population,1292042,349031,61.2034,543874,,,,,,,,,,,,49.3985,,,,0.6243,,0.2701390512073137,,1.5582398125094905,,,0.612034,25.0114,
Khandwa (East Nimar),MADHYA PRADESH,general,46009.41,census-derived proxy: 0.10*households + 0.01*population,1310061,329088,55.8459,612976,,,,,,,,,,,,61.5975,,,,0.5795,,0.25120051661716514,,1.8626507195643718,,,0.558459,31.0885,
Khargone (West Nimar),MADHYA PRADESH,general,64746.76,census-derived proxy: 0.10*households + 0.01*population,1873046,460163,52.654,894119,,,,,,,,,,,,66.1268,,,,0.4698,,0.245676294121981,,1.9430484415305012,,,0.52654,33.298300000000005,
Mandla,MADHYA PRADESH,general,42242.25,census-derived proxy: 0.10*households + 0.01*population,1054905,316932,57.3475,559649,,,,,,,,,,,,45.3735,,,,0.2878,,0.30043653219958194,,1.7658330493607461,,,0.573475,22.83065,
Mandsaur,MADHYA PRADESH,general,51816.01,census-derived proxy: 0.10*households + 0.01*population,1340411,384119,62.2638,679723,,,,,,,,,,,,62.4507,,,,0.605,,0.2865680750157974,,1.7695635987805862,,,0.622638,31.527849999999997,
Morena,MADHYA PRADESH,general,61118.3,census-derived proxy: 0.10*households + 0.01*population,1965970,414586,60.0052,675993,,,,,,,,,,,,31.715,,,,0.4296,,0.21088114264205457,,1.6305253915954712,,,0.600052,16.0723,
Narsimhapur,MADHYA PRADESH,general,39290.34,census-derived proxy: 0.10*households + 0.01*population,1091854,283718,65.8316,477818,,,,,,,,,,,,60.6743,,,,0.565,,0.259849760132765,,1.68413001642476,,,0.6583159999999999,30.61965,
Neemuch,MADHYA PRADESH,general,32480.37,census-derived proxy: 0.10*households + 0.01*population,826067,242197,61.5972,418682,,,,,,,,,,,,59.9751,,,,0.8031,,0.2931929250290836,,1.7286836748597216,,,0.615972,30.3891,
Panna,MADHYA PRADESH,general,39057.5,census-derived proxy: 0.10*households + 0.01*population,1016520,288923,54.3579,431998,,,,,,,,,,,,26.3382,,,,0.226,,0.28422756069728095,,1.49520114355728,,,0.543579,13.2821,
Raisen,MADHYA PRADESH,general,45887.27,census-derived proxy: 0.10*households + 0.01*population,1331597,325713,61.5967,517838,,,,,,,,,,,,59.6762,,,,0.3503,,0.24460328462740605,,1.5898597845342373,,,0.6159669999999999,30.01325,
Rajgarh,MADHYA PRADESH,general,55629.84,census-derived proxy: 0.10*households + 0.01*population,1545814,401717,52.0273,745603,,,,,,,,,,,,57.5355,,,,0.401,,0.25987408575675985,,1.856040446383897,,,0.520273,28.96825,
Ratlam,MADHYA PRADESH,general,51937.39,census-derived proxy: 0.10*households + 0.01*population,1455069,373867,56.7588,690980,,,,,,,,,,,,57.1928,,,,0.9747,,0.2569410797701002,,1.8481973536043566,,,0.567588,29.08375,
Rewa,MADHYA PRADESH,general,85490.96,census-derived proxy: 0.10*households + 0.01*population,2365106,618399,60.9595,991946,,,,,,,,,,,,40.61,,,,0.5508,,0.26146777353742284,,1.6040549871523078,,,0.609595,20.5804,
Sagar,MADHYA PRADESH,general,85176.08,census-derived proxy: 0.10*households + 0.01*population,2378458,613915,64.9883,1006035,,,,,,,,,,,,59.6978,,,,0.7405,,0.2581147112961423,,1.6387203440215665,,,0.649883,30.21915,
Satna,MADHYA PRADESH,general,79889.75,census-derived proxy: 0.10*households + 0.01*population,2228935,576004,61.5442,911349,,,,,,,,,,,,51.1632,,,,0.6517,,0.2584211742379208,,1.5821921375546004,,,0.6154419999999999,25.90745,
Sehore,MADHYA PRADESH,general,46078.02,census-derived proxy: 0.10*households + 0.01*population,1311332,329647,59.5091,586087,,,,,,,,,,,,64.3531,,,,0.4751,,0.25138332626672727,,1.777923051021244,,,0.5950909999999999,32.4141,
Seoni,MADHYA PRADESH,general,52050.01,census-derived proxy: 0.10*households + 0.01*population,1379131,382587,62.6622,684434,,,,,,,,,,,,59.7759,,,,0.3089,,0.27741164544919955,,1.788963033244726,,,0.626622,30.0424,
Shahdol,MADHYA PRADESH,general,39804.63,census-derived proxy: 0.10*households + 0.01*population,1066063,291440,56.6753,493057,,,,,,,,,,,,38.8361,,,,0.5946,,0.2733797158329292,,1.6917959099643152,,,0.566753,19.71535,
Shajapur,MADHYA PRADESH,general,53787.61,census-derived proxy: 0.10*households + 0.01*population,1512681,386608,59.1408,717871,,,,,,,,,,,,60.1992,,,,0.3575,,0.25557801016870046,,1.8568446591896701,,,0.5914079999999999,30.27835,
Sheopur,MADHYA PRADESH,general,24530.81,census-derived proxy: 0.10*households + 0.01*population,687861,176522,47.6877,277455,,,,,,,,,,,,42.3573,,,,0.1547,,0.2566245215239707,,1.571787086028937,,,0.476877,21.256,
Shivpuri,MADHYA PRADESH,general,60722.3,census-derived proxy: 0.10*households + 0.01*population,1726050,434618,52.1912,759281,,,,,,,,,,,,34.0823,,,,0.4261,,0.25179919469308537,,1.7470077171217022,,,0.521912,17.254199999999997,
Sidhi,MADHYA PRADESH,general,38957.23,census-derived proxy: 0.10*households + 0.01*population,1127033,276869,53.3068,461760,,,,,,,,,,,,36.9229,,,,0.3023,,0.24566183953797271,,1.667792349450462,,,0.533068,18.6126,
Singrauli,MADHYA PRADESH,general,40515.23,census-derived proxy: 0.10*households + 0.01*population,1178273,287325,49.6535,499439,,,,,,,,,,,,25.4384,,,,0.9143,,0.24385265553908134,,1.738237187853476,,,0.496535,13.176350000000001,
Tikamgarh,MADHYA PRADESH,general,52750.86,census-derived proxy: 0.10*households + 0.01*population,1445166,382992,51.7546,655318,,,,,,,,,,,,34.6548,,,,0.2846,,0.26501592204632546,,1.711048794752893,,,0.5175460000000001,17.4697,
Ujjain,MADHYA PRADESH,general,68813.54,census-derived proxy: 0.10*households + 0.01*population,1986864,489449,62.4597,897442,,,,,,,,,,,,66.07,,,,1.5325,,0.24634247739150741,,1.833576123355038,,,0.624597,33.801249999999996,
Umaria,MADHYA PRADESH,general,23254.18,census-derived proxy: 0.10*households + 0.01*population,644758,168066,55.3187,289691,,,,,,,,,,,,40.4454,,,,0.4992,,0.26066524184267587,,1.7236740328204396,,,0.553187,20.4723,
Vidisha,MADHYA PRADESH,general,52229.65,census-derived proxy: 0.10*households + 0.01*population,1458875,376409,59.1496,550402,,,,,,,,,,,,48.2215,,,,0.5117,,0.25801319509896325,,1.4622445265655177,,,0.591496,24.3666,
Ahmadnagar,MAHARASHTRA,general,177771.99,census-derived proxy: 0.10*households + 0.01*population,4543159,1323404,69.3766,2204590,,,,,,,,,,,,51.2007,,,,1.3881,,0.2912959903010218,,1.6658480705816214,,,0.693766,26.2944,
Akola,MAHARASHTRA,general,68562.56,census-derived proxy: 0.10*households + 0.01*population,1813906,504235,77.8034,768154,,,,,,,,,,,,62.3697,,,,1.2222,,0.2779829825801337,,1.5234047616686663,,,0.778034,31.79595,
Amravati,MAHARASHTRA,general,107065.95,census-derived proxy: 0.10*households + 0.01*population,2888445,781815,77.9615,1236322,,,,,,,,,,,,65.5516,,,,1.2072,,0.27066985869559573,,1.5813485287440123,,,0.7796150000000001,33.3794,
Aurangabad,MAHARASHTRA,general,134926.02,census-derived proxy: 0.10*households + 0.01*population,3701282,979132,67.6478,1575079,,,,,,,,,,,,60.204,,,,2.3754,,0.26453861121632993,,1.608648272143082,,,0.676478,31.2897,
Bhandara,MAHARASHTRA,general,47645.14,census-derived proxy: 0.10*households + 0.01*population,1200334,356418,74.9675,597305,,,,,,,,,,,,63.6963,,,,0.8226,,0.2969323538281845,,1.6758553159492506,,,0.749675,32.25945,
Bid,MAHARASHTRA,general,95707.59,census-derived proxy: 0.10*households + 0.01*population,2585049,698571,66.4787,1255548,,,,,,,,,,,,57.5535,,,,0.8036,,0.27023510966329845,,1.7973090781037289,,,0.664787,29.17855,
Buldana,MAHARASHTRA,general,98681.78,census-derived proxy: 0.10*households + 0.01*population,2586258,728192,72.687,1219641,,,,,,,,,,,,58.094,,,,0.6546,,0.2815620096680223,,1.674889314905959,,,0.72687,29.3743,
Chandrapur,MAHARASHTRA,general,90508.57,census-derived proxy: 0.10*households + 0.01*population,2204307,684655,71.615,1058172,,,,,,,,,,,,61.1499,,,,1.2034,,0.31059875053701685,,1.5455550605779553,,,0.71615,31.176650000000002,
Dhule,MAHARASHTRA,general,73387.62,census-derived proxy: 0.10*households + 0.01*population,2050862,528790,63.0913,936370,,,,,,,,,,,,59.6327,,,,1.147,,0.25783792376083814,,1.7707785699426994,,,0.630913,30.38985,
Gadchiroli,MAHARASHTRA,general,43813.42,census-derived proxy: 0.10*households + 0.01*population,1072942,330840,66.0208,584237,,,,,,,,,,,,43.9666,,,,0.5027,,0.30834844753956875,,1.7659200822149679,,,0.6602079999999999,22.23465,
Gondiya,MAHARASHTRA,general,51876.57,census-derived proxy: 0.10*households + 0.01*population,1322507,386515,75.9348,665419,,,,,,,,,,,,62.0884,,,,0.7415,,0.29225932263496524,,1.7215864843537767,,,0.7593479999999999,31.41495,
Hingoli,MAHARASHTRA,general,40210.35,census-derived proxy: 0.10*households + 0.01*population,1177345,284369,67.1632,569182,,,,,,,,,,,,55.9534,,,,0.4294,,0.24153412975805733,,2.001561351624122,,,0.671632,28.1914,
Jalgaon,MAHARASHTRA,general,159277.97,census-derived proxy: 0.10*households + 0.01*population,4229917,1169788,68.3673,1863571,,,,,,,,,,,,61.6172,,,,1.2222,,0.276551052893,,1.5930843879403789,,,0.683673,31.4197,
Jalna,MAHARASHTRA,general,69873.46,census-derived proxy: 0.10*households + 0.01*population,1959046,502830,61.0258,930886,,,,,,,,,,,,57.4538,,,,0.7539,,0.2566708489744498,,1.851293677783744,,,0.610258,29.10385,
Kolhapur,MAHARASHTRA,general,156691.41,census-derived proxy: 0.10*households + 0.01*population,3876001,1179314,72.9062,1704054,,,,,,,,,,,,65.2926,,,,1.8883,,0.30426049941679584,,1.4449535916643066,,,0.729062,33.59045,
Latur,MAHARASHTRA,general,83105.16,census-derived proxy: 0.10*households + 0.01*population,2454196,585632,67.2592,1046857,,,,,,,,,,,,65.1812,,,,1.0616,,0.2386247879142497,,1.7875679607671713,,,0.6725920000000001,33.1214,
Mumbai,MAHARASHTRA,general,141586.21,census-derived proxy: 0.10*households + 0.01*population,3085411,1107321,81.3189,1284396,,,,,,,,,,,,56.5262,,,,10.9583,,0.3588893019438901,,1.1599129791632237,,,0.8131889999999999,33.74225,
Mumbai Suburban,MAHARASHTRA,general,401452.52,census-derived proxy: 0.10*households + 0.01*population,9356962,3078829,80.9609,3735021,,,,,,,,,,,,63.8118,,,,13.1465,,0.3290415201002206,,1.2131303817133072,,,0.8096089999999999,38.47915,
Nagpur,MAHARASHTRA,general,177372.3,census-derived proxy: 0.10*households + 0.01*population,4653570,1308366,78.946,1868560,,,,,,,,,,,,70.1353,,,,4.4303,,0.28115317917211946,,1.4281630675208619,,,0.7894599999999999,37.2828,
Nanded,MAHARASHTRA,general,115781.12,census-derived proxy: 0.10*households + 0.01*population,3361292,821682,65.1364,1493953,,,,,,,,,,,,59.4814,,,,0.9186,,0.24445421581939325,,1.8181644480468113,,,0.6513639999999999,30.2,
Nandurbar,MAHARASHTRA,general,56984.15,census-derived proxy: 0.10*households + 0.01*population,1648295,405012,54.9968,792065,,,,,,,,,,,,45.9744,,,,0.6368,,0.24571572443039627,,1.9556581039574137,,,0.549968,23.305600000000002,
Nashik,MAHARASHTRA,general,227965.07,census-derived proxy: 0.10*households + 0.01*population,6107187,1668932,71.1517,2763328,,,,,,,,,,,,54.2089,,,,2.6987,,0.2732734399650772,,1.65574630961597,,,0.7115170000000001,28.4538,
Osmanabad,MAHARASHTRA,general,61074.76,census-derived proxy: 0.10*households + 0.01*population,1657576,444990,68.643,773916,,,,,,,,,,,,53.9432,,,,0.7211,,0.26845827883608353,,1.7391761612620509,,,0.68643,27.33215,
Parbhani,MAHARASHTRA,general,61084.76,census-derived proxy: 0.10*households + 0.01*population,1836086,427239,63.0588,822797,,,,,,,,,,,,63.7784,,,,0.932,,0.2326900809657064,,1.9258471253794713,,,0.6305879999999999,32.355199999999996,
Pune,MAHARASHTRA,general,416539.78,census-derived proxy: 0.10*households + 0.01*population,9429408,3222457,76.057,4048993,,,,,,,,,,,,59.7376,,,,7.2931,,0.3417454202851335,,1.2564924838407463,,,0.76057,33.51535,
Raigarh,MAHARASHTRA,general,122244.8,census-derived proxy: 0.10*households + 0.01*population,2634200,959028,73.6464,1072969,,,,,,,,,,,,57.0584,,,,4.0218,,0.3640680282438691,,1.1188088356127246,,,0.736464,30.5401,
Ratnagiri,MAHARASHTRA,general,80086.89,census-derived proxy: 0.10*households + 0.01*population,1615069,639362,74.2626,714076,,,,,,,,,,,,57.456,,,,1.2125,,0.3958728698278526,,1.116857116938448,,,0.742626,29.33425,
Sangli,MAHARASHTRA,general,113588.73,census-derived proxy: 0.10*households + 0.01*population,2822143,853673,72.6209,1215104,,,,,,,,,,,,56.8281,,,,1.5477,,0.3024910502408985,,1.423383426675085,,,0.7262090000000001,29.1879,
Satara,MAHARASHTRA,general,127584.51,census-derived proxy: 0.10*households + 0.01*population,3003741,975471,74.0974,1354947,,,,,,,,,,,,57.6801,,,,1.4447,,0.324752034213336,,1.389018228117494,,,0.7409739999999999,29.5624,
Sindhudurg,MAHARASHTRA,general,42580.11,census-derived proxy: 0.10*households + 0.01*population,849651,340836,78.393,347178,,,,,,,,,,,,56.9858,,,,1.0319,,0.4011482361581402,,1.0186071893814033,,,0.78393,29.00885,
Solapur,MAHARASHTRA,general,158800.66,census-derived proxy: 0.10*households + 0.01*population,4317756,1156231,67.4118,1898395,,,,,,,,,,,,51.5087,,,,1.3099,,0.2677851643307311,,1.641882115252056,,,0.674118,26.409299999999998,
Thane,MAHARASHTRA,general,472416.58,census-derived proxy: 0.10*households + 0.01*population,11060148,3618151,74.3856,4492767,,,,,,,,,,,,61.6834,,,,7.0801,,0.32713404920078826,,1.2417300991583822,,,0.743856,34.38175,
Wardha,MAHARASHTRA,general,51878.14,census-derived proxy: 0.10*households + 0.01*population,1300774,388704,78.3732,608235,,,,,,,,,,,,68.4724,,,,1.1096,,0.29882516101951606,,1.5647767967399357,,,0.783732,34.791,
Washim,MAHARASHTRA,general,45056.2,census-derived proxy: 0.10*households + 0.01*population,1197160,330846,72.6651,569792,,,,,,,,,,,,59.2487,,,,0.5667,,0.27635904975107756,,1.7222272598127226,,,0.7266509999999999,29.9077,
Yavatmal,MAHARASHTRA,general,107536.68,census-derived proxy: 0.10*households + 0.01*population,2772348,798132,72.9553,1355999,,,,,,,,,,,,55.9451,,,,0.7635,,0.28789026485852426,,1.698965835225251,,,0.7295529999999999,28.3543,
Bishnupur,MANIPUR,general,7988.89,census-derived proxy: 0.10*households + 0.01*population,237399,56149,65.8524,109937,,,,,,,,,,,,61.2014,,,,1.2039,,0.2365174242519977,,1.9579511656485422,,,0.658524,31.20265,
Chandel,MANIPUR,general,4857.82,census-derived proxy: 0.10*households + 0.01*population,144182,34160,62.6306,76238,,,,,,,,,,,,54.9297,,,,0.5386,,0.23692277815538695,,2.231791569086651,,,0.626306,27.73415,
Churachandpur,MANIPUR,general,8523.93,census-derived proxy: 0.10*households + 0.01*population,274143,57825,71.4718,122655,,,,,,,,,,,,51.6974,,,,1.4475,,0.2109300620479093,,2.121141374837873,,,0.714718,26.57245,
Imphal East,MANIPUR,general,15655.23,census-derived proxy: 0.10*households + 0.01*population,456113,110941,71.1806,194848,,,,,,,,,,,,70.9053,,,,2.4689,,0.24323139222078738,,1.756320927339757,,,0.7118059999999999,36.6871,
Imphal West,MANIPUR,general,18860.02,census-derived proxy: 0.10*households + 0.01*population,517992,136801,75.7977,213387,,,,,,,,,,,,63.653,,,,3.5913,,0.2640986733385844,,1.5598350889247885,,,0.757977,33.62215,
Senapati,MANIPUR,general,8774.88,census-derived proxy: 0.10*households + 0.01*population,479148,39834,55.1974,233622,,,,,,,,,,,,57.2325,,,,0.6427,,0.08313506473991335,,5.864889290555807,,,0.551974,28.9376,
Tamenglong,MANIPUR,general,4216.61,census-derived proxy: 0.10*households + 0.01*population,140651,28101,60.4375,70675,,,,,,,,,,,,41.0697,,,,0.4448,,0.19979239393960938,,2.515035052133376,,,0.604375,20.75725,
Thoubal,MANIPUR,general,14647.98,census-derived proxy: 0.10*households + 0.01*population,422168,104263,63.7907,195319,,,,,,,,,,,,47.4828,,,,0.844,,0.24697040040931573,,1.8733299444673566,,,0.637907,24.1634,
Ukhrul,MANIPUR,general,6028.98,census-derived proxy: 0.10*households + 0.01*population,183998,41890,70.56,87929,,,,,,,,,,,,33.4829,,,,0.6589,,0.22766551810345764,,2.099045118166627,,,0.7056,17.0709,
East Garo Hills,MEGHALAYA,general,10600.77,census-derived proxy: 0.10*households + 0.01*population,317917,74216,60.4394,126073,,,,,,,,,,,,33.0791,,,,0.3881,,0.23344457830188384,,1.698730731917646,,,0.604394,16.7336,
East Khasi Hills,MEGHALAYA,general,29768.32,census-derived proxy: 0.10*households + 0.01*population,825922,215091,69.986,326786,,,,,,,,,,,,63.2016,,,,2.3395,,0.2604253186136221,,1.5192918346188358,,,0.69986,32.77055,
Jaintia Hills,MEGHALAYA,general,12322.94,census-derived proxy: 0.10*households + 0.01*population,395124,83717,47.4603,154180,,,,,,,,,,,,49.7832,,,,0.6092,,0.21187525941223515,,1.841680901131192,,,0.47460299999999994,25.1962,
Ribhoi,MEGHALAYA,general,8960.8,census-derived proxy: 0.10*households + 0.01*population,258840,63724,60.2144,106473,,,,,,,,,,,,48.1388,,,,0.4567,,0.24619069695564827,,1.6708461490176385,,,0.602144,24.29775,
South Garo Hills,MEGHALAYA,general,5387.64,census-derived proxy: 0.10*households + 0.01*population,142334,39643,57.6545,53069,,,,,,,,,,,,27.5963,,,,0.4515,,0.2785209436958141,,1.3386726534318796,,,0.576545,14.0239,
West Garo Hills,MEGHALAYA,general,22227.41,census-derived proxy: 0.10*households + 0.01*population,643291,157945,55.7605,255693,,,,,,,,,,,,32.4803,,,,1.032,,0.24552651910255235,,1.6188736585520276,,,0.557605,16.756149999999998,
West Khasi Hills,MEGHALAYA,general,12547.71,census-derived proxy: 0.10*households + 0.01*population,383461,87131,60.1568,163345,,,,,,,,,,,,37.7282,,,,0.171,,0.2272225858692279,,1.8747059026064201,,,0.601568,18.9496,
Aizawl,MIZORAM,general,14094.19,census-derived proxy: 0.10*households + 0.01*population,400309,100911,85.083,174636,,,,,,,,,,,,79.0835,,,,3.9827,,0.25208276606321617,,1.7305942860540475,,,0.85083,41.5331,
Champhai,MIZORAM,general,4368.65,census-derived proxy: 0.10*households + 0.01*population,125745,31112,80.1638,60342,,,,,,,,,,,,76.9735,,,,0.5978,,0.24742136864288838,,1.9395088711751092,,,0.801638,38.785650000000004,
Kolasib,MIZORAM,general,3057.15,census-derived proxy: 0.10*households + 0.01*population,83955,22176,78.4885,36672,,,,,,,,,,,,66.9778,,,,1.6549,,0.264141504377345,,1.6536796536796536,,,0.784885,34.31635,
Lawngtlai,MIZORAM,general,3905.54,census-derived proxy: 0.10*households + 0.01*population,117894,27266,53.3199,45566,,,,,,,,,,,,34.0461,,,,0.5941,,0.231275552615061,,1.6711655541700285,,,0.533199,17.3201,
Lunglei,MIZORAM,general,5493.68,census-derived proxy: 0.10*households + 0.01*population,161428,38794,75.0316,78292,,,,,,,,,,,,68.0363,,,,1.2425,,0.24031766484129147,,2.0181471361550756,,,0.750316,34.6394,
Mamit,MIZORAM,general,2949.14,census-derived proxy: 0.10*households + 0.01*population,86364,20855,69.6945,39339,,,,,,,,,,,,58.2978,,,,0.4316,,0.2414779306192395,,1.8863102373531526,,,0.696945,29.364700000000003,
Saiha,MIZORAM,general,1848.44,census-derived proxy: 0.10*households + 0.01*population,56574,12827,74.6509,19461,,,,,,,,,,,,57.6908,,,,1.3097,,0.22672959309930357,,1.517190301707336,,,0.746509,29.50025,
Serchhip,MIZORAM,general,2198.37,census-derived proxy: 0.10*households + 0.01*population,64937,15490,83.8905,32397,,,,,,,,,,,,79.5029,,,,0.8457,,0.23853889154103208,,2.0914783731439637,,,0.838905,40.174299999999995,
Dimapur,NAGALAND,general,14985.01,census-derived proxy: 0.10*households + 0.01*population,378811,111969,73.3973,151350,,,,,,,,,,,,63.7793,,,,2.9499,,0.29558011778961013,,1.3517134206789378,,,0.733973,33.3646,
Kiphire,NAGALAND,general,2772.24,census-derived proxy: 0.10*households + 0.01*population,74004,20322,55.7159,31959,,,,,,,,,,,,69.6142,,,,0.2313,,0.27460677801199934,,1.5726306465899025,,,0.557159,34.92275,
Kohima,NAGALAND,general,10289.88,census-derived proxy: 0.10*households + 0.01*population,267988,76100,73.6932,114825,,,,,,,,,,,,66.6544,,,,2.5335,,0.28396793886293414,,1.5088699080157688,,,0.736932,34.59395,
Longleng,NAGALAND,general,2018.54,census-derived proxy: 0.10*households + 0.01*population,50484,15137,59.1455,30568,,,,,,,,,,,,42.3862,,,,0.2444,,0.2998375723001347,,2.0194226068573693,,,0.591455,21.3153,
Mokokchung,NAGALAND,general,7474.02,census-derived proxy: 0.10*households + 0.01*population,194622,55278,81.9507,100067,,,,,,,,,,,,72.6401,,,,0.9715,,0.28402749946049266,,1.8102500090451898,,,0.819507,36.805800000000005,
Mon,NAGALAND,general,7604.8,census-derived proxy: 0.10*households + 0.01*population,250260,51022,47.8007,147654,,,,,,,,,,,,28.2192,,,,0.3489,,0.20387596899224805,,2.893928109442985,,,0.478007,14.28405,
Peren,NAGALAND,general,3379.89,census-derived proxy: 0.10*households + 0.01*population,95219,24277,65.3273,61390,,,,,,,,,,,,57.087,,,,0.4984,,0.25495961940369044,,2.528730897557359,,,0.653273,28.7927,
Phek,NAGALAND,general,6253.98,census-derived proxy: 0.10*households + 0.01*population,163418,46198,64.7989,80277,,,,,,,,,,,,78.3194,,,,0.368,,0.28269835636221224,,1.7376726265206286,,,0.647989,39.3437,
Tuensang,NAGALAND,general,6980.06,census-derived proxy: 0.10*households + 0.01*population,196596,50141,59.7728,98154,,,,,,,,,,,,49.8554,,,,0.3091,,0.2550458808927954,,1.9575596816976126,,,0.5977279999999999,25.082250000000002,
Wokha,NAGALAND,general,6330.33,census-derived proxy: 0.10*households + 0.01*population,166343,46669,77.0745,78412,,,,,,,,,,,,54.143,,,,0.4243,,0.28055884527752895,,1.680173134200433,,,0.770745,27.28365,
Zunheboto,NAGALAND,general,5138.67,census-derived proxy: 0.10*households + 0.01*population,140757,37311,73.0912,79466,,,,,,,,,,,,77.3123,,,,0.6995,,0.2650738506788295,,2.1298276647637424,,,0.730912,39.0059,
Central,NCT OF DELHI,general,25312.9,census-derived proxy: 0.10*households + 0.01*population,582320,194897,75.9651,207374,,,,,,,,,,,,58.1841,,,,10.1202,,0.3346905481522187,,1.064018430247772,,,0.7596510000000001,34.15215,
East,NCT OF DELHI,general,63315.26,census-derived proxy: 0.10*households + 0.01*population,1709346,462218,79.153,579692,,,,,,,,,,,,76.3185,,,,17.3159,,0.27040634254270346,,1.2541528023573292,,,0.7915300000000001,46.8172,
New Delhi,NCT OF DELHI,general,6686.44,census-derived proxy: 0.10*households + 0.01*population,142004,52664,80.4055,59541,,,,,,,,,,,,57.0086,,,,13.9868,,0.37086279259739163,,1.1305825611423364,,,0.8040550000000001,35.4977,
North,NCT OF DELHI,general,38986.88,census-derived proxy: 0.10*households + 0.01*population,887978,301071,76.7493,296446,,,,,,,,,,,,57.8966,,,,7.1139,,0.33905231886375564,,0.9846381750484106,,,0.7674930000000001,32.50525,
North East,NCT OF DELHI,general,71174.34,census-derived proxy: 0.10*households + 0.01*population,2241624,487581,71.8938,661386,,,,,,,,,,,,80.3868,,,,6.2328,,0.2175123928009336,,1.3564638490835368,,,0.718938,43.309799999999996,
North West,NCT OF DELHI,general,139252.09,census-derived proxy: 0.10*households + 0.01*population,3656539,1026867,74.0551,1188545,,,,,,,,,,,,70.2038,,,,11.106,,0.28083031522431456,,1.1574478486503121,,,0.740551,40.6549,
South,NCT OF DELHI,general,100425.59,census-derived proxy: 0.10*households + 0.01*population,2731929,731063,76.0782,924393,,,,,,,,,,,,75.1511,,,,15.2453,,0.267599560603515,,1.2644505329910007,,,0.760782,45.1982,
South West,NCT OF DELHI,general,87697.78,census-derived proxy: 0.10*households + 0.01*population,2292958,647682,77.9643,795352,,,,,,,,,,,,70.6804,,,,14.645,,0.2824657058698851,,1.2279976902245238,,,0.779643,42.6627,
West,NCT OF DELHI,general,95583.63,census-derived proxy: 0.10*households + 0.01*population,2543243,701512,77.1133,874320,,,,,,,,,,,,74.1658,,,,15.6328,,0.2758336501860027,,1.2463364846217884,,,0.771133,44.899300000000004,
Anugul,ORISSA,general,54196.91,census-derived proxy: 0.10*households + 0.01*population,1273821,414587,68.2557,526520,,,,,,,,,,,,31.8187,,,,1.3421,,0.3254672359774254,,1.2699867579060606,,,0.6825570000000001,16.5804,
Balangir,ORISSA,general,70386.17,census-derived proxy: 0.10*households + 0.01*population,1648997,538962,56.2318,720601,,,,,,,,,,,,22.9044,,,,0.6097,,0.32684231687504584,,1.3370163388142393,,,0.562318,11.75705,
Baleshwar,ORISSA,general,91564.69,census-derived proxy: 0.10*households + 0.01*population,2320529,683594,69.8648,932707,,,,,,,,,,,,43.4226,,,,1.0781,,0.2945854156530688,,1.3644165981562155,,,0.698648,22.25035,
Bargarh,ORISSA,general,60708.65,census-derived proxy: 0.10*households + 0.01*population,1481255,458961,66.4155,762092,,,,,,,,,,,,36.3667,,,,0.5231,,0.30984604271377986,,1.6604722405607448,,,0.6641549999999999,18.4449,
Baudh,ORISSA,general,18207.02,census-derived proxy: 0.10*households + 0.01*population,441162,137954,61.5674,219457,,,,,,,,,,,,13.9112,,,,0.1776,,0.31270599008980826,,1.5907983820693854,,,0.6156739999999999,7.0443999999999996,
Bhadrak,ORISSA,general,57873.97,census-derived proxy: 0.10*households + 0.01*population,1506337,428106,72.6358,468599,,,,,,,,,,,,38.4568,,,,0.616,,0.28420333564136047,,1.0945863874834738,,,0.7263580000000001,19.5364,
Cuttack,ORISSA,general,105274.4,census-derived proxy: 0.10*households + 0.01*population,2624470,790297,76.6429,936365,,,,,,,,,,,,44.2349,,,,1.9038,,0.3011263226480013,,1.1848267170443516,,,0.766429,23.06935,
Debagarh,ORISSA,general,13001.0,census-derived proxy: 0.10*households + 0.01*population,312520,98758,63.298,165435,,,,,,,,,,,,22.7354,,,,0.8354,,0.31600537565595804,,1.6751554304461411,,,0.63298,11.7854,
Dhenkanal,ORISSA,general,47165.01,census-derived proxy: 0.10*households + 0.01*population,1192811,352369,69.576,435533,,,,,,,,,,,,33.2526,,,,0.5137,,0.2954105889365541,,1.2360139512840234,,,0.6957599999999999,16.88315,
Gajapati,ORISSA,general,23292.67,census-derived proxy: 0.10*households + 0.01*population,577817,175145,45.436,293933,,,,,,,,,,,,36.0341,,,,0.3626,,0.30311500007787934,,1.6782266122355762,,,0.45436,18.19835,
Ganjam,ORISSA,general,136829.71,census-derived proxy: 0.10*households + 0.01*population,3529031,1015394,62.6248,1501772,,,,,,,,,,,,39.9153,,,,0.8912,,0.28772600750744326,,1.479004209203521,,,0.626248,20.40325,
Jagatsinghapur,ORISSA,general,46642.91,census-derived proxy: 0.10*households + 0.01*population,1136971,352732,78.1926,403649,,,,,,,,,,,,39.5898,,,,0.9069,,0.3102383438100004,,1.1443503849948402,,,0.781926,20.24835,
Jajapur,ORISSA,general,72385.82,census-derived proxy: 0.10*households + 0.01*population,1827192,541139,70.625,552234,,,,,,,,,,,,35.5267,,,,0.708,,0.2961588054238416,,1.0205030500481391,,,0.70625,18.11735,
Jharsuguda,ORISSA,general,23513.65,census-derived proxy: 0.10*households + 0.01*population,579505,177186,70.0389,247707,,,,,,,,,,,,45.959,,,,1.4098,,0.30575404871398865,,1.398005485760726,,,0.7003889999999999,23.6844,
Kalahandi,ORISSA,general,65243.49,census-derived proxy: 0.10*households + 0.01*population,1576869,494748,50.8626,751930,,,,,,,,,,,,18.4278,,,,0.3947,,0.3137533935919851,,1.519824233751324,,,0.508626,9.41125,
Kandhamal,ORISSA,general,31624.6,census-derived proxy: 0.10*households + 0.01*population,733110,242935,54.5329,355349,,,,,,,,,,,,11.8287,,,,0.3161,,0.3313759190298864,,1.4627328297692799,,,0.545329,6.0724,
Kendrapara,ORISSA,general,58227.91,census-derived proxy: 0.10*households + 0.01*population,1440361,438243,75.6244,466890,,,,,,,,,,,,39.5002,,,,0.3715,,0.3042591405904492,,1.0653678438674434,,,0.7562439999999999,19.93585,
Kendujhar,ORISSA,general,75447.13,census-derived proxy: 0.10*households + 0.01*population,1801733,574298,58.417,766514,,,,,,,,,,,,21.2137,,,,0.4566,,0.31874756137563115,,1.3346973174205725,,,0.58417,10.83515,
Khordha,ORISSA,general,91389.63,census-derived proxy: 0.10*households + 0.01*population,2251673,688729,77.7171,792193,,,,,,,,,,,,50.7979,,,,5.1836,,0.30587434321058166,,1.1502245440514338,,,0.7771710000000001,27.99075,
Koraput,ORISSA,general,59809.27,census-derived proxy: 0.10*households + 0.01*population,1379647,460128,41.1765,693406,,,,,,,,,,,,18.6396,,,,0.8667,,0.333511398205483,,1.5069850128659852,,,0.411765,9.753150000000002,
Malkangiri,ORISSA,general,24504.22,census-derived proxy: 0.10*households + 0.01*population,613192,183723,39.9069,310666,,,,,,,,,,,,13.3919,,,,0.2438,,0.29961741183838014,,1.690947785524948,,,0.399069,6.81785,
Mayurbhanj,ORISSA,general,100556.28,census-derived proxy: 0.10*households + 0.01*population,2519738,753589,54.3468,1223534,,,,,,,,,,,,18.6028,,,,0.3915,,0.2990743482060436,,1.6236091556538113,,,0.5434680000000001,9.49715,
Nabarangapur,ORISSA,general,49435.86,census-derived proxy: 0.10*households + 0.01*population,1220946,372264,38.5258,610906,,,,,,,,,,,,9.2864,,,,0.3557,,0.30489800531718847,,1.6410558098553714,,,0.385258,4.8210500000000005,
Nayagarh,ORISSA,general,38461.29,census-derived proxy: 0.10*households + 0.01*population,962789,288334,71.4967,343633,,,,,,,,,,,,43.347,,,,0.4034,,0.29947787106001417,,1.1917879958659054,,,0.714967,21.8752,
Nuapada,ORISSA,general,27016.52,census-derived proxy: 0.10*households + 0.01*population,610382,209127,49.0485,305438,,,,,,,,,,,,21.0284,,,,0.362,,0.3426165909217506,,1.460538333165971,,,0.49048499999999995,10.6952,
Puri,ORISSA,general,64409.7,census-derived proxy: 0.10*households + 0.01*population,1698730,474224,76.0532,621676,,,,,,,,,,,,42.5126,,,,0.7203,,0.2791638459319609,,1.3109332298660548,,,0.760532,21.61645,
Rayagada,ORISSA,general,38333.91,census-derived proxy: 0.10*households + 0.01*population,967911,286548,42.1253,467122,,,,,,,,,,,,21.4774,,,,0.542,,0.29604788043528796,,1.630170163463015,,,0.42125300000000004,11.0097,
Sambalpur,ORISSA,general,41960.49,census-derived proxy: 0.10*households + 0.01*population,1041099,315495,67.5912,505840,,,,,,,,,,,,40.0951,,,,1.658,,0.30304034486633835,,1.603321764211794,,,0.675912,20.87655,
Subarnapur,ORISSA,general,25452.03,census-derived proxy: 0.10*households + 0.01*population,610183,193502,65.2953,286661,,,,,,,,,,,,25.854,,,,0.3659,,0.3171212570655033,,1.4814368843732881,,,0.652953,13.10995,
Sundargarh,ORISSA,general,82740.57,census-derived proxy: 0.10*households + 0.01*population,2093437,618062,64.1205,873227,,,,,,,,,,,,36.1674,,,,2.0689,,0.2952379269115813,,1.4128469312140206,,,0.641205,19.11815,
Karaikal,PONDICHERRY,general,8935.52,census-derived proxy: 0.10*households + 0.01*population,200222,69333,77.3721,68301,,,,,,,,,,,,69.058,,,,2.6942,,0.34628062850236235,,0.9851153130543897,,,0.773721,35.8761,
Mahe,PONDICHERRY,general,1629.16,census-derived proxy: 0.10*households + 0.01*population,41816,12110,87.2154,11802,,,,,,,,,,,,59.0421,,,,4.7399,,0.289602066194758,,0.9745664739884393,,,0.872154,31.891,
PONDICHERRY,PONDICHERRY,general,38606.59,census-derived proxy: 0.10*households + 0.01*population,950289,291037,76.4661,348105,,,,,,,,,,,,77.7619,,,,5.3041,,0.30626156884905537,,1.196085033861674,,,0.7646609999999999,41.533,
Yanam,PONDICHERRY,general,2108.16,census-derived proxy: 0.10*households + 0.01*population,55626,15519,70.6037,16760,,,,,,,,,,,,82.8597,,,,1.3338,,0.2789882429079927,,1.0799664926863843,,,0.706037,42.09675,
Amritsar,PUNJAB,general,91001.86,census-derived proxy: 0.10*households + 0.01*population,2490656,660953,67.6436,917856,,,,,,,,,,,,69.7827,,,,4.533,,0.2653730583428623,,1.388685731058033,,,0.676436,37.15785,
Barnala,PUNJAB,general,21635.17,census-derived proxy: 0.10*households + 0.01*population,595527,156799,60.4223,209331,,,,,,,,,,,,69.4571,,,,2.2328,,0.2632945273681966,,1.3350276468599926,,,0.604223,35.84495,
Bathinda,PUNJAB,general,49457.45,census-derived proxy: 0.10*households + 0.01*population,1388525,355722,60.8464,549986,,,,,,,,,,,,71.8679,,,,3.1721,,0.25618696098377775,,1.5461118513895682,,,0.608464,37.52,
Faridkot,PUNJAB,general,22061.38,census-derived proxy: 0.10*households + 0.01*population,617508,158863,61.7458,221555,,,,,,,,,,,,71.4761,,,,2.7369,,0.2572646832105819,,1.3946293347097813,,,0.6174580000000001,37.106500000000004,
Fatehgarh Sahib,PUNJAB,general,23491.23,census-derived proxy: 0.10*households + 0.01*population,600163,174896,70.9862,214783,,,,,,,,,,,,65.0003,,,,2.9377,,0.29141416581828605,,1.2280612478272803,,,0.709862,33.969,
Firozpur,PUNJAB,general,70529.74,census-derived proxy: 0.10*households + 0.01*population,2029074,502390,60.4961,756695,,,,,,,,,,,,69.5997,,,,1.9988,,0.2475957012903423,,1.5061904098409602,,,0.604961,35.79925,
Gurdaspur,PUNJAB,general,83618.03,census-derived proxy: 0.10*households + 0.01*population,2298323,606348,71.1266,757138,,,,,,,,,,,,67.8185,,,,2.3795,,0.2638219258128644,,1.2486855733011406,,,0.711266,35.099000000000004,
Hoshiarpur,PUNJAB,general,70992.75,census-derived proxy: 0.10*households + 0.01*population,1586625,551265,75.6133,499822,,,,,,,,,,,,58.0356,,,,2.4937,,0.3474450484519026,,0.906681904347274,,,0.7561329999999999,30.26465,
Jalandhar,PUNJAB,general,92748.9,census-derived proxy: 0.10*households + 0.01*population,2193590,708130,73.9672,774472,,,,,,,,,,,,63.011,,,,5.519,,0.32281784654379353,,1.0936861875644304,,,0.7396720000000001,34.265,
Kapurthala,PUNJAB,general,34271.98,census-derived proxy: 0.10*households + 0.01*population,815168,261203,70.7298,284165,,,,,,,,,,,,61.7167,,,,3.7258,,0.32042842702363195,,1.087908638109057,,,0.707298,32.721250000000005,
Ludhiana,PUNJAB,general,138669.49,census-derived proxy: 0.10*households + 0.01*population,3498739,1036821,73.1756,1284822,,,,,,,,,,,,67.8636,,,,5.6508,,0.29634133897955806,,1.239193650591568,,,0.7317560000000001,36.757200000000005,
Mansa,PUNJAB,general,27336.41,census-derived proxy: 0.10*households + 0.01*population,769751,196389,55.0256,328512,,,,,,,,,,,,71.3375,,,,1.3611,,0.2551331534483229,,1.6727617127232177,,,0.550256,36.3493,
Moga,PUNJAB,general,38801.36,census-derived proxy: 0.10*households + 0.01*population,995746,288439,63.0571,359172,,,,,,,,,,,,63.5822,,,,2.7378,,0.2896712615466193,,1.2452268937279634,,,0.630571,33.16,
Muktsar,PUNJAB,general,31434.66,census-derived proxy: 0.10*households + 0.01*population,901896,224157,58.1938,335326,,,,,,,,,,,,74.3162,,,,2.0392,,0.2485397429415365,,1.4959425759623834,,,0.5819380000000001,38.177699999999994,
Patiala,PUNJAB,general,70693.76,census-derived proxy: 0.10*households + 0.01*population,1895686,517369,66.8249,660267,,,,,,,,,,,,68.2161,,,,4.6918,,0.27291914378225085,,1.2762013185946588,,,0.668249,36.45395,
Rupnagar,PUNJAB,general,27716.17,census-derived proxy: 0.10*households + 0.01*population,684627,208699,73.4314,233676,,,,,,,,,,,,61.8704,,,,3.1624,,0.3048360640173408,,1.1196795384740703,,,0.7343139999999999,32.5164,
Sahibzada Ajit Singh Nagar,PUNJAB,general,39079.78,census-derived proxy: 0.10*households + 0.01*population,994628,291335,74.0553,355995,,,,,,,,,,,,65.7587,,,,8.9052,,0.29290850448609934,,1.2219438103901008,,,0.740553,37.331950000000006,
Sangrur,PUNJAB,general,61446.09,census-derived proxy: 0.10*households + 0.01*population,1655169,448944,60.5423,568758,,,,,,,,,,,,68.0613,,,,2.3914,,0.2712375594274663,,1.2668796108200577,,,0.6054229999999999,35.226350000000004,
Shahid Bhagat Singh Nagar,PUNJAB,general,29278.2,census-derived proxy: 0.10*households + 0.01*population,612310,231551,71.6074,204329,,,,,,,,,,,,54.0132,,,,2.2734,,0.37815975567931276,,0.8824362667403726,,,0.716074,28.1433,
Tarn Taran,PUNJAB,general,37913.67,census-derived proxy: 0.10*households + 0.01*population,1119627,267174,59.4986,380702,,,,,,,,,,,,69.8418,,,,1.6094,,0.2386276858275122,,1.4249215866813387,,,0.594986,35.7256,
Ajmer,RAJASTHAN,general,94255.92,census-derived proxy: 0.10*households + 0.01*population,2583052,684254,59.1035,1053722,,,,,,,,,,,,57.5076,,,,1.9728,,0.26490136474217324,,1.5399573842462009,,,0.591035,29.740199999999998,
Alwar,RAJASTHAN,general,136267.89,census-derived proxy: 0.10*households + 0.01*population,3674179,995261,59.4004,1708542,,,,,,,,,,,,48.8036,,,,0.9796,,0.2708798346514963,,1.7166773338852823,,,0.594004,24.8916,
Banswara,RAJASTHAN,general,60959.25,census-derived proxy: 0.10*households + 0.01*population,1797485,429844,46.1391,916574,,,,,,,,,,,,28.0574,,,,0.5407,,0.2391363488429667,,2.1323410353523604,,,0.461391,14.299050000000001,
Baran,RAJASTHAN,general,44126.35,census-derived proxy: 0.10*households + 0.01*population,1222755,318988,56.7004,552583,,,,,,,,,,,,50.5693,,,,0.4273,,0.2608764633961832,,1.732300274618481,,,0.5670040000000001,25.4983,
Barmer,RAJASTHAN,general,85918.01,census-derived proxy: 0.10*households + 0.01*population,2603751,598805,45.6388,1202482,,,,,,,,,,,,21.1244,,,,0.4619,,0.22997782814101655,,2.00813620460751,,,0.456388,10.79315,
Bharatpur,RAJASTHAN,general,86398.02,census-derived proxy: 0.10*households + 0.01*population,2548462,609134,58.1083,1071154,,,,,,,,,,,,47.3989,,,,0.6861,,0.2390202404430594,,1.7584866384079694,,,0.581083,24.0425,
Bhilwara,RAJASTHAN,general,91673.23,census-derived proxy: 0.10*households + 0.01*population,2408523,675880,52.1534,1148165,,,,,,,,,,,,55.2826,,,,0.9184,,0.28062011448510144,,1.6987704918032787,,,0.5215339999999999,28.1005,
Bikaner,RAJASTHAN,general,76832.67,census-derived proxy: 0.10*households + 0.01*population,2363937,531933,54.0962,986208,,,,,,,,,,,,41.5077,,,,1.4301,,0.22501995611558176,,1.8540079295700775,,,0.540962,21.4689,
Bundi,RAJASTHAN,general,41437.86,census-derived proxy: 0.10*households + 0.01*population,1110906,303288,52.6637,526091,,,,,,,,,,,,45.1614,,,,0.459,,0.2730095975717117,,1.7346251747513914,,,0.526637,22.810200000000002,
Chittaurgarh,RAJASTHAN,general,61008.68,census-derived proxy: 0.10*households + 0.01*population,1544338,455653,53.2154,802755,,,,,,,,,,,,58.8544,,,,1.0844,,0.29504745722762765,,1.7617682754201114,,,0.532154,29.9694,
Churu,RAJASTHAN,general,69784.77,census-derived proxy: 0.10*households + 0.01*population,2039547,493893,56.3492,902829,,,,,,,,,,,,46.9122,,,,0.5218,,0.24215818512640308,,1.8279850088986886,,,0.563492,23.717,
Dausa,RAJASTHAN,general,58413.49,census-derived proxy: 0.10*households + 0.01*population,1634409,420694,57.3939,684495,,,,,,,,,,,,46.4178,,,,0.4086,,0.25739823997542843,,1.627061474611,,,0.573939,23.4132,
Dhaulpur,RAJASTHAN,general,39394.76,census-derived proxy: 0.10*households + 0.01*population,1206516,273296,56.6174,523212,,,,,,,,,,,,35.1582,,,,0.4867,,0.2265166810883569,,1.914451729992389,,,0.5661740000000001,17.82245,
Dungarpur,RAJASTHAN,general,49321.82,census-derived proxy: 0.10*households + 0.01*population,1388552,354363,49.0865,641515,,,,,,,,,,,,39.8673,,,,0.4168,,0.2552032621032558,,1.8103329072166112,,,0.490865,20.14205,
Ganganagar,RAJASTHAN,general,75951.08,census-derived proxy: 0.10*households + 0.01*population,1969168,562594,60.6014,912672,,,,,,,,,,,,50.3279,,,,1.1189,,0.2857013723562439,,1.6222569028464577,,,0.6060139999999999,25.723399999999998,
Hanumangarh,RAJASTHAN,general,67522.22,census-derived proxy: 0.10*households + 0.01*population,1774692,497753,58.2713,835260,,,,,,,,,,,,48.8521,,,,0.675,,0.28047289332458814,,1.678061207064548,,,0.5827129999999999,24.76355,
Jaipur,RAJASTHAN,general,239529.68,census-derived proxy: 0.10*households + 0.01*population,6626178,1732679,64.9087,2464893,,,,,,,,,,,,57.1419,,,,4.4189,,0.2614899569555783,,1.422590681828544,,,0.649087,30.7804,
Jaisalmer,RAJASTHAN,general,25693.89,census-derived proxy: 0.10*households + 0.01*population,669919,189947,46.0732,288903,,,,,,,,,,,,22.7121,,,,0.397,,0.28353726346020935,,1.520966374830874,,,0.460732,11.554549999999999,
Jalor,RAJASTHAN,general,65029.1,census-derived proxy: 0.10*households + 0.01*population,1828730,467418,45.3638,896644,,,,,,,,,,,,34.6253,,,,0.3391,,0.25559705369300006,,1.9182915506035283,,,0.453638,17.482200000000002,
Jhalawar,RAJASTHAN,general,50349.99,census-derived proxy: 0.10*households + 0.01*population,1411129,362387,52.4255,685950,,,,,,,,,,,,60.8267,,,,0.4829,,0.2568064294617997,,1.8928659140642463,,,0.524255,30.6548,
Jhunjhunun,RAJASTHAN,general,86451.35,census-derived proxy: 0.10*households + 0.01*population,2137045,650809,64.1241,894649,,,,,,,,,,,,45.7214,,,,0.7418,,0.3045368721762995,,1.3746721388302867,,,0.641241,23.2316,
Jodhpur,RAJASTHAN,general,126037.35,census-derived proxy: 0.10*households + 0.01*population,3687165,891657,55.0974,1489741,,,,,,,,,,,,45.8481,,,,2.1684,,0.2418272575271245,,1.670755682958806,,,0.550974,24.00825,
Karauli,RAJASTHAN,general,51017.98,census-derived proxy: 0.10*households + 0.01*population,1458248,364355,55.2615,628726,,,,,,,,,,,,36.2501,,,,0.2907,,0.24985804883668622,,1.7255863100547544,,,0.552615,18.270400000000002,
Kota,RAJASTHAN,general,71029.04,census-derived proxy: 0.10*households + 0.01*population,1951014,515189,66.5472,748811,,,,,,,,,,,,65.9756,,,,2.4929,,0.2640621748485659,,1.453468532907341,,,0.6654720000000001,34.23425,
Nagaur,RAJASTHAN,general,117297.53,census-derived proxy: 0.10*households + 0.01*population,3307743,842201,53.1669,1425882,,,,,,,,,,,,41.2424,,,,0.5283,,0.2546150048537628,,1.6930423972424635,,,0.531669,20.885350000000003,
Pali,RAJASTHAN,general,85647.43,census-derived proxy: 0.10*households + 0.01*population,2037573,652717,53.2836,842327,,,,,,,,,,,,50.0666,,,,0.6194,,0.3203404246130077,,1.2904934297712485,,,0.532836,25.343,
Pratapgarh,RAJASTHAN,general,32086.68,census-derived proxy: 0.10*households + 0.01*population,867848,234082,46.2656,481294,,,,,,,,,,,,30.5927,,,,0.3059,,0.26972695679427733,,2.056091455131108,,,0.462656,15.449300000000001,
Rajsamand,RAJASTHAN,general,48133.57,census-derived proxy: 0.10*households + 0.01*population,1156597,365676,53.5311,550831,,,,,,,,,,,,52.8544,,,,0.5439,,0.3161654405121231,,1.506336210197005,,,0.535311,26.69915,
Sawai Madhopur,RAJASTHAN,general,48687.61,census-derived proxy: 0.10*households + 0.01*population,1335551,353321,55.5387,578068,,,,,,,,,,,,39.8921,,,,0.5341,,0.26455073598836737,,1.6360986185366848,,,0.555387,20.2131,
Sikar,RAJASTHAN,general,97356.73,census-derived proxy: 0.10*households + 0.01*population,2677333,705834,61.7076,1006504,,,,,,,,,,,,48.093,,,,0.8,,0.2636332499543389,,1.4259783461833802,,,0.617076,24.4465,
Sirohi,RAJASTHAN,general,41180.86,census-derived proxy: 0.10*households + 0.01*population,1036346,308174,46.0084,419829,,,,,,,,,,,,43.5108,,,,0.6964,,0.29736593763086844,,1.3623115512664923,,,0.460084,22.1036,
Tonk,RAJASTHAN,general,52279.86,census-derived proxy: 0.10*households + 0.01*population,1421326,380666,52.7436,649161,,,,,,,,,,,,41.5756,,,,0.5012,,0.26782455256570276,,1.7053296065317103,,,0.527436,21.0384,
Udaipur,RAJASTHAN,general,115506.0,census-derived proxy: 0.10*households + 0.01*population,3068420,848218,51.578,1365783,,,,,,,,,,,,42.188,,,,1.6754,,0.2764347775076424,,1.6101792227941403,,,0.51578,21.931700000000003,
East District,SIKKIM,general,11049.63,census-derived proxy: 0.10*households + 0.01*population,283583,82138,75.5789,139678,,,,,,,,,,,,70.4826,,,,4.0067,,0.289643596407401,,1.700528379069371,,,0.755789,37.24465,
North  District,SIKKIM,general,1797.99,census-derived proxy: 0.10*households + 0.01*population,43709,13609,69.6653,23359,,,,,,,,,,,,57.5061,,,,0.8524,,0.3113546409206342,,1.7164376515541186,,,0.696653,29.179250000000003,
South District,SIKKIM,general,5398.3,census-derived proxy: 0.10*households + 0.01*population,146850,39298,72.6871,74753,,,,,,,,,,,,70.1995,,,,1.5039,,0.26760640108954714,,1.9022087638047738,,,0.726871,35.8517,
West District,SIKKIM,general,4762.05,census-derived proxy: 0.10*households + 0.01*population,136435,33977,68.481,70348,,,,,,,,,,,,74.3797,,,,0.8417,,0.24903433869608238,,2.070459428436884,,,0.6848099999999999,37.6107,
Ariyalur,TAMIL NADU,general,32976.64,census-derived proxy: 0.10*households + 0.01*population,754894,254277,63.6651,359851,,,,,,,,,,,,69.8065,,,,0.6878,,0.3368380196424929,,1.4151928802054452,,,0.6366510000000001,35.24715,
Chennai,TAMIL NADU,general,177879.82,census-derived proxy: 0.10*households + 0.01*population,4646732,1314125,81.2674,1817297,,,,,,,,,,,,83.4269,,,,16.5409,,0.2828062819202829,,1.382895082279083,,,0.8126739999999999,49.983900000000006,
Coimbatore,TAMIL NADU,general,151555.65,census-derived proxy: 0.10*households + 0.01*population,3458045,1169752,76.2254,1567950,,,,,,,,,,,,76.6252,,,,5.4091,,0.3382697448992133,,1.3404123267154064,,,0.762254,41.01715,
Cuddalore,TAMIL NADU,general,101880.04,census-derived proxy: 0.10*households + 0.01*population,2605914,758209,69.6601,1169880,,,,,,,,,,,,78.9244,,,,2.0306,,0.2909570308152917,,1.5429518773847317,,,0.696601,40.477500000000006,
Dharmapuri,TAMIL NADU,general,63861.03,census-derived proxy: 0.10*households + 0.01*population,1506843,487926,60.9028,751170,,,,,,,,,,,,69.2671,,,,0.7483,,0.3238067934084706,,1.5395162381180754,,,0.609028,35.0077,
Dindigul,TAMIL NADU,general,92951.95,census-derived proxy: 0.10*households + 0.01*population,2159775,713542,68.6106,1105155,,,,,,,,,,,,70.0809,,,,1.283,,0.33037793288652756,,1.5488296414226492,,,0.6861060000000001,35.68195,
Erode,TAMIL NADU,general,106885.84,census-derived proxy: 0.10*households + 0.01*population,2251744,843684,66.2892,1195773,,,,,,,,,,,,70.549,,,,2.2051,,0.37468024784344933,,1.4173233106234087,,,0.6628919999999999,36.377050000000004,
Kancheepuram,TAMIL NADU,general,161332.92,census-derived proxy: 0.10*households + 0.01*population,3998252,1213504,75.3675,1673814,,,,,,,,,,,,79.2054,,,,8.2671,,0.3035086332727402,,1.3793230183007226,,,0.7536750000000001,43.73625,
Kanniyakumari,TAMIL NADU,general,78507.84,census-derived proxy: 0.10*households + 0.01*population,1870374,598041,82.8037,679620,,,,,,,,,,,,77.8696,,,,2.6207,,0.3197440725758592,,1.136410379890342,,,0.828037,40.24515,
Karur,TAMIL NADU,general,47111.03,census-derived proxy: 0.10*households + 0.01*population,1064493,364661,68.2996,543298,,,,,,,,,,,,72.6562,,,,1.3478,,0.34256777639683866,,1.4898714148208885,,,0.6829959999999999,37.002,
Krishnagiri,TAMIL NADU,general,76852.09,census-derived proxy: 0.10*households + 0.01*population,1879809,580540,63.1957,877779,,,,,,,,,,,,70.4925,,,,1.6569,,0.3088292480778632,,1.5120043407861645,,,0.631957,36.0747,
Madurai,TAMIL NADU,general,131426.62,census-derived proxy: 0.10*households + 0.01*population,3038252,1010441,74.8269,1354632,,,,,,,,,,,,74.6348,,,,3.3745,,0.3325731374487699,,1.3406344358552356,,,0.748269,39.00465,
Nagapattinam,TAMIL NADU,general,67938.5,census-derived proxy: 0.10*households + 0.01*population,1616450,517740,75.0415,671994,,,,,,,,,,,,73.7706,,,,1.0787,,0.3202944724550713,,1.2979371885502375,,,0.7504149999999999,37.42465,
Namakkal,TAMIL NADU,general,80014.41,census-derived proxy: 0.10*households + 0.01*population,1726601,627484,68.1183,898245,,,,,,,,,,,,70.2877,,,,1.4279,,0.3634215432517414,,1.4315026359237846,,,0.6811830000000001,35.8578,
Perambalur,TAMIL NADU,general,24511.43,census-derived proxy: 0.10*households + 0.01*population,565223,188592,66.4911,299726,,,,,,,,,,,,71.9813,,,,0.7991,,0.3336594583022984,,1.5892826843132264,,,0.664911,36.3902,
Pudukkottai,TAMIL NADU,general,66577.55,census-derived proxy: 0.10*households + 0.01*population,1618345,503941,68.6223,761693,,,,,,,,,,,,70.3441,,,,0.8918,,0.311392811792294,,1.5114725731782093,,,0.6862229999999999,35.61795,
Ramanathapuram,TAMIL NADU,general,55258.35,census-derived proxy: 0.10*households + 0.01*population,1353445,417239,72.3299,602977,,,,,,,,,,,,69.8401,,,,1.2396,,0.30827924296886833,,1.4451597285967994,,,0.7232989999999999,35.53985,
Salem,TAMIL NADU,general,151855.76,census-derived proxy: 0.10*households + 0.01*population,3482056,1170352,65.6383,1694160,,,,,,,,,,,,71.3783,,,,1.7653,,0.33610947095623966,,1.447564493417365,,,0.656383,36.571799999999996,
Sivaganga,TAMIL NADU,general,58632.71,census-derived proxy: 0.10*households + 0.01*population,1339101,452417,71.6708,620171,,,,,,,,,,,,69.4647,,,,1.276,,0.3378512897832202,,1.370795085065327,,,0.716708,35.370349999999995,
Thanjavur,TAMIL NADU,general,99396.1,census-derived proxy: 0.10*households + 0.01*population,2405890,753372,74.4422,974079,,,,,,,,,,,,73.746,,,,1.7913,,0.31313651081304633,,1.2929588569790222,,,0.744422,37.76865,
The Nilgiris,TAMIL NADU,general,33764.44,census-derived proxy: 0.10*households + 0.01*population,735394,264105,77.4615,349974,,,,,,,,,,,,68.2535,,,,1.727,,0.3591340152353704,,1.325132049752939,,,0.774615,34.99025,
Theni,TAMIL NADU,general,53521.29,census-derived proxy: 0.10*households + 0.01*population,1245899,410623,69.8355,591642,,,,,,,,,,,,76.0576,,,,1.1366,,0.32957968503064855,,1.4408398945017693,,,0.698355,38.5971,
Thiruvallur,TAMIL NADU,general,149224.34,census-derived proxy: 0.10*households + 0.01*population,3728104,1119433,74.8831,1538054,,,,,,,,,,,,81.2376,,,,6.7565,,0.3002687156796055,,1.3739580662710498,,,0.748831,43.99705,
Thiruvarur,TAMIL NADU,general,53460.67,census-derived proxy: 0.10*households + 0.01*population,1264277,408179,74.8626,540168,,,,,,,,,,,,74.2601,,,,1.0819,,0.3228556716605617,,1.3233605844494696,,,0.748626,37.671,
Thoothukkudi,TAMIL NADU,general,81175.66,census-derived proxy: 0.10*households + 0.01*population,1750176,636739,77.1178,748095,,,,,,,,,,,,68.7748,,,,1.799,,0.3638142678222076,,1.1748848429262224,,,0.771178,35.2869,
Tiruchirappalli,TAMIL NADU,general,114795.6,census-derived proxy: 0.10*households + 0.01*population,2722290,875727,74.8995,1213979,,,,,,,,,,,,74.4091,,,,3.431,,0.3216876232877467,,1.3862527933933748,,,0.7489950000000001,38.920049999999996,
Tirunelveli,TAMIL NADU,general,137239.03,census-derived proxy: 0.10*households + 0.01*population,3077233,1064667,73.8799,1436454,,,,,,,,,,,,73.1806,,,,1.7912,,0.34598192597050664,,1.3492049626784712,,,0.7387990000000001,37.4859,
Tiruppur,TAMIL NADU,general,114281.32,census-derived proxy: 0.10*households + 0.01*population,2479052,894908,71.0177,1266137,,,,,,,,,,,,73.2,,,,1.9199,,0.36098799057058906,,1.4148236466765298,,,0.7101770000000001,37.55995,
Tiruvannamalai,TAMIL NADU,general,95665.05,census-derived proxy: 0.10*households + 0.01*population,2464875,710163,65.9998,1238177,,,,,,,,,,,,77.317,,,,0.9075,,0.28811319032405297,,1.7435109967711637,,,0.659998,39.112249999999996,
Vellore,TAMIL NADU,general,153393.31,census-derived proxy: 0.10*households + 0.01*population,3936331,1140300,70.4699,1689330,,,,,,,,,,,,75.9373,,,,1.8086,,0.2896860045560193,,1.4814785582741383,,,0.704699,38.872949999999996,
Viluppuram,TAMIL NADU,general,131320.13,census-derived proxy: 0.10*households + 0.01*population,3458873,967314,63.4824,1703249,,,,,,,,,,,,77.3734,,,,0.8758,,0.27966161232285774,,1.760802593573545,,,0.6348239999999999,39.1246,
Virudhunagar,TAMIL NADU,general,92895.28,census-derived proxy: 0.10*households + 0.01*population,1942288,734724,72.0175,950158,,,,,,,,,,,,68.8626,,,,1.3909,,0.378277577784551,,1.2932175891899542,,,0.720175,35.12675,
Dhalai,TRIPURA,general,14135.1,census-derived proxy: 0.10*households + 0.01*population,378230,103528,73.0288,155831,,,,,,,,,,,,45.2776,,,,0.2637,,0.27371705047193506,,1.5052063209952864,,,0.730288,22.77065,
North Tripura,TRIPURA,general,26201.57,census-derived proxy: 0.10*households + 0.01*population,693947,192621,74.9916,248667,,,,,,,,,,,,42.3635,,,,0.5176,,0.27757307114232066,,1.2909651595620415,,,0.749916,21.44055,
South Tripura,TRIPURA,general,35167.71,census-derived proxy: 0.10*households + 0.01*population,876001,264077,73.8367,366845,,,,,,,,,,,,50.6458,,,,0.359,,0.30145741842760454,,1.3891592224994982,,,0.7383669999999999,25.5024,
West Tripura,TRIPURA,general,67921.09,census-derived proxy: 0.10*households + 0.01*population,1725739,506637,78.8853,698178,,,,,,,,,,,,62.0892,,,,1.262,,0.29357683867606865,,1.3780635839861677,,,0.788853,31.6756,
Agra,UTTAR PRADESH,general,134570.27,census-derived proxy: 0.10*households + 0.01*population,4418797,903823,60.6615,1389844,,,,,,,,,,,,59.3481,,,,3.0076,,0.20454051181803554,,1.5377391369770408,,,0.606615,31.17785,
Aligarh,UTTAR PRADESH,general,122544.79,census-derived proxy: 0.10*households + 0.01*population,3673889,858059,56.9578,1174361,,,,,,,,,,,,31.2473,,,,1.5889,,0.23355604918929232,,1.3686250013110985,,,0.569578,16.4181,
Allahabad,UTTAR PRADESH,general,184400.91,census-derived proxy: 0.10*households + 0.01*population,5954391,1248570,61.5634,2111907,,,,,,,,,,,,31.3592,,,,1.932,,0.2096889505576641,,1.6914606309618203,,,0.615634,16.6456,
Ambedkar Nagar,UTTAR PRADESH,general,80637.88,census-derived proxy: 0.10*households + 0.01*population,2397888,566590,62.0104,787398,,,,,,,,,,,,17.5755,,,,0.4428,,0.23628709931406305,,1.3897139024691576,,,0.620104,9.00915,
Auraiya,UTTAR PRADESH,general,45222.85,census-derived proxy: 0.10*households + 0.01*population,1379545,314274,67.4741,442023,,,,,,,,,,,,20.835,,,,0.7649,,0.22780989384181016,,1.4064892418717425,,,0.674741,10.79995,
Azamgarh,UTTAR PRADESH,general,143284.93,census-derived proxy: 0.10*households + 0.01*population,4613913,971458,60.0774,1372032,,,,,,,,,,,,18.8769,,,,0.6847,,0.21054970043865154,,1.4123430966650128,,,0.6007739999999999,9.7808,
Baghpat,UTTAR PRADESH,general,44635.08,census-derived proxy: 0.10*households + 0.01*population,1303048,316046,61.2387,416695,,,,,,,,,,,,37.691,,,,0.9457,,0.24254363615154623,,1.318463135113243,,,0.612387,19.318350000000002,
Bahraich,UTTAR PRADESH,general,110903.51,census-derived proxy: 0.10*households + 0.01*population,3487731,760262,40.0939,1152160,,,,,,,,,,,,11.2874,,,,0.3526,,0.21798183403479224,,1.515477559052011,,,0.400939,5.82,
Ballia,UTTAR PRADESH,general,95335.84,census-derived proxy: 0.10*households + 0.01*population,3239774,629381,60.6089,1019483,,,,,,,,,,,,19.0619,,,,0.7423,,0.19426694578078593,,1.6198185201014965,,,0.606089,9.9021,
Balrampur,UTTAR PRADESH,general,66070.45,census-derived proxy: 0.10*households + 0.01*population,2148665,445838,40.4138,760253,,,,,,,,,,,,12.8746,,,,0.3479,,0.2074953517649331,,1.7052225247735724,,,0.404138,6.611249999999999,
Banda,UTTAR PRADESH,general,62556.6,census-derived proxy: 0.10*households + 0.01*population,1799410,445625,55.737,701689,,,,,,,,,,,,16.4986,,,,0.3714,,0.24765061881394457,,1.5746176718092566,,,0.55737,8.435,
Bara Banki,UTTAR PRADESH,general,104097.79,census-derived proxy: 0.10*households + 0.01*population,3260699,714908,51.9048,1192850,,,,,,,,,,,,15.1231,,,,0.4419,,0.21924992156589737,,1.668536371113486,,,0.5190480000000001,7.782500000000001,
Bareilly,UTTAR PRADESH,general,143924.69,census-derived proxy: 0.10*households + 0.01*population,4448359,994411,49.2712,1401971,,,,,,,,,,,,27.4363,,,,1.5249,,0.22354558164033073,,1.4098506553125418,,,0.492712,14.480599999999999,
Basti,UTTAR PRADESH,general,79147.14,census-derived proxy: 0.10*households + 0.01*population,2464464,545025,56.5552,783688,,,,,,,,,,,,19.8341,,,,0.628,,0.22115356523771498,,1.4378936746020825,,,0.5655519999999999,10.23105,
Bijnor,UTTAR PRADESH,general,127679.43,census-derived proxy: 0.10*households + 0.01*population,3682713,908523,57.9842,1088036,,,,,,,,,,,,29.5373,,,,0.8038,,0.24669937624789115,,1.1975877330568405,,,0.579842,15.170549999999999,
Budaun,UTTAR PRADESH,general,123581.36,census-derived proxy: 0.10*households + 0.01*population,3681896,867624,42.0294,1107343,,,,,,,,,,,,12.6987,,,,0.4188,,0.23564598239602638,,1.2762936479396605,,,0.420294,6.55875,
Bulandshahr,UTTAR PRADESH,general,122999.41,census-derived proxy: 0.10*households + 0.01*population,3499171,880077,58.0611,1173260,,,,,,,,,,,,25.4435,,,,0.8937,,0.25151014340253736,,1.3331333508318022,,,0.580611,13.1686,
Chandauli,UTTAR PRADESH,general,59103.46,census-derived proxy: 0.10*households + 0.01*population,1952756,395759,60.1512,652543,,,,,,,,,,,,25.1673,,,,0.8824,,0.20266689745160174,,1.6488393188784083,,,0.601512,13.02485,
Chitrakoot,UTTAR PRADESH,general,32996.8,census-derived proxy: 0.10*households + 0.01*population,991730,230795,53.5501,394197,,,,,,,,,,,,17.7846,,,,0.3583,,0.23271959101771653,,1.7079962737494314,,,0.535501,9.07145,
Deoria,UTTAR PRADESH,general,97580.06,census-derived proxy: 0.10*households + 0.01*population,3100946,665706,60.4731,876246,,,,,,,,,,,,22.5326,,,,0.6713,,0.2146783594425701,,1.3162657389297978,,,0.604731,11.601949999999999,
Etah,UTTAR PRADESH,general,57944.6,census-derived proxy: 0.10*households + 0.01*population,1774480,401998,59.4654,545984,,,,,,,,,,,,17.3113,,,,0.6555,,0.22654411433208602,,1.358175911322942,,,0.594654,8.9834,
Etawah,UTTAR PRADESH,general,50930.7,census-derived proxy: 0.10*households + 0.01*population,1581810,351126,67.1385,506072,,,,,,,,,,,,32.2101,,,,0.8441,,0.22197735505528476,,1.4412831860927415,,,0.6713849999999999,16.527099999999997,
Faizabad,UTTAR PRADESH,general,83676.56,census-derived proxy: 0.10*households + 0.01*population,2470996,589666,58.7173,831209,,,,,,,,,,,,21.6655,,,,0.8049,,0.23863494720347583,,1.4096268056832173,,,0.5871730000000001,11.2352,
Farrukhabad,UTTAR PRADESH,general,60001.04,census-derived proxy: 0.10*households + 0.01*population,1885204,411490,57.9607,592267,,,,,,,,,,,,21.4054,,,,0.6377,,0.21827346006055579,,1.439322948309801,,,0.579607,11.02155,
Fatehpur,UTTAR PRADESH,general,89981.33,census-derived proxy: 0.10*households + 0.01*population,2632733,636540,57.4371,1063929,,,,,,,,,,,,11.8238,,,,0.5318,,0.24177917016271686,,1.6714252050146103,,,0.574371,6.1778,
Firozabad,UTTAR PRADESH,general,78518.36,census-derived proxy: 0.10*households + 0.01*population,2498156,535368,60.9172,761521,,,,,,,,,,,,36.6253,,,,1.0897,,0.21430527156830878,,1.422425322395063,,,0.609172,18.8575,
Gautam Buddha Nagar,UTTAR PRADESH,general,67458.15,census-derived proxy: 0.10*households + 0.01*population,1648115,509770,68.1352,569109,,,,,,,,,,,,50.5298,,,,10.4324,,0.3093048725362004,,1.1164034760774466,,,0.681352,30.4811,
Ghaziabad,UTTAR PRADESH,general,165988.75,census-derived proxy: 0.10*households + 0.01*population,4681645,1191723,66.713,1520538,,,,,,,,,,,,58.3298,,,,6.5549,,0.254552192658777,,1.2759156280444366,,,0.6671299999999999,32.44235,
Ghazipur,UTTAR PRADESH,general,112366.68,census-derived proxy: 0.10*households + 0.01*population,3620268,761640,60.7013,1204602,,,,,,,,,,,,13.8867,,,,0.697,,0.21038221479735755,,1.581589727430282,,,0.607013,7.291849999999999,
Gonda,UTTAR PRADESH,general,106976.39,census-derived proxy: 0.10*households + 0.01*population,3433919,726372,48.9235,1170552,,,,,,,,,,,,14.3293,,,,0.5938,,0.21152857711553477,,1.6115048487551833,,,0.489235,7.46155,
Gorakhpur,UTTAR PRADESH,general,139521.75,census-derived proxy: 0.10*households + 0.01*population,4440895,951128,60.8059,1351629,,,,,,,,,,,,31.186,,,,1.5347,,0.21417484538589632,,1.4210800228780984,,,0.608059,16.36035,
Hamirpur,UTTAR PRADESH,general,42180.95,census-derived proxy: 0.10*households + 0.01*population,1104285,311381,59.1604,443655,,,,,,,,,,,,17.9616,,,,0.3841,,0.2819752147317042,,1.42479791637897,,,0.591604,9.17285,
Hardoi,UTTAR PRADESH,general,131696.15,census-derived proxy: 0.10*households + 0.01*population,4092845,907677,54.2801,1318946,,,,,,,,,,,,10.5222,,,,0.4236,,0.22177165272567126,,1.4531006073746497,,,0.542801,5.4729,
Jalaun,UTTAR PRADESH,general,56541.84,census-derived proxy: 0.10*households + 0.01*population,1689974,396421,63.622,620764,,,,,,,,,,,,26.2791,,,,0.5593,,0.23457224785706762,,1.5659210788530376,,,0.63622,13.4192,
Jaunpur,UTTAR PRADESH,general,145609.04,census-derived proxy: 0.10*households + 0.01*population,4494204,1006670,60.7822,1437375,,,,,,,,,,,,18.0265,,,,0.7949,,0.22399294736064496,,1.4278512322806878,,,0.6078220000000001,9.410699999999999,
Jhansi,UTTAR PRADESH,general,70477.33,census-derived proxy: 0.10*households + 0.01*population,1998603,504913,65.2712,814914,,,,,,,,,,,,36.3112,,,,1.6868,,0.2526329641254416,,1.6139691392378488,,,0.652712,18.999,
Jyotiba Phule Nagar,UTTAR PRADESH,general,63539.61,census-derived proxy: 0.10*households + 0.01*population,1840221,451374,53.4235,599089,,,,,,,,,,,,19.7905,,,,0.6259,,0.24528249596108292,,1.327256332885811,,,0.534235,10.208200000000001,
Kannauj,UTTAR PRADESH,general,53143.16,census-derived proxy: 0.10*households + 0.01*population,1656616,365770,61.3955,524676,,,,,,,,,,,,16.8114,,,,0.6802,,0.22079347295933396,,1.434442409164229,,,0.613955,8.7458,
Kanpur Dehat,UTTAR PRADESH,general,58487.44,census-derived proxy: 0.10*households + 0.01*population,1796184,405256,65.1516,628864,,,,,,,,,,,,12.2769,,,,0.6618,,0.22562053776227825,,1.5517697455435577,,,0.651516,6.4693499999999995,
Kanpur Nagar,UTTAR PRADESH,general,150790.18,census-derived proxy: 0.10*households + 0.01*population,4581268,1049775,70.7887,1572232,,,,,,,,,,,,49.2745,,,,3.2356,,0.22914507511894086,,1.497684741968517,,,0.707887,26.25505,
Kanshiram Nagar,UTTAR PRADESH,general,48739.59,census-derived proxy: 0.10*households + 0.01*population,1436719,343724,50.4518,472765,,,,,,,,,,,,14.6644,,,,0.4722,,0.23924232922373825,,1.3754203954335456,,,0.504518,7.568300000000001,
Kaushambi,UTTAR PRADESH,general,54057.96,census-derived proxy: 0.10*households + 0.01*population,1599596,380620,50.8518,639086,,,,,,,,,,,,11.4952,,,,0.3949,,0.2379475817643955,,1.6790657348536597,,,0.508518,5.94505,
Kheri,UTTAR PRADESH,general,126473.43,census-derived proxy: 0.10*households + 0.01*population,4021243,862610,50.5825,1264718,,,,,,,,,,,,14.2313,,,,0.3944,,0.21451327363205855,,1.466152722551327,,,0.5058250000000001,7.312849999999999,
Kushinagar,UTTAR PRADESH,general,114155.34,census-derived proxy: 0.10*households + 0.01*population,3564544,785099,54.8407,1116973,,,,,,,,,,,,16.2185,,,,0.444,,0.22025229594584889,,1.4227161160567012,,,0.548407,8.331249999999999,
Lalitpur,UTTAR PRADESH,general,42399.12,census-derived proxy: 0.10*households + 0.01*population,1221592,301832,52.4881,503351,,,,,,,,,,,,25.538,,,,0.3575,,0.24708085842081481,,1.6676528664952688,,,0.524881,12.947750000000001,
Lucknow,UTTAR PRADESH,general,152070.48,census-derived proxy: 0.10*households + 0.01*population,4589838,1061721,68.1344,1542806,,,,,,,,,,,,54.8891,,,,6.4524,,0.23131992893866843,,1.453118097880705,,,0.681344,30.670749999999998,
Mahamaya Nagar,UTTAR PRADESH,general,52950.38,census-derived proxy: 0.10*households + 0.01*population,1564708,373033,60.2395,484115,,,,,,,,,,,,36.077,,,,0.8275,,0.23840422621984422,,1.2977806253066082,,,0.602395,18.45225,
Mahoba,UTTAR PRADESH,general,33441.88,census-derived proxy: 0.10*households + 0.01*population,875958,246823,55.7225,349676,,,,,,,,,,,,17.3955,,,,0.5332,,0.28177492528180575,,1.4167075191534013,,,0.557225,8.96435,
Mahrajganj,UTTAR PRADESH,general,87554.93,census-derived proxy: 0.10*households + 0.01*population,2684703,607079,52.8604,994253,,,,,,,,,,,,15.1288,,,,0.4438,,0.2261251989512434,,1.6377654308582574,,,0.528604,7.7863,
Mainpuri,UTTAR PRADESH,general,59811.09,census-derived proxy: 0.10*households + 0.01*population,1868529,411258,64.4296,560840,,,,,,,,,,,,19.2147,,,,0.6424,,0.22009719945475825,,1.3637181525952078,,,0.644296,9.92855,
Mathura,UTTAR PRADESH,general,84000.84,census-derived proxy: 0.10*households + 0.01*population,2547184,585290,59.1927,840939,,,,,,,,,,,,48.0512,,,,1.4909,,0.2297792385630563,,1.4367903090775513,,,0.591927,24.771050000000002,
Mau,UTTAR PRADESH,general,67212.48,census-derived proxy: 0.10*households + 0.01*population,2205968,451528,61.7889,696747,,,,,,,,,,,,33.2002,,,,0.5882,,0.2046847461069245,,1.543087028932868,,,0.617889,16.8942,
Meerut,UTTAR PRADESH,general,114819.19,census-derived proxy: 0.10*households + 0.01*population,3443689,803823,62.1859,1090539,,,,,,,,,,,,52.95,,,,2.9505,,0.23341916183488115,,1.3566904654382868,,,0.6218589999999999,27.95025,
Mirzapur,UTTAR PRADESH,general,79281.2,census-derived proxy: 0.10*households + 0.01*population,2496970,543115,57.2167,881996,,,,,,,,,,,,26.8814,,,,0.8188,,0.21750962166145368,,1.6239580935897553,,,0.572167,13.8501,
Moradabad,UTTAR PRADESH,general,152511.66,census-derived proxy: 0.10*households + 0.01*population,4772006,1047916,47.4402,1417811,,,,,,,,,,,,26.8875,,,,1.1155,,0.21959653864643086,,1.352981536688055,,,0.474402,14.0015,
Muzaffarnagar,UTTAR PRADESH,general,138420.12,census-derived proxy: 0.10*households + 0.01*population,4143512,969850,58.3403,1291644,,,,,,,,,,,,37.9598,,,,1.039,,0.23406472576886467,,1.331797700675362,,,0.583403,19.4994,
Pilibhit,UTTAR PRADESH,general,66449.07,census-derived proxy: 0.10*households + 0.01*population,2031007,461390,52.2448,618605,,,,,,,,,,,,17.9904,,,,0.622,,0.22717302303734058,,1.3407421053772297,,,0.522448,9.3062,
Pratapgarh,UTTAR PRADESH,general,107370.01,census-derived proxy: 0.10*households + 0.01*population,3209141,752786,60.1893,1066601,,,,,,,,,,,,18.6691,,,,0.684,,0.2345755452938964,,1.416871461477764,,,0.601893,9.67655,
Rae Bareli,UTTAR PRADESH,general,111897.39,census-derived proxy: 0.10*households + 0.01*population,3405559,778418,57.7245,1204710,,,,,,,,,,,,31.841,,,,0.666,,0.2285727541352242,,1.5476389292128394,,,0.577245,16.2535,
Rampur,UTTAR PRADESH,general,77357.39,census-derived proxy: 0.10*households + 0.01*population,2335819,539992,44.6809,737261,,,,,,,,,,,,24.2804,,,,0.7124,,0.23117887130809364,,1.3653183750870383,,,0.446809,12.4964,
Saharanpur,UTTAR PRADESH,general,123587.62,census-derived proxy: 0.10*households + 0.01*population,3466382,889238,59.9215,1037344,,,,,,,,,,,,45.4883,,,,1.0907,,0.2565320267645055,,1.1665538359809184,,,0.599215,23.2895,
Sant Kabir Nagar,UTTAR PRADESH,general,52366.93,census-derived proxy: 0.10*households + 0.01*population,1715183,352151,55.6762,539469,,,,,,,,,,,,22.5826,,,,0.5767,,0.20531395192233132,,1.531925225258483,,,0.556762,11.579649999999999,
Sant Ravidas Nagar (Bhadohi),UTTAR PRADESH,general,49732.83,census-derived proxy: 0.10*households + 0.01*population,1578213,339507,57.6694,470608,,,,,,,,,,,,24.512,,,,0.853,,0.2151211528481897,,1.386151095559149,,,0.576694,12.682500000000001,
Shahjahanpur,UTTAR PRADESH,general,95565.68,census-derived proxy: 0.10*households + 0.01*population,3006538,655003,49.5896,892214,,,,,,,,,,,,17.5821,,,,0.5937,,0.21785954476544117,,1.36215253975936,,,0.49589599999999995,9.0879,
Shrawasti,UTTAR PRADESH,general,36901.01,census-derived proxy: 0.10*households + 0.01*population,1117361,257274,37.8851,403755,,,,,,,,,,,,7.9367,,,,0.2425,,0.23025145857068574,,1.569357960773339,,,0.378851,4.0896,
Siddharthnagar,UTTAR PRADESH,general,76944.27,census-derived proxy: 0.10*households + 0.01*population,2559297,513513,48.0181,878898,,,,,,,,,,,,18.1277,,,,0.474,,0.20064611492921688,,1.711539922066238,,,0.48018099999999997,9.30085,
Sitapur,UTTAR PRADESH,general,138730.12,census-derived proxy: 0.10*households + 0.01*population,4483992,938902,50.9308,1422602,,,,,,,,,,,,10.868,,,,0.4126,,0.2093897580548761,,1.5151762377756144,,,0.509308,5.6403,
Sonbhadra,UTTAR PRADESH,general,61434.39,census-derived proxy: 0.10*households + 0.01*population,1862559,428088,52.9222,730399,,,,,,,,,,,,22.3277,,,,1.2028,,0.2298386252462338,,1.706188914428809,,,0.529222,11.76525,
Sultanpur,UTTAR PRADESH,general,126933.97,census-derived proxy: 0.10*households + 0.01*population,3797117,889628,58.9895,1242632,,,,,,,,,,,,26.2695,,,,0.6695,,0.23429038399396174,,1.3967995611648913,,,0.589895,13.4695,
Unnao,UTTAR PRADESH,general,102819.27,census-derived proxy: 0.10*households + 0.01*population,3108367,717356,57.0584,1124744,,,,,,,,,,,,13.8656,,,,0.4846,,0.23078227249227648,,1.5679021294866147,,,0.570584,7.1751000000000005,
Varanasi,UTTAR PRADESH,general,112274.81,census-derived proxy: 0.10*households + 0.01*population,3676841,755064,65.3796,1220708,,,,,,,,,,,,44.507,,,,2.5447,,0.20535671789995813,,1.6166947437568207,,,0.6537959999999999,23.52585,
Almora,UTTARAKHAND,general,34338.86,census-derived proxy: 0.10*households + 0.01*population,622506,281138,70.1193,298211,,,,,,,,,,,,39.0826,,,,0.6509,,0.4516229562445985,,1.06072818331211,,,0.701193,19.86675,
Bageshwar,UTTARAKHAND,general,12590.08,census-derived proxy: 0.10*households + 0.01*population,259898,99911,69.059,123638,,,,,,,,,,,,47.1249,,,,0.4354,,0.3844238893719844,,1.237481358408984,,,0.6905899999999999,23.78015,
Chamoli,UTTARAKHAND,general,22550.05,census-derived proxy: 0.10*households + 0.01*population,391605,186340,71.6426,180940,,,,,,,,,,,,38.3836,,,,0.4825,,0.4758366210850219,,0.9710207148223677,,,0.716426,19.43305,
Champawat,UTTARAKHAND,general,12400.58,census-derived proxy: 0.10*households + 0.01*population,259648,98041,68.4488,99566,,,,,,,,,,,,38.4788,,,,0.5589,,0.3775919706679813,,1.0155547169041523,,,0.6844880000000001,19.51885,
Dehradun,UTTARAKHAND,general,66730.74,census-derived proxy: 0.10*households + 0.01*population,1696694,497638,74.2329,582768,,,,,,,,,,,,62.4402,,,,5.197,,0.29329861483567454,,1.171068125826404,,,0.742329,33.818599999999996,
Garhwal,UTTARAKHAND,general,38518.91,census-derived proxy: 0.10*households + 0.01*population,687271,316462,72.0078,274152,,,,,,,,,,,,45.4914,,,,0.832,,0.4604617392556939,,0.8663030632429802,,,0.720078,23.1617,
Hardwar,UTTARAKHAND,general,67705.32,census-derived proxy: 0.10*households + 0.01*population,1890422,488011,62.3329,578121,,,,,,,,,,,,57.1733,,,,2.4481,,0.25814923863560624,,1.1846474772085056,,,0.623329,29.810699999999997,
Nainital,UTTARAKHAND,general,39412.35,census-derived proxy: 0.10*households + 0.01*population,954605,298663,72.9621,376181,,,,,,,,,,,,56.5859,,,,2.4325,,0.31286553076927104,,1.2595500614404864,,,0.7296210000000001,29.5092,
Pithoragarh,UTTARAKHAND,general,25828.69,census-derived proxy: 0.10*households + 0.01*population,483439,209943,71.4775,216490,,,,,,,,,,,,45.4509,,,,0.6402,,0.4342698872039699,,1.0311846548825156,,,0.714775,23.04555,
Rudraprayag,UTTARAKHAND,general,14138.75,census-derived proxy: 0.10*households + 0.01*population,242285,117159,70.5504,113032,,,,,,,,,,,,41.9788,,,,0.3568,,0.48355861898177765,,0.9647743664592562,,,0.7055039999999999,21.1678,
Tehri Garhwal,UTTARAKHAND,general,31612.91,census-derived proxy: 0.10*households + 0.01*population,618931,254236,65.9191,280442,,,,,,,,,,,,46.1142,,,,0.5373,,0.4107663051293278,,1.1030774555924416,,,0.659191,23.32575,
Udham Singh Nagar,UTTARAKHAND,general,57954.92,census-derived proxy: 0.10*households + 0.01*population,1648902,414659,62.9412,591458,,,,,,,,,,,,61.4486,,,,1.9011,,0.25147583058301826,,1.4263720309941421,,,0.629412,31.67485,
Uttarkashi,UTTARAKHAND,general,15421.76,census-derived proxy: 0.10*households + 0.01*population,330086,121209,65.1727,157276,,,,,,,,,,,,43.4134,,,,0.4967,,0.36720430433281026,,1.2975604121806137,,,0.6517270000000001,21.95505,
Bankura,WEST BENGAL,general,135106.74,census-derived proxy: 0.10*households + 0.01*population,3596674,991400,62.0849,1466220,,,,,,,,,,,,33.7573,,,,0.431,,0.27564355290471143,,1.4789388743191447,,,0.620849,17.09415,
Barddhaman,WEST BENGAL,general,299899.23,census-derived proxy: 0.10*households + 0.01*population,7717563,2227236,67.9905,2911251,,,,,,,,,,,,47.1411,,,,1.4513,,0.28859317377778454,,1.3071138397547453,,,0.679905,24.296200000000002,
Birbhum,WEST BENGAL,general,131584.94,census-derived proxy: 0.10*households + 0.01*population,3502404,965609,61.6276,1331603,,,,,,,,,,,,34.5639,,,,0.5396,,0.27569891994184564,,1.3790291929756247,,,0.616276,17.55175,
Dakshin Dinajpur,WEST BENGAL,general,62865.36,census-derived proxy: 0.10*households + 0.01*population,1676276,461026,64.6484,702987,,,,,,,,,,,,36.4554,,,,0.5462,,0.2750298876795945,,1.5248315713213572,,,0.646484,18.500799999999998,
Darjiling,WEST BENGAL,general,70364.13,census-derived proxy: 0.10*households + 0.01*population,1846823,518959,71.235,683726,,,,,,,,,,,,57.2639,,,,2.1086,,0.2810009405340956,,1.3174952163851095,,,0.71235,29.68625,
Haora,WEST BENGAL,general,183769.99,census-derived proxy: 0.10*households + 0.01*population,4850029,1352697,74.3337,1819845,,,,,,,,,,,,58.9159,,,,2.2733,,0.2789049302591799,,1.345345631726839,,,0.7433369999999999,30.5946,
Hugli,WEST BENGAL,general,219195.25,census-derived proxy: 0.10*households + 0.01*population,5519145,1640038,73.8953,2152870,,,,,,,,,,,,58.8558,,,,1.9344,,0.29715435995974016,,1.312695193647952,,,0.7389530000000001,30.3951,
Jalpaiguri,WEST BENGAL,general,150508.86,census-derived proxy: 0.10*households + 0.01*population,3872846,1117804,64.5205,1512910,,,,,,,,,,,,34.2189,,,,0.834,,0.28862598719391375,,1.3534662606324543,,,0.645205,17.52645,
Koch Bihar,WEST BENGAL,general,118264.66,census-derived proxy: 0.10*households + 0.01*population,2819086,900738,65.642,1127977,,,,,,,,,,,,20.6714,,,,0.3923,,0.31951419715468066,,1.2522809074336823,,,0.65642,10.531849999999999,
Kolkata,WEST BENGAL,general,175777.54,census-derived proxy: 0.10*households + 0.01*population,4496694,1308106,79.795,1795740,,,,,,,,,,,,70.9118,,,,10.444,,0.290903939649885,,1.3727786586102348,,,0.79795,40.6779,
Maldah,WEST BENGAL,general,135788.05,census-derived proxy: 0.10*households + 0.01*population,3988845,958996,52.3067,1537847,,,,,,,,,,,,31.0446,,,,0.5586,,0.2404194697963947,,1.603601057772921,,,0.523067,15.801599999999999,
Murshidabad,WEST BENGAL,general,256234.57,census-derived proxy: 0.10*households + 0.01*population,7103807,1851965,57.0938,2589907,,,,,,,,,,,,29.2213,,,,0.4293,,0.26070035404959624,,1.398464333829203,,,0.5709380000000001,14.8253,
Nadia,WEST BENGAL,general,206653.1,census-derived proxy: 0.10*households + 0.01*population,5167600,1549771,67.3534,1842607,,,,,,,,,,,,40.2465,,,,0.8251,,0.2999015016642155,,1.188954368096964,,,0.673534,20.5358,
North Twenty Four Parganas,WEST BENGAL,general,386011.81,census-derived proxy: 0.10*households + 0.01*population,10009781,2859140,76.0126,3571624,,,,,,,,,,,,56.2669,,,,3.6789,,0.2856346207774176,,1.24919521254643,,,0.7601260000000001,29.9729,
Paschim Medinipur,WEST BENGAL,general,215672.87,census-derived proxy: 0.10*households + 0.01*population,5913457,1565383,68.9683,2509159,,,,,,,,,,,,42.4057,,,,0.573,,0.2647153771474114,,1.6029042093851793,,,0.689683,21.48935,
Purba Medinipur,WEST BENGAL,general,187330.05,census-derived proxy: 0.10*households + 0.01*population,5095875,1363713,76.9876,1910320,,,,,,,,,,,,38.9203,,,,0.6655,,0.26761115608212527,,1.4008226071028143,,,0.769876,19.7929,
Puruliya,WEST BENGAL,general,104566.35,census-derived proxy: 0.10*households + 0.01*population,2930115,752652,55.4553,1249642,,,,,,,,,,,,25.2293,,,,0.4718,,0.2568677338602751,,1.6603184473036676,,,0.554553,12.850549999999998,
South Twenty Four Parganas,WEST BENGAL,general,299642.81,census-derived proxy: 0.10*households + 0.01*population,8161961,2180232,67.7736,2964494,,,,,,,,,,,,38.4305,,,,0.9478,,0.2671210999415459,,1.3597149294203552,,,0.677736,19.68915,
Uttar Dinajpur,WEST BENGAL,general,107896.34,census-derived proxy: 0.10*households + 0.01*population,3007134,778250,49.5378,1075626,,,,,,,,,,,,25.6096,,,,0.3704,,0.2588012373243095,,1.382108576935432,,,0.495378,12.99,
